nohup: ignoring input
nohup: failed to run command './run_scraper_sequence_diario.sh': Permission denied
nohup: ignoring input

==================================================
INICIANDO SECUENCIA DE SCRAPING - Mon Jan 26 09:44:49 PM -05 2026
==================================================

--> Ejecutando Extraccion de URLs...
2026-01-26 21:44:51,034 - INFO - HTTP Request: GET https://llrhimiivjpmxelffxef.supabase.co/rest/v1/urls_autos_diarios?select=count "HTTP/2 206 Partial Content"
2026-01-26 21:44:51,039 - INFO - Marcos cargados: 17
2026-01-26 21:44:51,381 - INFO - HTTP Request: GET https://llrhimiivjpmxelffxef.supabase.co/rest/v1/urls_autos_diarios?select=url "HTTP/2 200 OK"
2026-01-26 21:44:56,129 - INFO - Total avisos: 126 - Total páginas: 7
2026-01-26 21:44:56,129 - INFO - Página 1: encontrados 28 autos
2026-01-26 21:44:58,984 - INFO - Página 2: encontrados 28 autos
2026-01-26 21:45:02,232 - INFO - Página 3: encontrados 28 autos
2026-01-26 21:45:05,352 - INFO - Página 4: encontrados 28 autos
2026-01-26 21:45:08,614 - INFO - Página 5: encontrados 28 autos
2026-01-26 21:45:11,619 - INFO - Página 6: encontrados 22 autos
2026-01-26 21:45:14,411 - INFO - Página 7: cero autos encontrados. Terminando scraping.
2026-01-26 21:45:14,688 - INFO - HTTP Request: POST https://llrhimiivjpmxelffxef.supabase.co/rest/v1/urls_autos_diarios?columns=%22marca%22%2C%22fecha_extraccion%22%2C%22procesado%22%2C%22url%22 "HTTP/2 201 Created"
2026-01-26 21:45:14,696 - INFO - Guardadas 98 URLs nuevas

--> Lanzando 6 instancias paralelas del SCRAPER...
--- Iniciando 6 instancias paralelas de scraping ---
--- Intentando lanzar Worker-1 ---
Instancia 1 iniciada (PID: 226421)
--- Intentando lanzar Worker-2 ---
Instancia 2 iniciada (PID: 226423)
--- Intentando lanzar Worker-3 ---
Instancia 3 iniciada (PID: 226425)
--- Intentando lanzar Worker-4 ---
Instancia 4 iniciada (PID: 226427)
--- Intentando lanzar Worker-5 ---
Instancia 5 iniciada (PID: 226429)
--- Intentando lanzar Worker-6 ---
Instancia 6 iniciada (PID: 226431)
[Worker-5] Reglas cargadas: 11 frases clave y 3 exclusiones
[Worker-5] 
[Worker-5] ==================================================
[Worker-5] Iniciando scraping automtico - 2026-01-26 21:45:16
[Worker-5] ==================================================
[Worker-5] 
[Worker-5] 
[Worker-5] >>> MODO: PROCESANDO URLS MENOS RECIENTES PRIMERO <<<
[Worker-5] 
[Worker-5] 
[Worker-5] 
[Worker-5] >>> Procesando URLs DIARIAS <<<
[Worker-5] 
[Worker-5] [Sesin] Iniciando ciclo de navegador (Intento 1)
[Worker-1] Reglas cargadas: 11 frases clave y 3 exclusiones
[Worker-1] 
[Worker-1] ==================================================
[Worker-1] Iniciando scraping automtico - 2026-01-26 21:45:16
[Worker-1] ==================================================
[Worker-1] 
[Worker-1] 
[Worker-1] >>> MODO: PROCESANDO URLS MENOS RECIENTES PRIMERO <<<
[Worker-1] 
[Worker-1] 
[Worker-1] 
[Worker-1] >>> Procesando URLs DIARIAS <<<
[Worker-1] 
[Worker-1] [Sesin] Iniciando ciclo de navegador (Intento 1)
[Worker-3] Reglas cargadas: 11 frases clave y 3 exclusiones
[Worker-3] 
[Worker-3] ==================================================
[Worker-3] Iniciando scraping automtico - 2026-01-26 21:45:16
[Worker-3] ==================================================
[Worker-3] 
[Worker-3] 
[Worker-3] >>> MODO: PROCESANDO URLS MENOS RECIENTES PRIMERO <<<
[Worker-3] 
[Worker-3] 
[Worker-3] 
[Worker-3] >>> Procesando URLs DIARIAS <<<
[Worker-3] 
[Worker-3] [Sesin] Iniciando ciclo de navegador (Intento 1)
[Worker-6] Reglas cargadas: 11 frases clave y 3 exclusiones
[Worker-6] 
[Worker-6] ==================================================
[Worker-6] Iniciando scraping automtico - 2026-01-26 21:45:16
[Worker-6] ==================================================
[Worker-6] 
[Worker-6] 
[Worker-6] >>> MODO: PROCESANDO URLS MENOS RECIENTES PRIMERO <<<
[Worker-6] 
[Worker-6] 
[Worker-6] 
[Worker-6] >>> Procesando URLs DIARIAS <<<
[Worker-6] 
[Worker-6] [Sesin] Iniciando ciclo de navegador (Intento 1)
[Worker-4] Reglas cargadas: 11 frases clave y 3 exclusiones
[Worker-4] 
[Worker-4] ==================================================
[Worker-4] Iniciando scraping automtico - 2026-01-26 21:45:16
[Worker-4] ==================================================
[Worker-4] 
[Worker-4] 
[Worker-4] >>> MODO: PROCESANDO URLS MENOS RECIENTES PRIMERO <<<
[Worker-4] 
[Worker-4] 
[Worker-4] 
[Worker-4] >>> Procesando URLs DIARIAS <<<
[Worker-4] 
[Worker-4] [Sesin] Iniciando ciclo de navegador (Intento 1)
[Worker-2] Reglas cargadas: 11 frases clave y 3 exclusiones
[Worker-2] 
[Worker-2] ==================================================
[Worker-2] Iniciando scraping automtico - 2026-01-26 21:45:17
[Worker-2] ==================================================
[Worker-2] 
[Worker-2] 
[Worker-2] >>> MODO: PROCESANDO URLS MENOS RECIENTES PRIMERO <<<
[Worker-2] 
[Worker-2] 
[Worker-2] 
[Worker-2] >>> Procesando URLs DIARIAS <<<
[Worker-2] 
[Worker-2] [Sesin] Iniciando ciclo de navegador (Intento 1)
[Worker-6] 
[Worker-6] -------------------- REFRESCANDO CONTEXTO DEL NAVEGADOR --------------------
[Worker-6] Nuevo User-Agent: Mozilla/5.0 (Windows NT 10.0; Win64; x64...)
[Worker-1] 
[Worker-1] -------------------- REFRESCANDO CONTEXTO DEL NAVEGADOR --------------------
[Worker-1] Nuevo User-Agent: Mozilla/5.0 (Windows NT 10.0; Win64; x64; rv:91.0...)
[Worker-6] ------------------------------------------------------------------
[Worker-6] 
[Worker-5] 
[Worker-5] -------------------- REFRESCANDO CONTEXTO DEL NAVEGADOR --------------------
[Worker-5] Nuevo User-Agent: Mozilla/5.0 (Windows NT 10.0; Win64; x64...)
[Worker-1] ------------------------------------------------------------------
[Worker-1] 
[Worker-5] ------------------------------------------------------------------
[Worker-5] 
[Worker-4] 
[Worker-4] -------------------- REFRESCANDO CONTEXTO DEL NAVEGADOR --------------------
[Worker-4] Nuevo User-Agent: Mozilla/5.0 (Macintosh; Intel Mac OS X 10_15_7...)
[Worker-3] 
[Worker-3] -------------------- REFRESCANDO CONTEXTO DEL NAVEGADOR --------------------
[Worker-3] Nuevo User-Agent: Mozilla/5.0 (Macintosh; Intel Mac OS X 10_15_7...)
[Worker-6] URLs restantes en urls_autos_diarios: 98 | Procesadas en sesin: 0
[Worker-4] ------------------------------------------------------------------
[Worker-4] 
[Worker-3] ------------------------------------------------------------------
[Worker-3] 
[Worker-2] 
[Worker-2] -------------------- REFRESCANDO CONTEXTO DEL NAVEGADOR --------------------
[Worker-2] Nuevo User-Agent: Mozilla/5.0 (Windows NT 10.0; Win64; x64...)
[Worker-5] URLs restantes en urls_autos_diarios: 98 | Procesadas en sesin: 0
[Worker-1] URLs restantes en urls_autos_diarios: 98 | Procesadas en sesin: 0
[Worker-2] ------------------------------------------------------------------
[Worker-2] 
[Worker-6] URL obtenida y bloqueada desde urls_autos_diarios: https://neoauto.com/auto/usado/bmw-x1-20i-2017-1863485
[Worker-6] 
[Worker-6] Iniciando extraccin para: https://neoauto.com/auto/usado/bmw-x1-20i-2017-1863485
[Worker-6] Iniciando navegacin...
[Worker-6] Marca extrada: 'bmw'
[Worker-6] Camino elegido (4 pasos).
[Worker-6] Paso 1/4: Pgina Principal...
[Worker-4] URLs restantes en urls_autos_diarios: 97 | Procesadas en sesin: 0
[Worker-3] URLs restantes en urls_autos_diarios: 97 | Procesadas en sesin: 0
[Worker-5] URL obtenida y bloqueada desde urls_autos_diarios: https://neoauto.com/auto/usado/toyota-camry-2013-1863515
[Worker-5] 
[Worker-5] Iniciando extraccin para: https://neoauto.com/auto/usado/toyota-camry-2013-1863515
[Worker-5] Iniciando navegacin...
[Worker-5] Marca extrada: 'toyota'
[Worker-5] Camino elegido (4 pasos).
[Worker-5] Paso 1/4: Pgina Principal...
[Worker-1] URL obtenida y bloqueada desde urls_autos_diarios: https://neoauto.com/auto/usado/hyundai-santa-fe-2012-1863508
[Worker-1] 
[Worker-1] Iniciando extraccin para: https://neoauto.com/auto/usado/hyundai-santa-fe-2012-1863508
[Worker-1] Iniciando navegacin...
[Worker-1] Marca extrada: 'hyundai'
[Worker-1] Camino elegido (4 pasos).
[Worker-1] Paso 1/4: Pgina Principal...
[Worker-2] URLs restantes en urls_autos_diarios: 95 | Procesadas en sesin: 0
[Worker-4] URL obtenida y bloqueada desde urls_autos_diarios: https://neoauto.com/auto/usado/hyundai-grand-i10-2023-1863484
[Worker-4] 
[Worker-4] Iniciando extraccin para: https://neoauto.com/auto/usado/hyundai-grand-i10-2023-1863484
[Worker-4] Iniciando navegacin...
[Worker-4] Marca extrada: 'hyundai'
[Worker-4] Camino elegido (4 pasos).
[Worker-4] Paso 1/4: Pgina Principal...
[Worker-3] URL obtenida y bloqueada desde urls_autos_diarios: https://neoauto.com/auto/usado/toyota-rav4-2013-1863576
[Worker-3] 
[Worker-3] Iniciando extraccin para: https://neoauto.com/auto/usado/toyota-rav4-2013-1863576
[Worker-3] Iniciando navegacin...
[Worker-3] Marca extrada: 'toyota'
[Worker-3] Camino elegido (4 pasos).
[Worker-3] Paso 1/4: Pgina Principal...
[Worker-2] URL obtenida y bloqueada desde urls_autos_diarios: https://neoauto.com/auto/usado/bmw-x1-18i-2024-1863486
[Worker-2] 
[Worker-2] Iniciando extraccin para: https://neoauto.com/auto/usado/bmw-x1-18i-2024-1863486
[Worker-2] Iniciando navegacin...
[Worker-2] Marca extrada: 'bmw'
[Worker-2] Camino elegido (4 pasos).
[Worker-2] Paso 1/4: Pgina Principal...
[Worker-6] Navegacin rpida (sin acciones)
[Worker-6] Paso 2/4: Categora 'Usados'...
[Worker-5] Navegacin rpida (sin acciones)
[Worker-5] Paso 2/4: Categora 'Usados'...
[Worker-1] Navegacin rpida (sin acciones)
[Worker-1] Paso 2/4: Categora 'Usados'...
[Worker-4] Navegacin rpida (sin acciones)
[Worker-4] Paso 2/4: Categora 'Usados'...
[Worker-3] Navegacin rpida (sin acciones)
[Worker-3] Paso 2/4: Categora 'Usados'...
[Worker-2] Navegacin rpida (sin acciones)
[Worker-2] Paso 2/4: Categora 'Usados'...
[Worker-1] Navegacin rpida (sin acciones)
[Worker-1] Paso 3/4: Filtro por Marca 'HYUNDAI'...
[Worker-4] Navegacin rpida (sin acciones)
[Worker-4] Paso 3/4: Filtro por Marca 'HYUNDAI'...
[Worker-6] Navegacin rpida (sin acciones)
[Worker-6] Paso 3/4: Filtro por Marca 'BMW'...
[Worker-5] Navegacin rpida (sin acciones)
[Worker-5] Paso 3/4: Filtro por Marca 'TOYOTA'...
[Worker-4] Navegacin rpida (sin acciones)
[Worker-4] Paso 4/4: URL Final...
[Worker-3] Navegacin rpida (sin acciones)
[Worker-3] Paso 3/4: Filtro por Marca 'TOYOTA'...
[Worker-2] Navegacin rpida (sin acciones)
[Worker-2] Paso 3/4: Filtro por Marca 'BMW'...
[Worker-6] Navegacin rpida (sin acciones)
[Worker-6] Paso 4/4: URL Final...
[Worker-1] Navegacin rpida (sin acciones)
[Worker-1] Paso 4/4: URL Final...
[Worker-4] Scroll INICIAL para activar contenido...
[Worker-5] Navegacin rpida (sin acciones)
[Worker-5] Paso 4/4: URL Final...
[Worker-1] Scroll INICIAL para activar contenido...
[Worker-3] Navegacin rpida (sin acciones)
[Worker-3] Paso 4/4: URL Final...
[Worker-6] Scroll INICIAL para activar contenido...
[Worker-2] Navegacin rpida (sin acciones)
[Worker-2] Paso 4/4: URL Final...
[Worker-3] Scroll INICIAL para activar contenido...
[Worker-5] Scroll INICIAL para activar contenido...
[Worker-2] Scroll INICIAL para activar contenido...
[Worker-1] No apareci popup de cookies
[Worker-6] No apareci popup de cookies
[Worker-4] No apareci popup de cookies
[Worker-5] No apareci popup de cookies
[Worker-1] Intento 1: Page.click: Timeout 1000ms exceeded.
[Worker-1] Call log:
[Worker-1] - waiting for locator("button[class*='close']").locator("svg").locator("xpath=./ancestor::button")
[Worker-1] 
[Worker-6] Intento 1: Page.click: Timeout 1000ms exceeded.
[Worker-6] Call log:
[Worker-6] - waiting for locator("button[class*='close']").locator("svg").locator("xpath=./ancestor::button")
[Worker-6] 
[Worker-4] Intento 1: Page.click: Timeout 1000ms exceeded.
[Worker-4] Call log:
[Worker-4] - waiting for locator("button[class*='close']").locator("svg").locator("xpath=./ancestor::button")
[Worker-4] 
[Worker-5] Intento 1: Page.click: Timeout 1000ms exceeded.
[Worker-5] Call log:
[Worker-5] - waiting for locator("button[class*='close']").locator("svg").locator("xpath=./ancestor::button")
[Worker-5] 
[Worker-3] No apareci popup de cookies
[Worker-1] Intento 2: Page.click: Timeout 1000ms exceeded.
[Worker-1] Call log:
[Worker-1] - waiting for locator("button[class*='close']").locator("svg").locator("xpath=./ancestor::button")
[Worker-1] 
[Worker-6] Intento 2: Page.click: Timeout 1000ms exceeded.
[Worker-6] Call log:
[Worker-6] - waiting for locator("button[class*='close']").locator("svg").locator("xpath=./ancestor::button")
[Worker-6] 
[Worker-4] Intento 2: Page.click: Timeout 1000ms exceeded.
[Worker-4] Call log:
[Worker-4] - waiting for locator("button[class*='close']").locator("svg").locator("xpath=./ancestor::button")
[Worker-4] 
[Worker-3] Intento 1: Page.click: Timeout 1000ms exceeded.
[Worker-3] Call log:
[Worker-3] - waiting for locator("button[class*='close']").locator("svg").locator("xpath=./ancestor::button")
[Worker-3] 
[Worker-5] Intento 2: Page.click: Timeout 1000ms exceeded.
[Worker-5] Call log:
[Worker-5] - waiting for locator("button[class*='close']").locator("svg").locator("xpath=./ancestor::button")
[Worker-5] 
[Worker-3] Intento 2: Page.click: Timeout 1000ms exceeded.
[Worker-3] Call log:
[Worker-3] - waiting for locator("button[class*='close']").locator("svg").locator("xpath=./ancestor::button")
[Worker-3] 
[Worker-2] No apareci popup de cookies
[Worker-2] Intento 1: Page.click: Timeout 1000ms exceeded.
[Worker-2] Call log:
[Worker-2] - waiting for locator("button[class*='close']").locator("svg").locator("xpath=./ancestor::button")
[Worker-2] 
[Worker-2] Intento 2: Page.click: Timeout 1000ms exceeded.
[Worker-2] Call log:
[Worker-2] - waiting for locator("button[class*='close']").locator("svg").locator("xpath=./ancestor::button")
[Worker-2] 
[Worker-1] Intento 1: Popup no encontrado
[Worker-6] Intento 1: Popup no encontrado
[Worker-4] Intento 1: Popup no encontrado
[Worker-5] Intento 1: Popup no encontrado
[Worker-3] Intento 1: Popup no encontrado
[Worker-1] Intento 2: Popup no encontrado
[Worker-6] Intento 2: Popup no encontrado
[Worker-4] Intento 2: Popup no encontrado
[Worker-5] Intento 2: Popup no encontrado
[Worker-2] Intento 1: Popup no encontrado
[Worker-3] Intento 2: Popup no encontrado
[Worker-1] Intento 3: Popup no encontrado
[Worker-6] Intento 3: Popup no encontrado
[Worker-4] Intento 3: Popup no encontrado
[Worker-5] Intento 3: Popup no encontrado
[Worker-2] Intento 2: Popup no encontrado
[Worker-1] No se pudo cerrar el popup de satisfaccin
[Worker-1] Popups manejados POST-scroll
[Worker-1] Scroll adicional de confirmacin...
[Worker-6] No se pudo cerrar el popup de satisfaccin
[Worker-6] Popups manejados POST-scroll
[Worker-6] Scroll adicional de confirmacin...
[Worker-4] No se pudo cerrar el popup de satisfaccin
[Worker-4] Popups manejados POST-scroll
[Worker-4] Scroll adicional de confirmacin...
[Worker-5] No se pudo cerrar el popup de satisfaccin
[Worker-5] Popups manejados POST-scroll
[Worker-5] Scroll adicional de confirmacin...
[Worker-3] Intento 3: Popup no encontrado
[Worker-3] No se pudo cerrar el popup de satisfaccin
[Worker-3] Popups manejados POST-scroll
[Worker-3] Scroll adicional de confirmacin...
[Worker-1] Ttulo: Hyundai Santa Fe 2012
[Worker-1] Precio: S/ nan
[Worker-1] Kilometraje: 3.2002001234520123e+171 km
[Worker-1] Ubicacin: Arranca tu ao sobre ruedas!
[Worker-1] Sbete a tu prximo seminuevo, el auto que mereces.
[Worker-1] Arranca tu ao sobre ruedas!
[Worker-1] Sbete a tu prximo seminuevo, el auto que mereces.
[Worker-1] Arranca tu ao sobre ruedas!
[Worker-1] Sbete a tu prximo seminuevo, el auto que mereces.
[Worker-1] Arranca tu ao sobre ruedas!
[Worker-1] Sbete a tu prximo seminuevo, el auto que mereces.
[Worker-1] Iniciar sesin
[Worker-1] Quiero vender
[Worker-1] Comprar
[Worker-1] Quiero vender
[Worker-1] Financiamiento
[Worker-1] Alquilar
[Worker-1] Nuevo
[Worker-1] Seguros
[Worker-1] Eventos
[Worker-1] Publicidad
[Worker-1] Autos usados
[Worker-1] Hyundai
[Worker-1] Santa Fe
[Worker-1] Hyundai Santa Fe 2012
[Worker-1] La Molina, Lima, Lima
[Worker-1] Publicado hoy
[Worker-1] 46 vistas
[Worker-1] Reportar aviso
[Worker-1] Compartir
[Worker-1] Marcar como favorito
[Worker-1] Hyundai Santa Fe 2012
[Worker-1] Reportar aviso
[Worker-1] Compartir
[Worker-1] Marcar como favorito
[Worker-1] Ao modelo
[Worker-1] 2012
[Worker-1] Kilometraje
[Worker-1] 42,800 km
[Worker-1] Transmisin
[Worker-1] Automtica
[Worker-1] Descripcin
[Worker-1] Venta de Santa fe Casi nueva . . . . . . .. . .. . . . . . ..
[Worker-1] Te recomendamos:
[Worker-1] 
[Worker-1] Te toca renovar tu SOAT?
[Worker-1] 
[Worker-1] Verifica el estado de tu SOAT aqu y evita multas.
[Worker-1] 
[Worker-1] Consultar SOAT
[Worker-1] 
[Worker-1] Alquila autos con Kinto Share
[Worker-1] 
[Worker-1] Que nada frene tus aventuras. Seguro,flexible y con garantia.
[Worker-1] 
[Worker-1] Ver ms
[Worker-1] 
[Worker-1] Blog & Noticias
[Worker-1] 
[Worker-1] Entrate de las ltimas novedades del sector automotriz.
[Worker-1] 
[Worker-1] Ver ms
[Worker-1] Especificaciones tcnicas
[Worker-1] Caractersticas
[Worker-1] Marca
[Worker-1] Hyundai
[Worker-1] Modelo
[Worker-1] SANTA FE
[Worker-1] Ao de fabricacin
[Worker-1] 2011
[Worker-1] Categora
[Worker-1] Camioneta
[Worker-1] Combustible
[Worker-1] Gasolina
[Worker-1] Precios y costos
[Worker-1] 
[Worker-1] An no tenemos suficiente informacin para determinar un rango de precio para este vehculo.
[Worker-1] 
[Worker-1] Excelente
[Worker-1] Competitivo
[Worker-1] Premium
[Worker-1] 
[Worker-1] (*) Precio referencial
[Worker-1] 
[Worker-1] Cmo se calcula este rango?
[Worker-1] 
[Worker-1] Te toca renovar tu SOAT?
[Worker-1] 
[Worker-1] Verifica el estado de tu SOAT aqu y evita multas.
[Worker-1] 
[Worker-1] Consultar SOAT
[Worker-1] Precio
[Worker-1] US$12,800
[Worker-1] Contctate con el anunciante
[Worker-1] Sergio Vigo
[Worker-1] 989 175...
[Worker-1] Ms informacin
[Worker-1] Beneficios adicionales para ti:
[Worker-1] Solicita tu Prstamo Personal hasta de S/45,000
[Worker-1] Me interesa
[Worker-1] Seminuevos
[Worker-1] Autos
[Worker-1] Motos
[Worker-1] Camiones
[Worker-1] Usados
[Worker-1] Autos
[Worker-1] Motos
[Worker-1] Camiones
[Worker-1] Nuevos
[Worker-1] Autos
[Worker-1] Camiones
[Worker-1] Ayuda
[Worker-1] Trminos y condiciones
[Worker-1] Polticas de publicacin
[Worker-1] Cmo protegemos tus datos?
[Worker-1] Legales
[Worker-1] Sobre NeoAuto
[Worker-1] Noticias
[Worker-1] Tips y guas
[Worker-1] Ayuda en lnea
[Worker-1] 2024 NeoAuto Inc. Todos los derechos reservados
[Worker-1] Sguenos
[Worker-1] Descripcin: {"@context":"https://schema.org","@graph":[{"@type":"Organization","@id":"https://neoauto.com/#organ...
[Worker-1] nico dueo: No
[Worker-1] Datos guardados en: /home/richgutz/Scraper-Neoauto-ANTIGRAVITY/extractores/results_txt/diario_result_20260126_214617_c8d9b7.txt
[Worker-6] Ttulo: Bmw X1 20i 2017
[Worker-6] Precio: S/ nan
[Worker-6] Kilometraje: inf km
[Worker-4] Ttulo: Hyundai Grand I10 2023
[Worker-6] Ubicacin: Arranca tu ao sobre ruedas!
[Worker-6] Sbete a tu prximo seminuevo, el auto que mereces.
[Worker-6] Arranca tu ao sobre ruedas!
[Worker-6] Sbete a tu prximo seminuevo, el auto que mereces.
[Worker-6] Arranca tu ao sobre ruedas!
[Worker-6] Sbete a tu prximo seminuevo, el auto que mereces.
[Worker-6] Arranca tu ao sobre ruedas!
[Worker-6] Sbete a tu prximo seminuevo, el auto que mereces.
[Worker-6] Iniciar sesin
[Worker-6] Quiero vender
[Worker-6] Comprar
[Worker-6] Quiero vender
[Worker-6] Financiamiento
[Worker-6] Alquilar
[Worker-6] Nuevo
[Worker-6] Seguros
[Worker-6] Eventos
[Worker-6] Publicidad
[Worker-6] Ver fotos
[Worker-6] Autos usados
[Worker-6] Bmw
[Worker-6] X1 20i
[Worker-6] Bmw X1 20i 2017
[Worker-6] San Isidro, Lima, Lima
[Worker-6] Publicado hoy
[Worker-6] 9 vistas
[Worker-6] Reportar aviso
[Worker-6] Compartir
[Worker-6] Marcar como favorito
[Worker-6] Bmw X1 20i 2017
[Worker-6] Reportar aviso
[Worker-6] Compartir
[Worker-6] Marcar como favorito
[Worker-6] Ao modelo
[Worker-6] 2017
[Worker-6] Kilometraje
[Worker-6] 43,335 km
[Worker-6] Transmisin
[Worker-6] Automtica - Secuencial
[Worker-6] Descripcin
[Worker-6] Diplomtica vende por viaje: Camioneta BMW en excelente estado, modelo X1, versin X Drive 20i, poco recorrido, doble traccin, mantenimiento al da en taller BMW, documentos en regla, no papeletas, SOAT y revisin tcnica vigentes. Transmisin: Auto...
[Worker-6] Seguir leyendo
[Worker-6] Te recomendamos:
[Worker-6] 
[Worker-6] Te toca renovar tu SOAT?
[Worker-6] 
[Worker-6] Verifica el estado de tu SOAT aqu y evita multas.
[Worker-6] 
[Worker-6] Consultar SOAT
[Worker-6] 
[Worker-6] Alquila autos con Kinto Share
[Worker-6] 
[Worker-6] Que nada frene tus aventuras. Seguro,flexible y con garantia.
[Worker-6] 
[Worker-6] Ver ms
[Worker-6] 
[Worker-6] Blog & Noticias
[Worker-6] 
[Worker-6] Entrate de las ltimas novedades del sector automotriz.
[Worker-6] 
[Worker-6] Ver ms
[Worker-6] Especificaciones tcnicas
[Worker-6] Caractersticas
[Worker-6] Marca
[Worker-6] Bmw
[Worker-6] Modelo
[Worker-6] X1 20i
[Worker-6] Ao de fabricacin
[Worker-6] 2017
[Worker-6] Categora
[Worker-6] Camioneta
[Worker-6] Combustible
[Worker-6] Gasolina
[Worker-6] Nmero de puertas
[Worker-6] 5
[Worker-6] Traccin
[Worker-6] 4x4
[Worker-6] Color
[Worker-6] Negro
[Worker-6] Nmero cilindros
[Worker-6] 4
[Worker-6] Cilindrada
[Worker-6] 1,998 cc
[Worker-6] Equipamiento
[Worker-6] Retrovisores Elctricos
[Worker-6] Aire Acondicionado
[Worker-6] Full Equipo
[Worker-6] Computadora de abordo
[Worker-6] Parlantes/Bajos
[Worker-6] Radio CD
[Worker-6] Radio MP3
[Worker-6] Exterior
[Worker-6] Aros de Aleacin
[Worker-6] Seguridad
[Worker-6] Airbag
[Worker-6] Lminas de Seguridad
[Worker-6] Inmovilizador de motor
[Worker-6] Frenos ABS
[Worker-6] Extras
[Worker-6] Sunroof
[Worker-6] Asientos de cuero
[Worker-6] Climatizador
[Worker-6] Precios y costos
[Worker-6] 
[Worker-6] Este aviso
[Worker-6] 
[Worker-6] US$23,900
[Worker-6] 
[Worker-6] Precio de mercado
[Worker-6] 
[Worker-6] US$22,400*
[Worker-6] 
[Worker-6] Excelente
[Worker-6] Competitivo
[Worker-6] Premium
[Worker-6] 
[Worker-6] (*) Precio referencial
[Worker-6] 
[Worker-6] Cmo se calcula este rango?
[Worker-6] 
[Worker-6] Te toca renovar tu SOAT?
[Worker-6] 
[Worker-6] Verifica el estado de tu SOAT aqu y evita multas.
[Worker-6] 
[Worker-6] Consultar SOAT
[Worker-6] Precio
[Worker-6] US$23,900
[Worker-6] Dscto. por adquirir el Crdito Vehicular
[Worker-6] -US$1,000*
[Worker-6] *Aplica si financias tu auto con Santander Consumer
[Worker-6] Contctate con el anunciante
[Worker-6] Luz Caballero
[Worker-6] 934 582...
[Worker-6] Ms informacin
[Worker-6] Beneficios adicionales para ti:
[Worker-6] La mejor opcin
[Worker-6] Financia tu auto con Santander Consumer
[Worker-6] 
[Worker-6] Paga desde:
[Worker-6] US$22,900 o
[Worker-6] US$1,962/mes*
[Worker-6] Simular crdito
[Worker-6] 
[Worker-6] (*) Cuota mensual referencial. Calculada a 12 meses, 20% de inicial y TEA de 20.99%. No incluye seguro vehicular.
[Worker-6] 
[Worker-6] Solicita tu Prstamo Personal hasta de S/45,000
[Worker-6] Me interesa
[Worker-6] Seminuevos
[Worker-6] Autos
[Worker-6] Motos
[Worker-6] Camiones
[Worker-6] Usados
[Worker-6] Autos
[Worker-6] Motos
[Worker-6] Camiones
[Worker-6] Nuevos
[Worker-6] Autos
[Worker-6] Camiones
[Worker-6] Ayuda
[Worker-6] Trminos y condiciones
[Worker-6] Polticas de publicacin
[Worker-6] Cmo protegemos tus datos?
[Worker-6] Legales
[Worker-6] Sobre NeoAuto
[Worker-6] Noticias
[Worker-6] Tips y guas
[Worker-6] Ayuda en lnea
[Worker-6] 2024 NeoAuto Inc. Todos los derechos reservados
[Worker-6] Sguenos
[Worker-4] Precio: S/ nan
[Worker-4] Kilometraje: inf km
[Worker-4] Ubicacin: Arranca tu ao sobre ruedas!
[Worker-4] Sbete a tu prximo seminuevo, el auto que mereces.
[Worker-4] Arranca tu ao sobre ruedas!
[Worker-4] Sbete a tu prximo seminuevo, el auto que mereces.
[Worker-4] Arranca tu ao sobre ruedas!
[Worker-4] Sbete a tu prximo seminuevo, el auto que mereces.
[Worker-4] Arranca tu ao sobre ruedas!
[Worker-4] Sbete a tu prximo seminuevo, el auto que mereces.
[Worker-4] Iniciar sesin
[Worker-4] Quiero vender
[Worker-4] Comprar
[Worker-4] Quiero vender
[Worker-4] Financiamiento
[Worker-4] Alquilar
[Worker-4] Nuevo
[Worker-4] Seguros
[Worker-4] Eventos
[Worker-4] Publicidad
[Worker-4] Ver fotos
[Worker-4] Autos usados
[Worker-4] Hyundai
[Worker-4] Grand I10
[Worker-4] Hyundai Grand I10 2023
[Worker-4] San Isidro, Lima, Lima
[Worker-4] Publicado hoy
[Worker-4] 28 vistas
[Worker-4] Reportar aviso
[Worker-4] Compartir
[Worker-4] Marcar como favorito
[Worker-4] Hyundai Grand I10 2023
[Worker-4] Reportar aviso
[Worker-4] Compartir
[Worker-4] Marcar como favorito
[Worker-4] Ao modelo
[Worker-4] 2023
[Worker-4] Kilometraje
[Worker-4] 11,500 km
[Worker-4] Transmisin
[Worker-4] Automtica - Secuencial
[Worker-4] Descripcin
[Worker-4] Auto en impecables condiciones, con mantenimientos al da en el concesionario de la marca, nico dueo, uso estrictamente personal y documentos en regla para transferencia inmediata. Full Equipo: lunas, espejos y pestillos elctricos, asientos de cue...
[Worker-4] Seguir leyendo
[Worker-4] Te recomendamos:
[Worker-4] 
[Worker-4] Te toca renovar tu SOAT?
[Worker-4] 
[Worker-4] Verifica el estado de tu SOAT aqu y evita multas.
[Worker-4] 
[Worker-4] Consultar SOAT
[Worker-4] 
[Worker-4] Alquila autos con Kinto Share
[Worker-4] 
[Worker-4] Que nada frene tus aventuras. Seguro,flexible y con garantia.
[Worker-4] 
[Worker-4] Ver ms
[Worker-4] 
[Worker-4] Blog & Noticias
[Worker-4] 
[Worker-4] Entrate de las ltimas novedades del sector automotriz.
[Worker-4] 
[Worker-4] Ver ms
[Worker-4] Especificaciones tcnicas
[Worker-4] Caractersticas
[Worker-4] Marca
[Worker-4] Hyundai
[Worker-4] Modelo
[Worker-4] GRAND i10
[Worker-4] Versin
[Worker-4] GLS
[Worker-4] Ao de fabricacin
[Worker-4] 2023
[Worker-4] Categora
[Worker-4] Hatchback
[Worker-4] Combustible
[Worker-4] Gasolina
[Worker-4] Nmero de puertas
[Worker-4] 4
[Worker-4] Traccin
[Worker-4] 4x2
[Worker-4] Color
[Worker-4] Gris Oscuro
[Worker-4] Nmero cilindros
[Worker-4] 4
[Worker-4] Cilindrada
[Worker-4] 1,197 cc
[Worker-4] Equipamiento
[Worker-4] Retrovisores Elctricos
[Worker-4] Neblineros
[Worker-4] Aire Acondicionado
[Worker-4] Full Equipo
[Worker-4] Exterior
[Worker-4] Aros de Aleacin
[Worker-4] Luces Halgenas
[Worker-4] Seguridad
[Worker-4] Airbag
[Worker-4] Lminas de Seguridad
[Worker-4] Faros antiniebla delantero
[Worker-4] Alarma
[Worker-4] Extras
[Worker-4] Asientos de cuero
[Worker-4] Precios y costos
[Worker-4] 
[Worker-4] An no tenemos suficiente informacin para determinar un rango de precio para este vehculo.
[Worker-4] 
[Worker-4] Excelente
[Worker-4] Competitivo
[Worker-4] Premium
[Worker-4] 
[Worker-4] (*) Precio referencial
[Worker-4] 
[Worker-4] Cmo se calcula este rango?
[Worker-4] 
[Worker-4] Te toca renovar tu SOAT?
[Worker-4] 
[Worker-4] Verifica el estado de tu SOAT aqu y evita multas.
[Worker-4] 
[Worker-4] Consultar SOAT
[Worker-4] Precio
[Worker-4] US$12,500
[Worker-4] Dscto. por adquirir el Crdito Vehicular
[Worker-4] -US$1,000*
[Worker-4] *Aplica si financias tu auto con Santander Consumer
[Worker-4] Contctate con el anunciante
[Worker-4] Fedor Garcia Oliva
[Worker-4] 984 704...
[Worker-4] Ms informacin
[Worker-4] Beneficios adicionales para ti:
[Worker-4] La mejor opcin
[Worker-4] Financia tu auto con Santander Consumer
[Worker-4] 
[Worker-4] Paga desde:
[Worker-4] US$11,500 o
[Worker-4] US$341/mes*
[Worker-4] Simular crdito
[Worker-4] 
[Worker-4] (*) Cuota mensual referencial. Calculada a 60 meses, 20% de inicial y TEA de 20.99%. No incluye seguro vehicular.
[Worker-4] 
[Worker-4] Solicita tu Prstamo Personal hasta de S/45,000
[Worker-4] Me interesa
[Worker-4] Seminuevos
[Worker-4] Autos
[Worker-4] Motos
[Worker-4] Camiones
[Worker-4] Usados
[Worker-4] Autos
[Worker-4] Motos
[Worker-4] Camiones
[Worker-4] Nuevos
[Worker-4] Autos
[Worker-4] Camiones
[Worker-4] Ayuda
[Worker-4] Trminos y condiciones
[Worker-4] Polticas de publicacin
[Worker-4] Cmo protegemos tus datos?
[Worker-4] Legales
[Worker-4] Sobre NeoAuto
[Worker-4] Noticias
[Worker-4] Tips y guas
[Worker-4] Ayuda en lnea
[Worker-4] 2024 NeoAuto Inc. Todos los derechos reservados
[Worker-4] Sguenos
[Worker-4] Descripcin: {"@context":"https://schema.org","@graph":[{"@type":"Organization","@id":"https://neoauto.com/#organ...
[Worker-4] nico dueo: S
[Worker-4] Datos guardados en: /home/richgutz/Scraper-Neoauto-ANTIGRAVITY/extractores/results_txt/diario_result_20260126_214618_627869.txt
[Worker-6] Descripcin: {"@context":"https://schema.org","@graph":[{"@type":"Organization","@id":"https://neoauto.com/#organ...
[Worker-6] nico dueo: S
[Worker-6] Datos guardados en: /home/richgutz/Scraper-Neoauto-ANTIGRAVITY/extractores/results_txt/diario_result_20260126_214618_c1b99d.txt
[Worker-5] Ttulo: Toyota Camry 2013
[Worker-5] Precio: S/ nan
[Worker-5] Kilometraje: 3.200200123452013e+241 km
[Worker-5] Ubicacin: Arranca tu ao sobre ruedas!
[Worker-5] Sbete a tu prximo seminuevo, el auto que mereces.
[Worker-5] Arranca tu ao sobre ruedas!
[Worker-5] Sbete a tu prximo seminuevo, el auto que mereces.
[Worker-5] Arranca tu ao sobre ruedas!
[Worker-5] Sbete a tu prximo seminuevo, el auto que mereces.
[Worker-5] Arranca tu ao sobre ruedas!
[Worker-5] Sbete a tu prximo seminuevo, el auto que mereces.
[Worker-5] Iniciar sesin
[Worker-5] Quiero vender
[Worker-5] Comprar
[Worker-5] Quiero vender
[Worker-5] Financiamiento
[Worker-5] Alquilar
[Worker-5] Nuevo
[Worker-5] Seguros
[Worker-5] Eventos
[Worker-5] Publicidad
[Worker-5] Ver fotos
[Worker-5] Autos usados
[Worker-5] Toyota
[Worker-5] Camry
[Worker-5] Toyota Camry 2013
[Worker-5] Lima, Lima, Lima
[Worker-5] Publicado hoy
[Worker-5] 38 vistas
[Worker-5] Reportar aviso
[Worker-5] Compartir
[Worker-5] Marcar como favorito
[Worker-5] Toyota Camry 2013
[Worker-5] Reportar aviso
[Worker-5] Compartir
[Worker-5] Marcar como favorito
[Worker-5] Ao modelo
[Worker-5] 2013
[Worker-5] Kilometraje
[Worker-5] 123,000 km
[Worker-5] Transmisin
[Worker-5] Automtica - Secuencial
[Worker-5] Descripcin
[Worker-5] OCACION..POR..VIAJE. TOYOTA CAMRY V6 3.5 ..AUTOMATICO. SECUENCIAL..TOPE.DE.GAMA NICO DUEO DESDE NUEVO TOTALMENTE ORIGINAL SOLO A GASOLINA ASIENTOS ELECTRICOS.DELANTEROS..Y.TRASEROS. LUNAS ELCTRICAS SUNROOF AIRE ACONDICIONADO .. LAMINAS DE SEGURIDA...
[Worker-5] Seguir leyendo
[Worker-5] Te recomendamos:
[Worker-5] 
[Worker-5] Te toca renovar tu SOAT?
[Worker-5] 
[Worker-5] Verifica el estado de tu SOAT aqu y evita multas.
[Worker-5] 
[Worker-5] Consultar SOAT
[Worker-5] 
[Worker-5] Alquila autos con Kinto Share
[Worker-5] 
[Worker-5] Que nada frene tus aventuras. Seguro,flexible y con garantia.
[Worker-5] 
[Worker-5] Ver ms
[Worker-5] 
[Worker-5] Blog & Noticias
[Worker-5] 
[Worker-5] Entrate de las ltimas novedades del sector automotriz.
[Worker-5] 
[Worker-5] Ver ms
[Worker-5] Especificaciones tcnicas
[Worker-5] Caractersticas
[Worker-5] Marca
[Worker-5] Toyota
[Worker-5] Modelo
[Worker-5] CAMRY
[Worker-5] Ao de fabricacin
[Worker-5] 2013
[Worker-5] Categora
[Worker-5] Sedn
[Worker-5] Combustible
[Worker-5] Gasolina
[Worker-5] Nmero de puertas
[Worker-5] 4
[Worker-5] Traccin
[Worker-5] Delantera
[Worker-5] Color
[Worker-5] Beige
[Worker-5] Nmero cilindros
[Worker-5] 6
[Worker-5] Cilindrada
[Worker-5] 3,500 cc
[Worker-5] Equipamiento
[Worker-5] Neblineros
[Worker-5] Aire Acondicionado
[Worker-5] Full Equipo
[Worker-5] Computadora de abordo
[Worker-5] Parlantes/Bajos
[Worker-5] Radio CD
[Worker-5] Retrovisores Elctricos
[Worker-5] Exterior
[Worker-5] Aros de Aleacin
[Worker-5] Luces Halgenas
[Worker-5] Seguridad
[Worker-5] Localizador (GPS)
[Worker-5] Alarma
[Worker-5] Frenos ABS
[Worker-5] Inmovilizador de motor
[Worker-5] Faros antiniebla delantero
[Worker-5] Lminas de Seguridad
[Worker-5] Airbag
[Worker-5] Extras
[Worker-5] Sunroof
[Worker-5] Asientos de cuero
[Worker-5] Climatizador
[Worker-5] Precios y costos
[Worker-5] 
[Worker-5] An no tenemos suficiente informacin para determinar un rango de precio para este vehculo.
[Worker-5] 
[Worker-5] Excelente
[Worker-5] Competitivo
[Worker-5] Premium
[Worker-5] 
[Worker-5] (*) Precio referencial
[Worker-5] 
[Worker-5] Cmo se calcula este rango?
[Worker-5] 
[Worker-5] Te toca renovar tu SOAT?
[Worker-5] 
[Worker-5] Verifica el estado de tu SOAT aqu y evita multas.
[Worker-5] 
[Worker-5] Consultar SOAT
[Worker-5] Precio
[Worker-5] US$11,500
[Worker-5] Contctate con el anunciante
[Worker-5] Karina Mergoni
[Worker-5] 967 747...
[Worker-5] Ms informacin
[Worker-5] Beneficios adicionales para ti:
[Worker-5] Solicita tu Prstamo Personal hasta de S/45,000
[Worker-5] Me interesa
[Worker-5] Seminuevos
[Worker-5] Autos
[Worker-5] Motos
[Worker-5] Camiones
[Worker-5] Usados
[Worker-5] Autos
[Worker-5] Motos
[Worker-5] Camiones
[Worker-5] Nuevos
[Worker-5] Autos
[Worker-5] Camiones
[Worker-5] Ayuda
[Worker-5] Trminos y condiciones
[Worker-5] Polticas de publicacin
[Worker-5] Cmo protegemos tus datos?
[Worker-5] Legales
[Worker-5] Sobre NeoAuto
[Worker-5] Noticias
[Worker-5] Tips y guas
[Worker-5] Ayuda en lnea
[Worker-5] 2024 NeoAuto Inc. Todos los derechos reservados
[Worker-5] Sguenos
[Worker-5] Descripcin: {"@context":"https://schema.org","@graph":[{"@type":"Organization","@id":"https://neoauto.com/#organ...
[Worker-5] nico dueo: No
[Worker-5] Datos guardados en: /home/richgutz/Scraper-Neoauto-ANTIGRAVITY/extractores/results_txt/diario_result_20260126_214619_20659c.txt
[Worker-2] Intento 3: Popup no encontrado
[Worker-3] Ttulo: Toyota Rav4 2013
[Worker-3] Precio: S/ nan
[Worker-3] Kilometraje: inf km
[Worker-3] Ubicacin: Arranca tu ao sobre ruedas!
[Worker-3] Sbete a tu prximo seminuevo, el auto que mereces.
[Worker-3] Arranca tu ao sobre ruedas!
[Worker-3] Sbete a tu prximo seminuevo, el auto que mereces.
[Worker-3] Arranca tu ao sobre ruedas!
[Worker-3] Sbete a tu prximo seminuevo, el auto que mereces.
[Worker-3] Arranca tu ao sobre ruedas!
[Worker-3] Sbete a tu prximo seminuevo, el auto que mereces.
[Worker-3] Iniciar sesin
[Worker-3] Quiero vender
[Worker-3] Comprar
[Worker-3] Quiero vender
[Worker-3] Financiamiento
[Worker-3] Alquilar
[Worker-3] Nuevo
[Worker-3] Seguros
[Worker-3] Eventos
[Worker-3] Publicidad
[Worker-3] Ver fotos
[Worker-3] Autos usados
[Worker-3] Toyota
[Worker-3] Rav4
[Worker-3] Toyota Rav4 2013
[Worker-3] Santiago de Surco, Lima, Lima
[Worker-3] Publicado hoy
[Worker-3] 35 vistas
[Worker-3] Reportar aviso
[Worker-3] Compartir
[Worker-3] Marcar como favorito
[Worker-3] Toyota Rav4 2013
[Worker-3] Reportar aviso
[Worker-3] Compartir
[Worker-3] Marcar como favorito
[Worker-3] Ao modelo
[Worker-3] 2013
[Worker-3] Kilometraje
[Worker-3] 230,014 km
[Worker-3] Transmisin
[Worker-3] Automtica - Secuencial
[Worker-3] Descripcin
[Worker-3] Vendo TOYOTA RAV4
[Worker-3] Especificaciones:
[Worker-3] Modelo : NEW RAV4 2.0, Ao: 2013
[Worker-3] Pasajeros: 4
[Worker-3] Asientos: 5
[Worker-3] Carroceria: Suv
[Worker-3] Combustible : BI  COMBUSTIBLE GNV
[Worker-3] Transmisin: Secuencial
[Worker-3] RAV: 4x2
[Worker-3] Color: Verde Blanco
[Worker-3] Km: 230,014
[Worker-3] Aire acondicionado, pestillo...
[Worker-3] Seguir leyendo
[Worker-3] Te recomendamos:
[Worker-3] 
[Worker-3] Te toca renovar tu SOAT?
[Worker-3] 
[Worker-3] Verifica el estado de tu SOAT aqu y evita multas.
[Worker-3] 
[Worker-3] Consultar SOAT
[Worker-3] 
[Worker-3] Alquila autos con Kinto Share
[Worker-3] 
[Worker-3] Que nada frene tus aventuras. Seguro,flexible y con garantia.
[Worker-3] 
[Worker-3] Ver ms
[Worker-3] 
[Worker-3] Blog & Noticias
[Worker-3] 
[Worker-3] Entrate de las ltimas novedades del sector automotriz.
[Worker-3] 
[Worker-3] Ver ms
[Worker-3] Especificaciones tcnicas
[Worker-3] Caractersticas
[Worker-3] Marca
[Worker-3] Toyota
[Worker-3] Modelo
[Worker-3] RAV4
[Worker-3] Versin
[Worker-3] 2.0 4X2 CVT
[Worker-3] Versin
[Worker-3] 2.0 4X2 CVT
[Worker-3] Ao de fabricacin
[Worker-3] 2013
[Worker-3] Categora
[Worker-3] Camioneta
[Worker-3] Combustible
[Worker-3] Gasolina-Hbrido
[Worker-3] Nmero de puertas
[Worker-3] 5
[Worker-3] Traccin
[Worker-3] 4x2
[Worker-3] Color
[Worker-3] Blanco
[Worker-3] Nmero cilindros
[Worker-3] 4
[Worker-3] Cilindrada
[Worker-3] 1,987 cc
[Worker-3] Precios y costos
[Worker-3] 
[Worker-3] An no tenemos suficiente informacin para determinar un rango de precio para este vehculo.
[Worker-3] 
[Worker-3] Excelente
[Worker-3] Competitivo
[Worker-3] Premium
[Worker-3] 
[Worker-3] (*) Precio referencial
[Worker-3] 
[Worker-3] Cmo se calcula este rango?
[Worker-3] 
[Worker-3] Te toca renovar tu SOAT?
[Worker-3] 
[Worker-3] Verifica el estado de tu SOAT aqu y evita multas.
[Worker-3] 
[Worker-3] Consultar SOAT
[Worker-3] Sobre el anunciante
[Worker-3] 
[Worker-3] Santiago de Surco, Lima
[Worker-3] 
[Worker-3] Precio
[Worker-3] US$9,300
[Worker-3] Contctate con el anunciante
[Worker-3] Martha Guevara
[Worker-3] 966 668...
[Worker-3] Ms informacin
[Worker-3] Beneficios adicionales para ti:
[Worker-3] Solicita tu Prstamo Personal hasta de S/45,000
[Worker-3] Me interesa
[Worker-3] Seminuevos
[Worker-3] Autos
[Worker-3] Motos
[Worker-3] Camiones
[Worker-3] Usados
[Worker-3] Autos
[Worker-3] Motos
[Worker-3] Camiones
[Worker-3] Nuevos
[Worker-3] Autos
[Worker-3] Camiones
[Worker-3] Ayuda
[Worker-3] Trminos y condiciones
[Worker-3] Polticas de publicacin
[Worker-3] Cmo protegemos tus datos?
[Worker-3] Legales
[Worker-3] Sobre NeoAuto
[Worker-3] Noticias
[Worker-3] Tips y guas
[Worker-3] Ayuda en lnea
[Worker-3] 2024 NeoAuto Inc. Todos los derechos reservados
[Worker-3] Sguenos
[Worker-3] Descripcin: {"@context":"https://schema.org","@graph":[{"@type":"Organization","@id":"https://neoauto.com/#organ...
[Worker-3] nico dueo: No
[Worker-3] Datos guardados en: /home/richgutz/Scraper-Neoauto-ANTIGRAVITY/extractores/results_txt/diario_result_20260126_214620_3522b5.txt
[Worker-2] No se pudo cerrar el popup de satisfaccin
[Worker-2] Popups manejados POST-scroll
[Worker-2] Scroll adicional de confirmacin...
[Worker-6] URL obtenida y bloqueada desde urls_autos_diarios: https://neoauto.com/auto/usado/honda-pilot-2020-1860399
[Worker-6] 
[Worker-6] Iniciando extraccin para: https://neoauto.com/auto/usado/honda-pilot-2020-1860399
[Worker-6] Iniciando navegacin...
[Worker-6] Marca extrada: 'honda'
[Worker-6] Camino elegido (4 pasos).
[Worker-6] Paso 1/4: Pgina Principal...
[Worker-2] Ttulo: Bmw X1 18i 2024
[Worker-2] Precio: S/ nan
[Worker-2] Kilometraje: inf km
[Worker-1] URL obtenida y bloqueada desde urls_autos_diarios: https://neoauto.com/auto/usado/toyota-4runner-2016-1863519
[Worker-1] 
[Worker-1] Iniciando extraccin para: https://neoauto.com/auto/usado/toyota-4runner-2016-1863519
[Worker-1] Iniciando navegacin...
[Worker-1] Marca extrada: 'toyota'
[Worker-1] Camino elegido (4 pasos).
[Worker-1] Paso 1/4: Pgina Principal...
[Worker-2] Ubicacin: Arranca tu ao sobre ruedas!
[Worker-2] Sbete a tu prximo seminuevo, el auto que mereces.
[Worker-2] Arranca tu ao sobre ruedas!
[Worker-2] Sbete a tu prximo seminuevo, el auto que mereces.
[Worker-2] Arranca tu ao sobre ruedas!
[Worker-2] Sbete a tu prximo seminuevo, el auto que mereces.
[Worker-2] Arranca tu ao sobre ruedas!
[Worker-2] Sbete a tu prximo seminuevo, el auto que mereces.
[Worker-2] Iniciar sesin
[Worker-2] Quiero vender
[Worker-2] Comprar
[Worker-2] Quiero vender
[Worker-2] Financiamiento
[Worker-2] Alquilar
[Worker-2] Nuevo
[Worker-2] Seguros
[Worker-2] Eventos
[Worker-2] Publicidad
[Worker-2] Ver fotos
[Worker-2] Remato
[Worker-2] Autos usados
[Worker-2] Bmw
[Worker-2] X1 18i
[Worker-2] Bmw X1 18i 2024
[Worker-2] Chorrillos, Lima, Lima
[Worker-2] Publicado hoy
[Worker-2] 14 vistas
[Worker-2] Reportar aviso
[Worker-2] Compartir
[Worker-2] Marcar como favorito
[Worker-2] Bmw X1 18i 2024
[Worker-2] Reportar aviso
[Worker-2] Compartir
[Worker-2] Marcar como favorito
[Worker-2] Ao modelo
[Worker-2] 2024
[Worker-2] Kilometraje
[Worker-2] 13,000 km
[Worker-2] Transmisin
[Worker-2] Automtica
[Worker-2] Descripcin
[Worker-2] BMW X1 SDRIVE 18i M Ao y modelo: 2023- x1 ( TOPE DE GAMA) Motorizacin: 1.5 (turbo) AT Secuencial Traccin: 4x2 Kilometraje: 13 MIL kilometros( REGISTRADOS MISMA CASA BMW ) Color: AZUL Equipamiento: -viene con el paquete M - Luces Full Led con nebli...
[Worker-2] Seguir leyendo
[Worker-2] Te recomendamos:
[Worker-2] 
[Worker-2] Te toca renovar tu SOAT?
[Worker-2] 
[Worker-2] Verifica el estado de tu SOAT aqu y evita multas.
[Worker-2] 
[Worker-2] Consultar SOAT
[Worker-2] 
[Worker-2] Alquila autos con Kinto Share
[Worker-2] 
[Worker-2] Que nada frene tus aventuras. Seguro,flexible y con garantia.
[Worker-2] 
[Worker-2] Ver ms
[Worker-2] 
[Worker-2] Blog & Noticias
[Worker-2] 
[Worker-2] Entrate de las ltimas novedades del sector automotriz.
[Worker-2] 
[Worker-2] Ver ms
[Worker-2] Especificaciones tcnicas
[Worker-2] Caractersticas
[Worker-2] Marca
[Worker-2] Bmw
[Worker-2] Modelo
[Worker-2] X1 18i
[Worker-2] Versin
[Worker-2] SDRIVE18I
[Worker-2] Ao de fabricacin
[Worker-2] 2023
[Worker-2] Categora
[Worker-2] Camioneta
[Worker-2] Combustible
[Worker-2] Gasolina
[Worker-2] Nmero de puertas
[Worker-2] 4
[Worker-2] Traccin
[Worker-2] 4x2
[Worker-2] Color
[Worker-2] Azul
[Worker-2] Nmero cilindros
[Worker-2] 3
[Worker-2] Cilindrada
[Worker-2] 1,500 cc
[Worker-2] Equipamiento
[Worker-2] Neblineros
[Worker-2] Aire Acondicionado
[Worker-2] Full Equipo
[Worker-2] Computadora de abordo
[Worker-2] Parlantes/Bajos
[Worker-2] Radio CD
[Worker-2] Radio MP3
[Worker-2] Retrovisores Elctricos
[Worker-2] Exterior
[Worker-2] Aros
[Worker-2] Luces Halgenas
[Worker-2] Parrilla
[Worker-2] Aros de Aleacin
[Worker-2] Seguridad
[Worker-2] Localizador (GPS)
[Worker-2] Alarma
[Worker-2] Frenos ABS
[Worker-2] Repartidor electrnico de frenado
[Worker-2] Inmovilizador de motor
[Worker-2] Faros antiniebla traseros
[Worker-2] Faros antiniebla delantero
[Worker-2] Lminas de Seguridad
[Worker-2] Airbag
[Worker-2] Extras
[Worker-2] Sunroof
[Worker-2] Asientos de cuero
[Worker-2] Climatizador
[Worker-2] Precios y costos
[Worker-2] 
[Worker-2] An no tenemos suficiente informacin para determinar un rango de precio para este vehculo.
[Worker-2] 
[Worker-2] Excelente
[Worker-2] Competitivo
[Worker-2] Premium
[Worker-2] 
[Worker-2] (*) Precio referencial
[Worker-2] 
[Worker-2] Cmo se calcula este rango?
[Worker-2] 
[Worker-2] Te toca renovar tu SOAT?
[Worker-2] 
[Worker-2] Verifica el estado de tu SOAT aqu y evita multas.
[Worker-2] 
[Worker-2] Consultar SOAT
[Worker-2] Precio
[Worker-2] US$45,000
[Worker-2] Dscto. por adquirir el Crdito Vehicular
[Worker-2] -US$1,000*
[Worker-2] *Aplica si financias tu auto con Santander Consumer
[Worker-2] Contctate con el anunciante
[Worker-2] Javier Zevallos Yanarico
[Worker-2] 963 814...
[Worker-2] Ms informacin
[Worker-2] Beneficios adicionales para ti:
[Worker-2] La mejor opcin
[Worker-2] Financia tu auto con Santander Consumer
[Worker-2] 
[Worker-2] Paga desde:
[Worker-2] US$44,000 o
[Worker-2] US$1,203/mes*
[Worker-2] Simular crdito
[Worker-2] 
[Worker-2] (*) Cuota mensual referencial. Calculada a 60 meses, 20% de inicial y TEA de 20.99%. No incluye seguro vehicular.
[Worker-2] 
[Worker-2] Solicita tu Prstamo Personal hasta de S/45,000
[Worker-2] Me interesa
[Worker-2] Seminuevos
[Worker-2] Autos
[Worker-2] Motos
[Worker-2] Camiones
[Worker-2] Usados
[Worker-2] Autos
[Worker-2] Motos
[Worker-2] Camiones
[Worker-2] Nuevos
[Worker-2] Autos
[Worker-2] Camiones
[Worker-2] Ayuda
[Worker-2] Trminos y condiciones
[Worker-2] Polticas de publicacin
[Worker-2] Cmo protegemos tus datos?
[Worker-2] Legales
[Worker-2] Sobre NeoAuto
[Worker-2] Noticias
[Worker-2] Tips y guas
[Worker-2] Ayuda en lnea
[Worker-2] 2024 NeoAuto Inc. Todos los derechos reservados
[Worker-2] Sguenos
[Worker-2] Descripcin: {"@context":"https://schema.org","@graph":[{"@type":"Organization","@id":"https://neoauto.com/#organ...
[Worker-2] nico dueo: S
[Worker-2] Datos guardados en: /home/richgutz/Scraper-Neoauto-ANTIGRAVITY/extractores/results_txt/diario_result_20260126_214624_5280de.txt
[Worker-5] URL obtenida y bloqueada desde urls_autos_diarios: https://neoauto.com/auto/usado/hyundai-tucson-2008-1863474
[Worker-5] 
[Worker-5] Iniciando extraccin para: https://neoauto.com/auto/usado/hyundai-tucson-2008-1863474
[Worker-5] Iniciando navegacin...
[Worker-5] Marca extrada: 'hyundai'
[Worker-5] Camino elegido (4 pasos).
[Worker-5] Paso 1/4: Pgina Principal...
[Worker-6] Navegacin rpida (sin acciones)
[Worker-6] Paso 2/4: Categora 'Usados'...
[Worker-5] Navegacin rpida (sin acciones)
[Worker-5] Paso 2/4: Categora 'Usados'...
[Worker-1] Navegacin rpida (sin acciones)
[Worker-1] Paso 2/4: Categora 'Usados'...
[Worker-4] URL obtenida y bloqueada desde urls_autos_diarios: https://neoauto.com/auto/usado/volvo-s60-2018-1863470
[Worker-4] 
[Worker-4] Iniciando extraccin para: https://neoauto.com/auto/usado/volvo-s60-2018-1863470
[Worker-4] Iniciando navegacin...
[Worker-4] Marca extrada: 'volvo'
[Worker-4] Camino elegido (4 pasos).
[Worker-4] Paso 1/4: Pgina Principal...
[Worker-3] URL obtenida y bloqueada desde urls_autos_diarios: https://neoauto.com/auto/usado/ford-ranger-2023-1863567
[Worker-3] 
[Worker-3] Iniciando extraccin para: https://neoauto.com/auto/usado/ford-ranger-2023-1863567
[Worker-3] Iniciando navegacin...
[Worker-3] Marca extrada: 'ford'
[Worker-3] Camino elegido (4 pasos).
[Worker-3] Paso 1/4: Pgina Principal...
[Worker-5] Navegacin rpida (sin acciones)
[Worker-5] Paso 3/4: Filtro por Marca 'HYUNDAI'...
[Worker-6] Navegacin rpida (sin acciones)
[Worker-6] Paso 3/4: Filtro por Marca 'HONDA'...
[Worker-4] Navegacin rpida (sin acciones)
[Worker-4] Paso 2/4: Categora 'Usados'...
[Worker-1] Navegacin rpida (sin acciones)
[Worker-1] Paso 3/4: Filtro por Marca 'TOYOTA'...
[Worker-3] Navegacin rpida (sin acciones)
[Worker-3] Paso 2/4: Categora 'Usados'...
[Worker-5] Navegacin rpida (sin acciones)
[Worker-5] Paso 4/4: URL Final...
[Worker-6] Navegacin rpida (sin acciones)
[Worker-6] Paso 4/4: URL Final...
[Worker-4] Navegacin rpida (sin acciones)
[Worker-4] Paso 3/4: Filtro por Marca 'VOLVO'...
[Worker-2] URL obtenida y bloqueada desde urls_autos_diarios: https://neoauto.com/auto/usado/mazda-cx-5-2023-1863481
[Worker-2] 
[Worker-2] Iniciando extraccin para: https://neoauto.com/auto/usado/mazda-cx-5-2023-1863481
[Worker-2] Iniciando navegacin...
[Worker-2] Marca extrada: 'mazda'
[Worker-2] Camino elegido (4 pasos).
[Worker-2] Paso 1/4: Pgina Principal...
[Worker-5] Scroll INICIAL para activar contenido...
[Worker-1] Navegacin rpida (sin acciones)
[Worker-1] Paso 4/4: URL Final...
[Worker-6] Scroll INICIAL para activar contenido...
[Worker-3] Navegacin rpida (sin acciones)
[Worker-3] Paso 3/4: Filtro por Marca 'FORD'...
[Worker-4] Navegacin rpida (sin acciones)
[Worker-4] Paso 4/4: URL Final...
[Worker-2] Navegacin rpida (sin acciones)
[Worker-2] Paso 2/4: Categora 'Usados'...
[Worker-1] Scroll INICIAL para activar contenido...
[Worker-4] Scroll INICIAL para activar contenido...
[Worker-3] Navegacin rpida (sin acciones)
[Worker-3] Paso 4/4: URL Final...
[Worker-2] Navegacin rpida (sin acciones)
[Worker-2] Paso 3/4: Filtro por Marca 'MAZDA'...
[Worker-3] Scroll INICIAL para activar contenido...
[Worker-2] Navegacin rpida (sin acciones)
[Worker-2] Paso 4/4: URL Final...
[Worker-2] Scroll INICIAL para activar contenido...
[Worker-5] No apareci popup de cookies
[Worker-6] No apareci popup de cookies
[Worker-5] Intento 1: Page.click: Timeout 1000ms exceeded.
[Worker-5] Call log:
[Worker-5] - waiting for locator("button[class*='close']").locator("svg").locator("xpath=./ancestor::button")
[Worker-5] 
[Worker-1] No apareci popup de cookies
[Worker-6] Intento 1: Page.click: Timeout 1000ms exceeded.
[Worker-6] Call log:
[Worker-6] - waiting for locator("button[class*='close']").locator("svg").locator("xpath=./ancestor::button")
[Worker-6] 
[Worker-4] No apareci popup de cookies
[Worker-1] Intento 1: Page.click: Timeout 1000ms exceeded.
[Worker-1] Call log:
[Worker-1] - waiting for locator("button[class*='close']").locator("svg").locator("xpath=./ancestor::button")
[Worker-1] 
[Worker-5] Intento 2: Page.click: Timeout 1000ms exceeded.
[Worker-5] Call log:
[Worker-5] - waiting for locator("button[class*='close']").locator("svg").locator("xpath=./ancestor::button")
[Worker-5] 
[Worker-4] Intento 1: Page.click: Timeout 1000ms exceeded.
[Worker-4] Call log:
[Worker-4] - waiting for locator("button[class*='close']").locator("svg").locator("xpath=./ancestor::button")
[Worker-4] 
[Worker-6] Intento 2: Page.click: Timeout 1000ms exceeded.
[Worker-6] Call log:
[Worker-6] - waiting for locator("button[class*='close']").locator("svg").locator("xpath=./ancestor::button")
[Worker-6] 
[Worker-3] No apareci popup de cookies
[Worker-1] Intento 2: Page.click: Timeout 1000ms exceeded.
[Worker-1] Call log:
[Worker-1] - waiting for locator("button[class*='close']").locator("svg").locator("xpath=./ancestor::button")
[Worker-1] 
[Worker-4] Intento 2: Page.click: Timeout 1000ms exceeded.
[Worker-4] Call log:
[Worker-4] - waiting for locator("button[class*='close']").locator("svg").locator("xpath=./ancestor::button")
[Worker-4] 
[Worker-3] Intento 1: Page.click: Timeout 1000ms exceeded.
[Worker-3] Call log:
[Worker-3] - waiting for locator("button[class*='close']").locator("svg").locator("xpath=./ancestor::button")
[Worker-3] 
[Worker-2] No apareci popup de cookies
[Worker-2] Intento 1: Page.click: Timeout 1000ms exceeded.
[Worker-2] Call log:
[Worker-2] - waiting for locator("button[class*='close']").locator("svg").locator("xpath=./ancestor::button")
[Worker-2] 
[Worker-3] Intento 2: Page.click: Timeout 1000ms exceeded.
[Worker-3] Call log:
[Worker-3] - waiting for locator("button[class*='close']").locator("svg").locator("xpath=./ancestor::button")
[Worker-3] 
[Worker-2] Intento 2: Page.click: Timeout 1000ms exceeded.
[Worker-2] Call log:
[Worker-2] - waiting for locator("button[class*='close']").locator("svg").locator("xpath=./ancestor::button")
[Worker-2] 
[Worker-5] Intento 1: Popup no encontrado
[Worker-6] Intento 1: Popup no encontrado
[Worker-1] Intento 1: Popup no encontrado
[Worker-4] Intento 1: Popup no encontrado
[Worker-3] Intento 1: Popup no encontrado
[Worker-5] Intento 2: Popup no encontrado
[Worker-2] Intento 1: Popup no encontrado
[Worker-6] Intento 2: Popup no encontrado
[Worker-1] Intento 2: Popup no encontrado
[Worker-4] Intento 2: Popup no encontrado
[Worker-3] Intento 2: Popup no encontrado
[Worker-5] Intento 3: Popup no encontrado
[Worker-2] Intento 2: Popup no encontrado
[Worker-6] Intento 3: Popup no encontrado
[Worker-5] No se pudo cerrar el popup de satisfaccin
[Worker-5] Popups manejados POST-scroll
[Worker-5] Scroll adicional de confirmacin...
[Worker-1] Intento 3: Popup no encontrado
[Worker-6] No se pudo cerrar el popup de satisfaccin
[Worker-6] Popups manejados POST-scroll
[Worker-6] Scroll adicional de confirmacin...
[Worker-4] Intento 3: Popup no encontrado
[Worker-1] No se pudo cerrar el popup de satisfaccin
[Worker-1] Popups manejados POST-scroll
[Worker-1] Scroll adicional de confirmacin...
[Worker-4] No se pudo cerrar el popup de satisfaccin
[Worker-4] Popups manejados POST-scroll
[Worker-4] Scroll adicional de confirmacin...
[Worker-5] Ttulo: Hyundai Tucson 2008
[Worker-5] Precio: S/ nan
[Worker-5] Kilometraje: inf km
[Worker-5] Ubicacin: Arranca tu ao sobre ruedas!
[Worker-5] Sbete a tu prximo seminuevo, el auto que mereces.
[Worker-5] Arranca tu ao sobre ruedas!
[Worker-5] Sbete a tu prximo seminuevo, el auto que mereces.
[Worker-5] Arranca tu ao sobre ruedas!
[Worker-5] Sbete a tu prximo seminuevo, el auto que mereces.
[Worker-5] Arranca tu ao sobre ruedas!
[Worker-5] Sbete a tu prximo seminuevo, el auto que mereces.
[Worker-5] Iniciar sesin
[Worker-5] Quiero vender
[Worker-5] Comprar
[Worker-5] Quiero vender
[Worker-5] Financiamiento
[Worker-5] Alquilar
[Worker-5] Nuevo
[Worker-5] Seguros
[Worker-5] Eventos
[Worker-5] Publicidad
[Worker-5] Ver fotos
[Worker-5] Autos usados
[Worker-5] Hyundai
[Worker-5] Tucson
[Worker-5] Hyundai Tucson 2008
[Worker-5] Santiago de Surco, Lima, Lima
[Worker-5] Publicado ayer
[Worker-5] 27 vistas
[Worker-5] Reportar aviso
[Worker-5] Compartir
[Worker-5] Marcar como favorito
[Worker-5] Hyundai Tucson 2008
[Worker-5] Reportar aviso
[Worker-5] Compartir
[Worker-5] Marcar como favorito
[Worker-5] Ao modelo
[Worker-5] 2008
[Worker-5] Kilometraje
[Worker-5] 232,000 km
[Worker-5] Transmisin
[Worker-5] Automtica - Secuencial
[Worker-5] Descripcin
[Worker-5] CAMINETA SE VENDE POR RENOVACION, USO PARTICULAR CON PEQIEOS DETALLES, TIPICO AUTO SE 2DA
[Worker-5] Te recomendamos:
[Worker-5] 
[Worker-5] Te toca renovar tu SOAT?
[Worker-5] 
[Worker-5] Verifica el estado de tu SOAT aqu y evita multas.
[Worker-5] 
[Worker-5] Consultar SOAT
[Worker-5] 
[Worker-5] Alquila autos con Kinto Share
[Worker-5] 
[Worker-5] Que nada frene tus aventuras. Seguro,flexible y con garantia.
[Worker-5] 
[Worker-5] Ver ms
[Worker-5] 
[Worker-5] Blog & Noticias
[Worker-5] 
[Worker-5] Entrate de las ltimas novedades del sector automotriz.
[Worker-5] 
[Worker-5] Ver ms
[Worker-5] Especificaciones tcnicas
[Worker-5] Caractersticas
[Worker-5] Marca
[Worker-5] Hyundai
[Worker-5] Modelo
[Worker-5] TUCSON
[Worker-5] Versin
[Worker-5] GL 2WD AT
[Worker-5] Versin
[Worker-5] GL 2WD AT
[Worker-5] Ao de fabricacin
[Worker-5] 2008
[Worker-5] Categora
[Worker-5] Camioneta
[Worker-5] Combustible
[Worker-5] Dual
[Worker-5] Nmero de puertas
[Worker-5] 5
[Worker-5] Traccin
[Worker-5] 4x2
[Worker-5] Color
[Worker-5] Dorado
[Worker-5] Nmero cilindros
[Worker-5] 4
[Worker-5] Cilindrada
[Worker-5] 2,000 cc
[Worker-5] Equipamiento
[Worker-5] Aire Acondicionado
[Worker-5] Full Equipo
[Worker-5] Exterior
[Worker-5] Aros de Aleacin
[Worker-5] Luces Halgenas
[Worker-5] Seguridad
[Worker-5] Airbag
[Worker-5] Alarma
[Worker-5] Precios y costos
[Worker-5] 
[Worker-5] An no tenemos suficiente informacin para determinar un rango de precio para este vehculo.
[Worker-5] 
[Worker-5] Excelente
[Worker-5] Competitivo
[Worker-5] Premium
[Worker-5] 
[Worker-5] (*) Precio referencial
[Worker-5] 
[Worker-5] Cmo se calcula este rango?
[Worker-5] 
[Worker-5] Te toca renovar tu SOAT?
[Worker-5] 
[Worker-5] Verifica el estado de tu SOAT aqu y evita multas.
[Worker-5] 
[Worker-5] Consultar SOAT
[Worker-5] Precio
[Worker-5] US$8,300
[Worker-5] Contctate con el anunciante
[Worker-5] Carlos Vilca
[Worker-5] 936 667...
[Worker-5] Ms informacin
[Worker-5] Beneficios adicionales para ti:
[Worker-5] Solicita tu Prstamo Personal hasta de S/45,000
[Worker-5] Me interesa
[Worker-5] Seminuevos
[Worker-5] Autos
[Worker-5] Motos
[Worker-5] Camiones
[Worker-5] Usados
[Worker-5] Autos
[Worker-5] Motos
[Worker-5] Camiones
[Worker-5] Nuevos
[Worker-5] Autos
[Worker-5] Camiones
[Worker-5] Ayuda
[Worker-5] Trminos y condiciones
[Worker-5] Polticas de publicacin
[Worker-5] Cmo protegemos tus datos?
[Worker-5] Legales
[Worker-5] Sobre NeoAuto
[Worker-5] Noticias
[Worker-5] Tips y guas
[Worker-5] Ayuda en lnea
[Worker-5] 2024 NeoAuto Inc. Todos los derechos reservados
[Worker-5] Sguenos
[Worker-5] Descripcin: {"@context":"https://schema.org","@graph":[{"@type":"Organization","@id":"https://neoauto.com/#organ...
[Worker-5] nico dueo: No
[Worker-5] Datos guardados en: /home/richgutz/Scraper-Neoauto-ANTIGRAVITY/extractores/results_txt/diario_result_20260126_214720_168920.txt
[Worker-3] Intento 3: Popup no encontrado
[Worker-6] Ttulo: Honda Pilot 2020
[Worker-6] Precio: S/ nan
[Worker-6] Kilometraje: inf km
[Worker-6] Ubicacin: Arranca tu ao sobre ruedas!
[Worker-6] Sbete a tu prximo seminuevo, el auto que mereces.
[Worker-6] Arranca tu ao sobre ruedas!
[Worker-6] Sbete a tu prximo seminuevo, el auto que mereces.
[Worker-6] Arranca tu ao sobre ruedas!
[Worker-6] Sbete a tu prximo seminuevo, el auto que mereces.
[Worker-6] Arranca tu ao sobre ruedas!
[Worker-6] Sbete a tu prximo seminuevo, el auto que mereces.
[Worker-6] Iniciar sesin
[Worker-6] Quiero vender
[Worker-6] Comprar
[Worker-6] Quiero vender
[Worker-6] Financiamiento
[Worker-6] Alquilar
[Worker-6] Nuevo
[Worker-6] Seguros
[Worker-6] Eventos
[Worker-6] Publicidad
[Worker-6] Ver fotos
[Worker-6] Autos usados
[Worker-6] Honda
[Worker-6] Pilot
[Worker-6] Honda Pilot 2020
[Worker-6] Santiago de Surco, Lima, Lima
[Worker-6] Publicado hoy
[Worker-6] 862 vistas
[Worker-6] Reportar aviso
[Worker-6] Compartir
[Worker-6] Marcar como favorito
[Worker-6] Honda Pilot 2020
[Worker-6] Reportar aviso
[Worker-6] Compartir
[Worker-6] Marcar como favorito
[Worker-6] Ao modelo
[Worker-6] 2020
[Worker-6] Kilometraje
[Worker-6] 79,200 km
[Worker-6] Transmisin
[Worker-6] Automtica - Secuencial
[Worker-6] Descripcin
[Worker-6] HONDA PILOT LT 4x2 fabricacin 2020. Servicios al da. 79,000 kms. Tapiz de cuero. Sensores y cmara de retroceso. Cmara lateral. 3 filas de asientos. Climatizador bizona. Encendido con botn. CarPlay. Sensor de luces. Espejos abatibles. Acceso conf...
[Worker-6] Seguir leyendo
[Worker-6] Te recomendamos:
[Worker-6] 
[Worker-6] Te toca renovar tu SOAT?
[Worker-6] 
[Worker-6] Verifica el estado de tu SOAT aqu y evita multas.
[Worker-6] 
[Worker-6] Consultar SOAT
[Worker-6] 
[Worker-6] Alquila autos con Kinto Share
[Worker-6] 
[Worker-6] Que nada frene tus aventuras. Seguro,flexible y con garantia.
[Worker-6] 
[Worker-6] Ver ms
[Worker-6] 
[Worker-6] Blog & Noticias
[Worker-6] 
[Worker-6] Entrate de las ltimas novedades del sector automotriz.
[Worker-6] 
[Worker-6] Ver ms
[Worker-6] Especificaciones tcnicas
[Worker-6] Caractersticas
[Worker-6] Marca
[Worker-6] Honda
[Worker-6] Modelo
[Worker-6] PILOT
[Worker-6] Versin
[Worker-6] LT
[Worker-6] Ao de fabricacin
[Worker-6] 2020
[Worker-6] Categora
[Worker-6] Camioneta
[Worker-6] Combustible
[Worker-6] Gasolina
[Worker-6] Nmero de puertas
[Worker-6] 5
[Worker-6] Traccin
[Worker-6] 4x2
[Worker-6] Color
[Worker-6] Azul
[Worker-6] Nmero cilindros
[Worker-6] 5
[Worker-6] Cilindrada
[Worker-6] 3,500 cc
[Worker-6] Equipamiento
[Worker-6] Neblineros
[Worker-6] Aire Acondicionado
[Worker-6] Full Equipo
[Worker-6] Computadora de abordo
[Worker-6] Radio MP3
[Worker-6] Retrovisores Elctricos
[Worker-6] Exterior
[Worker-6] Aros
[Worker-6] Seguridad
[Worker-6] Lminas de Seguridad
[Worker-6] Alarma
[Worker-6] Frenos ABS
[Worker-6] Repartidor electrnico de frenado
[Worker-6] Inmovilizador de motor
[Worker-6] Faros antiniebla traseros
[Worker-6] Faros antiniebla delantero
[Worker-6] Airbag
[Worker-6] Extras
[Worker-6] Asientos de cuero
[Worker-6] Climatizador
[Worker-6] Precios y costos
[Worker-6] 
[Worker-6] An no tenemos suficiente informacin para determinar un rango de precio para este vehculo.
[Worker-6] 
[Worker-6] Excelente
[Worker-6] Competitivo
[Worker-6] Premium
[Worker-6] 
[Worker-6] (*) Precio referencial
[Worker-6] 
[Worker-6] Cmo se calcula este rango?
[Worker-6] 
[Worker-6] Te toca renovar tu SOAT?
[Worker-6] 
[Worker-6] Verifica el estado de tu SOAT aqu y evita multas.
[Worker-6] 
[Worker-6] Consultar SOAT
[Worker-6] Sobre el anunciante
[Worker-6] 
[Worker-6] Lima, Lima
[Worker-6] 
[Worker-6] Precio
[Worker-6] US$23,900
[Worker-6] Contctate con el anunciante
[Worker-6] Miguel Westphalen
[Worker-6] 947 812...
[Worker-6] Ms informacin
[Worker-6] Beneficios adicionales para ti:
[Worker-6] La mejor opcin
[Worker-6] Financia tu auto con Santander Consumer
[Worker-6] 
[Worker-6] Paga desde:
[Worker-6] US$722/mes*
[Worker-6] Simular crdito
[Worker-6] 
[Worker-6] (*) Cuota mensual referencial. Calculada a 48 meses, 20% de inicial y TEA de 20.99%. No incluye seguro vehicular.
[Worker-6] 
[Worker-6] Solicita tu Prstamo Personal hasta de S/45,000
[Worker-6] Me interesa
[Worker-6] Seminuevos
[Worker-6] Autos
[Worker-6] Motos
[Worker-6] Camiones
[Worker-6] Usados
[Worker-6] Autos
[Worker-6] Motos
[Worker-6] Camiones
[Worker-6] Nuevos
[Worker-6] Autos
[Worker-6] Camiones
[Worker-6] Ayuda
[Worker-6] Trminos y condiciones
[Worker-6] Polticas de publicacin
[Worker-6] Cmo protegemos tus datos?
[Worker-6] Legales
[Worker-6] Sobre NeoAuto
[Worker-6] Noticias
[Worker-6] Tips y guas
[Worker-6] Ayuda en lnea
[Worker-6] 2024 NeoAuto Inc. Todos los derechos reservados
[Worker-6] Sguenos
[Worker-6] Descripcin: {"@context":"https://schema.org","@graph":[{"@type":"Organization","@id":"https://neoauto.com/#organ...
[Worker-6] nico dueo: No
[Worker-6] Datos guardados en: /home/richgutz/Scraper-Neoauto-ANTIGRAVITY/extractores/results_txt/diario_result_20260126_214720_f03ced.txt
[Worker-3] No se pudo cerrar el popup de satisfaccin
[Worker-3] Popups manejados POST-scroll
[Worker-3] Scroll adicional de confirmacin...
[Worker-1] Ttulo: Toyota 4runner 2016
[Worker-1] Precio: S/ nan
[Worker-1] Kilometraje: inf km
[Worker-1] Ubicacin: Arranca tu ao sobre ruedas!
[Worker-1] Sbete a tu prximo seminuevo, el auto que mereces.
[Worker-1] Arranca tu ao sobre ruedas!
[Worker-1] Sbete a tu prximo seminuevo, el auto que mereces.
[Worker-1] Arranca tu ao sobre ruedas!
[Worker-1] Sbete a tu prximo seminuevo, el auto que mereces.
[Worker-1] Arranca tu ao sobre ruedas!
[Worker-1] Sbete a tu prximo seminuevo, el auto que mereces.
[Worker-1] Iniciar sesin
[Worker-1] Quiero vender
[Worker-1] Comprar
[Worker-1] Quiero vender
[Worker-1] Financiamiento
[Worker-1] Alquilar
[Worker-1] Nuevo
[Worker-1] Seguros
[Worker-1] Eventos
[Worker-1] Publicidad
[Worker-1] Ver fotos
[Worker-1] Unico Dueo
[Worker-1] Autos usados
[Worker-1] Toyota
[Worker-1] 4runner
[Worker-1] Toyota 4runner 2016
[Worker-1] La Molina, Lima, Lima
[Worker-1] Publicado hoy
[Worker-1] 42 vistas
[Worker-1] Reportar aviso
[Worker-1] Compartir
[Worker-1] Marcar como favorito
[Worker-1] Toyota 4runner 2016
[Worker-1] Reportar aviso
[Worker-1] Compartir
[Worker-1] Marcar como favorito
[Worker-1] Ao modelo
[Worker-1] 2016
[Worker-1] Kilometraje
[Worker-1] 35,297 km
[Worker-1] Transmisin
[Worker-1] Automtica - Secuencial
[Worker-1] Descripcin
[Worker-1] CAMIONETA EN EXCELENTE ESTADO DE USO Y CONSERVACIN, SOLO CUENTA CON 35,297 KM. DE RECORRIDO, USO EJECUTIVO Y UNICO DUEO, TRACCIN IDEAL PARA TODO TIPO DE TERRENO, FULL EQUIPO ORIGINAL, LUNAS Y PESTILLOS ELCTRICOS, ASIENTOS DE CUERO CON VENTILACIN...
[Worker-1] Seguir leyendo
[Worker-1] Te recomendamos:
[Worker-1] 
[Worker-1] Te toca renovar tu SOAT?
[Worker-1] 
[Worker-1] Verifica el estado de tu SOAT aqu y evita multas.
[Worker-1] 
[Worker-1] Consultar SOAT
[Worker-1] 
[Worker-1] Alquila autos con Kinto Share
[Worker-1] 
[Worker-1] Que nada frene tus aventuras. Seguro,flexible y con garantia.
[Worker-1] 
[Worker-1] Ver ms
[Worker-1] 
[Worker-1] Blog & Noticias
[Worker-1] 
[Worker-1] Entrate de las ltimas novedades del sector automotriz.
[Worker-1] 
[Worker-1] Ver ms
[Worker-1] Especificaciones tcnicas
[Worker-1] Caractersticas
[Worker-1] Marca
[Worker-1] Toyota
[Worker-1] Modelo
[Worker-1] 4RUNNER
[Worker-1] Versin
[Worker-1] V6 4.0 A/T LTD
[Worker-1] Versin
[Worker-1] V6 4.0 A/T LTD
[Worker-1] Ao de fabricacin
[Worker-1] 2016
[Worker-1] Categora
[Worker-1] Camioneta
[Worker-1] Combustible
[Worker-1] Gasolina
[Worker-1] Nmero de puertas
[Worker-1] 5
[Worker-1] Traccin
[Worker-1] 4x4
[Worker-1] Color
[Worker-1] Rojo
[Worker-1] Nmero cilindros
[Worker-1] 6
[Worker-1] Cilindrada
[Worker-1] 3,956 cc
[Worker-1] Equipamiento
[Worker-1] Neblineros
[Worker-1] Aire Acondicionado
[Worker-1] Full Equipo
[Worker-1] Computadora de abordo
[Worker-1] Parlantes/Bajos
[Worker-1] Radio CD
[Worker-1] Radio MP3
[Worker-1] Retrovisores Elctricos
[Worker-1] Exterior
[Worker-1] Parrilla
[Worker-1] Luces Halgenas
[Worker-1] Aros de Aleacin
[Worker-1] Aros
[Worker-1] Seguridad
[Worker-1] Airbag
[Worker-1] Lminas de Seguridad
[Worker-1] Faros antiniebla delantero
[Worker-1] Repartidor electrnico de frenado
[Worker-1] Frenos ABS
[Worker-1] Alarma
[Worker-1] Extras
[Worker-1] Sunroof
[Worker-1] Asientos de cuero
[Worker-1] Climatizador
[Worker-1] Precios y costos
[Worker-1] 
[Worker-1] An no tenemos suficiente informacin para determinar un rango de precio para este vehculo.
[Worker-1] 
[Worker-1] Excelente
[Worker-1] Competitivo
[Worker-1] Premium
[Worker-1] 
[Worker-1] (*) Precio referencial
[Worker-1] 
[Worker-1] Cmo se calcula este rango?
[Worker-1] 
[Worker-1] Te toca renovar tu SOAT?
[Worker-1] 
[Worker-1] Verifica el estado de tu SOAT aqu y evita multas.
[Worker-1] 
[Worker-1] Consultar SOAT
[Worker-1] Precio
[Worker-1] US$40,900
[Worker-1] Dscto. por adquirir el Crdito Vehicular
[Worker-1] -US$1,000*
[Worker-1] *Aplica si financias tu auto con Santander Consumer
[Worker-1] Contctate con el anunciante
[Worker-1] Aldo Juan Avila Novoa
[Worker-1] 989 107...
[Worker-1] Ms informacin
[Worker-1] Beneficios adicionales para ti:
[Worker-1] La mejor opcin
[Worker-1] Financia tu auto con Santander Consumer
[Worker-1] 
[Worker-1] Paga desde:
[Worker-1] US$39,900 o
[Worker-1] US$3,342/mes*
[Worker-1] Simular crdito
[Worker-1] 
[Worker-1] (*) Cuota mensual referencial. Calculada a 12 meses, 20% de inicial y TEA de 20.99%. No incluye seguro vehicular.
[Worker-1] 
[Worker-1] Solicita tu Prstamo Personal hasta de S/45,000
[Worker-1] Me interesa
[Worker-1] Vehculos similares
[Worker-1] Ver todos los vehculos
[Worker-1] Blindada
[Worker-1] Toyota 4runner 2010
[Worker-1] 180,000km
[Worker-1] V6 4.0 A/T SR5
[Worker-1] Automtica
[Worker-1] Gasolina
[Worker-1] Precio
[Worker-1] US$35,000
[Worker-1] Ver detalle
[Worker-1] Vehculo de: Antonella Zecchinato Sindelar
[Worker-1] Toyota Land Cruiser Prado 2018
[Worker-1] 83,000km
[Worker-1] 4.0 TX-L MT
[Worker-1] Mecnica
[Worker-1] Gasolina
[Worker-1] Precio
[Worker-1] US$38,000
[Worker-1] Con Crdito Vehicular
[Worker-1] US$37,000
[Worker-1] Ver detalle
[Worker-1] Vehculo de: Norman Corazao rozas
[Worker-1] Uso dama
[Worker-1] Toyota Land Cruiser Prado 2014
[Worker-1] 78,700km
[Worker-1] 2.7 TX-L AT
[Worker-1] Automtica
[Worker-1] Gasolina
[Worker-1] Precio
[Worker-1] US$26,000
[Worker-1] Con Crdito Vehicular
[Worker-1] US$25,000
[Worker-1] Ver detalle
[Worker-1] Vehculo de: SN SN
[Worker-1] Como nuevo
[Worker-1] Toyota Land Cruiser 2013
[Worker-1] 160,000km
[Worker-1] Mecnica
[Worker-1] Diesel
[Worker-1] Precio
[Worker-1] US$29,900
[Worker-1] Ver detalle
[Worker-1] Vehculo de: Matias Vargas PAstor
[Worker-1] Premium
[Worker-1] Toyota Land Cruiser Prado 2022
[Worker-1] 36,000km
[Worker-1] 4.0 TX-L AT
[Worker-1] Automtica - Se...
[Worker-1] Gasolina
[Worker-1] Precio
[Worker-1] US$58,000
[Worker-1] Con Crdito Vehicular
[Worker-1] US$57,000
[Worker-1] Ver detalle
[Worker-1] Vehculo de: Yanira lvarez varas
[Worker-1] Unico Dueo
[Worker-1] Toyota Corolla Cross 2023
[Worker-1] 61,000km
[Worker-1] D-LUX
[Worker-1] Automtica
[Worker-1] Gasolina-Hbrid...
[Worker-1] Precio
[Worker-1] US$22,500
[Worker-1] Con Crdito Vehicular
[Worker-1] US$606/mes
[Worker-1] Ver detalle
[Worker-1] Vehculo de: Milton Ikeda
[Worker-1] Volkswagen T-Cross 2021
[Worker-1] 41,000km
[Worker-1] Automtica - Se...
[Worker-1] Gasolina
[Worker-1] Precio
[Worker-1] US$21,900
[Worker-1] Con Crdito Vehicular
[Worker-1] US$20,900
[Worker-1] Ver detalle
[Worker-1] Vehculo de: Hellen Yesenia Pea Garca
[Worker-1] Unico Dueo
[Worker-1] Mazda Cx-9 2024
[Worker-1] 24,000km
[Worker-1] Automtica - Se...
[Worker-1] Gasolina
[Worker-1] Precio
[Worker-1] US$33,500
[Worker-1] Con Crdito Vehicular
[Worker-1] US$32,500
[Worker-1] Ver detalle
[Worker-1] Vehculo de: MANUEL VELASQUEZ
[Worker-1] Seminuevos
[Worker-1] Autos
[Worker-1] Motos
[Worker-1] Camiones
[Worker-1] Usados
[Worker-1] Autos
[Worker-1] Motos
[Worker-1] Camiones
[Worker-1] Nuevos
[Worker-1] Autos
[Worker-1] Camiones
[Worker-1] Ayuda
[Worker-1] Trminos y condiciones
[Worker-1] Polticas de publicacin
[Worker-1] Cmo protegemos tus datos?
[Worker-1] Legales
[Worker-1] Sobre NeoAuto
[Worker-1] Noticias
[Worker-1] Tips y guas
[Worker-1] Ayuda en lnea
[Worker-1] 2024 NeoAuto Inc. Todos los derechos reservados
[Worker-1] Sguenos
[Worker-1] Descripcin: {"@context":"https://schema.org","@graph":[{"@type":"Organization","@id":"https://neoauto.com/#organ...
[Worker-1] nico dueo: S
[Worker-1] Datos guardados en: /home/richgutz/Scraper-Neoauto-ANTIGRAVITY/extractores/results_txt/diario_result_20260126_214721_e6b453.txt
[Worker-2] Intento 3: Popup no encontrado
[Worker-4] Ttulo: Volvo S60 2018
[Worker-4] Precio: S/ nan
[Worker-4] Kilometraje: inf km
[Worker-4] Ubicacin: Arranca tu ao sobre ruedas!
[Worker-4] Sbete a tu prximo seminuevo, el auto que mereces.
[Worker-4] Arranca tu ao sobre ruedas!
[Worker-4] Sbete a tu prximo seminuevo, el auto que mereces.
[Worker-4] Arranca tu ao sobre ruedas!
[Worker-4] Sbete a tu prximo seminuevo, el auto que mereces.
[Worker-4] Arranca tu ao sobre ruedas!
[Worker-4] Sbete a tu prximo seminuevo, el auto que mereces.
[Worker-4] Iniciar sesin
[Worker-4] Quiero vender
[Worker-4] Comprar
[Worker-4] Quiero vender
[Worker-4] Financiamiento
[Worker-4] Alquilar
[Worker-4] Nuevo
[Worker-4] Seguros
[Worker-4] Eventos
[Worker-4] Publicidad
[Worker-4] Ver video
[Worker-4] Ver fotos
[Worker-4] De lujo
[Worker-4] Autos usados
[Worker-4] Volvo
[Worker-4] S60
[Worker-4] Volvo S60 2018
[Worker-4] San Isidro, Lima, Lima
[Worker-4] Publicado ayer
[Worker-4] 33 vistas
[Worker-4] Reportar aviso
[Worker-4] Compartir
[Worker-4] Marcar como favorito
[Worker-4] Volvo S60 2018
[Worker-4] Reportar aviso
[Worker-4] Compartir
[Worker-4] Marcar como favorito
[Worker-4] Ao modelo
[Worker-4] 2018
[Worker-4] Kilometraje
[Worker-4] 36,036 km
[Worker-4] Transmisin
[Worker-4] Automtica - Secuencial
[Worker-4] Descripcin
[Worker-4] ESPECTACULAR
[Worker-4] 
[Worker-4] VOLVO S60 T5 2.0T TURBO CROSS COUNTRY AWD, 2018
[Worker-4] 
[Worker-4] Caja Automtica Secuencial
[Worker-4] GEARTRONIC de 8 Velocidades
[Worker-4] 
[Worker-4] Solo 36,036 Kms de recorrido
[Worker-4] 
[Worker-4] TODOS SUS SERVICIOS AL DIA
[Worker-4] 
[Worker-4] 
[Worker-4] Interesados llamar al
[Worker-4] Cel [****]
[Worker-4] 
[Worker-4] #volvos60
[Worker-4] #vol...
[Worker-4] Seguir leyendo
[Worker-4] Te recomendamos:
[Worker-4] 
[Worker-4] Te toca renovar tu SOAT?
[Worker-4] 
[Worker-4] Verifica el estado de tu SOAT aqu y evita multas.
[Worker-4] 
[Worker-4] Consultar SOAT
[Worker-4] 
[Worker-4] Alquila autos con Kinto Share
[Worker-4] 
[Worker-4] Que nada frene tus aventuras. Seguro,flexible y con garantia.
[Worker-4] 
[Worker-4] Ver ms
[Worker-4] 
[Worker-4] Blog & Noticias
[Worker-4] 
[Worker-4] Entrate de las ltimas novedades del sector automotriz.
[Worker-4] 
[Worker-4] Ver ms
[Worker-4] Especificaciones tcnicas
[Worker-4] Caractersticas
[Worker-4] Marca
[Worker-4] Volvo
[Worker-4] Modelo
[Worker-4] S60
[Worker-4] Versin
[Worker-4] S60 T5 2.0T TURBO CROSS COUNTRY
[Worker-4] Ao de fabricacin
[Worker-4] 2018
[Worker-4] Categora
[Worker-4] Sedn
[Worker-4] Combustible
[Worker-4] Gasolina
[Worker-4] Nmero de puertas
[Worker-4] 4
[Worker-4] Traccin
[Worker-4] AWD
[Worker-4] Color
[Worker-4] Gris Oscuro
[Worker-4] Nmero cilindros
[Worker-4] 4
[Worker-4] Cilindrada
[Worker-4] 2,000 cc
[Worker-4] Equipamiento
[Worker-4] Neblineros
[Worker-4] Aire Acondicionado
[Worker-4] Full Equipo
[Worker-4] Parlantes/Bajos
[Worker-4] Radio MP3
[Worker-4] Retrovisores Elctricos
[Worker-4] Exterior
[Worker-4] Luces Halgenas
[Worker-4] Seguridad
[Worker-4] Lminas de Seguridad
[Worker-4] Alarma
[Worker-4] Frenos ABS
[Worker-4] Repartidor electrnico de frenado
[Worker-4] Inmovilizador de motor
[Worker-4] Faros antiniebla traseros
[Worker-4] Faros antiniebla delantero
[Worker-4] Airbag
[Worker-4] Extras
[Worker-4] Asientos de cuero
[Worker-4] Climatizador
[Worker-4] Precios y costos
[Worker-4] 
[Worker-4] An no tenemos suficiente informacin para determinar un rango de precio para este vehculo.
[Worker-4] 
[Worker-4] Excelente
[Worker-4] Competitivo
[Worker-4] Premium
[Worker-4] 
[Worker-4] (*) Precio referencial
[Worker-4] 
[Worker-4] Cmo se calcula este rango?
[Worker-4] 
[Worker-4] Te toca renovar tu SOAT?
[Worker-4] 
[Worker-4] Verifica el estado de tu SOAT aqu y evita multas.
[Worker-4] 
[Worker-4] Consultar SOAT
[Worker-4] Sobre el anunciante
[Worker-4] 
[Worker-4] Gonzalo Scuderia
[Worker-4] 
[Worker-4] San Isidro, Lima
[Worker-4] 
[Worker-4] Precio
[Worker-4] US$21,900
[Worker-4] Contctate con el anunciante
[Worker-4] Gonzalo Scuderia
[Worker-4] 998 109...
[Worker-4] Ms informacin
[Worker-4] Beneficios adicionales para ti:
[Worker-4] La mejor opcin
[Worker-4] Financia tu auto con Santander Consumer
[Worker-4] 
[Worker-4] Paga desde:
[Worker-4] US$1,037/mes*
[Worker-4] Simular crdito
[Worker-4] 
[Worker-4] (*) Cuota mensual referencial. Calculada a 24 meses, 20% de inicial y TEA de 20.99%. No incluye seguro vehicular.
[Worker-4] 
[Worker-4] Solicita tu Prstamo Personal hasta de S/45,000
[Worker-4] Me interesa
[Worker-4] Seminuevos
[Worker-4] Autos
[Worker-4] Motos
[Worker-4] Camiones
[Worker-4] Usados
[Worker-4] Autos
[Worker-4] Motos
[Worker-4] Camiones
[Worker-4] Nuevos
[Worker-4] Autos
[Worker-4] Camiones
[Worker-4] Ayuda
[Worker-4] Trminos y condiciones
[Worker-4] Polticas de publicacin
[Worker-4] Cmo protegemos tus datos?
[Worker-4] Legales
[Worker-4] Sobre NeoAuto
[Worker-4] Noticias
[Worker-4] Tips y guas
[Worker-4] Ayuda en lnea
[Worker-4] 2024 NeoAuto Inc. Todos los derechos reservados
[Worker-4] Sguenos
[Worker-4] Descripcin: {"@context":"https://schema.org","@graph":[{"@type":"Organization","@id":"https://neoauto.com/#organ...
[Worker-4] nico dueo: No
[Worker-4] Datos guardados en: /home/richgutz/Scraper-Neoauto-ANTIGRAVITY/extractores/results_txt/diario_result_20260126_214722_767536.txt
[Worker-2] No se pudo cerrar el popup de satisfaccin
[Worker-2] Popups manejados POST-scroll
[Worker-2] Scroll adicional de confirmacin...
[Worker-5] URL obtenida y bloqueada desde urls_autos_diarios: https://neoauto.com/auto/usado/kia-cerato-2019-1863455
[Worker-5] 
[Worker-5] Iniciando extraccin para: https://neoauto.com/auto/usado/kia-cerato-2019-1863455
[Worker-5] Iniciando navegacin...
[Worker-5] Marca extrada: 'kia'
[Worker-5] Camino elegido (4 pasos).
[Worker-5] Paso 1/4: Pgina Principal...
[Worker-5] Navegacin rpida (sin acciones)
[Worker-5] Paso 2/4: Categora 'Usados'...
[Worker-3] Ttulo: Ford Ranger 2023
[Worker-3] Precio: S/ nan
[Worker-3] Kilometraje: inf km
[Worker-3] Ubicacin: Arranca tu ao sobre ruedas!
[Worker-3] Sbete a tu prximo seminuevo, el auto que mereces.
[Worker-3] Arranca tu ao sobre ruedas!
[Worker-3] Sbete a tu prximo seminuevo, el auto que mereces.
[Worker-3] Arranca tu ao sobre ruedas!
[Worker-3] Sbete a tu prximo seminuevo, el auto que mereces.
[Worker-3] Arranca tu ao sobre ruedas!
[Worker-3] Sbete a tu prximo seminuevo, el auto que mereces.
[Worker-3] Iniciar sesin
[Worker-3] Quiero vender
[Worker-3] Comprar
[Worker-3] Quiero vender
[Worker-3] Financiamiento
[Worker-3] Alquilar
[Worker-3] Nuevo
[Worker-3] Seguros
[Worker-3] Eventos
[Worker-3] Publicidad
[Worker-3] Ver fotos
[Worker-3] Premium
[Worker-3] Autos usados
[Worker-3] Ford
[Worker-3] Ranger
[Worker-3] Ford Ranger 2023
[Worker-3] Santiago de Surco, Lima, Lima
[Worker-3] Publicado hoy
[Worker-3] 13 vistas
[Worker-3] Reportar aviso
[Worker-3] Compartir
[Worker-3] Marcar como favorito
[Worker-3] Ford Ranger 2023
[Worker-3] Reportar aviso
[Worker-3] Compartir
[Worker-3] Marcar como favorito
[Worker-3] Ao modelo
[Worker-3] 2023
[Worker-3] Kilometraje
[Worker-3] 58,524 km
[Worker-3] Transmisin
[Worker-3] Mecnica
[Worker-3] Descripcin
[Worker-3] Ford Ranger / MY 2023 / Motor 3.2 / Transmisin mecnica / Traccin 4x4 / Volante regulable con mandos multi funcin / Cierre centralizado / Lunas y espejos elctricos / Computador a bordo / Airbags piloto ycopiloto  / Aire acondicionado / Cinturones...
[Worker-3] Seguir leyendo
[Worker-3] Te recomendamos:
[Worker-3] 
[Worker-3] Te toca renovar tu SOAT?
[Worker-3] 
[Worker-3] Verifica el estado de tu SOAT aqu y evita multas.
[Worker-3] 
[Worker-3] Consultar SOAT
[Worker-3] 
[Worker-3] Alquila autos con Kinto Share
[Worker-3] 
[Worker-3] Que nada frene tus aventuras. Seguro,flexible y con garantia.
[Worker-3] 
[Worker-3] Ver ms
[Worker-3] 
[Worker-3] Blog & Noticias
[Worker-3] 
[Worker-3] Entrate de las ltimas novedades del sector automotriz.
[Worker-3] 
[Worker-3] Ver ms
[Worker-3] Especificaciones tcnicas
[Worker-3] Caractersticas
[Worker-3] Marca
[Worker-3] Ford
[Worker-3] Modelo
[Worker-3] RANGER
[Worker-3] Ao de fabricacin
[Worker-3] 2023
[Worker-3] Categora
[Worker-3] Pick Up
[Worker-3] Combustible
[Worker-3] Diesel
[Worker-3] Nmero de puertas
[Worker-3] 5
[Worker-3] Color
[Worker-3] Gris Oscuro
[Worker-3] Precios y costos
[Worker-3] 
[Worker-3] Este aviso
[Worker-3] 
[Worker-3] US$27,900
[Worker-3] 
[Worker-3] Precio de mercado
[Worker-3] 
[Worker-3] US$29,000*
[Worker-3] 
[Worker-3] Excelente
[Worker-3] Competitivo
[Worker-3] Premium
[Worker-3] 
[Worker-3] (*) Precio referencial
[Worker-3] 
[Worker-3] Cmo se calcula este rango?
[Worker-3] 
[Worker-3] Te toca renovar tu SOAT?
[Worker-3] 
[Worker-3] Verifica el estado de tu SOAT aqu y evita multas.
[Worker-3] 
[Worker-3] Consultar SOAT
[Worker-3] Sobre el anunciante
[Worker-3] 
[Worker-3] ONE MARSANO
[Worker-3] 
[Worker-3] Santiago de Surco, Lima
[Worker-3] 
[Worker-3] Ver ms vehculos del concesionario
[Worker-3] Precio
[Worker-3] US$27,900
[Worker-3] Contctate con el anunciante
[Worker-3] Manuel Camacho Zarazu
[Worker-3] 987 800...
[Worker-3] Ms informacin
[Worker-3] Beneficios adicionales para ti:
[Worker-3] La mejor opcin
[Worker-3] Financia tu auto con Santander Consumer
[Worker-3] 
[Worker-3] Paga desde:
[Worker-3] US$749/mes*
[Worker-3] Simular crdito
[Worker-3] 
[Worker-3] (*) Cuota mensual referencial. Calculada a 60 meses, 20% de inicial y TEA de 20.99%. No incluye seguro vehicular.
[Worker-3] 
[Worker-3] Solicita tu Prstamo Personal hasta de S/45,000
[Worker-3] Me interesa
[Worker-3] Seminuevos
[Worker-3] Autos
[Worker-3] Motos
[Worker-3] Camiones
[Worker-3] Usados
[Worker-3] Autos
[Worker-3] Motos
[Worker-3] Camiones
[Worker-3] Nuevos
[Worker-3] Autos
[Worker-3] Camiones
[Worker-3] Ayuda
[Worker-3] Trminos y condiciones
[Worker-3] Polticas de publicacin
[Worker-3] Cmo protegemos tus datos?
[Worker-3] Legales
[Worker-3] Sobre NeoAuto
[Worker-3] Noticias
[Worker-3] Tips y guas
[Worker-3] Ayuda en lnea
[Worker-3] 2024 NeoAuto Inc. Todos los derechos reservados
[Worker-3] Sguenos
[Worker-3] Descripcin: {"@context":"https://schema.org","@graph":[{"@type":"Organization","@id":"https://neoauto.com/#organ...
[Worker-3] nico dueo: No
[Worker-3] Datos guardados en: /home/richgutz/Scraper-Neoauto-ANTIGRAVITY/extractores/results_txt/diario_result_20260126_214724_193428.txt
[Worker-5] Navegacin rpida (sin acciones)
[Worker-5] Paso 3/4: Filtro por Marca 'KIA'...
[Worker-6] URL obtenida y bloqueada desde urls_autos_diarios: https://neoauto.com/auto/usado/suzuki-swift-2010-1863532
[Worker-6] 
[Worker-6] Iniciando extraccin para: https://neoauto.com/auto/usado/suzuki-swift-2010-1863532
[Worker-6] Iniciando navegacin...
[Worker-6] Marca extrada: 'suzuki'
[Worker-6] Camino elegido (4 pasos).
[Worker-6] Paso 1/4: Pgina Principal...
[Worker-2] Ttulo: Mazda Cx-5 2023
[Worker-2] Precio: S/ nan
[Worker-2] Kilometraje: inf km
[Worker-2] Ubicacin: Arranca tu ao sobre ruedas!
[Worker-2] Sbete a tu prximo seminuevo, el auto que mereces.
[Worker-2] Arranca tu ao sobre ruedas!
[Worker-2] Sbete a tu prximo seminuevo, el auto que mereces.
[Worker-2] Arranca tu ao sobre ruedas!
[Worker-2] Sbete a tu prximo seminuevo, el auto que mereces.
[Worker-2] Arranca tu ao sobre ruedas!
[Worker-2] Sbete a tu prximo seminuevo, el auto que mereces.
[Worker-2] Iniciar sesin
[Worker-2] Quiero vender
[Worker-2] Comprar
[Worker-2] Quiero vender
[Worker-2] Financiamiento
[Worker-2] Alquilar
[Worker-2] Nuevo
[Worker-2] Seguros
[Worker-2] Eventos
[Worker-2] Publicidad
[Worker-2] Ver fotos
[Worker-2] Autos usados
[Worker-2] Mazda
[Worker-2] Cx-5
[Worker-2] Mazda Cx-5 2023
[Worker-2] La Molina, Lima, Lima
[Worker-2] Publicado hoy
[Worker-2] 28 vistas
[Worker-2] Reportar aviso
[Worker-2] Compartir
[Worker-2] Marcar como favorito
[Worker-2] Mazda Cx-5 2023[Worker-4] URL obtenida y bloqueada desde urls_autos_diarios: https://neoauto.com/auto/usado/hyundai-tucson-2015-1863553
[Worker-4] 
[Worker-4] Iniciando extraccin para: https://neoauto.com/auto/usado/hyundai-tucson-2015-1863553
[Worker-4] Iniciando navegacin...
[Worker-4] Marca extrada: 'hyundai'
[Worker-4] Camino elegido (4 pasos).
[Worker-4] Paso 1/4: Pgina Principal...

[Worker-2] Reportar aviso
[Worker-2] Compartir
[Worker-2] Marcar como favorito
[Worker-2] Ao modelo
[Worker-2] 2023
[Worker-2] Kilometraje
[Worker-2] 37,500 km
[Worker-2] Transmisin
[Worker-2] Automtica - Secuencial
[Worker-2] Descripcin
[Worker-2] Ao de fabricacin: 2022
[Worker-2] Ao de modelo: 2023
[Worker-2] Kilometraje: 37,750 KMS.
[Worker-2] Transmisin: AUTOMTICA-SECUENCIAL
[Worker-2] Versin: AT 2.0 AWD HIGH
[Worker-2] Combustible: GASOLINA
[Worker-2] Motor: 2.0
[Worker-2] Color: GRIS POLYMETAL
[Worker-2] Precio: 94900 SOLES FACTURABLE
[Worker-2] 
[Worker-2] Equipamiento:
[Worker-2] Sistem...
[Worker-2] Seguir leyendo
[Worker-2] Te recomendamos:
[Worker-2] 
[Worker-2] Te toca renovar tu SOAT?
[Worker-2] 
[Worker-2] Verifica el estado de tu SOAT aqu y evita multas.
[Worker-2] 
[Worker-2] Consultar SOAT
[Worker-2] 
[Worker-2] Alquila autos con Kinto Share
[Worker-2] 
[Worker-2] Que nada frene tus aventuras. Seguro,flexible y con garantia.
[Worker-2] 
[Worker-2] Ver ms
[Worker-2] 
[Worker-2] Blog & Noticias
[Worker-2] 
[Worker-2] Entrate de las ltimas novedades del sector automotriz.
[Worker-2] 
[Worker-2] Ver ms
[Worker-2] Especificaciones tcnicas
[Worker-2] Caractersticas
[Worker-2] Marca
[Worker-2] Mazda
[Worker-2] Modelo
[Worker-2] CX-5
[Worker-2] Versin
[Worker-2] CX-5 AT HIGH AWD
[Worker-2] Ao de fabricacin
[Worker-2] 2022
[Worker-2] Categora
[Worker-2] Camioneta
[Worker-2] Combustible
[Worker-2] Gasolina
[Worker-2] Nmero de puertas
[Worker-2] 4
[Worker-2] Traccin
[Worker-2] AWD
[Worker-2] Nmero cilindros
[Worker-2] 4
[Worker-2] Cilindrada
[Worker-2] 2,000 cc
[Worker-2] Equipamiento
[Worker-2] Neblineros
[Worker-2] Aire Acondicionado
[Worker-2] Full Equipo
[Worker-2] Computadora de abordo
[Worker-2] Parlantes/Bajos
[Worker-2] Radio CD
[Worker-2] Radio MP3
[Worker-2] Retrovisores Elctricos
[Worker-2] Exterior
[Worker-2] Luces Halgenas
[Worker-2] Aros de Aleacin
[Worker-2] Aros
[Worker-2] Seguridad
[Worker-2] Localizador (GPS)
[Worker-2] Airbag
[Worker-2] Lminas de Seguridad
[Worker-2] Repartidor electrnico de frenado
[Worker-2] Frenos ABS
[Worker-2] Alarma
[Worker-2] Extras
[Worker-2] Sunroof
[Worker-2] Asientos de cuero
[Worker-2] Climatizador
[Worker-2] Precios y costos
[Worker-2] 
[Worker-2] Este aviso
[Worker-2] 
[Worker-2] US$28,400
[Worker-2] 
[Worker-2] Precio de mercado
[Worker-2] 
[Worker-2] US$25,245*
[Worker-2] 
[Worker-2] Excelente
[Worker-2] Competitivo
[Worker-2] Premium
[Worker-2] 
[Worker-2] (*) Precio referencial
[Worker-2] 
[Worker-2] Cmo se calcula este rango?
[Worker-2] 
[Worker-2] Te toca renovar tu SOAT?
[Worker-2] 
[Worker-2] Verifica el estado de tu SOAT aqu y evita multas.
[Worker-2] 
[Worker-2] Consultar SOAT
[Worker-2] Sobre el anunciante
[Worker-2] 
[Worker-2] GRUPO GCA SAC
[Worker-2] 
[Worker-2] Ate, Lima
[Worker-2] 
[Worker-2] Precio
[Worker-2] US$28,400
[Worker-2] Contctate con el anunciante
[Worker-2] George
[Worker-2] 902 917...
[Worker-2] Ms informacin
[Worker-2] Beneficios adicionales para ti:
[Worker-2] La mejor opcin
[Worker-2] Financia tu auto con Santander Consumer
[Worker-2] 
[Worker-2] Paga desde:
[Worker-2] US$762/mes*
[Worker-2] Simular crdito
[Worker-2] 
[Worker-2] (*) Cuota mensual referencial. Calculada a 60 meses, 20% de inicial y TEA de 20.99%. No incluye seguro vehicular.
[Worker-2] 
[Worker-2] Solicita tu Prstamo Personal hasta de S/45,000
[Worker-2] Me interesa
[Worker-2] Seminuevos
[Worker-2] Autos
[Worker-2] Motos
[Worker-2] Camiones
[Worker-2] Usados
[Worker-2] Autos
[Worker-2] Motos
[Worker-2] Camiones
[Worker-2] Nuevos
[Worker-2] Autos
[Worker-2] Camiones
[Worker-2] Ayuda
[Worker-2] Trminos y condiciones
[Worker-2] Polticas de publicacin
[Worker-2] Cmo protegemos tus datos?
[Worker-2] Legales
[Worker-2] Sobre NeoAuto
[Worker-2] Noticias
[Worker-2] Tips y guas
[Worker-2] Ayuda en lnea
[Worker-2] 2024 NeoAuto Inc. Todos los derechos reservados
[Worker-2] Sguenos
[Worker-2] Descripcin: {"@context":"https://schema.org","@graph":[{"@type":"Organization","@id":"https://neoauto.com/#organ...
[Worker-2] nico dueo: No
[Worker-2] Datos guardados en: /home/richgutz/Scraper-Neoauto-ANTIGRAVITY/extractores/results_txt/diario_result_20260126_214725_4f9e1b.txt
[Worker-6] Navegacin rpida (sin acciones)
[Worker-6] Paso 2/4: Categora 'Usados'...
[Worker-5] Navegacin rpida (sin acciones)
[Worker-5] Paso 4/4: URL Final...
[Worker-4] Navegacin rpida (sin acciones)
[Worker-4] Paso 2/4: Categora 'Usados'...
[Worker-1] URL obtenida y bloqueada desde urls_autos_diarios: https://neoauto.com/auto/usado/jeep-grand-cherokee-laredo-2019-1863547
[Worker-1] 
[Worker-1] Iniciando extraccin para: https://neoauto.com/auto/usado/jeep-grand-cherokee-laredo-2019-1863547
[Worker-1] Iniciando navegacin...
[Worker-1] Marca extrada: 'jeep'
[Worker-1] Camino elegido (4 pasos).
[Worker-1] Paso 1/4: Pgina Principal...
[Worker-5] Scroll INICIAL para activar contenido...
[Worker-6] Navegacin rpida (sin acciones)
[Worker-6] Paso 3/4: Filtro por Marca 'SUZUKI'...
[Worker-1] Navegacin rpida (sin acciones)
[Worker-1] Paso 2/4: Categora 'Usados'...
[Worker-4] Navegacin rpida (sin acciones)
[Worker-4] Paso 3/4: Filtro por Marca 'HYUNDAI'...
[Worker-2] URL obtenida y bloqueada desde urls_autos_diarios: https://neoauto.com/auto/usado/kia-sonet-2023-1863557
[Worker-2] 
[Worker-2] Iniciando extraccin para: https://neoauto.com/auto/usado/kia-sonet-2023-1863557
[Worker-2] Iniciando navegacin...
[Worker-2] Marca extrada: 'kia'
[Worker-2] Camino elegido (4 pasos).
[Worker-2] Paso 1/4: Pgina Principal...
[Worker-6] Navegacin rpida (sin acciones)
[Worker-6] Paso 4/4: URL Final...
[Worker-1] Navegacin rpida (sin acciones)
[Worker-1] Paso 3/4: Filtro por Marca 'JEEP'...
[Worker-6] Scroll INICIAL para activar contenido...
[Worker-3] URL obtenida y bloqueada desde urls_autos_diarios: https://neoauto.com/auto/usado/mazda-6-2016-1863596
[Worker-3] 
[Worker-3] Iniciando extraccin para: https://neoauto.com/auto/usado/mazda-6-2016-1863596
[Worker-3] Iniciando navegacin...
[Worker-3] Marca extrada: 'mazda'
[Worker-3] Camino elegido (4 pasos).
[Worker-3] Paso 1/4: Pgina Principal...
[Worker-4] Navegacin rpida (sin acciones)
[Worker-4] Paso 4/4: URL Final...
[Worker-2] Navegacin rpida (sin acciones)
[Worker-2] Paso 2/4: Categora 'Usados'...
[Worker-4] Scroll INICIAL para activar contenido...
[Worker-3] Navegacin rpida (sin acciones)
[Worker-3] Paso 2/4: Categora 'Usados'...
[Worker-1] Navegacin rpida (sin acciones)
[Worker-1] Paso 4/4: URL Final...
[Worker-2] Navegacin rpida (sin acciones)
[Worker-2] Paso 3/4: Filtro por Marca 'KIA'...
[Worker-1] Scroll INICIAL para activar contenido...
[Worker-3] Navegacin rpida (sin acciones)
[Worker-3] Paso 3/4: Filtro por Marca 'MAZDA'...
[Worker-2] Navegacin rpida (sin acciones)
[Worker-2] Paso 4/4: URL Final...
[Worker-3] Navegacin rpida (sin acciones)
[Worker-3] Paso 4/4: URL Final...
[Worker-2] Scroll INICIAL para activar contenido...
[Worker-3] Scroll INICIAL para activar contenido...
[Worker-5] No apareci popup de cookies
[Worker-5] Intento 1: Page.click: Timeout 1000ms exceeded.
[Worker-5] Call log:
[Worker-5] - waiting for locator("button[class*='close']").locator("svg").locator("xpath=./ancestor::button")
[Worker-5] 
[Worker-5] Intento 2: Page.click: Timeout 1000ms exceeded.
[Worker-5] Call log:
[Worker-5] - waiting for locator("button[class*='close']").locator("svg").locator("xpath=./ancestor::button")
[Worker-5] 
[Worker-6] No apareci popup de cookies
[Worker-6] Intento 1: Page.click: Timeout 1000ms exceeded.
[Worker-6] Call log:
[Worker-6] - waiting for locator("button[class*='close']").locator("svg").locator("xpath=./ancestor::button")
[Worker-6] 
[Worker-4] No apareci popup de cookies
[Worker-4] Intento 1: Page.click: Timeout 1000ms exceeded.
[Worker-4] Call log:
[Worker-4] - waiting for locator("button[class*='close']").locator("svg").locator("xpath=./ancestor::button")
[Worker-4] 
[Worker-6] Intento 2: Page.click: Timeout 1000ms exceeded.
[Worker-6] Call log:
[Worker-6] - waiting for locator("button[class*='close']").locator("svg").locator("xpath=./ancestor::button")
[Worker-6] 
[Worker-1] No apareci popup de cookies
[Worker-1] Intento 1: Page.click: Timeout 1000ms exceeded.
[Worker-1] Call log:
[Worker-1] - waiting for locator("button[class*='close']").locator("svg").locator("xpath=./ancestor::button")
[Worker-1] 
[Worker-4] Intento 2: Page.click: Timeout 1000ms exceeded.
[Worker-4] Call log:
[Worker-4] - waiting for locator("button[class*='close']").locator("svg").locator("xpath=./ancestor::button")
[Worker-4] 
[Worker-3] No apareci popup de cookies
[Worker-1] Intento 2: Page.click: Timeout 1000ms exceeded.
[Worker-1] Call log:
[Worker-1] - waiting for locator("button[class*='close']").locator("svg").locator("xpath=./ancestor::button")
[Worker-1] 
[Worker-2] No apareci popup de cookies
[Worker-3] Intento 1: Page.click: Timeout 1000ms exceeded.
[Worker-3] Call log:
[Worker-3] - waiting for locator("button[class*='close']").locator("svg").locator("xpath=./ancestor::button")
[Worker-3] 
[Worker-2] Intento 1: Page.click: Timeout 1000ms exceeded.
[Worker-2] Call log:
[Worker-2] - waiting for locator("button[class*='close']").locator("svg").locator("xpath=./ancestor::button")
[Worker-2] 
[Worker-3] Intento 2: Page.click: Timeout 1000ms exceeded.
[Worker-3] Call log:
[Worker-3] - waiting for locator("button[class*='close']").locator("svg").locator("xpath=./ancestor::button")
[Worker-3] 
[Worker-2] Intento 2: Page.click: Timeout 1000ms exceeded.
[Worker-2] Call log:
[Worker-2] - waiting for locator("button[class*='close']").locator("svg").locator("xpath=./ancestor::button")
[Worker-2] 
[Worker-5] Intento 1: Popup no encontrado
[Worker-6] Intento 1: Popup no encontrado
[Worker-4] Intento 1: Popup no encontrado
[Worker-5] Intento 2: Popup no encontrado
[Worker-1] Intento 1: Popup no encontrado
[Worker-6] Intento 2: Popup no encontrado
[Worker-3] Intento 1: Popup no encontrado
[Worker-2] Intento 1: Popup no encontrado
[Worker-4] Intento 2: Popup no encontrado
[Worker-5] Intento 3: Popup no encontrado
[Worker-5] No se pudo cerrar el popup de satisfaccin
[Worker-5] Popups manejados POST-scroll
[Worker-5] Scroll adicional de confirmacin...
[Worker-1] Intento 2: Popup no encontrado
[Worker-6] Intento 3: Popup no encontrado
[Worker-5] Ttulo: Kia Cerato 2019
[Worker-5] Precio: S/ nan
[Worker-5] Kilometraje: inf km
[Worker-5] Ubicacin: Arranca tu ao sobre ruedas!
[Worker-5] Sbete a tu prximo seminuevo, el auto que mereces.
[Worker-5] Arranca tu ao sobre ruedas!
[Worker-5] Sbete a tu prximo seminuevo, el auto que mereces.
[Worker-5] Arranca tu ao sobre ruedas!
[Worker-5] Sbete a tu prximo seminuevo, el auto que mereces.
[Worker-5] Arranca tu ao sobre ruedas!
[Worker-5] Sbete a tu prximo seminuevo, el auto que mereces.
[Worker-5] Iniciar sesin
[Worker-5] Quiero vender
[Worker-5] Comprar
[Worker-5] Quiero vender
[Worker-5] Financiamiento
[Worker-5] Alquilar
[Worker-5] Nuevo
[Worker-5] Seguros
[Worker-5] Eventos
[Worker-5] Publicidad
[Worker-5] Ver fotos
[Worker-5] Autos usados
[Worker-5] Kia
[Worker-5] Cerato
[Worker-5] Kia Cerato 2019
[Worker-5] La Molina, Lima, Lima
[Worker-5] Publicado ayer
[Worker-5] 40 vistas
[Worker-5] Reportar aviso
[Worker-5] Compartir
[Worker-5] Marcar como favorito
[Worker-5] Kia Cerato 2019
[Worker-5] Reportar aviso
[Worker-5] Compartir
[Worker-5] Marcar como favorito
[Worker-5] Ao modelo
[Worker-5] 2019
[Worker-5] Kilometraje
[Worker-5] 22,500 km
[Worker-5] Transmisin
[Worker-5] Automtica - Secuencial
[Worker-5] Descripcin
[Worker-5] Auto uso particular...nunca chocado, poco kilometraje, servicios en Alese. Aros aleacion abs automatico a/c enfriando full...neblineros espejos elctricos asientos como nuevos vidrios con lminas de seguridad cierre centralizado...SOLO MENSAJES x Wha...
[Worker-5] Seguir leyendo
[Worker-5] Te recomendamos:
[Worker-5] 
[Worker-5] Te toca renovar tu SOAT?
[Worker-5] 
[Worker-5] Verifica el estado de tu SOAT aqu y evita multas.
[Worker-5] 
[Worker-5] Consultar SOAT
[Worker-5] 
[Worker-5] Alquila autos con Kinto Share
[Worker-5] 
[Worker-5] Que nada frene tus aventuras. Seguro,flexible y con garantia.
[Worker-5] 
[Worker-5] Ver ms
[Worker-5] 
[Worker-5] Blog & Noticias
[Worker-5] 
[Worker-5] Entrate de las ltimas novedades del sector automotriz.
[Worker-5] 
[Worker-5] Ver ms
[Worker-5] Especificaciones tcnicas
[Worker-5] Caractersticas
[Worker-5] Marca
[Worker-5] Kia
[Worker-5] Modelo
[Worker-5] CERATO
[Worker-5] Versin
[Worker-5] 1.6 AT LX
[Worker-5] Versin
[Worker-5] 1.6 AT LX
[Worker-5] Ao de fabricacin
[Worker-5] 2018
[Worker-5] Categora
[Worker-5] Sedn
[Worker-5] Combustible
[Worker-5] Gasolina
[Worker-5] Nmero de puertas
[Worker-5] 4
[Worker-5] Traccin
[Worker-5] Delantera
[Worker-5] Color
[Worker-5] Plateado
[Worker-5] Nmero cilindros
[Worker-5] 4
[Worker-5] Cilindrada
[Worker-5] 1,600 cc
[Worker-5] Equipamiento
[Worker-5] Retrovisores Elctricos
[Worker-5] Neblineros
[Worker-5] Aire Acondicionado
[Worker-5] Full Equipo
[Worker-5] Computadora de abordo
[Worker-5] Parlantes/Bajos
[Worker-5] Exterior
[Worker-5] Aros de Aleacin
[Worker-5] Seguridad
[Worker-5] Localizador (GPS)
[Worker-5] Airbag
[Worker-5] Lminas de Seguridad
[Worker-5] Frenos ABS
[Worker-5] Alarma
[Worker-5] Precios y costos
[Worker-5] 
[Worker-5] Este aviso
[Worker-5] 
[Worker-5] US$16,950
[Worker-5] 
[Worker-5] Precio de mercado
[Worker-5] 
[Worker-5] US$13,995*
[Worker-5] 
[Worker-5] Excelente
[Worker-5] Competitivo
[Worker-5] Premium
[Worker-5] 
[Worker-5] (*) Precio referencial
[Worker-5] 
[Worker-5] Cmo se calcula este rango?
[Worker-5] 
[Worker-5] Te toca renovar tu SOAT?
[Worker-5] 
[Worker-5] Verifica el estado de tu SOAT aqu y evita multas.
[Worker-5] 
[Worker-5] Consultar SOAT
[Worker-5] Precio
[Worker-5] US$16,950
[Worker-5] Dscto. por adquirir el Crdito Vehicular
[Worker-5] -US$1,000*
[Worker-5] *Aplica si financias tu auto con Santander Consumer
[Worker-5] Contctate con el anunciante
[Worker-5] Carlos Masnjak
[Worker-5] 998 671...
[Worker-5] Ms informacin
[Worker-5] Beneficios adicionales para ti:
[Worker-5] La mejor opcin
[Worker-5] Financia tu auto con Santander Consumer
[Worker-5] 
[Worker-5] Paga desde:
[Worker-5] US$15,950 o
[Worker-5] US$611/mes*
[Worker-5] Simular crdito
[Worker-5] 
[Worker-5] (*) Cuota mensual referencial. Calculada a 36 meses, 20% de inicial y TEA de 20.99%. No incluye seguro vehicular.
[Worker-5] 
[Worker-5] Solicita tu Prstamo Personal hasta de S/45,000
[Worker-5] Me interesa
[Worker-5] Seminuevos
[Worker-5] Autos
[Worker-5] Motos
[Worker-5] Camiones
[Worker-5] Usados
[Worker-5] Autos
[Worker-5] Motos
[Worker-5] Camiones
[Worker-5] Nuevos
[Worker-5] Autos
[Worker-5] Camiones
[Worker-5] Ayuda
[Worker-5] Trminos y condiciones
[Worker-5] Polticas de publicacin
[Worker-5] Cmo protegemos tus datos?
[Worker-5] Legales
[Worker-5] Sobre NeoAuto
[Worker-5] Noticias
[Worker-5] Tips y guas
[Worker-5] Ayuda en lnea
[Worker-5] 2024 NeoAuto Inc. Todos los derechos reservados
[Worker-5] Sguenos
[Worker-5] Descripcin: {"@context":"https://schema.org","@graph":[{"@type":"Organization","@id":"https://neoauto.com/#organ...
[Worker-5] nico dueo: No
[Worker-5] Datos guardados en: /home/richgutz/Scraper-Neoauto-ANTIGRAVITY/extractores/results_txt/diario_result_20260126_214817_4f6ad5.txt
[Worker-6] No se pudo cerrar el popup de satisfaccin
[Worker-6] Popups manejados POST-scroll
[Worker-6] Scroll adicional de confirmacin...
[Worker-3] Intento 2: Popup no encontrado
[Worker-2] Intento 2: Popup no encontrado
[Worker-4] Intento 3: Popup no encontrado
[Worker-4] No se pudo cerrar el popup de satisfaccin
[Worker-4] Popups manejados POST-scroll
[Worker-4] Scroll adicional de confirmacin...
[Worker-1] Intento 3: Popup no encontrado
[Worker-6] Ttulo: Suzuki Swift 2010
[Worker-6] Precio: S/ nan
[Worker-5] URL obtenida y bloqueada desde urls_autos_diarios: https://neoauto.com/auto/usado/nissan-x-trail-2009-1863512
[Worker-5] 
[Worker-5] Iniciando extraccin para: https://neoauto.com/auto/usado/nissan-x-trail-2009-1863512
[Worker-5] Iniciando navegacin...
[Worker-5] Marca extrada: 'nissan'
[Worker-5] Camino elegido (4 pasos).
[Worker-5] Paso 1/4: Pgina Principal...
[Worker-6] Kilometraje: 3.2002001234520102e+299 km
[Worker-6] Ubicacin: Arranca tu ao sobre ruedas!
[Worker-6] Sbete a tu prximo seminuevo, el auto que mereces.
[Worker-6] Arranca tu ao sobre ruedas!
[Worker-6] Sbete a tu prximo seminuevo, el auto que mereces.
[Worker-6] Arranca tu ao sobre ruedas!
[Worker-6] Sbete a tu prximo seminuevo, el auto que mereces.
[Worker-6] Arranca tu ao sobre ruedas!
[Worker-6] Sbete a tu prximo seminuevo, el auto que mereces.
[Worker-6] Iniciar sesin
[Worker-6] Quiero vender
[Worker-6] Comprar
[Worker-6] Quiero vender
[Worker-6] Financiamiento
[Worker-6] Alquilar
[Worker-6] Nuevo
[Worker-6] Seguros
[Worker-6] Eventos
[Worker-6] Publicidad
[Worker-6] Ver fotos
[Worker-6] Autos usados
[Worker-6] Suzuki
[Worker-6] Swift
[Worker-6] Suzuki Swift 2010
[Worker-6] Miraflores, Lima, Lima
[Worker-6] Publicado hoy
[Worker-6] 71 vistas
[Worker-6] Reportar aviso
[Worker-6] Compartir
[Worker-6] Marcar como favorito
[Worker-6] Suzuki Swift 2010
[Worker-6] Reportar aviso
[Worker-6] Compartir
[Worker-6] Marcar como favorito
[Worker-6] Ao modelo
[Worker-6] 2010
[Worker-6] Kilometraje
[Worker-6] 113,000 km
[Worker-6] Transmisin
[Worker-6] Automtica
[Worker-6] Descripcin
[Worker-6] Auto en buen estado, nico dueo, lunas y pestillos elctricos, 113,000 Kms de recorrido, los mantenimientos en concesionario de la marca. Se vende por viaje.
[Worker-6] Te recomendamos:
[Worker-6] 
[Worker-6] Te toca renovar tu SOAT?
[Worker-6] 
[Worker-6] Verifica el estado de tu SOAT aqu y evita multas.
[Worker-6] 
[Worker-6] Consultar SOAT
[Worker-6] 
[Worker-6] Alquila autos con Kinto Share
[Worker-6] 
[Worker-6] Que nada frene tus aventuras. Seguro,flexible y con garantia.
[Worker-6] 
[Worker-6] Ver ms
[Worker-6] 
[Worker-6] Blog & Noticias
[Worker-6] 
[Worker-6] Entrate de las ltimas novedades del sector automotriz.
[Worker-6] 
[Worker-6] Ver ms
[Worker-6] Especificaciones tcnicas
[Worker-6] Caractersticas
[Worker-6] Marca
[Worker-6] Suzuki
[Worker-6] Modelo
[Worker-6] SWIFT
[Worker-6] Versin
[Worker-6] 4X2
[Worker-6] Ao de fabricacin
[Worker-6] 2010
[Worker-6] Categora
[Worker-6] Hatchback
[Worker-6] Combustible
[Worker-6] Gasolina
[Worker-6] Nmero de puertas
[Worker-6] 5
[Worker-6] Traccin
[Worker-6] 4x2
[Worker-6] Color
[Worker-6] Plata
[Worker-6] Nmero cilindros
[Worker-6] 4
[Worker-6] Cilindrada
[Worker-6] 1,500 cc
[Worker-6] Equipamiento
[Worker-6] Retrovisores Elctricos
[Worker-6] Aire Acondicionado
[Worker-6] Computadora de abordo
[Worker-6] Parlantes/Bajos
[Worker-6] Radio CD
[Worker-6] Exterior
[Worker-6] Aros de Aleacin
[Worker-6] Seguridad
[Worker-6] Airbag
[Worker-6] Lminas de Seguridad
[Worker-6] Frenos ABS
[Worker-6] Alarma
[Worker-6] Precios y costos
[Worker-6] 
[Worker-6] An no tenemos suficiente informacin para determinar un rango de precio para este vehculo.
[Worker-6] 
[Worker-6] Excelente
[Worker-6] Competitivo
[Worker-6] Premium
[Worker-6] 
[Worker-6] (*) Precio referencial
[Worker-6] 
[Worker-6] Cmo se calcula este rango?
[Worker-6] 
[Worker-6] Te toca renovar tu SOAT?
[Worker-6] 
[Worker-6] Verifica el estado de tu SOAT aqu y evita multas.
[Worker-6] 
[Worker-6] Consultar SOAT
[Worker-6] Precio
[Worker-6] US$6,500
[Worker-6] Contctate con el anunciante
[Worker-6] Eduardo Melgar Del Castillo
[Worker-6] 999 204...
[Worker-6] Ms informacin
[Worker-6] Beneficios adicionales para ti:
[Worker-6] Solicita tu Prstamo Personal hasta de S/45,000
[Worker-6] Me interesa
[Worker-6] Seminuevos
[Worker-6] Autos
[Worker-6] Motos
[Worker-6] Camiones
[Worker-6] Usados
[Worker-6] Autos
[Worker-6] Motos
[Worker-6] Camiones
[Worker-6] Nuevos
[Worker-6] Autos
[Worker-6] Camiones
[Worker-6] Ayuda
[Worker-6] Trminos y condiciones
[Worker-6] Polticas de publicacin
[Worker-6] Cmo protegemos tus datos?
[Worker-6] Legales
[Worker-6] Sobre NeoAuto
[Worker-6] Noticias
[Worker-6] Tips y guas
[Worker-6] Ayuda en lnea
[Worker-6] 2024 NeoAuto Inc. Todos los derechos reservados
[Worker-6] Sguenos
[Worker-6] Descripcin: {"@context":"https://schema.org","@graph":[{"@type":"Organization","@id":"https://neoauto.com/#organ...
[Worker-6] nico dueo: S
[Worker-6] Datos guardados en: /home/richgutz/Scraper-Neoauto-ANTIGRAVITY/extractores/results_txt/diario_result_20260126_214821_eba6b2.txt
[Worker-1] No se pudo cerrar el popup de satisfaccin
[Worker-1] Popups manejados POST-scroll
[Worker-1] Scroll adicional de confirmacin...
[Worker-5] Navegacin rpida (sin acciones)
[Worker-5] Paso 2/4: Categora 'Usados'...
[Worker-4] Ttulo: Hyundai Tucson 2015
[Worker-4] Precio: S/ nan
[Worker-4] Kilometraje: inf km
[Worker-4] Ubicacin: Arranca tu ao sobre ruedas!
[Worker-4] Sbete a tu prximo seminuevo, el auto que mereces.
[Worker-4] Arranca tu ao sobre ruedas!
[Worker-4] Sbete a tu prximo seminuevo, el auto que mereces.
[Worker-4] Arranca tu ao sobre ruedas!
[Worker-4] Sbete a tu prximo seminuevo, el auto que mereces.
[Worker-4] Arranca tu ao sobre ruedas!
[Worker-4] Sbete a tu prximo seminuevo, el auto que mereces.
[Worker-4] Iniciar sesin
[Worker-4] Quiero vender
[Worker-4] Comprar
[Worker-4] Quiero vender
[Worker-4] Financiamiento
[Worker-4] Alquilar
[Worker-4] Nuevo
[Worker-4] Seguros
[Worker-4] Eventos
[Worker-4] Publicidad
[Worker-4] Ver fotos
[Worker-4] Autos usados
[Worker-4] Hyundai
[Worker-4] Tucson
[Worker-4] Hyundai Tucson 2015
[Worker-4] Santiago de Surco, Lima, Lima
[Worker-4] Publicado hoy
[Worker-4] 17 vistas
[Worker-4] Reportar aviso
[Worker-4] Compartir
[Worker-4] Marcar como favorito
[Worker-4] Hyundai Tucson 2015
[Worker-4] Reportar aviso
[Worker-4] Compartir
[Worker-4] Marcar como favorito
[Worker-4] Ao modelo
[Worker-4] 2015
[Worker-4] Kilometraje
[Worker-4] 75,000 km
[Worker-4] Transmisin
[Worker-4] Automtica - Secuencial
[Worker-4] Descripcin
[Worker-4] Vehculo de nico dueo en perfecto estado de conservacin, con sunroof panormico, elctrico, original. Con plataforma de sonido potenciado de alta calidad que incluye sistema de componentes, bocinas, twitters, subwoofer y amplificador marca Pioner....
[Worker-4] Seguir leyendo
[Worker-4] Te recomendamos:
[Worker-4] 
[Worker-4] Te toca renovar tu SOAT?
[Worker-4] 
[Worker-4] Verifica el estado de tu SOAT aqu y evita multas.
[Worker-4] 
[Worker-4] Consultar SOAT
[Worker-4] 
[Worker-4] Alquila autos con Kinto Share
[Worker-4] 
[Worker-4] Que nada frene tus aventuras. Seguro,flexible y con garantia.
[Worker-4] 
[Worker-4] Ver ms
[Worker-4] 
[Worker-4] Blog & Noticias
[Worker-4] 
[Worker-4] Entrate de las ltimas novedades del sector automotriz.
[Worker-4] 
[Worker-4] Ver ms
[Worker-4] Especificaciones tcnicas
[Worker-4] Caractersticas
[Worker-4] Marca
[Worker-4] Hyundai
[Worker-4] Modelo
[Worker-4] TUCSON
[Worker-4] Versin
[Worker-4] GL 2WD AT SPORT
[Worker-4] Versin
[Worker-4] GL 2WD AT SPORT
[Worker-4] Ao de fabricacin
[Worker-4] 2015
[Worker-4] Categora
[Worker-4] Camioneta
[Worker-4] Combustible
[Worker-4] Gasolina
[Worker-4] Nmero de puertas
[Worker-4] 4
[Worker-4] Color
[Worker-4] Blanco
[Worker-4] Cilindrada
[Worker-4] 2,000 cc
[Worker-4] Equipamiento
[Worker-4] Neblineros
[Worker-4] Aire Acondicionado
[Worker-4] Full Equipo
[Worker-4] Computadora de abordo
[Worker-4] Parlantes/Bajos
[Worker-4] Radio MP3
[Worker-4] Exterior
[Worker-4] Aros
[Worker-4] Aros de Aleacin
[Worker-4] Parrilla
[Worker-4] Luces Halgenas
[Worker-4] Seguridad
[Worker-4] Localizador (GPS)
[Worker-4] Airbag
[Worker-4] Lminas de Seguridad
[Worker-4] Faros antiniebla delantero
[Worker-4] Frenos ABS
[Worker-4] Extras
[Worker-4] Sunroof
[Worker-4] Precios y costos
[Worker-4] 
[Worker-4] Este aviso
[Worker-4] 
[Worker-4] US$14,900
[Worker-4] 
[Worker-4] Precio de mercado
[Worker-4] 
[Worker-4] US$13,800*
[Worker-4] 
[Worker-4] Excelente
[Worker-4] Competitivo
[Worker-4] Premium
[Worker-4] 
[Worker-4] (*) Precio referencial
[Worker-4] 
[Worker-4] Cmo se calcula este rango?
[Worker-4] 
[Worker-4] Te toca renovar tu SOAT?
[Worker-4] 
[Worker-4] Verifica el estado de tu SOAT aqu y evita multas.
[Worker-4] 
[Worker-4] Consultar SOAT
[Worker-4] Precio
[Worker-4] US$14,900
[Worker-4] Dscto. por adquirir el Crdito Vehicular
[Worker-4] -US$1,000*
[Worker-4] *Aplica si financias tu auto con Santander Consumer
[Worker-4] Contctate con el anunciante
[Worker-4] Hernan Valenzuela
[Worker-4] 950 570...
[Worker-4] Ms informacin
[Worker-4] Beneficios adicionales para ti:
[Worker-4] La mejor opcin
[Worker-4] Financia tu auto con Santander Consumer
[Worker-4] 
[Worker-4] Paga desde:
[Worker-4] US$13,900 o
[Worker-4] US$1,232/mes*
[Worker-4] Simular crdito
[Worker-4] 
[Worker-4] (*) Cuota mensual referencial. Calculada a 12 meses, 20% de inicial y TEA de 20.99%. No incluye seguro vehicular.
[Worker-4] 
[Worker-4] Solicita tu Prstamo Personal hasta de S/45,000
[Worker-4] Me interesa
[Worker-4] Seminuevos
[Worker-4] Autos
[Worker-4] Motos
[Worker-4] Camiones
[Worker-4] Usados
[Worker-4] Autos
[Worker-4] Motos
[Worker-4] Camiones
[Worker-4] Nuevos
[Worker-4] Autos
[Worker-4] Camiones
[Worker-4] Ayuda
[Worker-4] Trminos y condiciones
[Worker-4] Polticas de publicacin
[Worker-4] Cmo protegemos tus datos?
[Worker-4] Legales
[Worker-4] Sobre NeoAuto
[Worker-4] Noticias
[Worker-4] Tips y guas
[Worker-4] Ayuda en lnea
[Worker-4] 2024 NeoAuto Inc. Todos los derechos reservados
[Worker-4] Sguenos
[Worker-4] Descripcin: {"@context":"https://schema.org","@graph":[{"@type":"Organization","@id":"https://neoauto.com/#organ...
[Worker-4] nico dueo: No
[Worker-4] Datos guardados en: /home/richgutz/Scraper-Neoauto-ANTIGRAVITY/extractores/results_txt/diario_result_20260126_214822_f33676.txt
[Worker-3] Intento 3: Popup no encontrado
[Worker-5] Navegacin rpida (sin acciones)
[Worker-5] Paso 3/4: Filtro por Marca 'NISSAN'...
[Worker-2] Intento 3: Popup no encontrado
[Worker-1] Ttulo: Jeep Grand Cherokee Laredo 2019
[Worker-1] Precio: S/ nan
[Worker-1] Kilometraje: inf km
[Worker-1] Ubicacin: Arranca tu ao sobre ruedas!
[Worker-1] Sbete a tu prximo seminuevo, el auto que mereces.
[Worker-1] Arranca tu ao sobre ruedas!
[Worker-1] Sbete a tu prximo seminuevo, el auto que mereces.
[Worker-1] Arranca tu ao sobre ruedas!
[Worker-1] Sbete a tu prximo seminuevo, el auto que mereces.
[Worker-1] Arranca tu ao sobre ruedas!
[Worker-1] Sbete a tu prximo seminuevo, el auto que mereces.
[Worker-1] Iniciar sesin
[Worker-1] Quiero vender
[Worker-1] Comprar
[Worker-1] Quiero vender
[Worker-1] Financiamiento
[Worker-1] Alquilar
[Worker-1] Nuevo
[Worker-1] Seguros
[Worker-1] Eventos
[Worker-1] Publicidad
[Worker-1] Ver fotos
[Worker-1] De lujo
[Worker-1] Autos usados
[Worker-1] Jeep
[Worker-1] Grand Cherokee Laredo
[Worker-1] Jeep Grand Cherokee Laredo 2019
[Worker-1] Miraflores, Lima, Lima
[Worker-1] Publicado hoy
[Worker-1] 11 vistas
[Worker-1] Reportar aviso
[Worker-1] Compartir
[Worker-1] Marcar como favorito
[Worker-1] Jeep Grand Cherokee Laredo 2019
[Worker-1] Reportar aviso
[Worker-1] Compartir
[Worker-1] Marcar como favorito
[Worker-1] Ao modelo
[Worker-1] 2019
[Worker-1] Kilometraje
[Worker-1] 60,400 km
[Worker-1] Transmisin
[Worker-1] Automtica - Secuencial
[Worker-1] Descripcin
[Worker-1] Excelente estado, uso ejecutivo solo en lima , se vende por viaje
[Worker-1] Te recomendamos:
[Worker-1] 
[Worker-1] Te toca renovar tu SOAT?
[Worker-1] 
[Worker-1] Verifica el estado de tu SOAT aqu y evita multas.
[Worker-1] 
[Worker-1] Consultar SOAT
[Worker-1] 
[Worker-1] Alquila autos con Kinto Share
[Worker-1] 
[Worker-1] Que nada frene tus aventuras. Seguro,flexible y con garantia.
[Worker-1] 
[Worker-1] Ver ms
[Worker-1] 
[Worker-1] Blog & Noticias
[Worker-1] 
[Worker-1] Entrate de las ltimas novedades del sector automotriz.
[Worker-1] 
[Worker-1] Ver ms
[Worker-1] Especificaciones tcnicas
[Worker-1] Caractersticas
[Worker-1] Marca
[Worker-1] Jeep
[Worker-1] Modelo
[Worker-1] GRAND CHEROKEE LAREDO
[Worker-1] Ao de fabricacin
[Worker-1] 2019
[Worker-1] Categora
[Worker-1] Camioneta
[Worker-1] Combustible
[Worker-1] Gasolina
[Worker-1] Nmero de puertas
[Worker-1] 5
[Worker-1] Traccin
[Worker-1] 4x2
[Worker-1] Color
[Worker-1] Plata
[Worker-1] Nmero cilindros
[Worker-1] 6
[Worker-1] Cilindrada
[Worker-1] 3,600 cc
[Worker-1] Equipamiento
[Worker-1] Retrovisores Elctricos
[Worker-1] Aire Acondicionado
[Worker-1] Full Equipo
[Worker-1] Computadora de abordo
[Worker-1] Exterior
[Worker-1] Aros
[Worker-1] Aros de Aleacin
[Worker-1] Seguridad
[Worker-1] Airbag
[Worker-1] Lminas de Seguridad
[Worker-1] Inmovilizador de motor
[Worker-1] Frenos ABS
[Worker-1] Extras
[Worker-1] Asientos de cuero
[Worker-1] Climatizador
[Worker-1] Precios y costos
[Worker-1] 
[Worker-1] Este aviso
[Worker-1] 
[Worker-1] US$28,900
[Worker-1] 
[Worker-1] Precio de mercado
[Worker-1] 
[Worker-1] US$28,300*
[Worker-1] 
[Worker-1] Excelente
[Worker-1] Competitivo
[Worker-1] Premium
[Worker-1] 
[Worker-1] (*) Precio referencial
[Worker-1] 
[Worker-1] Cmo se calcula este rango?
[Worker-1] 
[Worker-1] Te toca renovar tu SOAT?
[Worker-1] 
[Worker-1] Verifica el estado de tu SOAT aqu y evita multas.
[Worker-1] 
[Worker-1] Consultar SOAT
[Worker-1] Precio
[Worker-1] US$28,900
[Worker-1] Dscto. por adquirir el Crdito Vehicular
[Worker-1] -US$1,000*
[Worker-1] *Aplica si financias tu auto con Santander Consumer
[Worker-1] Contctate con el anunciante
[Worker-1] Enrique Boleje
[Worker-1] 968 468...
[Worker-1] Ms informacin
[Worker-1] Beneficios adicionales para ti:
[Worker-1] La mejor opcin
[Worker-1] Financia tu auto con Santander Consumer
[Worker-1] 
[Worker-1] Paga desde:
[Worker-1] US$27,900 o
[Worker-1] US$1,033/mes*
[Worker-1] Simular crdito
[Worker-1] 
[Worker-1] (*) Cuota mensual referencial. Calculada a 36 meses, 20% de inicial y TEA de 20.99%. No incluye seguro vehicular.
[Worker-1] 
[Worker-1] Solicita tu Prstamo Personal hasta de S/45,000
[Worker-1] Me interesa
[Worker-1] Seminuevos
[Worker-1] Autos
[Worker-1] Motos
[Worker-1] Camiones
[Worker-1] Usados
[Worker-1] Autos
[Worker-1] Motos
[Worker-1] Camiones
[Worker-1] Nuevos
[Worker-1] Autos
[Worker-1] Camiones
[Worker-1] Ayuda
[Worker-1] Trminos y condiciones
[Worker-1] Polticas de publicacin
[Worker-1] Cmo protegemos tus datos?
[Worker-1] Legales
[Worker-1] Sobre NeoAuto
[Worker-1] Noticias
[Worker-1] Tips y guas
[Worker-1] Ayuda en lnea
[Worker-1] 2024 NeoAuto Inc. Todos los derechos reservados
[Worker-1] Sguenos
[Worker-1] Descripcin: {"@context":"https://schema.org","@graph":[{"@type":"Organization","@id":"https://neoauto.com/#organ...
[Worker-1] nico dueo: S
[Worker-1] Datos guardados en: /home/richgutz/Scraper-Neoauto-ANTIGRAVITY/extractores/results_txt/diario_result_20260126_214824_d74d04.txt
[Worker-3] No se pudo cerrar el popup de satisfaccin
[Worker-3] Popups manejados POST-scroll
[Worker-3] Scroll adicional de confirmacin...
[Worker-2] No se pudo cerrar el popup de satisfaccin
[Worker-2] Popups manejados POST-scroll
[Worker-2] Scroll adicional de confirmacin...
[Worker-5] Navegacin rpida (sin acciones)
[Worker-5] Paso 4/4: URL Final...
[Worker-6] URL obtenida y bloqueada desde urls_autos_diarios: https://neoauto.com/auto/usado/mazda-cx-30-2022-1857691
[Worker-6] 
[Worker-6] Iniciando extraccin para: https://neoauto.com/auto/usado/mazda-cx-30-2022-1857691
[Worker-6] Iniciando navegacin...
[Worker-6] Marca extrada: 'mazda'
[Worker-6] Camino elegido (4 pasos).
[Worker-6] Paso 1/4: Pgina Principal...
[Worker-6] Navegacin rpida (sin acciones)
[Worker-6] Paso 2/4: Categora 'Usados'...
[Worker-3] Ttulo: Mazda 6 2016
[Worker-3] Precio: S/ nan
[Worker-3] Kilometraje: inf km
[Worker-3] Ubicacin: Arranca tu ao sobre ruedas!
[Worker-3] Sbete a tu prximo seminuevo, el auto que mereces.
[Worker-3] Arranca tu ao sobre ruedas!
[Worker-3] Sbete a tu prximo seminuevo, el auto que mereces.
[Worker-3] Arranca tu ao sobre ruedas!
[Worker-3] Sbete a tu prximo seminuevo, el auto que mereces.
[Worker-3] Arranca tu ao sobre ruedas!
[Worker-3] Sbete a tu prximo seminuevo, el auto que mereces.
[Worker-3] Iniciar sesin
[Worker-3] Quiero vender
[Worker-3] Comprar
[Worker-3] Quiero vender
[Worker-3] Financiamiento
[Worker-3] Alquilar
[Worker-3] Nuevo
[Worker-3] Seguros
[Worker-3] Eventos
[Worker-3] Publicidad
[Worker-3] Ver fotos
[Worker-3] Autos usados
[Worker-3] Mazda
[Worker-3] 6
[Worker-3] Mazda 6 2016
[Worker-3] Santiago de Surco, Lima, Lima
[Worker-3] Publicado hoy
[Worker-3] 0 vistas
[Worker-3] Reportar aviso
[Worker-3] Compartir
[Worker-3] Marcar como favorito
[Worker-3] Mazda 6 2016
[Worker-3] Reportar aviso
[Worker-3] Compartir
[Worker-3] Marcar como favorito
[Worker-3] Ao modelo
[Worker-3] 2016
[Worker-3] Kilometraje
[Worker-3] 87,000 km
[Worker-3] Transmisin
[Worker-3] Automtica - Secuencial
[Worker-3] Descripcin
[Worker-3] Mazda 6 AT 2.5 High 2016 en excelente estado, automatico secuencial con paddle shift, Sunroof, climatizador bi-zona, Android Auto, pestillos electricos. Uso dama.
[Worker-3] Te recomendamos:
[Worker-3] 
[Worker-3] Te toca renovar tu SOAT?
[Worker-3] 
[Worker-3] Verifica el estado de tu SOAT aqu y evita multas.
[Worker-3] 
[Worker-3] Consultar SOAT
[Worker-3] 
[Worker-3] Alquila autos con Kinto Share
[Worker-3] 
[Worker-3] Que nada frene tus aventuras. Seguro,flexible y con garantia.
[Worker-3] 
[Worker-3] Ver ms
[Worker-3] 
[Worker-3] Blog & Noticias
[Worker-3] 
[Worker-3] Entrate de las ltimas novedades del sector automotriz.
[Worker-3] 
[Worker-3] Ver ms
[Worker-3] Especificaciones tcnicas
[Worker-3] Caractersticas
[Worker-3] Marca
[Worker-3] Mazda
[Worker-3] Modelo
[Worker-3] 6
[Worker-3] Versin
[Worker-3] AT 2.5 GS HIGH IPM PE
[Worker-3] Versin
[Worker-3] AT 2.5 GS HIGH IPM PE
[Worker-3] Ao de fabricacin
[Worker-3] 2015
[Worker-3] Categora
[Worker-3] Sedn
[Worker-3] Combustible
[Worker-3] Gasolina
[Worker-3] Nmero de puertas
[Worker-3] 4
[Worker-3] Traccin
[Worker-3] Delantera
[Worker-3] Color
[Worker-3] Rojo
[Worker-3] Nmero cilindros
[Worker-3] 4
[Worker-3] Cilindrada
[Worker-3] 2,500 cc
[Worker-3] Equipamiento
[Worker-3] Retrovisores Elctricos
[Worker-3] Neblineros
[Worker-3] Aire Acondicionado
[Worker-3] Full Equipo
[Worker-3] Computadora de abordo
[Worker-3] Parlantes/Bajos
[Worker-3] Radio CD
[Worker-3] Radio MP3
[Worker-3] Exterior
[Worker-3] Aros de Aleacin
[Worker-3] Seguridad
[Worker-3] Airbag
[Worker-3] Lminas de Seguridad
[Worker-3] Faros antiniebla delantero
[Worker-3] Frenos ABS
[Worker-3] Alarma
[Worker-3] Extras
[Worker-3] Sunroof
[Worker-3] Climatizador
[Worker-3] Precios y costos
[Worker-3] 
[Worker-3] An no tenemos suficiente informacin para determinar un rango de precio para este vehculo.
[Worker-3] 
[Worker-3] Excelente
[Worker-3] Competitivo
[Worker-3] Premium
[Worker-3] 
[Worker-3] (*) Precio referencial
[Worker-3] 
[Worker-3] Cmo se calcula este rango?
[Worker-3] 
[Worker-3] Te toca renovar tu SOAT?
[Worker-3] 
[Worker-3] Verifica el estado de tu SOAT aqu y evita multas.
[Worker-3] 
[Worker-3] Consultar SOAT
[Worker-3] Precio
[Worker-3] US$12,900
[Worker-3] Contctate con el anunciante
[Worker-3] Leandro Pieiro
[Worker-3] 994 606...
[Worker-3] Ms informacin
[Worker-3] Beneficios adicionales para ti:
[Worker-3] La mejor opcin
[Worker-3] Financia tu auto con Santander Consumer
[Worker-3] 
[Worker-3] Paga desde:
[Worker-3] US$1,069/mes*
[Worker-3] Simular crdito
[Worker-3] 
[Worker-3] (*) Cuota mensual referencial. Calculada a 12 meses, 20% de inicial y TEA de 20.99%. No incluye seguro vehicular.
[Worker-3] 
[Worker-3] Solicita tu Prstamo Personal hasta de S/45,000
[Worker-3] Me interesa
[Worker-3] Seminuevos
[Worker-3] Autos
[Worker-3] Motos
[Worker-3] Camiones
[Worker-3] Usados
[Worker-3] Autos
[Worker-3] Motos
[Worker-3] Camiones
[Worker-3] Nuevos
[Worker-3] Autos
[Worker-3] Camiones
[Worker-3] Ayuda
[Worker-3] Trminos y condiciones
[Worker-3] Polticas de publicacin
[Worker-3] Cmo protegemos tus datos?
[Worker-3] Legales
[Worker-3] Sobre NeoAuto
[Worker-3] Noticias
[Worker-3] Tips y guas
[Worker-3] Ayuda en lnea
[Worker-3] 2024 NeoAuto Inc. Todos los derechos reservados
[Worker-3] Sguenos
[Worker-3] Descripcin: {"@context":"https://schema.org","@graph":[{"@type":"Organization","@id":"https://neoauto.com/#organ...
[Worker-3] nico dueo: No
[Worker-3] Datos guardados en: /home/richgutz/Scraper-Neoauto-ANTIGRAVITY/extractores/results_txt/diario_result_20260126_214827_21ca31.txt
[Worker-4] URL obtenida y bloqueada desde urls_autos_diarios: https://neoauto.com/auto/usado/honda-cr-v-2017-1863513
[Worker-4] 
[Worker-4] Iniciando extraccin para: https://neoauto.com/auto/usado/honda-cr-v-2017-1863513
[Worker-4] Iniciando navegacin...
[Worker-4] Marca extrada: 'honda'
[Worker-4] Camino elegido (4 pasos).
[Worker-4] Paso 1/4: Pgina Principal...
[Worker-1] URL obtenida y bloqueada desde urls_autos_diarios: https://neoauto.com/auto/usado/toyota-hilux-2022-1863482
[Worker-1] 
[Worker-1] Iniciando extraccin para: https://neoauto.com/auto/usado/toyota-hilux-2022-1863482
[Worker-1] Iniciando navegacin...
[Worker-1] Marca extrada: 'toyota'
[Worker-1] Camino elegido (4 pasos).
[Worker-1] Paso 1/4: Pgina Principal...
[Worker-2] Ttulo: Kia Sonet 2023
[Worker-2] Precio: S/ nan
[Worker-2] Kilometraje: inf km
[Worker-2] Ubicacin: Arranca tu ao sobre ruedas!
[Worker-2] Sbete a tu prximo seminuevo, el auto que mereces.
[Worker-2] Arranca tu ao sobre ruedas!
[Worker-2] Sbete a tu prximo seminuevo, el auto que mereces.
[Worker-2] Arranca tu ao sobre ruedas!
[Worker-2] Sbete a tu prximo seminuevo, el auto que mereces.
[Worker-2] Arranca tu ao sobre ruedas!
[Worker-2] Sbete a tu prximo seminuevo, el auto que mereces.
[Worker-2] Iniciar sesin
[Worker-2] Quiero vender
[Worker-2] Comprar
[Worker-2] Quiero vender
[Worker-2] Financiamiento
[Worker-2] Alquilar
[Worker-2] Nuevo
[Worker-2] Seguros
[Worker-2] Eventos
[Worker-2] Publicidad
[Worker-2] Ver fotos
[Worker-2] Autos usados
[Worker-2] Kia
[Worker-2] Sonet
[Worker-2] Kia Sonet 2023
[Worker-2] Piura, Piura, Piura
[Worker-2] Publicado hoy
[Worker-2] 52 vistas
[Worker-2] Reportar aviso
[Worker-2] Compartir
[Worker-2] Marcar como favorito
[Worker-2] Kia Sonet 2023
[Worker-2] Reportar aviso
[Worker-2] Compartir
[Worker-2] Marcar como favorito
[Worker-2] Ao modelo
[Worker-2] 2023
[Worker-2] Kilometraje
[Worker-2] 60,000 km
[Worker-2] Transmisin
[Worker-2] Automtica - Secuencial
[Worker-2] Descripcin
[Worker-2] 
[Worker-2] Te recomendamos:
[Worker-2] 
[Worker-2] Te toca renovar tu SOAT?
[Worker-2] 
[Worker-2] Verifica el estado de tu SOAT aqu y evita multas.
[Worker-2] 
[Worker-2] Consultar SOAT
[Worker-2] 
[Worker-2] Alquila autos con Kinto Share
[Worker-2] 
[Worker-2] Que nada frene tus aventuras. Seguro,flexible y con garantia.
[Worker-2] 
[Worker-2] Ver ms
[Worker-2] 
[Worker-2] Blog & Noticias
[Worker-2] 
[Worker-2] Entrate de las ltimas novedades del sector automotriz.
[Worker-2] 
[Worker-2] Ver ms
[Worker-2] Especificaciones tcnicas
[Worker-2] Caractersticas
[Worker-2] Marca
[Worker-2] Kia
[Worker-2] Modelo
[Worker-2] SONET
[Worker-2] Ao de fabricacin
[Worker-2] 2022
[Worker-2] Categora
[Worker-2] Camioneta
[Worker-2] Combustible
[Worker-2] Gasolina
[Worker-2] Nmero de puertas
[Worker-2] 4
[Worker-2] Traccin
[Worker-2] 4x2
[Worker-2] Color
[Worker-2] Blanco
[Worker-2] Equipamiento
[Worker-2] Retrovisores Elctricos
[Worker-2] Aire Acondicionado
[Worker-2] Full Equipo
[Worker-2] Seguridad
[Worker-2] Localizador (GPS)
[Worker-2] Airbag
[Worker-2] Lminas de Seguridad
[Worker-2] Precios y costos
[Worker-2] 
[Worker-2] An no tenemos suficiente informacin para determinar un rango de precio para este vehculo.
[Worker-2] 
[Worker-2] Excelente
[Worker-2] Competitivo
[Worker-2] Premium
[Worker-2] 
[Worker-2] (*) Precio referencial
[Worker-2] 
[Worker-2] Cmo se calcula este rango?
[Worker-2] 
[Worker-2] Te toca renovar tu SOAT?
[Worker-2] 
[Worker-2] Verifica el estado de tu SOAT aqu y evita multas.
[Worker-2] 
[Worker-2] Consultar SOAT
[Worker-2] Precio
[Worker-2] US$16,000
[Worker-2] Dscto. por adquirir el Crdito Vehicular
[Worker-2] -US$1,000*
[Worker-2] *Aplica si financias tu auto con Santander Consumer
[Worker-2] Contctate con el anunciante
[Worker-2] Kelly Fiorella Zapata Balcazar
[Worker-2] 996 344...
[Worker-2] Ms informacin
[Worker-2] Beneficios adicionales para ti:
[Worker-2] La mejor opcin
[Worker-2] Financia tu auto con Santander Consumer
[Worker-2] 
[Worker-2] Paga desde:
[Worker-2] US$15,000 o
[Worker-2] US$434/mes*
[Worker-2] Simular crdito
[Worker-2] 
[Worker-2] (*) Cuota mensual referencial. Calculada a 60 meses, 20% de inicial y TEA de 20.99%. No incluye seguro vehicular.
[Worker-2] 
[Worker-2] Solicita tu Prstamo Personal hasta de S/45,000
[Worker-2] Me interesa
[Worker-2] Vehculos similares
[Worker-2] Ver todos los vehculos
[Worker-2] Kia Sorento 2024
[Worker-2] 7,500km
[Worker-2] 2.5 AT - EX 4X2...
[Worker-2] Automtica - Se...
[Worker-2] Gasolina
[Worker-2] Precio
[Worker-2] US$32,990
[Worker-2] Con Crdito Vehicular
[Worker-2] US$31,990
[Worker-2] Ver detalle
[Worker-2] Vehculo de: Miguel Huamani
[Worker-2] Kia Seltos 2026
[Worker-2] 5km
[Worker-2] DELUX EDITION
[Worker-2] Automtica
[Worker-2] Gasolina
[Worker-2] Precio
[Worker-2] US$22,800
[Worker-2] Con Crdito Vehicular
[Worker-2] US$21,800
[Worker-2] Ver detalle
[Worker-2] Vehculo de: Paul Hermosa mattos
[Worker-2] Unico Dueo
[Worker-2] Kia Sportage 2023
[Worker-2] 67,000km
[Worker-2] 1.6T DCT X LINE
[Worker-2] Automtica - Se...
[Worker-2] Gasolina
[Worker-2] Precio
[Worker-2] US$27,500
[Worker-2] Con Crdito Vehicular
[Worker-2] US$26,500
[Worker-2] Ver detalle
[Worker-2] Vehculo de: Pablo Pea
[Worker-2] Seat Ateca 2023
[Worker-2] 23,800km
[Worker-2] Automtica - Se...
[Worker-2] Gasolina
[Worker-2] Precio
[Worker-2] US$21,900
[Worker-2] Con Crdito Vehicular
[Worker-2] US$20,900
[Worker-2] Ver detalle
[Worker-2] Vehculo de: SN SN
[Worker-2] Unico Dueo
[Worker-2] Jeep Grand Cherokee Laredo 2018
[Worker-2] 79,800km
[Worker-2] Automtica
[Worker-2] Gasolina
[Worker-2] Precio
[Worker-2] US$22,200
[Worker-2] Con Crdito Vehicular
[Worker-2] US$796/mes
[Worker-2] Ver detalle
[Worker-2] Vehculo de: Rodrigo Valverde
[Worker-2] Mitsubishi Asx 2022
[Worker-2] 6,900km
[Worker-2] SEMIFULL
[Worker-2] Mecnica
[Worker-2] Gasolina
[Worker-2] Precio
[Worker-2] US$25,000
[Worker-2] Con Crdito Vehicular
[Worker-2] US$672/mes
[Worker-2] Ver detalle
[Worker-2] Vehculo de: Fernando Alonso Fuentes Ortiz
[Worker-2] Motor Econmico
[Worker-2] Keyton Fj6450 2022
[Worker-2] 800km
[Worker-2] Automtica
[Worker-2] Elctrico
[Worker-2] Precio
[Worker-2] US$13,000
[Worker-2] Con Crdito Vehicular
[Worker-2] US$354/mes
[Worker-2] Ver detalle
[Worker-2] Vehculo de: Omar Andre Almeida Sullcahuaman
[Worker-2] Jac S2 2021
[Worker-2] 100km
[Worker-2] Mecnica
[Worker-2] Gasolina
[Worker-2] Precio
[Worker-2] US$10,500
[Worker-2] Con Crdito Vehicular
[Worker-2] US$288/mes
[Worker-2] Ver detalle
[Worker-2] Vehculo de: Michael Campos Tiza
[Worker-2] Seminuevos
[Worker-2] Autos
[Worker-2] Motos
[Worker-2] Camiones
[Worker-2] Usados
[Worker-2] Autos
[Worker-2] Motos
[Worker-2] Camiones
[Worker-2] Nuevos
[Worker-2] Autos
[Worker-2] Camiones
[Worker-2] Ayuda
[Worker-2] Trminos y condiciones
[Worker-2] Polticas de publicacin
[Worker-2] Cmo protegemos tus datos?
[Worker-2] Legales
[Worker-2] Sobre NeoAuto
[Worker-2] Noticias
[Worker-2] Tips y guas
[Worker-2] Ayuda en lnea
[Worker-2] 2024 NeoAuto Inc. Todos los derechos reservados
[Worker-2] Sguenos
[Worker-6] Navegacin rpida (sin acciones)
[Worker-6] Paso 3/4: Filtro por Marca 'MAZDA'...
[Worker-2] Descripcin: {"@context":"https://schema.org","@graph":[{"@type":"Organization","@id":"https://neoauto.com/#organ...
[Worker-2] nico dueo: S
[Worker-2] Datos guardados en: /home/richgutz/Scraper-Neoauto-ANTIGRAVITY/extractores/results_txt/diario_result_20260126_214828_91eb76.txt
[Worker-5] Scroll INICIAL para activar contenido...
[Worker-4] Navegacin rpida (sin acciones)
[Worker-4] Paso 2/4: Categora 'Usados'...
[Worker-1] Navegacin rpida (sin acciones)
[Worker-1] Paso 2/4: Categora 'Usados'...
[Worker-6] Navegacin rpida (sin acciones)
[Worker-6] Paso 4/4: URL Final...
[Worker-4] Navegacin rpida (sin acciones)
[Worker-4] Paso 3/4: Filtro por Marca 'HONDA'...
[Worker-1] Navegacin rpida (sin acciones)
[Worker-1] Paso 3/4: Filtro por Marca 'TOYOTA'...
[Worker-6] Scroll INICIAL para activar contenido...
[Worker-4] Navegacin rpida (sin acciones)
[Worker-4] Paso 4/4: URL Final...
[Worker-1] Navegacin rpida (sin acciones)
[Worker-1] Paso 4/4: URL Final...
[Worker-2] URL obtenida y bloqueada desde urls_autos_diarios: https://neoauto.com/auto/usado/audi-a4-2018-1863571
[Worker-2] 
[Worker-2] Iniciando extraccin para: https://neoauto.com/auto/usado/audi-a4-2018-1863571
[Worker-2] Iniciando navegacin...
[Worker-2] Marca extrada: 'audi'
[Worker-2] Camino elegido (4 pasos).
[Worker-2] Paso 1/4: Pgina Principal...
[Worker-3] URL obtenida y bloqueada desde urls_autos_diarios: https://neoauto.com/auto/usado/chevrolet-n400-2023-1863479
[Worker-3] 
[Worker-3] Iniciando extraccin para: https://neoauto.com/auto/usado/chevrolet-n400-2023-1863479
[Worker-3] Iniciando navegacin...
[Worker-3] Marca extrada: 'chevrolet'
[Worker-3] Camino elegido (4 pasos).
[Worker-3] Paso 1/4: Pgina Principal...
[Worker-4] Scroll INICIAL para activar contenido...
[Worker-1] Scroll INICIAL para activar contenido...
[Worker-2] Navegacin rpida (sin acciones)
[Worker-2] Paso 2/4: Categora 'Usados'...
[Worker-3] Navegacin rpida (sin acciones)
[Worker-3] Paso 2/4: Categora 'Usados'...
[Worker-2] Navegacin rpida (sin acciones)
[Worker-2] Paso 3/4: Filtro por Marca 'AUDI'...
[Worker-3] Navegacin rpida (sin acciones)
[Worker-3] Paso 3/4: Filtro por Marca 'CHEVROLET'...
[Worker-2] Navegacin rpida (sin acciones)
[Worker-2] Paso 4/4: URL Final...
[Worker-3] Navegacin rpida (sin acciones)
[Worker-3] Paso 4/4: URL Final...
[Worker-2] Scroll INICIAL para activar contenido...
[Worker-3] Scroll INICIAL para activar contenido...
[Worker-5] No apareci popup de cookies
[Worker-5] Intento 1: Page.click: Timeout 1000ms exceeded.
[Worker-5] Call log:
[Worker-5] - waiting for locator("button[class*='close']").locator("svg").locator("xpath=./ancestor::button")
[Worker-5] 
[Worker-6] No apareci popup de cookies
[Worker-5] Intento 2: Page.click: Timeout 1000ms exceeded.
[Worker-5] Call log:
[Worker-5] - waiting for locator("button[class*='close']").locator("svg").locator("xpath=./ancestor::button")
[Worker-5] 
[Worker-6] Intento 1: Page.click: Timeout 1000ms exceeded.
[Worker-6] Call log:
[Worker-6] - waiting for locator("button[class*='close']").locator("svg").locator("xpath=./ancestor::button")
[Worker-6] 
[Worker-1] No apareci popup de cookies
[Worker-4] No apareci popup de cookies
[Worker-1] Intento 1: Page.click: Timeout 1000ms exceeded.
[Worker-1] Call log:
[Worker-1] - waiting for locator("button[class*='close']").locator("svg").locator("xpath=./ancestor::button")
[Worker-1] 
[Worker-4] Intento 1: Page.click: Timeout 1000ms exceeded.
[Worker-4] Call log:
[Worker-4] - waiting for locator("button[class*='close']").locator("svg").locator("xpath=./ancestor::button")
[Worker-4] 
[Worker-6] Intento 2: Page.click: Timeout 1000ms exceeded.
[Worker-6] Call log:
[Worker-6] - waiting for locator("button[class*='close']").locator("svg").locator("xpath=./ancestor::button")
[Worker-6] 
[Worker-1] Intento 2: Page.click: Timeout 1000ms exceeded.
[Worker-1] Call log:
[Worker-1] - waiting for locator("button[class*='close']").locator("svg").locator("xpath=./ancestor::button")
[Worker-1] 
[Worker-4] Intento 2: Page.click: Timeout 1000ms exceeded.
[Worker-4] Call log:
[Worker-4] - waiting for locator("button[class*='close']").locator("svg").locator("xpath=./ancestor::button")
[Worker-4] 
[Worker-2] No apareci popup de cookies
[Worker-2] Intento 1: Page.click: Timeout 1000ms exceeded.
[Worker-2] Call log:
[Worker-2] - waiting for locator("button[class*='close']").locator("svg").locator("xpath=./ancestor::button")
[Worker-2] 
[Worker-3] No apareci popup de cookies
[Worker-3] Intento 1: Page.click: Timeout 1000ms exceeded.
[Worker-3] Call log:
[Worker-3] - waiting for locator("button[class*='close']").locator("svg").locator("xpath=./ancestor::button")
[Worker-3] 
[Worker-2] Intento 2: Page.click: Timeout 1000ms exceeded.
[Worker-2] Call log:
[Worker-2] - waiting for locator("button[class*='close']").locator("svg").locator("xpath=./ancestor::button")
[Worker-2] 
[Worker-3] Intento 2: Page.click: Timeout 1000ms exceeded.
[Worker-3] Call log:
[Worker-3] - waiting for locator("button[class*='close']").locator("svg").locator("xpath=./ancestor::button")
[Worker-3] 
[Worker-5] Intento 1: Popup no encontrado
[Worker-6] Intento 1: Popup no encontrado
[Worker-1] Intento 1: Popup no encontrado
[Worker-4] Intento 1: Popup no encontrado
[Worker-5] Intento 2: Popup no encontrado
[Worker-6] Intento 2: Popup no encontrado
[Worker-2] Intento 1: Popup no encontrado
[Worker-1] Intento 2: Popup no encontrado
[Worker-4] Intento 2: Popup no encontrado
[Worker-5] Intento 3: Popup no encontrado
[Worker-3] Intento 1: Popup no encontrado
[Worker-5] No se pudo cerrar el popup de satisfaccin
[Worker-5] Popups manejados POST-scroll
[Worker-5] Scroll adicional de confirmacin...
[Worker-6] Intento 3: Popup no encontrado
[Worker-5] Ttulo: Nissan X-trail 2009
[Worker-5] Precio: S/ nan
[Worker-5] Kilometraje: inf km
[Worker-5] Ubicacin: Arranca tu ao sobre ruedas!
[Worker-5] Sbete a tu prximo seminuevo, el auto que mereces.
[Worker-5] Arranca tu ao sobre ruedas!
[Worker-5] Sbete a tu prximo seminuevo, el auto que mereces.
[Worker-5] Arranca tu ao sobre ruedas!
[Worker-5] Sbete a tu prximo seminuevo, el auto que mereces.
[Worker-5] Arranca tu ao sobre ruedas!
[Worker-5] Sbete a tu prximo seminuevo, el auto que mereces.
[Worker-5] Iniciar sesin
[Worker-5] Quiero vender
[Worker-5] Comprar
[Worker-5] Quiero vender
[Worker-5] Financiamiento
[Worker-5] Alquilar
[Worker-5] Nuevo
[Worker-5] Seguros
[Worker-5] Eventos
[Worker-5] Publicidad
[Worker-5] Ver fotos
[Worker-5] Autos usados
[Worker-5] Nissan
[Worker-5] X-trail
[Worker-5] Nissan X-trail 2009
[Worker-5] La Molina, Lima, Lima
[Worker-5] Publicado hoy
[Worker-5] 22 vistas
[Worker-5] Reportar aviso
[Worker-5] Compartir
[Worker-5] Marcar como favorito
[Worker-5] Nissan X-trail 2009
[Worker-5] Reportar aviso
[Worker-5] Compartir
[Worker-5] Marcar como favorito
[Worker-5] Ao modelo
[Worker-5] 2009
[Worker-5] Kilometraje
[Worker-5] 175,240 km
[Worker-5] Transmisin
[Worker-5] Automtica - Secuencial
[Worker-5] Descripcin
[Worker-5] *OCASIN! NISSAN X-TRAIL 2009 4x4 - 2.5 AT* En muy buen estado, de uso particular, ideal para ciudad y viajes. *PRECIO: $11,000 DLARES* Tapizado: Cuero genuino  Aire acondicionado en perfecto estado  Sistema de audio cambiado y actualizado con B...
[Worker-5] Seguir leyendo
[Worker-5] Te recomendamos:
[Worker-5] 
[Worker-5] Te toca renovar tu SOAT?
[Worker-5] 
[Worker-5] Verifica el estado de tu SOAT aqu y evita multas.
[Worker-5] 
[Worker-5] Consultar SOAT
[Worker-5] 
[Worker-5] Alquila autos con Kinto Share
[Worker-5] 
[Worker-5] Que nada frene tus aventuras. Seguro,flexible y con garantia.
[Worker-5] 
[Worker-5] Ver ms
[Worker-5] 
[Worker-5] Blog & Noticias
[Worker-5] 
[Worker-5] Entrate de las ltimas novedades del sector automotriz.
[Worker-5] 
[Worker-5] Ver ms
[Worker-5] Especificaciones tcnicas
[Worker-5] Caractersticas
[Worker-5] Marca
[Worker-5] Nissan
[Worker-5] Modelo
[Worker-5] X-TRAIL
[Worker-5] Versin
[Worker-5] S ALL MODE 2.5 AT
[Worker-5] Versin
[Worker-5] S ALL MODE 2.5 AT
[Worker-5] Ao de fabricacin
[Worker-5] 2009
[Worker-5] Categora
[Worker-5] Camioneta
[Worker-5] Combustible
[Worker-5] Gasolina
[Worker-5] Nmero de puertas
[Worker-5] 5
[Worker-5] Traccin
[Worker-5] 4x4
[Worker-5] Color
[Worker-5] Plata
[Worker-5] Nmero cilindros
[Worker-5] 4
[Worker-5] Cilindrada
[Worker-5] 2,500 cc
[Worker-5] Equipamiento
[Worker-5] Retrovisores Elctricos
[Worker-5] Neblineros
[Worker-5] Aire Acondicionado
[Worker-5] Parlantes/Bajos
[Worker-5] Radio CD
[Worker-5] Radio MP3
[Worker-5] Exterior
[Worker-5] Aros de Aleacin
[Worker-5] Luces Halgenas
[Worker-5] Seguridad
[Worker-5] Airbag
[Worker-5] Faros antiniebla delantero
[Worker-5] Alarma
[Worker-5] Extras
[Worker-5] Asientos de cuero
[Worker-5] Precios y costos
[Worker-5] 
[Worker-5] An no tenemos suficiente informacin para determinar un rango de precio para este vehculo.
[Worker-5] 
[Worker-5] Excelente
[Worker-5] Competitivo
[Worker-5] Premium
[Worker-5] 
[Worker-5] (*) Precio referencial
[Worker-5] 
[Worker-5] Cmo se calcula este rango?
[Worker-5] 
[Worker-5] Te toca renovar tu SOAT?
[Worker-5] 
[Worker-5] Verifica el estado de tu SOAT aqu y evita multas.
[Worker-5] 
[Worker-5] Consultar SOAT
[Worker-5] Precio
[Worker-5] US$11,000
[Worker-5] Contctate con el anunciante
[Worker-5] Lizeth Torres Arevalo
[Worker-5] 975 343...
[Worker-5] Ms informacin
[Worker-5] Beneficios adicionales para ti:
[Worker-5] Solicita tu Prstamo Personal hasta de S/45,000
[Worker-5] Me interesa
[Worker-5] Vehculos similares
[Worker-5] Ver todos los vehculos
[Worker-5] Nissan Qashqai 2025
[Worker-5] 21,000km
[Worker-5] SENSE 4X2
[Worker-5] Mecnica
[Worker-5] Gasolina
[Worker-5] Precio
[Worker-5] US$25,700
[Worker-5] Con Crdito Vehicular
[Worker-5] US$691/mes
[Worker-5] Ver detalle
[Worker-5] Vehculo de: Cristhian Campos
[Worker-5] Premium
[Worker-5] Nissan Pathfinder 2012
[Worker-5] 210,000km
[Worker-5] Automtica - Se...
[Worker-5] Diesel
[Worker-5] Precio
[Worker-5] US$15,900
[Worker-5] Ver detalle
[Worker-5] Vehculo de: CARLES MANUEL FARFAN NAVARRO
[Worker-5] Auto verificado
[Worker-5] Unico Dueo
[Worker-5] Nissan Pathfinder 2015
[Worker-5] 175,000km
[Worker-5] EXCLUSIVE CVT
[Worker-5] Automtica
[Worker-5] Gasolina
[Worker-5] Precio
[Worker-5] US$15,000
[Worker-5] Ver detalle
[Worker-5] Vehculo de: AVIBIOL SAC
[Worker-5] Premium
[Worker-5] Nissan Pathfinder 2005
[Worker-5] 350,000km
[Worker-5] SE LUX 3.5
[Worker-5] Automtica
[Worker-5] Gas GLP
[Worker-5] Precio
[Worker-5] US$7,500
[Worker-5] Ver detalle
[Worker-5] Vehculo de: Alfredo Ponte Palma
[Worker-5] Como nuevo
[Worker-5] Nissan Qashqai 2021
[Worker-5] 97,000km
[Worker-5] ADVANCE MODELO ...
[Worker-5] Automtica - Se...
[Worker-5] Gasolina
[Worker-5] Precio
[Worker-5] US$19,000
[Worker-5] Con Crdito Vehicular
[Worker-5] US$18,000
[Worker-5] Ver detalle
[Worker-5] Vehculo de: Dwight Guillermo Garca Lizrraga
[Worker-5] De lujo
[Worker-5] Mercedes Benz Ml 350 2013
[Worker-5] 60,000km
[Worker-5] 4X4
[Worker-5] Automtica - Se...
[Worker-5] Gasolina
[Worker-5] Precio
[Worker-5] US$23,000
[Worker-5] Ver detalle
[Worker-5] Vehculo de: Reynaldo Salazar
[Worker-5] Volkswagen Tiguan Allspace 2019
[Worker-5] 66,500km
[Worker-5] Automtica - Se...
[Worker-5] Gasolina
[Worker-5] Precio
[Worker-5] US$19,100
[Worker-5] Con Crdito Vehicular
[Worker-5] US$18,100
[Worker-5] Ver detalle
[Worker-5] Vehculo de: juan carlos onofre
[Worker-5] Chevrolet Tracker 2020
[Worker-5] 107,000km
[Worker-5] FULL EQUIPO
[Worker-5] Automtica - Se...
[Worker-5] Dual
[Worker-5] Precio
[Worker-5] US$12,000
[Worker-5] Con Crdito Vehicular
[Worker-5] US$368/mes
[Worker-5] Ver detalle
[Worker-5] Vehculo de: Miguel Villafana
[Worker-5] Seminuevos
[Worker-5] Autos
[Worker-5] Motos
[Worker-5] Camiones
[Worker-5] Usados
[Worker-5] Autos
[Worker-5] Motos
[Worker-5] Camiones
[Worker-5] Nuevos
[Worker-5] Autos
[Worker-5] Camiones
[Worker-5] Ayuda
[Worker-5] Trminos y condiciones
[Worker-5] Polticas de publicacin
[Worker-5] Cmo protegemos tus datos?
[Worker-5] Legales
[Worker-5] Sobre NeoAuto
[Worker-5] Noticias
[Worker-5] Tips y guas
[Worker-5] Ayuda en lnea
[Worker-5] 2024 NeoAuto Inc. Todos los derechos reservados
[Worker-5] Sguenos
[Worker-5] Descripcin: {"@context":"https://schema.org","@graph":[{"@type":"Organization","@id":"https://neoauto.com/#organ...
[Worker-5] nico dueo: S
[Worker-5] Datos guardados en: /home/richgutz/Scraper-Neoauto-ANTIGRAVITY/extractores/results_txt/diario_result_20260126_214920_41695f.txt
[Worker-6] No se pudo cerrar el popup de satisfaccin
[Worker-6] Popups manejados POST-scroll
[Worker-6] Scroll adicional de confirmacin...
[Worker-2] Intento 2: Popup no encontrado
[Worker-1] Intento 3: Popup no encontrado
[Worker-4] Intento 3: Popup no encontrado
[Worker-1] No se pudo cerrar el popup de satisfaccin
[Worker-1] Popups manejados POST-scroll
[Worker-1] Scroll adicional de confirmacin...
[Worker-3] Intento 2: Popup no encontrado
[Worker-4] No se pudo cerrar el popup de satisfaccin
[Worker-4] Popups manejados POST-scroll
[Worker-4] Scroll adicional de confirmacin...
[Worker-6] Ttulo: Mazda Cx-30 2022
[Worker-6] Precio: S/ nan
[Worker-6] Kilometraje: inf km
[Worker-6] Ubicacin: Arranca tu ao sobre ruedas!
[Worker-6] Sbete a tu prximo seminuevo, el auto que mereces.
[Worker-6] Arranca tu ao sobre ruedas!
[Worker-6] Sbete a tu prximo seminuevo, el auto que mereces.
[Worker-6] Arranca tu ao sobre ruedas!
[Worker-6] Sbete a tu prximo seminuevo, el auto que mereces.
[Worker-6] Arranca tu ao sobre ruedas!
[Worker-6] Sbete a tu prximo seminuevo, el auto que mereces.
[Worker-6] Iniciar sesin
[Worker-6] Quiero vender
[Worker-6] Comprar
[Worker-6] Quiero vender
[Worker-6] Financiamiento
[Worker-6] Alquilar
[Worker-6] Nuevo
[Worker-6] Seguros
[Worker-6] Eventos
[Worker-6] Publicidad
[Worker-6] Ver fotos
[Worker-6] Autos usados
[Worker-6] Mazda
[Worker-6] Cx-30
[Worker-6] Mazda Cx-30 2022
[Worker-6] San Borja, Lima, Lima
[Worker-6] Publicado hoy
[Worker-6] 1,655 vistas
[Worker-6] Reportar aviso
[Worker-6] Compartir
[Worker-6] Marcar como favorito
[Worker-6] Mazda Cx-30 2022
[Worker-6] Reportar aviso
[Worker-6] Compartir
[Worker-6] Marcar como favorito
[Worker-6] Ao modelo
[Worker-6] 2022
[Worker-6] Kilometraje
[Worker-6] 57,000 km
[Worker-6] Transmisin
[Worker-6] Automtica - Secuencial
[Worker-6] Descripcin
[Worker-6] Mazda Cx30 ao/mod 2022 automtico,secuencial,57,000km. Mantenimiento al da, full,equipo. Slo interesados, abstenerse revendedores
[Worker-6] Te recomendamos:
[Worker-6] 
[Worker-6] Te toca renovar tu SOAT?
[Worker-6] 
[Worker-6] Verifica el estado de tu SOAT aqu y evita multas.
[Worker-6] 
[Worker-6] Consultar SOAT
[Worker-6] 
[Worker-6] Alquila autos con Kinto Share
[Worker-6] 
[Worker-6] Que nada frene tus aventuras. Seguro,flexible y con garantia.
[Worker-6] 
[Worker-6] Ver ms
[Worker-6] 
[Worker-6] Blog & Noticias
[Worker-6] 
[Worker-6] Entrate de las ltimas novedades del sector automotriz.
[Worker-6] 
[Worker-6] Ver ms
[Worker-6] Especificaciones tcnicas
[Worker-6] Caractersticas
[Worker-6] Marca
[Worker-6] Mazda
[Worker-6] Modelo
[Worker-6] CX-30
[Worker-6] Versin
[Worker-6] CX-30 AT 2.0CC 2WD PRIME
[Worker-6] Ao de fabricacin
[Worker-6] 2022
[Worker-6] Categora
[Worker-6] Camioneta
[Worker-6] Combustible
[Worker-6] Gasolina
[Worker-6] Nmero de puertas
[Worker-6] 4
[Worker-6] Traccin
[Worker-6] Delantera
[Worker-6] Color
[Worker-6] Plomo
[Worker-6] Nmero cilindros
[Worker-6] 4
[Worker-6] Cilindrada
[Worker-6] 2,000 cc
[Worker-6] Equipamiento
[Worker-6] Neblineros
[Worker-6] Aire Acondicionado
[Worker-6] Full Equipo
[Worker-6] Computadora de abordo
[Worker-6] Parlantes/Bajos
[Worker-6] Retrovisores Elctricos
[Worker-6] Exterior
[Worker-6] Luces Halgenas
[Worker-6] Aros de Aleacin
[Worker-6] Aros
[Worker-6] Seguridad
[Worker-6] Airbag
[Worker-6] Lminas de Seguridad
[Worker-6] Faros antiniebla delantero
[Worker-6] Inmovilizador de motor
[Worker-6] Repartidor electrnico de frenado
[Worker-6] Frenos ABS
[Worker-6] Alarma
[Worker-6] Extras
[Worker-6] Climatizador
[Worker-6] Precios y costos
[Worker-6] 
[Worker-6] An no tenemos suficiente informacin para determinar un rango de precio para este vehculo.
[Worker-6] 
[Worker-6] Excelente
[Worker-6] Competitivo
[Worker-6] Premium
[Worker-6] 
[Worker-6] (*) Precio referencial
[Worker-6] 
[Worker-6] Cmo se calcula este rango?
[Worker-6] 
[Worker-6] Te toca renovar tu SOAT?
[Worker-6] 
[Worker-6] Verifica el estado de tu SOAT aqu y evita multas.
[Worker-6] 
[Worker-6] Consultar SOAT
[Worker-6] Precio
[Worker-6] US$19,800
[Worker-6] Dscto. por adquirir el Crdito Vehicular
[Worker-6] -US$1,000*
[Worker-6] *Aplica si financias tu auto con Santander Consumer
[Worker-6] Contctate con el anunciante
[Worker-6] Miguel De La Cruz
[Worker-6] 953 833...
[Worker-6] Ms informacin
[Worker-6] Beneficios adicionales para ti:
[Worker-6] La mejor opcin
[Worker-6] Financia tu auto con Santander Consumer
[Worker-6] 
[Worker-6] Paga desde:
[Worker-6] US$18,800 o
[Worker-6] US$534/mes*
[Worker-6] Simular crdito
[Worker-6] 
[Worker-6] (*) Cuota mensual referencial. Calculada a 60 meses, 20% de inicial y TEA de 20.99%. No incluye seguro vehicular.
[Worker-6] 
[Worker-6] Solicita tu Prstamo Personal hasta de S/45,000
[Worker-6] Me interesa
[Worker-6] Vehculos similares
[Worker-6] Ver todos los vehculos
[Worker-6] Seminuevo
[Worker-6] Mazda Cx-30 2022
[Worker-6] 45,000km
[Worker-6] Mecnica
[Worker-6] Gasolina
[Worker-6] Precio
[Worker-6] US$18,500
[Worker-6] Con Crdito Vehicular
[Worker-6] US$17,500
[Worker-6] Ver detalle
[Worker-6] Vehculo de: wilman vera
[Worker-6] Auto verificado
[Worker-6] Como nuevo
[Worker-6] Mazda Cx-9 2019
[Worker-6] 66,000km
[Worker-6] AT 2.5T AWD GS ...
[Worker-6] Automtica
[Worker-6] Gasolina
[Worker-6] Precio
[Worker-6] US$26,500
[Worker-6] Con Crdito Vehicular
[Worker-6] US$25,500
[Worker-6] Ver detalle
[Worker-6] Vehculo de: Gonzalo Arizola
[Worker-6] De lujo
[Worker-6] Mazda Cx-5 2025
[Worker-6] 21,300km
[Worker-6] CX-5 2.5 SPORT ...
[Worker-6] Automtica - Se...
[Worker-6] Gasolina
[Worker-6] Precio
[Worker-6] US$32,000
[Worker-6] Con Crdito Vehicular
[Worker-6] US$858/mes
[Worker-6] Ver detalle
[Worker-6] Vehculo de: Santiago Laumann
[Worker-6] Unico Dueo
[Worker-6] Mazda Cx-9 2024
[Worker-6] 24,000km
[Worker-6] Automtica - Se...
[Worker-6] Gasolina
[Worker-6] Precio
[Worker-6] US$33,500
[Worker-6] Con Crdito Vehicular
[Worker-6] US$32,500
[Worker-6] Ver detalle
[Worker-6] Vehculo de: MANUEL VELASQUEZ
[Worker-6] Mazda Cx-9 2023
[Worker-6] 28,400km
[Worker-6] CX-9 CORE 2.5T ...
[Worker-6] Automtica - Se...
[Worker-6] Gasolina
[Worker-6] Precio
[Worker-6] US$35,000
[Worker-6] Con Crdito Vehicular
[Worker-6] US$937/mes
[Worker-6] Ver detalle
[Worker-6] Vehculo de: Carlos Lozano
[Worker-6] Mazda Cx-3 2018
[Worker-6] 23,000km
[Worker-6] 2,0 2WD SPORT
[Worker-6] Automtica - Se...
[Worker-6] Gasolina
[Worker-6] Precio
[Worker-6] US$15,500
[Worker-6] Con Crdito Vehicular
[Worker-6] US$14,500
[Worker-6] Ver detalle
[Worker-6] Vehculo de: Martha Montoya
[Worker-6] Auto verificado
[Worker-6] Unico Dueo
[Worker-6] Mazda Cx-5 2023
[Worker-6] 15,000km
[Worker-6] Mecnica
[Worker-6] Gasolina
[Worker-6] Precio
[Worker-6] US$23,200
[Worker-6] Con Crdito Vehicular
[Worker-6] US$22,200
[Worker-6] Ver detalle
[Worker-6] Vehculo de: Belizario Santillan
[Worker-6] Auto verificado
[Worker-6] Mazda Cx-5 2022
[Worker-6] 42,000km
[Worker-6] CORE 2.0 AT 2WD
[Worker-6] Automtica - Se...
[Worker-6] Gasolina
[Worker-6] Precio
[Worker-6] US$24,000
[Worker-6] Con Crdito Vehicular
[Worker-6] US$23,000
[Worker-6] Ver detalle
[Worker-6] Vehculo de: Brian Del Mar Rodriguez
[Worker-6] Seminuevos
[Worker-6] Autos
[Worker-6] Motos
[Worker-6] Camiones
[Worker-6] Usados
[Worker-6] Autos
[Worker-6] Motos
[Worker-6] Camiones
[Worker-6] Nuevos
[Worker-6] Autos
[Worker-6] Camiones
[Worker-6] Ayuda
[Worker-6] Trminos y condiciones
[Worker-6] Polticas de publicacin
[Worker-6] Cmo protegemos tus datos?
[Worker-6] Legales
[Worker-6] Sobre NeoAuto
[Worker-6] Noticias
[Worker-6] Tips y guas
[Worker-6] Ayuda en lnea
[Worker-6] 2024 NeoAuto Inc. Todos los derechos reservados
[Worker-6] Sguenos
[Worker-6] Descripcin: {"@context":"https://schema.org","@graph":[{"@type":"Organization","@id":"https://neoauto.com/#organ...
[Worker-6] nico dueo: S
[Worker-6] Datos guardados en: /home/richgutz/Scraper-Neoauto-ANTIGRAVITY/extractores/results_txt/diario_result_20260126_214923_f638ed.txt
[Worker-1] Ttulo: Toyota Hilux 2022
[Worker-1] Precio: S/ nan
[Worker-1] Kilometraje: inf km
[Worker-1] Ubicacin: Arranca tu ao sobre ruedas!
[Worker-1] Sbete a tu prximo seminuevo, el auto que mereces.
[Worker-1] Arranca tu ao sobre ruedas!
[Worker-1] Sbete a tu prximo seminuevo, el auto que mereces.
[Worker-1] Arranca tu ao sobre ruedas!
[Worker-1] Sbete a tu prximo seminuevo, el auto que mereces.
[Worker-1] Arranca tu ao sobre ruedas!
[Worker-1] Sbete a tu prximo seminuevo, el auto que mereces.
[Worker-1] Iniciar sesin
[Worker-1] Quiero vender
[Worker-1] Comprar
[Worker-1] Quiero vender
[Worker-1] Financiamiento
[Worker-1] Alquilar
[Worker-1] Nuevo
[Worker-1] Seguros
[Worker-1] Eventos
[Worker-1] Publicidad
[Worker-1] Ver fotos
[Worker-1] Autos usados
[Worker-1] Toyota
[Worker-1] Hilux
[Worker-1] Toyota Hilux 2022
[Worker-1] La Molina, Lima, Lima
[Worker-1] Publicado hoy
[Worker-1] 41 vistas
[Worker-1] Reportar aviso
[Worker-1] Compartir
[Worker-1] Marcar como favorito
[Worker-1] Toyota Hilux 2022
[Worker-1] Reportar aviso
[Worker-1] Compartir
[Worker-1] Marcar como favorito
[Worker-1] Ao modelo
[Worker-1] 2022
[Worker-1] Kilometraje
[Worker-1] 59,000 km
[Worker-1] Transmisin
[Worker-1] Mecnica
[Worker-1] Descripcin
[Worker-1] TOYOTA HILUX 2023 SR 4x2 2GD
[Worker-1] Precio: 94,000 SOLES FACTURABLE
[Worker-1] Traccin: 4x2
[Worker-1] Combustible: Disel
[Worker-1] Motor: 2.4
[Worker-1] Kilometraje : 59,100
[Worker-1] nico dueo
[Worker-1] Modos de manejo (ECOMODE y POWERMODE)
[Worker-1] 3 llaves originales
[Worker-1] Cmara de retroceso y sensores traseros
[Worker-1] Co...
[Worker-1] Seguir leyendo
[Worker-1] Te recomendamos:
[Worker-1] 
[Worker-1] Te toca renovar tu SOAT?
[Worker-1] 
[Worker-1] Verifica el estado de tu SOAT aqu y evita multas.
[Worker-1] 
[Worker-1] Consultar SOAT
[Worker-1] 
[Worker-1] Alquila autos con Kinto Share
[Worker-1] 
[Worker-1] Que nada frene tus aventuras. Seguro,flexible y con garantia.
[Worker-1] 
[Worker-1] Ver ms
[Worker-1] 
[Worker-1] Blog & Noticias
[Worker-1] 
[Worker-1] Entrate de las ltimas novedades del sector automotriz.
[Worker-1] 
[Worker-1] Ver ms
[Worker-1] Especificaciones tcnicas
[Worker-1] Caractersticas
[Worker-1] Marca
[Worker-1] Toyota
[Worker-1] Modelo
[Worker-1] HILUX
[Worker-1] Ao de fabricacin
[Worker-1] 2022
[Worker-1] Categora
[Worker-1] Pick Up
[Worker-1] Combustible
[Worker-1] Diesel
[Worker-1] Nmero de puertas
[Worker-1] 4
[Worker-1] Traccin
[Worker-1] 4x2
[Worker-1] Color
[Worker-1] Blanco
[Worker-1] Nmero cilindros
[Worker-1] 4
[Worker-1] Cilindrada
[Worker-1] 2,400 cc
[Worker-1] Equipamiento
[Worker-1] Retrovisores Elctricos
[Worker-1] Neblineros
[Worker-1] Aire Acondicionado
[Worker-1] Full Equipo
[Worker-1] Computadora de abordo
[Worker-1] Parlantes/Bajos
[Worker-1] Radio CD
[Worker-1] Radio MP3
[Worker-1] Exterior
[Worker-1] Aros
[Worker-1] Seguridad
[Worker-1] Airbag
[Worker-1] Lminas de Seguridad
[Worker-1] Frenos ABS
[Worker-1] Alarma
[Worker-1] Extras
[Worker-1] Climatizador
[Worker-1] Precios y costos
[Worker-1] 
[Worker-1] Este aviso
[Worker-1] 
[Worker-1] US$27,900
[Worker-1] 
[Worker-1] Precio de mercado
[Worker-1] 
[Worker-1] US$30,900*
[Worker-1] 
[Worker-1] Excelente
[Worker-1] Competitivo
[Worker-1] Premium
[Worker-1] 
[Worker-1] (*) Precio referencial
[Worker-1] 
[Worker-1] Cmo se calcula este rango?
[Worker-1] 
[Worker-1] Te toca renovar tu SOAT?
[Worker-1] 
[Worker-1] Verifica el estado de tu SOAT aqu y evita multas.
[Worker-1] 
[Worker-1] Consultar SOAT
[Worker-1] Sobre el anunciante
[Worker-1] 
[Worker-1] GRUPO GCA SAC
[Worker-1] 
[Worker-1] Ate, Lima
[Worker-1] 
[Worker-1] Precio
[Worker-1] US$27,900
[Worker-1] Contctate con el anunciante
[Worker-1] Grupo Gca Sac
[Worker-1] 976 383...
[Worker-1] Ms informacin
[Worker-1] Beneficios adicionales para ti:
[Worker-1] La mejor opcin
[Worker-1] Financia tu auto con Santander Consumer
[Worker-1] 
[Worker-1] Paga desde:
[Worker-1] US$749/mes*
[Worker-1] Simular crdito
[Worker-1] 
[Worker-1] (*) Cuota mensual referencial. Calculada a 60 meses, 20% de inicial y TEA de 20.99%. No incluye seguro vehicular.
[Worker-1] 
[Worker-1] Solicita tu Prstamo Personal hasta de S/45,000
[Worker-1] Me interesa
[Worker-1] Seminuevos
[Worker-1] Autos
[Worker-1] Motos
[Worker-1] Camiones
[Worker-1] Usados
[Worker-1] Autos
[Worker-1] Motos
[Worker-1] Camiones
[Worker-1] Nuevos
[Worker-1] Autos
[Worker-1] Camiones
[Worker-1] Ayuda
[Worker-1] Trminos y condiciones
[Worker-1] Polticas de publicacin
[Worker-1] Cmo protegemos tus datos?
[Worker-1] Legales
[Worker-1] Sobre NeoAuto
[Worker-1] Noticias
[Worker-1] Tips y guas
[Worker-1] Ayuda en lnea
[Worker-1] 2024 NeoAuto Inc. Todos los derechos reservados
[Worker-1] Sguenos
[Worker-1] Descripcin: {"@context":"https://schema.org","@graph":[{"@type":"Organization","@id":"https://neoauto.com/#organ...
[Worker-1] nico dueo: No
[Worker-1] Datos guardados en: /home/richgutz/Scraper-Neoauto-ANTIGRAVITY/extractores/results_txt/diario_result_20260126_214924_c07eb3.txt
[Worker-4] Ttulo: Honda Cr-v 2017
[Worker-4] Precio: S/ nan
[Worker-4] Kilometraje: inf km
[Worker-4] Ubicacin: Arranca tu ao sobre ruedas!
[Worker-4] Sbete a tu prximo seminuevo, el auto que mereces.
[Worker-4] Arranca tu ao sobre ruedas!
[Worker-4] Sbete a tu prximo seminuevo, el auto que mereces.
[Worker-4] Arranca tu ao sobre ruedas!
[Worker-4] Sbete a tu prximo seminuevo, el auto que mereces.
[Worker-4] Arranca tu ao sobre ruedas!
[Worker-4] Sbete a tu prximo seminuevo, el auto que mereces.
[Worker-4] Iniciar sesin
[Worker-4] Quiero vender
[Worker-4] Comprar
[Worker-4] Quiero vender
[Worker-4] Financiamiento
[Worker-4] Alquilar
[Worker-4] Nuevo
[Worker-4] Seguros
[Worker-4] Eventos
[Worker-4] Publicidad
[Worker-4] Ver fotos
[Worker-4] Autos usados
[Worker-4] Honda
[Worker-4] Cr-v
[Worker-4] Honda Cr-v 2017
[Worker-4] San Borja, Lima, Lima
[Worker-4] Publicado hoy
[Worker-4] 27 vistas
[Worker-4] Reportar aviso
[Worker-4] Compartir
[Worker-4] Marcar como favorito
[Worker-4] Honda Cr-v 2017
[Worker-4] Reportar aviso
[Worker-4] Compartir
[Worker-4] Marcar como favorito
[Worker-4] Ao modelo
[Worker-4] 2017
[Worker-4] Kilometraje
[Worker-4] 77,800 km
[Worker-4] Transmisin
[Worker-4] Automtica - Secuencial
[Worker-4] Descripcin
[Worker-4] Temperatura del Aire Acond. independiente para piloto y copiloto, cada uno selecciona su propia temperatura. Bluetooth, Control Crucero en el Volante, Asientos de Cuero, Pantalla Tctil, Radio AM/FM control desde el timn. 4 puertos USB. Bolsas de Ai...
[Worker-4] Seguir leyendo
[Worker-4] Te recomendamos:
[Worker-4] 
[Worker-4] Te toca renovar tu SOAT?
[Worker-4] 
[Worker-4] Verifica el estado de tu SOAT aqu y evita multas.
[Worker-4] 
[Worker-4] Consultar SOAT
[Worker-4] 
[Worker-4] Alquila autos con Kinto Share
[Worker-4] 
[Worker-4] Que nada frene tus aventuras. Seguro,flexible y con garantia.
[Worker-4] 
[Worker-4] Ver ms
[Worker-4] 
[Worker-4] Blog & Noticias
[Worker-4] 
[Worker-4] Entrate de las ltimas novedades del sector automotriz.
[Worker-4] 
[Worker-4] Ver ms
[Worker-4] Especificaciones tcnicas
[Worker-4] Caractersticas
[Worker-4] Marca
[Worker-4] Honda
[Worker-4] Modelo
[Worker-4] CR-V
[Worker-4] Ao de fabricacin
[Worker-4] 2017
[Worker-4] Categora
[Worker-4] Camioneta
[Worker-4] Combustible
[Worker-4] Gasolina
[Worker-4] Nmero de puertas
[Worker-4] 5
[Worker-4] Traccin
[Worker-4] 4x2
[Worker-4] Color
[Worker-4] Gris Metlico
[Worker-4] Nmero cilindros
[Worker-4] 4
[Worker-4] Cilindrada
[Worker-4] 1,500 cc
[Worker-4] Equipamiento
[Worker-4] Aire Acondicionado
[Worker-4] Full Equipo
[Worker-4] Computadora de abordo
[Worker-4] Parlantes/Bajos
[Worker-4] Radio MP3
[Worker-4] Retrovisores Elctricos
[Worker-4] Exterior
[Worker-4] Aros
[Worker-4] Aros de Aleacin
[Worker-4] Seguridad
[Worker-4] Localizador (GPS)
[Worker-4] Alarma
[Worker-4] Frenos ABS
[Worker-4] Repartidor electrnico de frenado
[Worker-4] Lminas de Seguridad
[Worker-4] Airbag
[Worker-4] Extras
[Worker-4] Sunroof
[Worker-4] Asientos de cuero
[Worker-4] Climatizador
[Worker-4] Precios y costos
[Worker-4] 
[Worker-4] Este aviso
[Worker-4] 
[Worker-4] US$21,800
[Worker-4] 
[Worker-4] Precio de mercado
[Worker-4] 
[Worker-4] US$20,000*
[Worker-4] 
[Worker-4] Excelente
[Worker-4] Competitivo
[Worker-4] Premium
[Worker-4] 
[Worker-4] (*) Precio referencial
[Worker-4] 
[Worker-4] Cmo se calcula este rango?
[Worker-4] 
[Worker-4] Te toca renovar tu SOAT?
[Worker-4] 
[Worker-4] Verifica el estado de tu SOAT aqu y evita multas.
[Worker-4] 
[Worker-4] Consultar SOAT
[Worker-4] Precio
[Worker-4] US$21,800
[Worker-4] Dscto. por adquirir el Crdito Vehicular
[Worker-4] -US$1,000*
[Worker-4] *Aplica si financias tu auto con Santander Consumer
[Worker-4] Contctate con el anunciante
[Worker-4] Max Arana Rivera
[Worker-4] 991 896...
[Worker-4] Ms informacin
[Worker-4] Beneficios adicionales para ti:
[Worker-4] La mejor opcin
[Worker-4] Financia tu auto con Santander Consumer
[Worker-4] 
[Worker-4] Paga desde:
[Worker-4] US$20,800 o
[Worker-4] US$1,792/mes*
[Worker-4] Simular crdito
[Worker-4] 
[Worker-4] (*) Cuota mensual referencial. Calculada a 12 meses, 20% de inicial y TEA de 20.99%. No incluye seguro vehicular.
[Worker-4] 
[Worker-4] Solicita tu Prstamo Personal hasta de S/45,000
[Worker-4] Me interesa
[Worker-4] Vehculos similares
[Worker-4] Ver todos los vehculos
[Worker-4] De lujo
[Worker-4] Honda Cr-V 2019
[Worker-4] 62,000km
[Worker-4] EXL-T 4X4 AT
[Worker-4] Automtica
[Worker-4] Gasolina
[Worker-4] Precio
[Worker-4] US$23,000
[Worker-4] Con Crdito Vehicular
[Worker-4] US$22,000
[Worker-4] Ver detalle
[Worker-4] Vehculo de: Luis Pretell
[Worker-4] Honda Cr-V 2023
[Worker-4] 44,000km
[Worker-4] EXL
[Worker-4] Automtica
[Worker-4] Gasolina
[Worker-4] Precio
[Worker-4] US$36,300
[Worker-4] Con Crdito Vehicular
[Worker-4] US$35,300
[Worker-4] Ver detalle
[Worker-4] Vehculo de: EDWARD ZEGARRA
[Worker-4] Unico Dueo
[Worker-4] Honda Hrv 2019
[Worker-4] 45,500km
[Worker-4] MT
[Worker-4] Mecnica
[Worker-4] Gasolina
[Worker-4] Precio
[Worker-4] US$18,000
[Worker-4] Con Crdito Vehicular
[Worker-4] US$17,000
[Worker-4] Ver detalle
[Worker-4] Vehculo de: Karen Garcia
[Worker-4] Auto verificado
[Worker-4] Premium
[Worker-4] Honda Wr-V 2018
[Worker-4] 83,000km
[Worker-4] EX CVT
[Worker-4] Automtica
[Worker-4] Gasolina
[Worker-4] Precio
[Worker-4] US$11,900
[Worker-4] Con Crdito Vehicular
[Worker-4] US$10,900
[Worker-4] Ver detalle
[Worker-4] Vehculo de: Magda Llaja Lpez
[Worker-4] Honda Wr-V 2019
[Worker-4] 79,982km
[Worker-4] EX CVT
[Worker-4] Mecnica
[Worker-4] Gasolina
[Worker-4] Precio
[Worker-4] US$13,500
[Worker-4] Con Crdito Vehicular
[Worker-4] US$12,500
[Worker-4] Ver detalle
[Worker-4] Vehculo de: pedro bloombergg
[Worker-4] Honda Hrv 2022
[Worker-4] 17,500km
[Worker-4] Automtica
[Worker-4] Gasolina
[Worker-4] Precio
[Worker-4] US$20,500
[Worker-4] Con Crdito Vehicular
[Worker-4] US$553/mes
[Worker-4] Ver detalle
[Worker-4] Vehculo de: Julie Vergara Sols
[Worker-4] Unico Dueo
[Worker-4] Honda Pilot 2022
[Worker-4] 61,000km
[Worker-4] TOURING
[Worker-4] Automtica - Se...
[Worker-4] Gasolina
[Worker-4] Precio
[Worker-4] US$35,000
[Worker-4] Con Crdito Vehicular
[Worker-4] US$34,000
[Worker-4] Ver detalle
[Worker-4] Vehculo de: Dante felices yupa
[Worker-4] Honda Wr-V 2019
[Worker-4] 40,300km
[Worker-4] Mecnica
[Worker-4] Gasolina
[Worker-4] Precio
[Worker-4] US$14,000
[Worker-4] Con Crdito Vehicular
[Worker-4] US$507/mes
[Worker-4] Ver detalle
[Worker-4] Vehculo de: Heydin Retegui
[Worker-4] Seminuevos
[Worker-4] Autos
[Worker-4] Motos
[Worker-4] Camiones
[Worker-4] Usados
[Worker-4] Autos
[Worker-4] Motos
[Worker-4] Camiones
[Worker-4] Nuevos
[Worker-4] Autos
[Worker-4] Camiones
[Worker-4] Ayuda
[Worker-4] Trminos y condiciones
[Worker-4] Polticas de publicacin
[Worker-4] Cmo protegemos tus datos?
[Worker-4] Legales
[Worker-4] Sobre NeoAuto
[Worker-4] Noticias
[Worker-4] Tips y guas
[Worker-4] Ayuda en lnea
[Worker-4] 2024 NeoAuto Inc. Todos los derechos reservados
[Worker-4] Sguenos
[Worker-4] Descripcin: {"@context":"https://schema.org","@graph":[{"@type":"Organization","@id":"https://neoauto.com/#organ...
[Worker-4] nico dueo: S
[Worker-4] Datos guardados en: /home/richgutz/Scraper-Neoauto-ANTIGRAVITY/extractores/results_txt/diario_result_20260126_214925_909703.txt
[Worker-2] Intento 3: Popup no encontrado
[Worker-5] URL obtenida y bloqueada desde urls_autos_diarios: https://neoauto.com/auto/usado/chevrolet-sail-2012-1863581
[Worker-5] 
[Worker-5] Iniciando extraccin para: https://neoauto.com/auto/usado/chevrolet-sail-2012-1863581
[Worker-5] Iniciando navegacin...
[Worker-5] Marca extrada: 'chevrolet'
[Worker-5] Camino elegido (4 pasos).
[Worker-5] Paso 1/4: Pgina Principal...
[Worker-5] Navegacin rpida (sin acciones)
[Worker-5] Paso 2/4: Categora 'Usados'...
[Worker-2] No se pudo cerrar el popup de satisfaccin
[Worker-2] Popups manejados POST-scroll
[Worker-2] Scroll adicional de confirmacin...
[Worker-5] Navegacin rpida (sin acciones)
[Worker-5] Paso 3/4: Filtro por Marca 'CHEVROLET'...
[Worker-3] Intento 3: Popup no encontrado
[Worker-6] URL obtenida y bloqueada desde urls_autos_diarios: https://neoauto.com/auto/usado/toyota-corolla-2019-1863492
[Worker-6] 
[Worker-6] Iniciando extraccin para: https://neoauto.com/auto/usado/toyota-corolla-2019-1863492
[Worker-6] Iniciando navegacin...
[Worker-6] Marca extrada: 'toyota'
[Worker-6] Camino elegido (4 pasos).
[Worker-6] Paso 1/4: Pgina Principal...
[Worker-3] No se pudo cerrar el popup de satisfaccin
[Worker-3] Popups manejados POST-scroll
[Worker-3] Scroll adicional de confirmacin...
[Worker-5] Navegacin rpida (sin acciones)
[Worker-5] Paso 4/4: URL Final...
[Worker-6] Navegacin rpida (sin acciones)
[Worker-6] Paso 2/4: Categora 'Usados'...
[Worker-1] URL obtenida y bloqueada desde urls_autos_diarios: https://neoauto.com/auto/usado/audi-q5-2013-1863472
[Worker-1] 
[Worker-1] Iniciando extraccin para: https://neoauto.com/auto/usado/audi-q5-2013-1863472
[Worker-1] Iniciando navegacin...
[Worker-1] Marca extrada: 'audi'
[Worker-1] Camino elegido (4 pasos).
[Worker-1] Paso 1/4: Pgina Principal...
[Worker-2] Ttulo: Audi A4 2018
[Worker-2] Precio: S/ nan
[Worker-2] Kilometraje: inf km
[Worker-4] URL obtenida y bloqueada desde urls_autos_diarios: https://neoauto.com/auto/usado/nissan-primera-2005-1863595
[Worker-4] 
[Worker-4] Iniciando extraccin para: https://neoauto.com/auto/usado/nissan-primera-2005-1863595
[Worker-4] Iniciando navegacin...
[Worker-4] Marca extrada: 'nissan'
[Worker-4] Camino elegido (4 pasos).
[Worker-4] Paso 1/4: Pgina Principal...
[Worker-2] Ubicacin: Arranca tu ao sobre ruedas!
[Worker-2] Sbete a tu prximo seminuevo, el auto que mereces.
[Worker-2] Arranca tu ao sobre ruedas!
[Worker-2] Sbete a tu prximo seminuevo, el auto que mereces.
[Worker-2] Arranca tu ao sobre ruedas!
[Worker-2] Sbete a tu prximo seminuevo, el auto que mereces.
[Worker-2] Arranca tu ao sobre ruedas!
[Worker-2] Sbete a tu prximo seminuevo, el auto que mereces.
[Worker-2] Iniciar sesin
[Worker-2] Quiero vender
[Worker-2] Comprar
[Worker-2] Quiero vender
[Worker-2] Financiamiento
[Worker-2] Alquilar
[Worker-2] Nuevo
[Worker-2] Seguros
[Worker-2] Eventos
[Worker-2] Publicidad
[Worker-2] Ver fotos
[Worker-2] Autos usados
[Worker-2] Audi
[Worker-2] A4
[Worker-2] Audi A4 2018
[Worker-2] Miraflores, Lima, Lima
[Worker-2] Publicado hoy
[Worker-2] 5 vistas
[Worker-2] Reportar aviso
[Worker-2] Compartir
[Worker-2] Marcar como favorito
[Worker-2] Audi A4 2018
[Worker-2] Reportar aviso
[Worker-2] Compartir
[Worker-2] Marcar como favorito
[Worker-2] Ao modelo
[Worker-2] 2018
[Worker-2] Kilometraje
[Worker-2] 49,700 km
[Worker-2] Transmisin
[Worker-2] Automtica - Secuencial
[Worker-2] Descripcin
[Worker-2] AUDI A4 SPORT 2.0 TFSI. Fabricacin 2018. Servicios al da. 49,700 kms. Caja automtica secuencial de 7 velocidades con cambios en el timn y modos de manejo. Tapiz de cuero. Asientos elctricos. Freno de mano electrnico. Auto hold. Encendido con bo...
[Worker-2] Seguir leyendo
[Worker-2] Te recomendamos:
[Worker-2] 
[Worker-2] Te toca renovar tu SOAT?
[Worker-2] 
[Worker-2] Verifica el estado de tu SOAT aqu y evita multas.
[Worker-2] 
[Worker-2] Consultar SOAT
[Worker-2] 
[Worker-2] Alquila autos con Kinto Share
[Worker-2] 
[Worker-2] Que nada frene tus aventuras. Seguro,flexible y con garantia.
[Worker-2] 
[Worker-2] Ver ms
[Worker-2] 
[Worker-2] Blog & Noticias
[Worker-2] 
[Worker-2] Entrate de las ltimas novedades del sector automotriz.
[Worker-2] 
[Worker-2] Ver ms
[Worker-2] Especificaciones tcnicas
[Worker-2] Caractersticas
[Worker-2] Marca
[Worker-2] Audi
[Worker-2] Modelo
[Worker-2] A4
[Worker-2] Versin
[Worker-2] 2.0 TFSI STRONIC SPORT 190HP
[Worker-2] Versin
[Worker-2] 2.0 TFSI STRONIC SPORT 190HP
[Worker-2] Ao de fabricacin
[Worker-2] 2018
[Worker-2] Categora
[Worker-2] Sedn
[Worker-2] Combustible
[Worker-2] Gasolina
[Worker-2] Nmero de puertas
[Worker-2] 5
[Worker-2] Traccin
[Worker-2] 4x2
[Worker-2] Color
[Worker-2] Gris Oscuro
[Worker-2] Nmero cilindros
[Worker-2] 4
[Worker-2] Cilindrada
[Worker-2] 2,000 cc
[Worker-2] Equipamiento
[Worker-2] Neblineros
[Worker-2] Aire Acondicionado
[Worker-2] Full Equipo
[Worker-2] Computadora de abordo
[Worker-2] Radio MP3
[Worker-2] Retrovisores Elctricos
[Worker-2] Exterior
[Worker-2] Aros
[Worker-2] Aros de Aleacin
[Worker-2] Seguridad
[Worker-2] Airbag
[Worker-2] Frenos ABS
[Worker-2] Repartidor electrnico de frenado
[Worker-2] Inmovilizador de motor
[Worker-2] Faros antiniebla traseros
[Worker-2] Faros antiniebla delantero
[Worker-2] Lminas de Seguridad
[Worker-2] Extras
[Worker-2] Asientos de cuero
[Worker-2] Climatizador
[Worker-2] Precios y costos
[Worker-2] 
[Worker-2] Este aviso
[Worker-2] 
[Worker-2] US$21,900
[Worker-2] 
[Worker-2] Precio de mercado
[Worker-2] 
[Worker-2] US$22,000*
[Worker-2] 
[Worker-2] Excelente
[Worker-2] Competitivo
[Worker-2] Premium
[Worker-2] 
[Worker-2] (*) Precio referencial
[Worker-2] 
[Worker-2] Cmo se calcula este rango?
[Worker-2] 
[Worker-2] Te toca renovar tu SOAT?
[Worker-2] 
[Worker-2] Verifica el estado de tu SOAT aqu y evita multas.
[Worker-2] 
[Worker-2] Consultar SOAT
[Worker-2] Sobre el anunciante
[Worker-2] 
[Worker-2] Lima, Lima
[Worker-2] 
[Worker-2] Precio
[Worker-2] US$21,900
[Worker-2] Contctate con el anunciante
[Worker-2] Miguel Westphalen
[Worker-2] 947 812...
[Worker-2] Ms informacin
[Worker-2] Beneficios adicionales para ti:
[Worker-2] La mejor opcin
[Worker-2] Financia tu auto con Santander Consumer
[Worker-2] 
[Worker-2] Paga desde:
[Worker-2] US$1,037/mes*
[Worker-2] Simular crdito
[Worker-2] 
[Worker-2] (*) Cuota mensual referencial. Calculada a 24 meses, 20% de inicial y TEA de 20.99%. No incluye seguro vehicular.
[Worker-2] 
[Worker-2] Solicita tu Prstamo Personal hasta de S/45,000
[Worker-2] Me interesa
[Worker-2] Seminuevos
[Worker-2] Autos
[Worker-2] Motos
[Worker-2] Camiones
[Worker-2] Usados
[Worker-2] Autos
[Worker-2] Motos
[Worker-2] Camiones
[Worker-2] Nuevos
[Worker-2] Autos
[Worker-2] Camiones
[Worker-2] Ayuda
[Worker-2] Trminos y condiciones
[Worker-2] Polticas de publicacin
[Worker-2] Cmo protegemos tus datos?
[Worker-2] Legales
[Worker-2] Sobre NeoAuto
[Worker-2] Noticias
[Worker-2] Tips y guas
[Worker-2] Ayuda en lnea
[Worker-2] 2024 NeoAuto Inc. Todos los derechos reservados
[Worker-2] Sguenos
[Worker-2] Descripcin: {"@context":"https://schema.org","@graph":[{"@type":"Organization","@id":"https://neoauto.com/#organ...
[Worker-2] nico dueo: No
[Worker-2] Datos guardados en: /home/richgutz/Scraper-Neoauto-ANTIGRAVITY/extractores/results_txt/diario_result_20260126_214929_37399e.txt
[Worker-5] Scroll INICIAL para activar contenido...
[Worker-6] Navegacin rpida (sin acciones)
[Worker-6] Paso 3/4: Filtro por Marca 'TOYOTA'...
[Worker-1] Navegacin rpida (sin acciones)
[Worker-1] Paso 2/4: Categora 'Usados'...
[Worker-4] Navegacin rpida (sin acciones)
[Worker-4] Paso 2/4: Categora 'Usados'...
[Worker-6] Navegacin rpida (sin acciones)
[Worker-6] Paso 4/4: URL Final...
[Worker-1] Navegacin rpida (sin acciones)
[Worker-1] Paso 3/4: Filtro por Marca 'AUDI'...
[Worker-3] Ttulo: Chevrolet N400 2023
[Worker-3] Precio: S/ nan
[Worker-3] Kilometraje: inf km
[Worker-3] Ubicacin: Arranca tu ao sobre ruedas!
[Worker-3] Sbete a tu prximo seminuevo, el auto que mereces.
[Worker-3] Arranca tu ao sobre ruedas!
[Worker-3] Sbete a tu prximo seminuevo, el auto que mereces.
[Worker-3] Arranca tu ao sobre ruedas!
[Worker-3] Sbete a tu prximo seminuevo, el auto que mereces.
[Worker-3] Arranca tu ao sobre ruedas!
[Worker-3] Sbete a tu prximo seminuevo, el auto que mereces.
[Worker-3] Iniciar sesin
[Worker-3] Quiero vender
[Worker-3] Comprar
[Worker-3] Quiero vender
[Worker-3] Financiamiento
[Worker-3] Alquilar
[Worker-3] Nuevo
[Worker-3] Seguros
[Worker-3] Eventos
[Worker-3] Publicidad
[Worker-3] Ver fotos
[Worker-3] Autos usados
[Worker-3] Chevrolet
[Worker-3] N400
[Worker-3] Chevrolet N400 2023
[Worker-3] San Borja, Lima, Lima
[Worker-3] Publicado hoy
[Worker-3] 14 vistas
[Worker-3] Reportar aviso
[Worker-3] Compartir
[Worker-3] Marcar como favorito
[Worker-3] Chevrolet N400 2023
[Worker-3] Reportar aviso
[Worker-3] Compartir
[Worker-3] Marcar como favorito
[Worker-3] Ao modelo
[Worker-3] 2023
[Worker-3] Kilometraje
[Worker-3] 116,800 km
[Worker-3] Transmisin
[Worker-3] Mecnica
[Worker-3] Descripcin
[Worker-3] Camioneta en buen estado de conservacin, con Aire Acondicionado, uso ciudad para movimiento de personal, mantenimientos en concesionario.
[Worker-3] Te recomendamos:
[Worker-3] 
[Worker-3] Te toca renovar tu SOAT?
[Worker-3] 
[Worker-3] Verifica el estado de tu SOAT aqu y evita multas.
[Worker-3] 
[Worker-3] Consultar SOAT
[Worker-3] 
[Worker-3] Alquila autos con Kinto Share
[Worker-3] 
[Worker-3] Que nada frene tus aventuras. Seguro,flexible y con garantia.
[Worker-3] 
[Worker-3] Ver ms
[Worker-3] 
[Worker-3] Blog & Noticias
[Worker-3] 
[Worker-3] Entrate de las ltimas novedades del sector automotriz.
[Worker-3] 
[Worker-3] Ver ms
[Worker-3] Especificaciones tcnicas
[Worker-3] Caractersticas
[Worker-3] Marca
[Worker-3] Chevrolet
[Worker-3] Modelo
[Worker-3] N400
[Worker-3] Ao de fabricacin
[Worker-3] 2023
[Worker-3] Categora
[Worker-3] Vans
[Worker-3] Combustible
[Worker-3] Gasolina
[Worker-3] Nmero de puertas
[Worker-3] 5
[Worker-3] Traccin
[Worker-3] 4x2
[Worker-3] Color
[Worker-3] Blanco
[Worker-3] Nmero cilindros
[Worker-3] 4
[Worker-3] Cilindrada
[Worker-3] 1,500 cc
[Worker-3] Equipamiento
[Worker-3] Aire Acondicionado
[Worker-3] Radio MP3
[Worker-3] Seguridad
[Worker-3] Airbag
[Worker-3] Precios y costos
[Worker-3] 
[Worker-3] An no tenemos suficiente informacin para determinar un rango de precio para este vehculo.
[Worker-3] 
[Worker-3] Excelente
[Worker-3] Competitivo
[Worker-3] Premium
[Worker-3] 
[Worker-3] (*) Precio referencial
[Worker-3] 
[Worker-3] Cmo se calcula este rango?
[Worker-3] 
[Worker-3] Te toca renovar tu SOAT?
[Worker-3] 
[Worker-3] Verifica el estado de tu SOAT aqu y evita multas.
[Worker-3] 
[Worker-3] Consultar SOAT
[Worker-3] Precio
[Worker-3] US$10,200
[Worker-3] Contctate con el anunciante
[Worker-3] Sergio Cabrera
[Worker-3] 981 176...
[Worker-3] Ms informacin
[Worker-3] Beneficios adicionales para ti:
[Worker-3] La mejor opcin
[Worker-3] Financia tu auto con Santander Consumer
[Worker-3] 
[Worker-3] Paga desde:
[Worker-3] US$280/mes*
[Worker-3] Simular crdito
[Worker-3] 
[Worker-3] (*) Cuota mensual referencial. Calculada a 60 meses, 20% de inicial y TEA de 20.99%. No incluye seguro vehicular.
[Worker-3] 
[Worker-3] Solicita tu Prstamo Personal hasta de S/45,000
[Worker-3] Me interesa
[Worker-3] Seminuevos
[Worker-3] Autos
[Worker-3] Motos
[Worker-3] Camiones
[Worker-3] Usados
[Worker-3] Autos
[Worker-3] Motos
[Worker-3] Camiones
[Worker-3] Nuevos
[Worker-3] Autos
[Worker-3] Camiones
[Worker-3] Ayuda
[Worker-3] Trminos y condiciones
[Worker-3] Polticas de publicacin
[Worker-3] Cmo protegemos tus datos?
[Worker-3] Legales
[Worker-3] Sobre NeoAuto
[Worker-3] Noticias
[Worker-3] Tips y guas
[Worker-3] Ayuda en lnea
[Worker-3] 2024 NeoAuto Inc. Todos los derechos reservados
[Worker-3] Sguenos
[Worker-3] Descripcin: {"@context":"https://schema.org","@graph":[{"@type":"Organization","@id":"https://neoauto.com/#organ...
[Worker-3] nico dueo: No
[Worker-3] Datos guardados en: /home/richgutz/Scraper-Neoauto-ANTIGRAVITY/extractores/results_txt/diario_result_20260126_214932_7b7759.txt
[Worker-4] Navegacin rpida (sin acciones)
[Worker-4] Paso 3/4: Filtro por Marca 'NISSAN'...
[Worker-6] Scroll INICIAL para activar contenido...
[Worker-1] Navegacin rpida (sin acciones)
[Worker-1] Paso 4/4: URL Final...
[Worker-4] Navegacin rpida (sin acciones)
[Worker-4] Paso 4/4: URL Final...
[Worker-4] Scroll INICIAL para activar contenido...
[Worker-1] Scroll INICIAL para activar contenido...
[Worker-2] URL obtenida y bloqueada desde urls_autos_diarios: https://neoauto.com/auto/usado/audi-a4-2023-1863491
[Worker-2] 
[Worker-2] Iniciando extraccin para: https://neoauto.com/auto/usado/audi-a4-2023-1863491
[Worker-2] Iniciando navegacin...
[Worker-2] Marca extrada: 'audi'
[Worker-2] Camino elegido (4 pasos).
[Worker-2] Paso 1/4: Pgina Principal...
[Worker-2] Navegacin rpida (sin acciones)
[Worker-2] Paso 2/4: Categora 'Usados'...
[Worker-3] URL obtenida y bloqueada desde urls_autos_diarios: https://neoauto.com/auto/usado/volkswagen-taos-2022-1863572
[Worker-3] 
[Worker-3] Iniciando extraccin para: https://neoauto.com/auto/usado/volkswagen-taos-2022-1863572
[Worker-3] Iniciando navegacin...
[Worker-3] Marca extrada: 'volkswagen'
[Worker-3] Camino elegido (4 pasos).
[Worker-3] Paso 1/4: Pgina Principal...
[Worker-2] Navegacin rpida (sin acciones)
[Worker-2] Paso 3/4: Filtro por Marca 'AUDI'...
[Worker-3] Navegacin rpida (sin acciones)
[Worker-3] Paso 2/4: Categora 'Usados'...
[Worker-2] Navegacin rpida (sin acciones)
[Worker-2] Paso 4/4: URL Final...
[Worker-2] Scroll INICIAL para activar contenido...
[Worker-3] Navegacin rpida (sin acciones)
[Worker-3] Paso 3/4: Filtro por Marca 'VOLKSWAGEN'...
[Worker-3] Navegacin rpida (sin acciones)
[Worker-3] Paso 4/4: URL Final...
[Worker-5] No apareci popup de cookies
[Worker-3] Scroll INICIAL para activar contenido...
[Worker-5] Intento 1: Page.click: Timeout 1000ms exceeded.
[Worker-5] Call log:
[Worker-5] - waiting for locator("button[class*='close']").locator("svg").locator("xpath=./ancestor::button")
[Worker-5] 
[Worker-5] Intento 2: Page.click: Timeout 1000ms exceeded.
[Worker-5] Call log:
[Worker-5] - waiting for locator("button[class*='close']").locator("svg").locator("xpath=./ancestor::button")
[Worker-5] 
[Worker-4] No apareci popup de cookies
[Worker-6] No apareci popup de cookies
[Worker-1] No apareci popup de cookies
[Worker-4] Intento 1: Page.click: Timeout 1000ms exceeded.
[Worker-4] Call log:
[Worker-4] - waiting for locator("button[class*='close']").locator("svg").locator("xpath=./ancestor::button")
[Worker-4] 
[Worker-6] Intento 1: Page.click: Timeout 1000ms exceeded.
[Worker-6] Call log:
[Worker-6] - waiting for locator("button[class*='close']").locator("svg").locator("xpath=./ancestor::button")
[Worker-6] 
[Worker-1] Intento 1: Page.click: Timeout 1000ms exceeded.
[Worker-1] Call log:
[Worker-1] - waiting for locator("button[class*='close']").locator("svg").locator("xpath=./ancestor::button")
[Worker-1] 
[Worker-4] Intento 2: Page.click: Timeout 1000ms exceeded.
[Worker-4] Call log:
[Worker-4] - waiting for locator("button[class*='close']").locator("svg").locator("xpath=./ancestor::button")
[Worker-4] 
[Worker-6] Intento 2: Page.click: Timeout 1000ms exceeded.
[Worker-6] Call log:
[Worker-6] - waiting for locator("button[class*='close']").locator("svg").locator("xpath=./ancestor::button")
[Worker-6] 
[Worker-1] Intento 2: Page.click: Timeout 1000ms exceeded.
[Worker-1] Call log:
[Worker-1] - waiting for locator("button[class*='close']").locator("svg").locator("xpath=./ancestor::button")
[Worker-1] 
[Worker-2] No apareci popup de cookies
[Worker-2] Intento 1: Page.click: Timeout 1000ms exceeded.
[Worker-2] Call log:
[Worker-2] - waiting for locator("button[class*='close']").locator("svg").locator("xpath=./ancestor::button")
[Worker-2] 
[Worker-2] Intento 2: Page.click: Timeout 1000ms exceeded.
[Worker-2] Call log:
[Worker-2] - waiting for locator("button[class*='close']").locator("svg").locator("xpath=./ancestor::button")
[Worker-2] 
[Worker-3] No apareci popup de cookies
[Worker-3] Intento 1: Page.click: Timeout 1000ms exceeded.
[Worker-3] Call log:
[Worker-3] - waiting for locator("button[class*='close']").locator("svg").locator("xpath=./ancestor::button")
[Worker-3] 
[Worker-3] Intento 2: Page.click: Timeout 1000ms exceeded.
[Worker-3] Call log:
[Worker-3] - waiting for locator("button[class*='close']").locator("svg").locator("xpath=./ancestor::button")
[Worker-3] 
[Worker-5] Intento 1: Popup no encontrado
[Worker-4] Intento 1: Popup no encontrado
[Worker-5] Intento 2: Popup no encontrado
[Worker-6] Intento 1: Popup no encontrado
[Worker-1] Intento 1: Popup no encontrado
[Worker-4] Intento 2: Popup no encontrado
[Worker-5] Intento 3: Popup no encontrado
[Worker-6] Intento 2: Popup no encontrado
[Worker-1] Intento 2: Popup no encontrado
[Worker-5] No se pudo cerrar el popup de satisfaccin
[Worker-5] Popups manejados POST-scroll
[Worker-5] Scroll adicional de confirmacin...
[Worker-2] Intento 1: Popup no encontrado
[Worker-5] Ttulo: Chevrolet Sail 2012
[Worker-5] Precio: S/ nan
[Worker-5] Kilometraje: inf km
[Worker-5] Ubicacin: Arranca tu ao sobre ruedas!
[Worker-5] Sbete a tu prximo seminuevo, el auto que mereces.
[Worker-5] Arranca tu ao sobre ruedas!
[Worker-5] Sbete a tu prximo seminuevo, el auto que mereces.
[Worker-5] Arranca tu ao sobre ruedas!
[Worker-5] Sbete a tu prximo seminuevo, el auto que mereces.
[Worker-5] Arranca tu ao sobre ruedas!
[Worker-5] Sbete a tu prximo seminuevo, el auto que mereces.
[Worker-5] Iniciar sesin
[Worker-5] Quiero vender
[Worker-5] Comprar
[Worker-5] Quiero vender
[Worker-5] Financiamiento
[Worker-5] Alquilar
[Worker-5] Nuevo
[Worker-5] Seguros
[Worker-5] Eventos
[Worker-5] Publicidad
[Worker-5] Ver fotos
[Worker-5] Autos usados
[Worker-5] Chevrolet
[Worker-5] Sail
[Worker-5] Chevrolet Sail 2012
[Worker-5] Surquillo, Lima, Lima
[Worker-5] Publicado hoy
[Worker-5] 4 vistas
[Worker-5] Reportar aviso
[Worker-5] Compartir
[Worker-5] Marcar como favorito
[Worker-5] Chevrolet Sail 2012
[Worker-5] Reportar aviso
[Worker-5] Compartir
[Worker-5] Marcar como favorito
[Worker-5] Ao modelo
[Worker-5] 2012
[Worker-5] Kilometraje
[Worker-5] 115,000 km
[Worker-5] Transmisin
[Worker-5] Mecnica
[Worker-5] Descripcin
[Worker-5] Ocasin: Vendo auto en excelente estado, unica duea, uso exclusivo de mujer, lunas y pestillos electricos, auto muy bien conservado.
[Worker-5] Te recomendamos:
[Worker-5] 
[Worker-5] Te toca renovar tu SOAT?
[Worker-5] 
[Worker-5] Verifica el estado de tu SOAT aqu y evita multas.
[Worker-5] 
[Worker-5] Consultar SOAT
[Worker-5] 
[Worker-5] Alquila autos con Kinto Share
[Worker-5] 
[Worker-5] Que nada frene tus aventuras. Seguro,flexible y con garantia.
[Worker-5] 
[Worker-5] Ver ms
[Worker-5] 
[Worker-5] Blog & Noticias
[Worker-5] 
[Worker-5] Entrate de las ltimas novedades del sector automotriz.
[Worker-5] 
[Worker-5] Ver ms
[Worker-5] Especificaciones tcnicas
[Worker-5] Caractersticas
[Worker-5] Marca
[Worker-5] Chevrolet
[Worker-5] Modelo
[Worker-5] SAIL
[Worker-5] Versin
[Worker-5] 1.4 LS MT
[Worker-5] Versin
[Worker-5] 1.4 LS MT
[Worker-5] Ao de fabricacin
[Worker-5] 2011
[Worker-5] Categora
[Worker-5] Hatchback
[Worker-5] Combustible
[Worker-5] Gasolina
[Worker-5] Nmero de puertas
[Worker-5] 5
[Worker-5] Traccin
[Worker-5] Delantera
[Worker-5] Color
[Worker-5] Negro
[Worker-5] Cilindrada
[Worker-5] 1,400 cc
[Worker-5] Equipamiento
[Worker-5] Retrovisores Elctricos
[Worker-5] Neblineros
[Worker-5] Aire Acondicionado
[Worker-5] Computadora de abordo
[Worker-5] Parlantes/Bajos
[Worker-5] Radio MP3
[Worker-5] Seguridad
[Worker-5] Airbag
[Worker-5] Faros antiniebla delantero
[Worker-5] Frenos ABS
[Worker-5] Alarma
[Worker-5] Precios y costos
[Worker-5] 
[Worker-5] An no tenemos suficiente informacin para determinar un rango de precio para este vehculo.
[Worker-5] 
[Worker-5] Excelente
[Worker-5] Competitivo
[Worker-5] Premium
[Worker-5] 
[Worker-5] (*) Precio referencial
[Worker-5] 
[Worker-5] Cmo se calcula este rango?
[Worker-5] 
[Worker-5] Te toca renovar tu SOAT?
[Worker-5] 
[Worker-5] Verifica el estado de tu SOAT aqu y evita multas.
[Worker-5] 
[Worker-5] Consultar SOAT
[Worker-5] Precio
[Worker-5] US$8,700
[Worker-5] Contctate con el anunciante
[Worker-5] Juan Carlos Roman Ormeo
[Worker-5] 994 049...
[Worker-5] Ms informacin
[Worker-5] Beneficios adicionales para ti:
[Worker-5] Solicita tu Prstamo Personal hasta de S/45,000
[Worker-5] Me interesa
[Worker-5] Vehculos similares
[Worker-5] Ver todos los vehculos
[Worker-5] Auto verificado
[Worker-5] Unico Dueo
[Worker-5] Chevrolet Onix 2019
[Worker-5] 25,722km
[Worker-5] 1.4L LTZ MT
[Worker-5] Mecnica
[Worker-5] Gasolina
[Worker-5] Precio
[Worker-5] US$10,500
[Worker-5] Con Crdito Vehicular
[Worker-5] US$383/mes
[Worker-5] Ver detalle
[Worker-5] Vehculo de: MARITA CORREA CACERES
[Worker-5] Chevrolet Onix 2025
[Worker-5] 2,300km
[Worker-5] Automtica
[Worker-5] Gasolina
[Worker-5] Precio
[Worker-5] US$14,850
[Worker-5] Con Crdito Vehicular
[Worker-5] US$403/mes
[Worker-5] Ver detalle
[Worker-5] Vehculo de: Walter Rabanal Atalaya
[Worker-5] Cupra Leon 2025
[Worker-5] 11,000km
[Worker-5] Automtica
[Worker-5] Gasolina
[Worker-5] Precio
[Worker-5] US$29,500
[Worker-5] Ver detalle
[Worker-5] Vehculo de: Susana Lamas
[Worker-5] Premium
[Worker-5] Mercedes Benz B180 2012
[Worker-5] 69,100km
[Worker-5] B200
[Worker-5] Automtica
[Worker-5] Gasolina
[Worker-5] Precio
[Worker-5] US$13,800
[Worker-5] Ver detalle
[Worker-5] Vehculo de: edwin avila rojas
[Worker-5] Toyota Yaris 2019
[Worker-5] 53,000km
[Worker-5] Automtica - Se...
[Worker-5] Gasolina
[Worker-5] Precio
[Worker-5] US$13,900
[Worker-5] Con Crdito Vehicular
[Worker-5] US$503/mes
[Worker-5] Ver detalle
[Worker-5] Vehculo de: Jhonathan ayala loayza
[Worker-5] Bmw 320gt 2015
[Worker-5] 140,000km
[Worker-5] Automtica - Se...
[Worker-5] Gasolina
[Worker-5] Precio
[Worker-5] US$18,000
[Worker-5] Ver detalle
[Worker-5] Vehculo de: Jorge Sarmiento
[Worker-5] Como nuevo
[Worker-5] Suzuki Swift 2022
[Worker-5] 2,000km
[Worker-5] SWIFT GLS 1.2 M...
[Worker-5] Mecnica
[Worker-5] Gasolina
[Worker-5] Precio
[Worker-5] US$13,100
[Worker-5] Con Crdito Vehicular
[Worker-5] US$12,100
[Worker-5] Ver detalle
[Worker-5] Vehculo de: Luis Charca
[Worker-5] De lujo
[Worker-5] Mini John Cooper Works 2025
[Worker-5] 3,800km
[Worker-5] Automtica - Se...
[Worker-5] Gasolina
[Worker-5] Precio
[Worker-5] US$46,000
[Worker-5] Con Crdito Vehicular
[Worker-5] US$45,000
[Worker-5] Ver detalle
[Worker-5] Vehculo de: Renato Ramos
[Worker-5] Seminuevos
[Worker-5] Autos
[Worker-5] Motos
[Worker-5] Camiones
[Worker-5] Usados
[Worker-5] Autos
[Worker-5] Motos
[Worker-5] Camiones
[Worker-5] Nuevos
[Worker-5] Autos
[Worker-5] Camiones
[Worker-5] Ayuda
[Worker-5] Trminos y condiciones
[Worker-5] Polticas de publicacin
[Worker-5] Cmo protegemos tus datos?
[Worker-5] Legales
[Worker-5] Sobre NeoAuto
[Worker-5] Noticias
[Worker-5] Tips y guas
[Worker-5] Ayuda en lnea
[Worker-5] 2024 NeoAuto Inc. Todos los derechos reservados
[Worker-5] Sguenos
[Worker-5] Descripcin: {"@context":"https://schema.org","@graph":[{"@type":"Organization","@id":"https://neoauto.com/#organ...
[Worker-5] nico dueo: S
[Worker-5] Datos guardados en: /home/richgutz/Scraper-Neoauto-ANTIGRAVITY/extractores/results_txt/diario_result_20260126_215020_0e95ed.txt
[Worker-4] Intento 3: Popup no encontrado
[Worker-6] Intento 3: Popup no encontrado
[Worker-1] Intento 3: Popup no encontrado
[Worker-4] No se pudo cerrar el popup de satisfaccin
[Worker-4] Popups manejados POST-scroll
[Worker-4] Scroll adicional de confirmacin...
[Worker-6] No se pudo cerrar el popup de satisfaccin
[Worker-6] Popups manejados POST-scroll
[Worker-6] Scroll adicional de confirmacin...
[Worker-1] No se pudo cerrar el popup de satisfaccin
[Worker-1] Popups manejados POST-scroll
[Worker-1] Scroll adicional de confirmacin...
[Worker-5] URLs restantes en urls_autos_diarios: 68 | Procesadas en sesin: 5
[Worker-2] Intento 2: Popup no encontrado
[Worker-5] URL obtenida y bloqueada desde urls_autos_diarios: https://neoauto.com/auto/usado/mitsubishi-eclipse-cross-2024-1860683
[Worker-5] 
[Worker-5] Iniciando extraccin para: https://neoauto.com/auto/usado/mitsubishi-eclipse-cross-2024-1860683
[Worker-5] Iniciando navegacin...
[Worker-5] Marca extrada: 'mitsubishi'
[Worker-5] Camino elegido (4 pasos).
[Worker-5] Paso 1/4: Pgina Principal...
[Worker-3] Intento 1: Popup no encontrado
[Worker-5] Navegacin rpida (sin acciones)
[Worker-5] Paso 2/4: Categora 'Usados'...
[Worker-6] Ttulo: Toyota Corolla 2019
[Worker-6] Precio: S/ nan
[Worker-6] Kilometraje: inf km
[Worker-4] Ttulo: Nissan Primera 2005
[Worker-6] Ubicacin: Arranca tu ao sobre ruedas!
[Worker-6] Sbete a tu prximo seminuevo, el auto que mereces.
[Worker-6] Arranca tu ao sobre ruedas!
[Worker-6] Sbete a tu prximo seminuevo, el auto que mereces.
[Worker-6] Arranca tu ao sobre ruedas!
[Worker-6] Sbete a tu prximo seminuevo, el auto que mereces.
[Worker-6] Arranca tu ao sobre ruedas!
[Worker-6] Sbete a tu prximo seminuevo, el auto que mereces.
[Worker-6] Iniciar sesin
[Worker-6] Quiero vender
[Worker-6] Comprar
[Worker-6] Quiero vender
[Worker-6] Financiamiento
[Worker-6] Alquilar
[Worker-6] Nuevo
[Worker-6] Seguros
[Worker-6] Eventos
[Worker-6] Publicidad
[Worker-6] Ver fotos
[Worker-6] Autos usados
[Worker-6] Toyota
[Worker-6] Corolla
[Worker-6] Toyota Corolla 2019
[Worker-6] La Molina, Lima, Lima
[Worker-6] Publicado hoy
[Worker-6] 15 vistas
[Worker-6] Reportar aviso
[Worker-6] Compartir
[Worker-6] Marcar como favorito
[Worker-6] Toyota Corolla 2019
[Worker-6] Reportar aviso
[Worker-6] Compartir
[Worker-6] Marcar como favorito
[Worker-6] Ao modelo
[Worker-6] 2019
[Worker-6] Kilometraje
[Worker-6] 92,000 km
[Worker-6] Transmisin
[Worker-6] Automtica - Secuencial
[Worker-6] Descripcin
[Worker-6] El carro est en perfectas condiciones. Siempre uso particular. Solo gasolina. Todo funciona perfecto. PRECIO NEGOCIABLE
[Worker-6] Te recomendamos:
[Worker-6] 
[Worker-6] Te toca renovar tu SOAT?
[Worker-6] 
[Worker-6] Verifica el estado de tu SOAT aqu y evita multas.
[Worker-6] 
[Worker-6] Consultar SOAT
[Worker-6] 
[Worker-6] Alquila autos con Kinto Share
[Worker-6] 
[Worker-6] Que nada frene tus aventuras. Seguro,flexible y con garantia.
[Worker-6] 
[Worker-6] Ver ms
[Worker-6] 
[Worker-6] Blog & Noticias
[Worker-6] 
[Worker-6] Entrate de las ltimas novedades del sector automotriz.
[Worker-6] 
[Worker-6] Ver ms
[Worker-6] Especificaciones tcnicas
[Worker-6] Caractersticas
[Worker-6] Marca
[Worker-6] Toyota
[Worker-6] Modelo
[Worker-6] COROLLA
[Worker-6] Versin
[Worker-6] XLI CVT
[Worker-6] Versin
[Worker-6] XLI CVT
[Worker-6] Ao de fabricacin
[Worker-6] 2019
[Worker-6] Categora
[Worker-6] Sedn
[Worker-6] Combustible
[Worker-6] Gasolina
[Worker-6] Nmero de puertas
[Worker-6] 4
[Worker-6] Traccin
[Worker-6] Delantera
[Worker-6] Color
[Worker-6] Plateado
[Worker-6] Nmero cilindros
[Worker-6] 4
[Worker-6] Cilindrada
[Worker-6] 1,800 cc
[Worker-6] Equipamiento
[Worker-6] Neblineros
[Worker-6] Aire Acondicionado
[Worker-6] Full Equipo
[Worker-6] Computadora de abordo
[Worker-6] Parlantes/Bajos
[Worker-6] Radio CD
[Worker-6] Radio MP3
[Worker-6] Retrovisores Elctricos
[Worker-6] Exterior
[Worker-6] Luces Halgenas
[Worker-6] Aros de Aleacin
[Worker-6] Aros
[Worker-6] Seguridad
[Worker-6] Airbag
[Worker-6] Lminas de Seguridad
[Worker-6] Faros antiniebla delantero
[Worker-6] Faros antiniebla traseros
[Worker-6] Inmovilizador de motor
[Worker-6] Repartidor electrnico de frenado
[Worker-6] Frenos ABS
[Worker-6] Alarma
[Worker-6] Extras
[Worker-6] Climatizador
[Worker-6] Precios y costos
[Worker-6] 
[Worker-6] An no tenemos suficiente informacin para determinar un rango de precio para este vehculo.
[Worker-6] 
[Worker-6] Excelente
[Worker-6] Competitivo
[Worker-6] Premium
[Worker-6] 
[Worker-6] (*) Precio referencial
[Worker-6] 
[Worker-6] Cmo se calcula este rango?
[Worker-6] 
[Worker-6] Te toca renovar tu SOAT?
[Worker-6] 
[Worker-6] Verifica el estado de tu SOAT aqu y evita multas.
[Worker-6] 
[Worker-6] Consultar SOAT
[Worker-6] Sobre el anunciante
[Worker-6] 
[Worker-6] Lima, Lima
[Worker-6] 
[Worker-6] Precio
[Worker-6] US$15,700
[Worker-6] Contctate con el anunciante
[Worker-6] Franco Torres
[Worker-6] 985 603...
[Worker-6] Ms informacin
[Worker-6] Beneficios adicionales para ti:
[Worker-6] La mejor opcin
[Worker-6] Financia tu auto con Santander Consumer
[Worker-6] 
[Worker-6] Paga desde:
[Worker-6] US$567/mes*
[Worker-6] Simular crdito
[Worker-6] 
[Worker-6] (*) Cuota mensual referencial. Calculada a 36 meses, 20% de inicial y TEA de 20.99%. No incluye seguro vehicular.
[Worker-6] 
[Worker-6] Solicita tu Prstamo Personal hasta de S/45,000
[Worker-6] Me interesa
[Worker-6] Seminuevos
[Worker-6] Autos
[Worker-6] Motos
[Worker-6] Camiones
[Worker-6] Usados
[Worker-6] Autos
[Worker-6] Motos
[Worker-6] Camiones
[Worker-6] Nuevos
[Worker-6] Autos
[Worker-6] Camiones
[Worker-6] Ayuda
[Worker-6] Trminos y condiciones
[Worker-6] Polticas de publicacin
[Worker-6] Cmo protegemos tus datos?
[Worker-6] Legales
[Worker-6] Sobre NeoAuto
[Worker-6] Noticias
[Worker-6] Tips y guas
[Worker-6] Ayuda en lnea
[Worker-6] 2024 NeoAuto Inc. Todos los derechos reservados
[Worker-6] Sguenos
[Worker-6] Descripcin: {"@context":"https://schema.org","@graph":[{"@type":"Organization","@id":"https://neoauto.com/#organ...
[Worker-6] nico dueo: No
[Worker-6] Datos guardados en: /home/richgutz/Scraper-Neoauto-ANTIGRAVITY/extractores/results_txt/diario_result_20260126_215025_e0b100.txt
[Worker-4] Precio: S/ nan
[Worker-4] Kilometraje: inf km
[Worker-4] Ubicacin: Arranca tu ao sobre ruedas!
[Worker-4] Sbete a tu prximo seminuevo, el auto que mereces.
[Worker-4] Arranca tu ao sobre ruedas!
[Worker-4] Sbete a tu prximo seminuevo, el auto que mereces.
[Worker-4] Arranca tu ao sobre ruedas!
[Worker-4] Sbete a tu prximo seminuevo, el auto que mereces.
[Worker-4] Arranca tu ao sobre ruedas!
[Worker-4] Sbete a tu prximo seminuevo, el auto que mereces.
[Worker-4] Iniciar sesin
[Worker-4] Quiero vender
[Worker-4] Comprar
[Worker-4] Quiero vender
[Worker-4] Financiamiento
[Worker-4] Alquilar
[Worker-4] Nuevo
[Worker-4] Seguros
[Worker-4] Eventos
[Worker-4] Publicidad
[Worker-4] Ver fotos
[Worker-4] Autos usados
[Worker-4] Nissan
[Worker-4] Primera
[Worker-4] Nissan Primera 2005
[Worker-4] Bellavista, Callao, Callao
[Worker-4] Publicado hoy
[Worker-4] 0 vistas
[Worker-4] Reportar aviso
[Worker-4] Compartir
[Worker-4] Marcar como favorito
[Worker-4] Nissan Primera 2005
[Worker-4] Reportar aviso
[Worker-4] Compartir
[Worker-4] Marcar como favorito
[Worker-4] Ao modelo
[Worker-4] 2005
[Worker-4] Kilometraje
[Worker-4] 215,000 km
[Worker-4] Transmisin
[Worker-4] Automtica
[Worker-4] Descripcin
[Worker-4] USO PERSONAL LUNAS ELCTRICAS DESEO 16000 SOLES PARA DESCONTAR FOTOPAPELETAS DEL CALLAO APROVECHANDO QUEHAY AMNISTIA . LO VENDO POR MOTIVOS DE VIAJE
[Worker-4] Te recomendamos:
[Worker-4] 
[Worker-4] Te toca renovar tu SOAT?
[Worker-4] 
[Worker-4] Verifica el estado de tu SOAT aqu y evita multas.
[Worker-4] 
[Worker-4] Consultar SOAT
[Worker-4] 
[Worker-4] Alquila autos con Kinto Share
[Worker-4] 
[Worker-4] Que nada frene tus aventuras. Seguro,flexible y con garantia.
[Worker-4] 
[Worker-4] Ver ms
[Worker-4] 
[Worker-4] Blog & Noticias
[Worker-4] 
[Worker-4] Entrate de las ltimas novedades del sector automotriz.
[Worker-4] 
[Worker-4] Ver ms
[Worker-4] Especificaciones tcnicas
[Worker-4] Caractersticas
[Worker-4] Marca
[Worker-4] Nissan
[Worker-4] Modelo
[Worker-4] PRIMERA
[Worker-4] Versin
[Worker-4] SEDAN
[Worker-4] Ao de fabricacin
[Worker-4] 2004
[Worker-4] Categora
[Worker-4] Sedn
[Worker-4] Combustible
[Worker-4] Gasolina
[Worker-4] Nmero de puertas
[Worker-4] 4
[Worker-4] Traccin
[Worker-4] Posterior
[Worker-4] Color
[Worker-4] Plata
[Worker-4] Nmero cilindros
[Worker-4] 4
[Worker-4] Cilindrada
[Worker-4] 2,000 cc
[Worker-4] Equipamiento
[Worker-4] Retrovisores Elctricos
[Worker-4] Parlantes/Bajos
[Worker-4] Radio CD
[Worker-4] Seguridad
[Worker-4] Airbag
[Worker-4] Alarma
[Worker-4] Precios y costos
[Worker-4] 
[Worker-4] An no tenemos suficiente informacin para determinar un rango de precio para este vehculo.
[Worker-4] 
[Worker-4] Excelente
[Worker-4] Competitivo
[Worker-4] Premium
[Worker-4] 
[Worker-4] (*) Precio referencial
[Worker-4] 
[Worker-4] Cmo se calcula este rango?
[Worker-4] 
[Worker-4] Te toca renovar tu SOAT?
[Worker-4] 
[Worker-4] Verifica el estado de tu SOAT aqu y evita multas.
[Worker-4] 
[Worker-4] Consultar SOAT
[Worker-4] Precio
[Worker-4] US$4,500
[Worker-4] Contctate con el anunciante
[Worker-4] Angelo Zegarra
[Worker-4] 937 092...
[Worker-4] Ms informacin
[Worker-4] Beneficios adicionales para ti:
[Worker-4] Solicita tu Prstamo Personal hasta de S/45,000
[Worker-4] Me interesa
[Worker-4] Vehculos similares
[Worker-4] Ver todos los vehculos
[Worker-4] Unico Dueo
[Worker-4] Subaru Impreza Sport 2014
[Worker-4] 95,000km
[Worker-4] AWD 2.0
[Worker-4] Automtica - Se...
[Worker-4] Gasolina
[Worker-4] Precio
[Worker-4] US$10,500
[Worker-4] Con Crdito Vehicular
[Worker-4] US$875/mes
[Worker-4] Ver detalle
[Worker-4] Vehculo de: Eduardo Yrigoyen Cook
[Worker-4] Auto verificado
[Worker-4] Volkswagen Gol 2023
[Worker-4] 72,000km
[Worker-4] Mecnica
[Worker-4] Dual
[Worker-4] Precio
[Worker-4] US$11,500
[Worker-4] Con Crdito Vehicular
[Worker-4] US$10,500
[Worker-4] Ver detalle
[Worker-4] Vehculo de: Diego Franco Silva
[Worker-4] Unico Dueo
[Worker-4] Audi S6 2016
[Worker-4] 58,500km
[Worker-4] 4.0TFSI QUATTRO
[Worker-4] Automtica - Se...
[Worker-4] Gasolina
[Worker-4] Precio
[Worker-4] US$33,500
[Worker-4] Con Crdito Vehicular
[Worker-4] US$2,741/mes
[Worker-4] Ver detalle
[Worker-4] Vehculo de: Gonzalo Ramrez
[Worker-4] Seminuevo
[Worker-4] Audi A3 Sedan 2017
[Worker-4] 45,500km
[Worker-4] 1.2 TFSI ATTRAC...
[Worker-4] Automtica - Se...
[Worker-4] Gasolina
[Worker-4] Precio
[Worker-4] US$16,700
[Worker-4] Con Crdito Vehicular
[Worker-4] US$15,700
[Worker-4] Ver detalle
[Worker-4] Vehculo de: Jorge Tirado Melgar
[Worker-4] Remato
[Worker-4] Bmw 535-I 2012
[Worker-4] 99,000km
[Worker-4] I
[Worker-4] Automtica
[Worker-4] Gasolina
[Worker-4] Precio
[Worker-4] US$13,900
[Worker-4] Ver detalle
[Worker-4] Vehculo de: Karim Kahatt
[Worker-4] Auto verificado
[Worker-4] Como nuevo
[Worker-4] Audi A3 Sedan 2016
[Worker-4] 86,000km
[Worker-4] 1.2 TFSI ATTRAC...
[Worker-4] Automtica - Se...
[Worker-4] Gasolina
[Worker-4] Precio
[Worker-4] US$15,600
[Worker-4] Con Crdito Vehicular
[Worker-4] US$1,289/mes
[Worker-4] Ver detalle
[Worker-4] Vehculo de: Jaime Mayorga
[Worker-4] Bmw 320i 2020
[Worker-4] 30,000km
[Worker-4] Automtica - Se...
[Worker-4] Gasolina
[Worker-4] Precio
[Worker-4] US$29,490
[Worker-4] Con Crdito Vehicular
[Worker-4] US$888/mes
[Worker-4] Ver detalle
[Worker-4] Vehculo de: Lucho Jac
[Worker-4] Auto verificado
[Worker-4] Premium
[Worker-4] Volkswagen Jetta 2021
[Worker-4] 55,500km
[Worker-4] Mecnica
[Worker-4] Gasolina
[Worker-4] Precio
[Worker-4] US$16,500
[Worker-4] Con Crdito Vehicular
[Worker-4] US$15,500
[Worker-4] Ver detalle
[Worker-4] Vehculo de: Raisa J
[Worker-4] Seminuevos
[Worker-4] Autos
[Worker-4] Motos
[Worker-4] Camiones
[Worker-4] Usados
[Worker-4] Autos
[Worker-4] Motos
[Worker-4] Camiones
[Worker-4] Nuevos
[Worker-4] Autos
[Worker-4] Camiones
[Worker-4] Ayuda
[Worker-4] Trminos y condiciones
[Worker-4] Polticas de publicacin
[Worker-4] Cmo protegemos tus datos?
[Worker-4] Legales
[Worker-4] Sobre NeoAuto
[Worker-4] Noticias
[Worker-4] Tips y guas
[Worker-4] Ayuda en lnea
[Worker-4] 2024 NeoAuto Inc. Todos los derechos reservados
[Worker-4] Sguenos
[Worker-4] Descripcin: {"@context":"https://schema.org","@graph":[{"@type":"Organization","@id":"https://neoauto.com/#organ...
[Worker-4] nico dueo: S
[Worker-4] Datos guardados en: /home/richgutz/Scraper-Neoauto-ANTIGRAVITY/extractores/results_txt/diario_result_20260126_215025_9a13cb.txt
[Worker-1] Ttulo: Audi Q5 2013
[Worker-1] Precio: S/ nan
[Worker-1] Kilometraje: inf km
[Worker-1] Ubicacin: Arranca tu ao sobre ruedas!
[Worker-1] Sbete a tu prximo seminuevo, el auto que mereces.
[Worker-1] Arranca tu ao sobre ruedas!
[Worker-1] Sbete a tu prximo seminuevo, el auto que mereces.
[Worker-1] Arranca tu ao sobre ruedas!
[Worker-1] Sbete a tu prximo seminuevo, el auto que mereces.
[Worker-1] Arranca tu ao sobre ruedas!
[Worker-1] Sbete a tu prximo seminuevo, el auto que mereces.
[Worker-1] Iniciar sesin
[Worker-1] Quiero vender
[Worker-1] Comprar
[Worker-1] Quiero vender
[Worker-1] Financiamiento
[Worker-1] Alquilar
[Worker-1] Nuevo
[Worker-1] Seguros
[Worker-1] Eventos
[Worker-1] Publicidad
[Worker-1] Ver fotos
[Worker-1] Autos usados
[Worker-1] Audi
[Worker-1] Q5
[Worker-1] Audi Q5 2013
[Worker-1] Lince, Lima, Lima
[Worker-1] Publicado ayer
[Worker-1] 18 vistas
[Worker-1] Reportar aviso
[Worker-1] Compartir
[Worker-1] Marcar como favorito
[Worker-1] Audi Q5 2013
[Worker-1] Reportar aviso
[Worker-1] Compartir
[Worker-1] Marcar como favorito
[Worker-1] Ao modelo
[Worker-1] 2013
[Worker-1] Kilometraje
[Worker-1] 125,000 km
[Worker-1] Transmisin
[Worker-1] Automtica
[Worker-1] Descripcin
[Worker-1] Modelo: Audi Q5 2.0 TFSI 225HP TIPTRONIC
[Worker-1] Carrocera: SUV
[Worker-1] Ao de fabricacin: 2013
[Worker-1] Kilometraje: [****]
[Worker-1] Transmisin: automtica
[Worker-1] Respecto al precio: reajustable
[Worker-1] 
[Worker-1] Te recomendamos:
[Worker-1] 
[Worker-1] Te toca renovar tu SOAT?
[Worker-1] 
[Worker-1] Verifica el estado de tu SOAT aqu y evita multas.
[Worker-1] 
[Worker-1] Consultar SOAT
[Worker-1] 
[Worker-1] Alquila autos con Kinto Share
[Worker-1] 
[Worker-1] Que nada frene tus aventuras. Seguro,flexible y con garantia.
[Worker-1] 
[Worker-1] Ver ms
[Worker-1] 
[Worker-1] Blog & Noticias
[Worker-1] 
[Worker-1] Entrate de las ltimas novedades del sector automotriz.
[Worker-1] 
[Worker-1] Ver ms
[Worker-1] Especificaciones tcnicas
[Worker-1] Caractersticas
[Worker-1] Marca
[Worker-1] Audi
[Worker-1] Modelo
[Worker-1] Q5
[Worker-1] Versin
[Worker-1] 2.0 TFSI QUATTRO
[Worker-1] Versin
[Worker-1] 2.0 TFSI QUATTRO
[Worker-1] Ao de fabricacin
[Worker-1] 2013
[Worker-1] Categora
[Worker-1] Camioneta
[Worker-1] Combustible
[Worker-1] Diesel
[Worker-1] Nmero de puertas
[Worker-1] 5
[Worker-1] Traccin
[Worker-1] Quattro
[Worker-1] Color
[Worker-1] Gris Oscuro
[Worker-1] Nmero cilindros
[Worker-1] 4
[Worker-1] Cilindrada
[Worker-1] 2,000 cc
[Worker-1] Equipamiento
[Worker-1] Neblineros
[Worker-1] Aire Acondicionado
[Worker-1] Full Equipo
[Worker-1] Parlantes/Bajos
[Worker-1] Exterior
[Worker-1] Aros
[Worker-1] Luces Halgenas
[Worker-1] Seguridad
[Worker-1] Airbag
[Worker-1] Faros antiniebla delantero
[Worker-1] Frenos ABS
[Worker-1] Alarma
[Worker-1] Extras
[Worker-1] Asientos de cuero
[Worker-1] Climatizador
[Worker-1] Precios y costos
[Worker-1] 
[Worker-1] An no tenemos suficiente informacin para determinar un rango de precio para este vehculo.
[Worker-1] 
[Worker-1] Excelente
[Worker-1] Competitivo
[Worker-1] Premium
[Worker-1] 
[Worker-1] (*) Precio referencial
[Worker-1] 
[Worker-1] Cmo se calcula este rango?
[Worker-1] 
[Worker-1] Te toca renovar tu SOAT?
[Worker-1] 
[Worker-1] Verifica el estado de tu SOAT aqu y evita multas.
[Worker-1] 
[Worker-1] Consultar SOAT
[Worker-1] Precio
[Worker-1] US$14,200
[Worker-1] Contctate con el anunciante
[Worker-1] Brian Silva Santisteban Glvez
[Worker-1] 976 689...
[Worker-1] Ms informacin
[Worker-1] Beneficios adicionales para ti:
[Worker-1] Solicita tu Prstamo Personal hasta de S/45,000
[Worker-1] Me interesa
[Worker-1] Seminuevos
[Worker-1] Autos
[Worker-1] Motos
[Worker-1] Camiones
[Worker-1] Usados
[Worker-1] Autos
[Worker-1] Motos
[Worker-1] Camiones
[Worker-1] Nuevos
[Worker-1] Autos
[Worker-1] Camiones
[Worker-1] Ayuda
[Worker-1] Trminos y condiciones
[Worker-1] Polticas de publicacin
[Worker-1] Cmo protegemos tus datos?
[Worker-1] Legales
[Worker-1] Sobre NeoAuto
[Worker-1] Noticias
[Worker-1] Tips y guas
[Worker-1] Ayuda en lnea
[Worker-1] 2024 NeoAuto Inc. Todos los derechos reservados
[Worker-1] Sguenos
[Worker-1] Descripcin: {"@context":"https://schema.org","@graph":[{"@type":"Organization","@id":"https://neoauto.com/#organ...
[Worker-1] nico dueo: No
[Worker-1] Datos guardados en: /home/richgutz/Scraper-Neoauto-ANTIGRAVITY/extractores/results_txt/diario_result_20260126_215025_fadacf.txt
[Worker-5] Navegacin rpida (sin acciones)
[Worker-5] Paso 3/4: Filtro por Marca 'MITSUBISHI'...
[Worker-5] Navegacin rpida (sin acciones)
[Worker-5] Paso 4/4: URL Final...
[Worker-6] URLs restantes en urls_autos_diarios: 67 | Procesadas en sesin: 5
[Worker-5] Scroll INICIAL para activar contenido...
[Worker-6] URL obtenida y bloqueada desde urls_autos_diarios: https://neoauto.com/auto/usado/audi-a1-2011-1863454
[Worker-6] 
[Worker-6] Iniciando extraccin para: https://neoauto.com/auto/usado/audi-a1-2011-1863454
[Worker-6] Iniciando navegacin...
[Worker-6] Marca extrada: 'audi'
[Worker-6] Camino elegido (4 pasos).
[Worker-6] Paso 1/4: Pgina Principal...
[Worker-4] URLs restantes en urls_autos_diarios: 66 | Procesadas en sesin: 5
[Worker-2] Intento 3: Popup no encontrado
[Worker-4] URL obtenida y bloqueada desde urls_autos_diarios: https://neoauto.com/auto/usado/subaru-evoltis-2021-1786761
[Worker-4] 
[Worker-4] Iniciando extraccin para: https://neoauto.com/auto/usado/subaru-evoltis-2021-1786761
[Worker-4] Iniciando navegacin...
[Worker-4] Marca extrada: 'subaru'
[Worker-4] Camino elegido (4 pasos).
[Worker-4] Paso 1/4: Pgina Principal...
[Worker-3] Intento 2: Popup no encontrado
[Worker-6] Navegacin rpida (sin acciones)
[Worker-6] Paso 2/4: Categora 'Usados'...
[Worker-1] URLs restantes en urls_autos_diarios: 65 | Procesadas en sesin: 5
[Worker-2] No se pudo cerrar el popup de satisfaccin
[Worker-2] Popups manejados POST-scroll
[Worker-2] Scroll adicional de confirmacin...
[Worker-1] URL obtenida y bloqueada desde urls_autos_diarios: https://neoauto.com/auto/usado/chevrolet-captiva-2023-1858446
[Worker-1] 
[Worker-1] Iniciando extraccin para: https://neoauto.com/auto/usado/chevrolet-captiva-2023-1858446
[Worker-1] Iniciando navegacin...
[Worker-1] Marca extrada: 'chevrolet'
[Worker-1] Camino elegido (4 pasos).
[Worker-1] Paso 1/4: Pgina Principal...
[Worker-4] Navegacin rpida (sin acciones)
[Worker-4] Paso 2/4: Categora 'Usados'...
[Worker-6] Navegacin rpida (sin acciones)
[Worker-6] Paso 3/4: Filtro por Marca 'AUDI'...
[Worker-1] Navegacin rpida (sin acciones)
[Worker-1] Paso 2/4: Categora 'Usados'...
[Worker-6] Navegacin rpida (sin acciones)
[Worker-6] Paso 4/4: URL Final...
[Worker-4] Navegacin rpida (sin acciones)
[Worker-4] Paso 3/4: Filtro por Marca 'SUBARU'...
[Worker-2] Ttulo: Audi A4 2023
[Worker-2] Precio: S/ nan
[Worker-2] Kilometraje: inf km
[Worker-2] Ubicacin: Arranca tu ao sobre ruedas!
[Worker-2] Sbete a tu prximo seminuevo, el auto que mereces.
[Worker-2] Arranca tu ao sobre ruedas!
[Worker-2] Sbete a tu prximo seminuevo, el auto que mereces.
[Worker-2] Arranca tu ao sobre ruedas!
[Worker-2] Sbete a tu prximo seminuevo, el auto que mereces.
[Worker-2] Arranca tu ao sobre ruedas!
[Worker-2] Sbete a tu prximo seminuevo, el auto que mereces.
[Worker-2] Iniciar sesin
[Worker-2] Quiero vender
[Worker-2] Comprar
[Worker-2] Quiero vender
[Worker-2] Financiamiento
[Worker-2] Alquilar
[Worker-2] Nuevo
[Worker-2] Seguros
[Worker-2] Eventos
[Worker-2] Publicidad
[Worker-2] Ver fotos
[Worker-2] Autos usados
[Worker-2] Audi
[Worker-2] A4
[Worker-2] Audi A4 2023
[Worker-2] Santiago de Surco, Lima, Lima
[Worker-2] Publicado hoy
[Worker-2] 19 vistas
[Worker-2] Reportar aviso
[Worker-2] Compartir
[Worker-2] Marcar como favorito
[Worker-2] Audi A4 2023
[Worker-2] Reportar aviso
[Worker-2] Compartir
[Worker-2] Marcar como favorito
[Worker-2] Ao modelo
[Worker-2] 2023
[Worker-2] Kilometraje
[Worker-2] 22,000 km
[Worker-2] Transmisin
[Worker-2] Automtica - Secuencial
[Worker-2] Descripcin
[Worker-2] El auto est impecable dentro y fuera. Todos sus servicios en Audi. Garanta y servicios gratis. Realmente impecable
[Worker-2] Te recomendamos:
[Worker-2] 
[Worker-2] Te toca renovar tu SOAT?
[Worker-2] 
[Worker-2] Verifica el estado de tu SOAT aqu y evita multas.
[Worker-2] 
[Worker-2] Consultar SOAT
[Worker-2] 
[Worker-2] Alquila autos con Kinto Share
[Worker-2] 
[Worker-2] Que nada frene tus aventuras. Seguro,flexible y con garantia.
[Worker-2] 
[Worker-2] Ver ms
[Worker-2] 
[Worker-2] Blog & Noticias
[Worker-2] 
[Worker-2] Entrate de las ltimas novedades del sector automotriz.
[Worker-2] 
[Worker-2] Ver ms
[Worker-2] Especificaciones tcnicas
[Worker-2] Caractersticas
[Worker-2] Marca
[Worker-2] Audi
[Worker-2] Modelo
[Worker-2] A4
[Worker-2] Versin
[Worker-2] CORPORATE 2.0 T
[Worker-2] Ao de fabricacin
[Worker-2] 2023
[Worker-2] Categora
[Worker-2] Sedn
[Worker-2] Combustible
[Worker-2] Gasolina
[Worker-2] Nmero de puertas
[Worker-2] 4
[Worker-2] Traccin
[Worker-2] Delantera
[Worker-2] Color
[Worker-2] Negro
[Worker-2] Nmero cilindros
[Worker-2] 4
[Worker-2] Cilindrada
[Worker-2] 2,000 cc
[Worker-2] Equipamiento
[Worker-2] Neblineros
[Worker-2] Aire Acondicionado
[Worker-2] Full Equipo
[Worker-2] Computadora de abordo
[Worker-2] Parlantes/Bajos
[Worker-2] Radio CD
[Worker-2] Radio MP3
[Worker-2] Retrovisores Elctricos
[Worker-2] Exterior
[Worker-2] Aros de Aleacin
[Worker-2] Luces Halgenas
[Worker-2] Seguridad
[Worker-2] Airbag
[Worker-2] Alarma
[Worker-2] Frenos ABS
[Worker-2] Repartidor electrnico de frenado
[Worker-2] Inmovilizador de motor
[Worker-2] Faros antiniebla traseros
[Worker-2] Faros antiniebla delantero
[Worker-2] Lminas de Seguridad
[Worker-2] Extras
[Worker-2] Asientos de cuero
[Worker-2] Climatizador
[Worker-2] Precios y costos
[Worker-2] 
[Worker-2] An no tenemos suficiente informacin para determinar un rango de precio para este vehculo.
[Worker-2] 
[Worker-2] Excelente
[Worker-2] Competitivo
[Worker-2] Premium
[Worker-2] 
[Worker-2] (*) Precio referencial
[Worker-2] 
[Worker-2] Cmo se calcula este rango?
[Worker-2] 
[Worker-2] Te toca renovar tu SOAT?
[Worker-2] 
[Worker-2] Verifica el estado de tu SOAT aqu y evita multas.
[Worker-2] 
[Worker-2] Consultar SOAT
[Worker-2] Sobre el anunciante
[Worker-2] 
[Worker-2] Lima, Lima
[Worker-2] 
[Worker-2] Precio
[Worker-2] US$30,900
[Worker-2] Contctate con el anunciante
[Worker-2] Franco Torres
[Worker-2] 985 603...
[Worker-2] Ms informacin
[Worker-2] Beneficios adicionales para ti:
[Worker-2] La mejor opcin
[Worker-2] Financia tu auto con Santander Consumer
[Worker-2] 
[Worker-2] Paga desde:
[Worker-2] US$829/mes*
[Worker-2] Simular crdito
[Worker-2] 
[Worker-2] (*) Cuota mensual referencial. Calculada a 60 meses, 20% de inicial y TEA de 20.99%. No incluye seguro vehicular.
[Worker-2] 
[Worker-2] Solicita tu Prstamo Personal hasta de S/45,000
[Worker-2] Me interesa
[Worker-2] Seminuevos
[Worker-2] Autos
[Worker-2] Motos
[Worker-2] Camiones
[Worker-2] Usados
[Worker-2] Autos
[Worker-2] Motos
[Worker-2] Camiones
[Worker-2] Nuevos
[Worker-2] Autos
[Worker-2] Camiones
[Worker-2] Ayuda
[Worker-2] Trminos y condiciones
[Worker-2] Polticas de publicacin
[Worker-2] Cmo protegemos tus datos?
[Worker-2] Legales
[Worker-2] Sobre NeoAuto
[Worker-2] Noticias
[Worker-2] Tips y guas
[Worker-2] Ayuda en lnea
[Worker-2] 2024 NeoAuto Inc. Todos los derechos reservados
[Worker-2] Sguenos
[Worker-2] Descripcin: {"@context":"https://schema.org","@graph":[{"@type":"Organization","@id":"https://neoauto.com/#organ...
[Worker-2] nico dueo: No
[Worker-2] Datos guardados en: /home/richgutz/Scraper-Neoauto-ANTIGRAVITY/extractores/results_txt/diario_result_20260126_215032_540fca.txt
[Worker-6] Scroll INICIAL para activar contenido...
[Worker-1] Navegacin rpida (sin acciones)
[Worker-1] Paso 3/4: Filtro por Marca 'CHEVROLET'...
[Worker-4] Navegacin rpida (sin acciones)
[Worker-4] Paso 4/4: URL Final...
[Worker-4] Scroll INICIAL para activar contenido...
[Worker-3] Intento 3: Popup no encontrado
[Worker-1] Navegacin rpida (sin acciones)
[Worker-1] Paso 4/4: URL Final...
[Worker-3] No se pudo cerrar el popup de satisfaccin
[Worker-3] Popups manejados POST-scroll
[Worker-3] Scroll adicional de confirmacin...
[Worker-1] Scroll INICIAL para activar contenido...
[Worker-2] URLs restantes en urls_autos_diarios: 64 | Procesadas en sesin: 5
[Worker-3] Ttulo: Volkswagen Taos 2022
[Worker-3] Precio: S/ nan
[Worker-3] Kilometraje: inf km
[Worker-3] Ubicacin: Arranca tu ao sobre ruedas!
[Worker-3] Sbete a tu prximo seminuevo, el auto que mereces.
[Worker-3] Arranca tu ao sobre ruedas!
[Worker-3] Sbete a tu prximo seminuevo, el auto que mereces.
[Worker-3] Arranca tu ao sobre ruedas!
[Worker-3] Sbete a tu prximo seminuevo, el auto que mereces.
[Worker-3] Arranca tu ao sobre ruedas!
[Worker-3] Sbete a tu prximo seminuevo, el auto que mereces.
[Worker-3] Iniciar sesin
[Worker-3] Quiero vender
[Worker-3] Comprar
[Worker-3] Quiero vender
[Worker-3] Financiamiento
[Worker-3] Alquilar
[Worker-3] Nuevo
[Worker-3] Seguros
[Worker-3] Eventos
[Worker-3] Publicidad
[Worker-3] Ver fotos
[Worker-3] Autos usados
[Worker-3] Volkswagen
[Worker-3] Taos
[Worker-3] Volkswagen Taos 2022
[Worker-3] San Isidro, Lima, Lima
[Worker-3] Publicado hoy
[Worker-3] 3 vistas
[Worker-3] Reportar aviso
[Worker-3] Compartir
[Worker-3] Marcar como favorito
[Worker-3] Volkswagen Taos 2022
[Worker-3] Reportar aviso
[Worker-3] Compartir
[Worker-3] Marcar como favorito
[Worker-3] Ao modelo
[Worker-3] 2022
[Worker-3] Kilometraje
[Worker-3] 66,000 km
[Worker-3] Transmisin
[Worker-3] Automtica - Secuencial
[Worker-3] Descripcin
[Worker-3] Vendo Taos High line con todos los mantenimientos en el consecionario, 1.4 versin tope de gama . Puedo aceptar auto o camioneta de mi interes enteres en parte de pago.
[Worker-3] Te recomendamos:
[Worker-3] 
[Worker-3] Te toca renovar tu SOAT?
[Worker-3] 
[Worker-3] Verifica el estado de tu SOAT aqu y evita multas.
[Worker-3] 
[Worker-3] Consultar SOAT
[Worker-3] 
[Worker-3] Alquila autos con Kinto Share
[Worker-3] 
[Worker-3] Que nada frene tus aventuras. Seguro,flexible y con garantia.
[Worker-3] 
[Worker-3] Ver ms
[Worker-3] 
[Worker-3] Blog & Noticias
[Worker-3] 
[Worker-3] Entrate de las ltimas novedades del sector automotriz.
[Worker-3] 
[Worker-3] Ver ms
[Worker-3] Especificaciones tcnicas
[Worker-3] Caractersticas
[Worker-3] Marca
[Worker-3] Volkswagen
[Worker-3] Modelo
[Worker-3] TAOS
[Worker-3] Versin
[Worker-3] HIGHLINE TOPE DE GAMA
[Worker-3] Ao de fabricacin
[Worker-3] 2022
[Worker-3] Categora
[Worker-3] Camioneta
[Worker-3] Combustible
[Worker-3] Gasolina
[Worker-3] Nmero de puertas
[Worker-3] 5
[Worker-3] Traccin
[Worker-3] 4x2
[Worker-3] Color
[Worker-3] Blanco
[Worker-3] Nmero cilindros
[Worker-3] 4
[Worker-3] Cilindrada
[Worker-3] 2,000 cc
[Worker-3] Equipamiento
[Worker-3] Neblineros
[Worker-3] Aire Acondicionado
[Worker-3] Full Equipo
[Worker-3] Computadora de abordo
[Worker-3] Parlantes/Bajos
[Worker-3] Radio CD
[Worker-3] Radio MP3
[Worker-3] Retrovisores Elctricos
[Worker-3] Exterior
[Worker-3] Aros
[Worker-3] Luces Halgenas
[Worker-3] Parrilla
[Worker-3] Aros de Aleacin
[Worker-3] Seguridad
[Worker-3] Localizador (GPS)
[Worker-3] Alarma
[Worker-3] Frenos ABS
[Worker-3] Repartidor electrnico de frenado
[Worker-3] Inmovilizador de motor
[Worker-3] Faros antiniebla traseros
[Worker-3] Faros antiniebla delantero
[Worker-3] Lminas de Seguridad
[Worker-3] Airbag
[Worker-3] Extras
[Worker-3] Sunroof
[Worker-3] Asientos de cuero
[Worker-3] Climatizador
[Worker-3] Precios y costos
[Worker-3] 
[Worker-3] An no tenemos suficiente informacin para determinar un rango de precio para este vehculo.
[Worker-3] 
[Worker-3] Excelente
[Worker-3] Competitivo
[Worker-3] Premium
[Worker-3] 
[Worker-3] (*) Precio referencial
[Worker-3] 
[Worker-3] Cmo se calcula este rango?
[Worker-3] 
[Worker-3] Te toca renovar tu SOAT?
[Worker-3] 
[Worker-3] Verifica el estado de tu SOAT aqu y evita multas.
[Worker-3] 
[Worker-3] Consultar SOAT
[Worker-3] Sobre el anunciante
[Worker-3] 
[Worker-3] PIERO RODRIGUEZ
[Worker-3] 
[Worker-3] San Isidro, Lima
[Worker-3] 
[Worker-3] Precio
[Worker-3] US$21,900
[Worker-3] Contctate con el anunciante
[Worker-3] Piero Alfredo Rodriguez
[Worker-3] 991 848...
[Worker-3] Ms informacin
[Worker-3] Beneficios adicionales para ti:
[Worker-3] La mejor opcin
[Worker-3] Financia tu auto con Santander Consumer
[Worker-3] 
[Worker-3] Paga desde:
[Worker-3] US$590/mes*
[Worker-3] Simular crdito
[Worker-3] 
[Worker-3] (*) Cuota mensual referencial. Calculada a 60 meses, 20% de inicial y TEA de 20.99%. No incluye seguro vehicular.
[Worker-3] 
[Worker-3] Solicita tu Prstamo Personal hasta de S/45,000
[Worker-3] Me interesa
[Worker-3] Seminuevos
[Worker-3] Autos
[Worker-3] Motos
[Worker-3] Camiones
[Worker-3] Usados
[Worker-3] Autos
[Worker-3] Motos
[Worker-3] Camiones
[Worker-3] Nuevos
[Worker-3] Autos
[Worker-3] Camiones
[Worker-3] Ayuda
[Worker-3] Trminos y condiciones
[Worker-3] Polticas de publicacin
[Worker-3] Cmo protegemos tus datos?
[Worker-3] Legales
[Worker-3] Sobre NeoAuto
[Worker-3] Noticias
[Worker-3] Tips y guas
[Worker-3] Ayuda en lnea
[Worker-3] 2024 NeoAuto Inc. Todos los derechos reservados
[Worker-3] Sguenos
[Worker-3] Descripcin: {"@context":"https://schema.org","@graph":[{"@type":"Organization","@id":"https://neoauto.com/#organ...
[Worker-3] nico dueo: No
[Worker-3] Datos guardados en: /home/richgutz/Scraper-Neoauto-ANTIGRAVITY/extractores/results_txt/diario_result_20260126_215038_ca503e.txt
[Worker-2] URL obtenida y bloqueada desde urls_autos_diarios: https://neoauto.com/auto/usado/hyundai-staria-2023-1863490
[Worker-2] 
[Worker-2] Iniciando extraccin para: https://neoauto.com/auto/usado/hyundai-staria-2023-1863490
[Worker-2] Iniciando navegacin...
[Worker-2] Marca extrada: 'hyundai'
[Worker-2] Camino elegido (4 pasos).
[Worker-2] Paso 1/4: Pgina Principal...
[Worker-2] Navegacin rpida (sin acciones)
[Worker-2] Paso 2/4: Categora 'Usados'...
[Worker-5] No apareci popup de cookies
[Worker-2] Navegacin rpida (sin acciones)
[Worker-2] Paso 3/4: Filtro por Marca 'HYUNDAI'...
[Worker-5] Intento 1: Page.click: Timeout 1000ms exceeded.
[Worker-5] Call log:
[Worker-5] - waiting for locator("button[class*='close']").locator("svg").locator("xpath=./ancestor::button")
[Worker-5] 
[Worker-2] Navegacin rpida (sin acciones)
[Worker-2] Paso 4/4: URL Final...
[Worker-3] URLs restantes en urls_autos_diarios: 63 | Procesadas en sesin: 5
[Worker-2] Scroll INICIAL para activar contenido...
[Worker-3] URL obtenida y bloqueada desde urls_autos_diarios: https://neoauto.com/auto/usado/chevrolet-onix-2021-1863544
[Worker-3] 
[Worker-3] Iniciando extraccin para: https://neoauto.com/auto/usado/chevrolet-onix-2021-1863544
[Worker-3] Iniciando navegacin...
[Worker-3] Marca extrada: 'chevrolet'
[Worker-3] Camino elegido (4 pasos).
[Worker-3] Paso 1/4: Pgina Principal...
[Worker-5] Intento 2: Page.click: Timeout 1000ms exceeded.
[Worker-5] Call log:
[Worker-5] - waiting for locator("button[class*='close']").locator("svg").locator("xpath=./ancestor::button")
[Worker-5] 
[Worker-3] Navegacin rpida (sin acciones)
[Worker-3] Paso 2/4: Categora 'Usados'...
[Worker-3] Navegacin rpida (sin acciones)
[Worker-3] Paso 3/4: Filtro por Marca 'CHEVROLET'...
[Worker-6] No apareci popup de cookies
[Worker-6] Intento 1: Page.click: Timeout 1000ms exceeded.
[Worker-6] Call log:
[Worker-6] - waiting for locator("button[class*='close']").locator("svg").locator("xpath=./ancestor::button")
[Worker-6] 
[Worker-3] Navegacin rpida (sin acciones)
[Worker-3] Paso 4/4: URL Final...
[Worker-4] No apareci popup de cookies
[Worker-4] Intento 1: Page.click: Timeout 1000ms exceeded.
[Worker-4] Call log:
[Worker-4] - waiting for locator("button[class*='close']").locator("svg").locator("xpath=./ancestor::button")
[Worker-4] 
[Worker-3] Scroll INICIAL para activar contenido...
[Worker-6] Intento 2: Page.click: Timeout 1000ms exceeded.
[Worker-6] Call log:
[Worker-6] - waiting for locator("button[class*='close']").locator("svg").locator("xpath=./ancestor::button")
[Worker-6] 
[Worker-1] No apareci popup de cookies
[Worker-4] Intento 2: Page.click: Timeout 1000ms exceeded.
[Worker-4] Call log:
[Worker-4] - waiting for locator("button[class*='close']").locator("svg").locator("xpath=./ancestor::button")
[Worker-4] 
[Worker-1] Intento 1: Page.click: Timeout 1000ms exceeded.
[Worker-1] Call log:
[Worker-1] - waiting for locator("button[class*='close']").locator("svg").locator("xpath=./ancestor::button")
[Worker-1] 
[Worker-1] Intento 2: Page.click: Timeout 1000ms exceeded.
[Worker-1] Call log:
[Worker-1] - waiting for locator("button[class*='close']").locator("svg").locator("xpath=./ancestor::button")
[Worker-1] 
[Worker-2] No apareci popup de cookies
[Worker-2] Intento 1: Page.click: Timeout 1000ms exceeded.
[Worker-2] Call log:
[Worker-2] - waiting for locator("button[class*='close']").locator("svg").locator("xpath=./ancestor::button")
[Worker-2] 
[Worker-2] Intento 2: Page.click: Timeout 1000ms exceeded.
[Worker-2] Call log:
[Worker-2] - waiting for locator("button[class*='close']").locator("svg").locator("xpath=./ancestor::button")
[Worker-2] 
[Worker-3] No apareci popup de cookies
[Worker-5] Intento 1: Popup no encontrado
[Worker-3] Intento 1: Page.click: Timeout 1000ms exceeded.
[Worker-3] Call log:
[Worker-3] - waiting for locator("button[class*='close']").locator("svg").locator("xpath=./ancestor::button")
[Worker-3] 
[Worker-3] Intento 2: Page.click: Timeout 1000ms exceeded.
[Worker-3] Call log:
[Worker-3] - waiting for locator("button[class*='close']").locator("svg").locator("xpath=./ancestor::button")
[Worker-3] 
[Worker-5] Intento 2: Popup no encontrado
[Worker-6] Intento 1: Popup no encontrado
[Worker-4] Intento 1: Popup no encontrado
[Worker-1] Intento 1: Popup no encontrado
[Worker-5] Intento 3: Popup no encontrado
[Worker-6] Intento 2: Popup no encontrado
[Worker-5] No se pudo cerrar el popup de satisfaccin
[Worker-5] Popups manejados POST-scroll
[Worker-5] Scroll adicional de confirmacin...
[Worker-4] Intento 2: Popup no encontrado
[Worker-5] Ttulo: Mitsubishi Eclipse Cross 2024
[Worker-5] Precio: S/ nan
[Worker-5] Kilometraje: inf km
[Worker-5] Ubicacin: Arranca tu ao sobre ruedas!
[Worker-5] Sbete a tu prximo seminuevo, el auto que mereces.
[Worker-5] Arranca tu ao sobre ruedas!
[Worker-5] Sbete a tu prximo seminuevo, el auto que mereces.
[Worker-5] Arranca tu ao sobre ruedas!
[Worker-5] Sbete a tu prximo seminuevo, el auto que mereces.
[Worker-5] Arranca tu ao sobre ruedas!
[Worker-5] Sbete a tu prximo seminuevo, el auto que mereces.
[Worker-5] Iniciar sesin
[Worker-5] Quiero vender
[Worker-5] Comprar
[Worker-5] Quiero vender
[Worker-5] Financiamiento
[Worker-5] Alquilar
[Worker-5] Nuevo
[Worker-5] Seguros
[Worker-5] Eventos
[Worker-5] Publicidad
[Worker-5] Ver fotos
[Worker-5] Autos usados
[Worker-5] Mitsubishi
[Worker-5] Eclipse Cross
[Worker-5] Mitsubishi Eclipse Cross 2024
[Worker-5] San Isidro, Lima, Lima
[Worker-5] Publicado hoy
[Worker-5] 457 vistas
[Worker-5] Reportar aviso
[Worker-5] Compartir
[Worker-5] Marcar como favorito
[Worker-5] Mitsubishi Eclipse Cross 2024
[Worker-5] Reportar aviso
[Worker-5] Compartir
[Worker-5] Marcar como favorito
[Worker-5] Ao modelo
[Worker-5] 2024
[Worker-5] Kilometraje
[Worker-5] 30,000 km
[Worker-5] Transmisin
[Worker-5] Automtica - Secuencial
[Worker-5] Descripcin
[Worker-5] Vendo Mitsubishi Eclipse Cross 2.0 automtica, en muy buen estado SEMINUEVO. Puedo aceptar vehculo de mi inters en parte de pago.
[Worker-5] Te recomendamos:
[Worker-5] 
[Worker-5] Te toca renovar tu SOAT?
[Worker-5] 
[Worker-5] Verifica el estado de tu SOAT aqu y evita multas.
[Worker-5] 
[Worker-5] Consultar SOAT
[Worker-5] 
[Worker-5] Alquila autos con Kinto Share
[Worker-5] 
[Worker-5] Que nada frene tus aventuras. Seguro,flexible y con garantia.
[Worker-5] 
[Worker-5] Ver ms
[Worker-5] 
[Worker-5] Blog & Noticias
[Worker-5] 
[Worker-5] Entrate de las ltimas novedades del sector automotriz.
[Worker-5] 
[Worker-5] Ver ms
[Worker-5] Especificaciones tcnicas
[Worker-5] Caractersticas
[Worker-5] Marca
[Worker-5] Mitsubishi
[Worker-5] Modelo
[Worker-5] ECLIPSE CROSS
[Worker-5] Versin
[Worker-5] 2WD 2.0 GLS
[Worker-5] Ao de fabricacin
[Worker-5] 2024
[Worker-5] Categora
[Worker-5] Camioneta
[Worker-5] Combustible
[Worker-5] Gasolina
[Worker-5] Nmero de puertas
[Worker-5] 5
[Worker-5] Traccin
[Worker-5] 4x2
[Worker-5] Color
[Worker-5] Negro
[Worker-5] Nmero cilindros
[Worker-5] 4
[Worker-5] Cilindrada
[Worker-5] 2,000 cc
[Worker-5] Equipamiento
[Worker-5] Neblineros
[Worker-5] Aire Acondicionado
[Worker-5] Full Equipo
[Worker-5] Computadora de abordo
[Worker-5] Parlantes/Bajos
[Worker-5] Radio CD
[Worker-5] Radio MP3
[Worker-5] Retrovisores Elctricos
[Worker-5] Exterior
[Worker-5] Aros
[Worker-5] Luces Halgenas
[Worker-5] Parrilla
[Worker-5] Aros de Aleacin
[Worker-5] Seguridad
[Worker-5] Localizador (GPS)
[Worker-5] Alarma
[Worker-5] Frenos ABS
[Worker-5] Repartidor electrnico de frenado
[Worker-5] Inmovilizador de motor
[Worker-5] Faros antiniebla traseros
[Worker-5] Faros antiniebla delantero
[Worker-5] Blindado
[Worker-5] Lminas de Seguridad
[Worker-5] Airbag
[Worker-5] Extras
[Worker-5] Sunroof
[Worker-5] Asientos de cuero
[Worker-5] Climatizador
[Worker-5] Precios y costos
[Worker-5] 
[Worker-5] An no tenemos suficiente informacin para determinar un rango de precio para este vehculo.
[Worker-5] 
[Worker-5] Excelente
[Worker-5] Competitivo
[Worker-5] Premium
[Worker-5] 
[Worker-5] (*) Precio referencial
[Worker-5] 
[Worker-5] Cmo se calcula este rango?
[Worker-5] 
[Worker-5] Te toca renovar tu SOAT?
[Worker-5] 
[Worker-5] Verifica el estado de tu SOAT aqu y evita multas.
[Worker-5] 
[Worker-5] Consultar SOAT
[Worker-5] Sobre el anunciante
[Worker-5] 
[Worker-5] PIERO RODRIGUEZ
[Worker-5] 
[Worker-5] San Isidro, Lima
[Worker-5] 
[Worker-5] Precio
[Worker-5] US$21,900
[Worker-5] Contctate con el anunciante
[Worker-5] Piero Alfredo Rodriguez
[Worker-5] 991 848...
[Worker-5] Ms informacin
[Worker-5] Beneficios adicionales para ti:
[Worker-5] La mejor opcin
[Worker-5] Financia tu auto con Santander Consumer
[Worker-5] 
[Worker-5] Paga desde:
[Worker-5] US$590/mes*
[Worker-5] Simular crdito
[Worker-5] 
[Worker-5] (*) Cuota mensual referencial. Calculada a 60 meses, 20% de inicial y TEA de 20.99%. No incluye seguro vehicular.
[Worker-5] 
[Worker-5] Solicita tu Prstamo Personal hasta de S/45,000
[Worker-5] Me interesa
[Worker-5] Ms de esta tienda
[Worker-5] Volkswagen Taos 2022
[Worker-5] 66,000km
[Worker-5] HIGHLINE TOPE D...
[Worker-5] Automtica - Se...
[Worker-5] Gasolina
[Worker-5] Precio
[Worker-5] US$21,900
[Worker-5] Con Crdito Vehicular
[Worker-5] US$590/mes
[Worker-5] Ver detalle
[Worker-5] Vehculo de: PIERO RODRIGUEZ
[Worker-5] Seminuevos
[Worker-5] Autos
[Worker-5] Motos
[Worker-5] Camiones
[Worker-5] Usados
[Worker-5] Autos
[Worker-5] Motos
[Worker-5] Camiones
[Worker-5] Nuevos
[Worker-5] Autos
[Worker-5] Camiones
[Worker-5] Ayuda
[Worker-5] Trminos y condiciones
[Worker-5] Polticas de publicacin
[Worker-5] Cmo protegemos tus datos?
[Worker-5] Legales
[Worker-5] Sobre NeoAuto
[Worker-5] Noticias
[Worker-5] Tips y guas
[Worker-5] Ayuda en lnea
[Worker-5] 2024 NeoAuto Inc. Todos los derechos reservados
[Worker-5] Sguenos
[Worker-5] Descripcin: {"@context":"https://schema.org","@graph":[{"@type":"Organization","@id":"https://neoauto.com/#organ...
[Worker-5] nico dueo: No
[Worker-5] Datos guardados en: /home/richgutz/Scraper-Neoauto-ANTIGRAVITY/extractores/results_txt/diario_result_20260126_215117_2bf31e.txt
[Worker-1] Intento 2: Popup no encontrado
[Worker-6] Intento 3: Popup no encontrado
[Worker-6] No se pudo cerrar el popup de satisfaccin
[Worker-6] Popups manejados POST-scroll
[Worker-6] Scroll adicional de confirmacin...
[Worker-2] Intento 1: Popup no encontrado
[Worker-4] Intento 3: Popup no encontrado
[Worker-4] No se pudo cerrar el popup de satisfaccin
[Worker-4] Popups manejados POST-scroll
[Worker-4] Scroll adicional de confirmacin...
[Worker-1] Intento 3: Popup no encontrado
[Worker-6] Ttulo: Audi A1 2011
[Worker-6] Precio: S/ nan
[Worker-6] Kilometraje: inf km
[Worker-6] Ubicacin: Arranca tu ao sobre ruedas!
[Worker-6] Sbete a tu prximo seminuevo, el auto que mereces.
[Worker-6] Arranca tu ao sobre ruedas!
[Worker-6] Sbete a tu prximo seminuevo, el auto que mereces.
[Worker-6] Arranca tu ao sobre ruedas!
[Worker-6] Sbete a tu prximo seminuevo, el auto que mereces.
[Worker-6] Arranca tu ao sobre ruedas!
[Worker-6] Sbete a tu prximo seminuevo, el auto que mereces.
[Worker-6] Iniciar sesin
[Worker-6] Quiero vender
[Worker-6] Comprar
[Worker-6] Quiero vender
[Worker-6] Financiamiento
[Worker-6] Alquilar
[Worker-6] Nuevo
[Worker-6] Seguros
[Worker-6] Eventos
[Worker-6] Publicidad
[Worker-6] Ver video
[Worker-6] Ver fotos
[Worker-6] Autos usados
[Worker-6] Audi
[Worker-6] A1
[Worker-6] Audi A1 2011
[Worker-6] Ate, Lima, Lima
[Worker-6] Publicado ayer
[Worker-6] 11 vistas
[Worker-6] Reportar aviso
[Worker-6] Compartir
[Worker-6] Marcar como favorito
[Worker-6] Audi A1 2011
[Worker-6] Reportar aviso
[Worker-6] Compartir
[Worker-6] Marcar como favorito
[Worker-6] Ao modelo
[Worker-6] 2011
[Worker-6] Kilometraje
[Worker-6] 127,000 km
[Worker-6] Transmisin
[Worker-6] Automtica - Secuencial
[Worker-6] Descripcin
[Worker-6] Vendo mi Audi A1 1.4 TFSI S Tronic Ambition 2011, hatchback 3 puertas, en muy buen estado, con 127,111 km reales. Es un auto cuidado, de uso particular, nunca flota, con manejo responsable y mantenimiento constante. La conduccin es suave, estable y
[Worker-6] Seguir leyendo
[Worker-6] Te recomendamos:
[Worker-6] 
[Worker-6] Te toca renovar tu SOAT?
[Worker-6] 
[Worker-6] Verifica el estado de tu SOAT aqu y evita multas.
[Worker-6] 
[Worker-6] Consultar SOAT
[Worker-6] 
[Worker-6] Alquila autos con Kinto Share
[Worker-6] 
[Worker-6] Que nada frene tus aventuras. Seguro,flexible y con garantia.
[Worker-6] 
[Worker-6] Ver ms
[Worker-6] 
[Worker-6] Blog & Noticias
[Worker-6] 
[Worker-6] Entrate de las ltimas novedades del sector automotriz.
[Worker-6] 
[Worker-6] Ver ms
[Worker-6] Especificaciones tcnicas
[Worker-6] Caractersticas
[Worker-6] Marca
[Worker-6] Audi
[Worker-6] Modelo
[Worker-6] A1
[Worker-6] Versin
[Worker-6] 1.4 TFSI AMBITION
[Worker-6] Versin
[Worker-6] 1.4 TFSI AMBITION
[Worker-6] Ao de fabricacin
[Worker-6] 2011
[Worker-6] Categora
[Worker-6] Hatchback
[Worker-6] Combustible
[Worker-6] Gasolina
[Worker-6] Nmero de puertas
[Worker-6] 3
[Worker-6] Traccin
[Worker-6] Delantera
[Worker-6] Color
[Worker-6] Blanco
[Worker-6] Nmero cilindros
[Worker-6] 4
[Worker-6] Cilindrada
[Worker-6] 1,390 cc
[Worker-6] Equipamiento
[Worker-6] Neblineros
[Worker-6] Computadora de abordo
[Worker-6] Radio MP3
[Worker-6] Seguridad
[Worker-6] Airbag
[Worker-6] Lminas de Seguridad
[Worker-6] Faros antiniebla delantero
[Worker-6] Inmovilizador de motor
[Worker-6] Repartidor electrnico de frenado
[Worker-6] Frenos ABS
[Worker-6] Alarma
[Worker-6] Precios y costos
[Worker-6] 
[Worker-6] An no tenemos suficiente informacin para determinar un rango de precio para este vehculo.
[Worker-6] 
[Worker-6] Excelente
[Worker-6] Competitivo
[Worker-6] Premium
[Worker-6] 
[Worker-6] (*) Precio referencial
[Worker-6] 
[Worker-6] Cmo se calcula este rango?
[Worker-6] 
[Worker-6] Te toca renovar tu SOAT?
[Worker-6] 
[Worker-6] Verifica el estado de tu SOAT aqu y evita multas.
[Worker-6] 
[Worker-6] Consultar SOAT
[Worker-6] Precio
[Worker-6] US$11,000
[Worker-6] Contctate con el anunciante
[Worker-6] Jose Antonio Arriola Mallqui
[Worker-6] 984 847...
[Worker-6] Ms informacin
[Worker-6] Beneficios adicionales para ti:
[Worker-6] Solicita tu Prstamo Personal hasta de S/45,000
[Worker-6] Me interesa
[Worker-6] Seminuevos
[Worker-6] Autos
[Worker-6] Motos
[Worker-6] Camiones
[Worker-6] Usados
[Worker-6] Autos
[Worker-6] Motos
[Worker-6] Camiones
[Worker-6] Nuevos
[Worker-6] Autos
[Worker-6] Camiones
[Worker-6] Ayuda
[Worker-6] Trminos y condiciones
[Worker-6] Polticas de publicacin
[Worker-6] Cmo protegemos tus datos?
[Worker-6] Legales
[Worker-6] Sobre NeoAuto
[Worker-6] Noticias
[Worker-6] Tips y guas
[Worker-6] Ayuda en lnea
[Worker-6] 2024 NeoAuto Inc. Todos los derechos reservados
[Worker-6] Sguenos
[Worker-5] URL obtenida y bloqueada desde urls_autos_diarios: https://neoauto.com/auto/usado/volkswagen-gol-2017-1863452
[Worker-5] 
[Worker-5] Iniciando extraccin para: https://neoauto.com/auto/usado/volkswagen-gol-2017-1863452
[Worker-5] Iniciando navegacin...
[Worker-5] Marca extrada: 'volkswagen'
[Worker-5] Camino elegido (4 pasos).
[Worker-5] Paso 1/4: Pgina Principal...
[Worker-6] Descripcin: {"@context":"https://schema.org","@graph":[{"@type":"Organization","@id":"https://neoauto.com/#organ...
[Worker-6] nico dueo: No
[Worker-6] Datos guardados en: /home/richgutz/Scraper-Neoauto-ANTIGRAVITY/extractores/results_txt/diario_result_20260126_215123_b5b7de.txt
[Worker-1] No se pudo cerrar el popup de satisfaccin
[Worker-1] Popups manejados POST-scroll
[Worker-1] Scroll adicional de confirmacin...
[Worker-5] Navegacin rpida (sin acciones)
[Worker-5] Paso 2/4: Categora 'Usados'...
[Worker-4] Ttulo: Subaru Evoltis 2021
[Worker-4] Precio: S/ nan
[Worker-4] Kilometraje: 3.200200123452021e+281 km
[Worker-4] Ubicacin: Arranca tu ao sobre ruedas!
[Worker-4] Sbete a tu prximo seminuevo, el auto que mereces.
[Worker-4] Arranca tu ao sobre ruedas!
[Worker-4] Sbete a tu prximo seminuevo, el auto que mereces.
[Worker-4] Arranca tu ao sobre ruedas!
[Worker-4] Sbete a tu prximo seminuevo, el auto que mereces.
[Worker-4] Arranca tu ao sobre ruedas!
[Worker-4] Sbete a tu prximo seminuevo, el auto que mereces.
[Worker-4] Iniciar sesin
[Worker-4] Quiero vender
[Worker-4] Comprar
[Worker-4] Quiero vender
[Worker-4] Financiamiento
[Worker-4] Alquilar
[Worker-4] Nuevo
[Worker-4] Seguros
[Worker-4] Eventos
[Worker-4] Publicidad
[Worker-4] Ver fotos
[Worker-4] Autos usados
[Worker-4] Subaru
[Worker-4] Evoltis
[Worker-4] Subaru Evoltis 2021
[Worker-4] San Miguel, Lima, Lima
[Worker-4] Publicado ayer
[Worker-4] 864 vistas
[Worker-4] Reportar aviso
[Worker-4] Compartir
[Worker-4] Marcar como favorito
[Worker-4] Subaru Evoltis 2021
[Worker-4] Reportar aviso
[Worker-4] Compartir
[Worker-4] Marcar como favorito
[Worker-4] Ao modelo
[Worker-4] 2021
[Worker-4] Kilometraje
[Worker-4] 83,600 km
[Worker-4] Transmisin
[Worker-4] Automtica - Secuencial
[Worker-4] Descripcin
[Worker-4] Vendo Subaru Evoltis, Motor 2.4 Turbo ao 2021 a $34,000 (negociable). Uso de casa al trabajo todos los mantenimientos en la misma Subaru. Garanta de la marca hasta el 2026. Todo Original sin modificaciones. Cuenta con proteccin a la pintura, sunro...
[Worker-4] Seguir leyendo
[Worker-4] Te recomendamos:
[Worker-4] 
[Worker-4] Te toca renovar tu SOAT?
[Worker-4] 
[Worker-4] Verifica el estado de tu SOAT aqu y evita multas.
[Worker-4] 
[Worker-4] Consultar SOAT
[Worker-4] 
[Worker-4] Alquila autos con Kinto Share
[Worker-4] 
[Worker-4] Que nada frene tus aventuras. Seguro,flexible y con garantia.
[Worker-4] 
[Worker-4] Ver ms
[Worker-4] 
[Worker-4] Blog & Noticias
[Worker-4] 
[Worker-4] Entrate de las ltimas novedades del sector automotriz.
[Worker-4] 
[Worker-4] Ver ms
[Worker-4] Especificaciones tcnicas
[Worker-4] Caractersticas
[Worker-4] Marca
[Worker-4] Subaru
[Worker-4] Modelo
[Worker-4] EVOLTIS
[Worker-4] Versin
[Worker-4] 4X4
[Worker-4] Ao de fabricacin
[Worker-4] 2021
[Worker-4] Categora
[Worker-4] Camioneta
[Worker-4] Combustible
[Worker-4] Gasolina
[Worker-4] Nmero de puertas
[Worker-4] 5
[Worker-4] Traccin
[Worker-4] 4WD
[Worker-4] Color
[Worker-4] Negro
[Worker-4] Nmero cilindros
[Worker-4] 4
[Worker-4] Cilindrada
[Worker-4] 2,400 cc
[Worker-4] Equipamiento
[Worker-4] Aire Acondicionado
[Worker-4] Full Equipo
[Worker-4] Parlantes/Bajos
[Worker-4] Radio CD
[Worker-4] Radio MP3
[Worker-4] Neblineros
[Worker-4] Exterior
[Worker-4] Aros de Aleacin
[Worker-4] Luces Halgenas
[Worker-4] Seguridad
[Worker-4] Airbag
[Worker-4] Alarma
[Worker-4] Frenos ABS
[Worker-4] Repartidor electrnico de frenado
[Worker-4] Faros antiniebla delantero
[Worker-4] Lminas de Seguridad
[Worker-4] Localizador (GPS)
[Worker-4] Extras
[Worker-4] Sunroof
[Worker-4] Asientos de cuero
[Worker-4] Climatizador
[Worker-4] Precios y costos
[Worker-4] 
[Worker-4] An no tenemos suficiente informacin para determinar un rango de precio para este vehculo.
[Worker-4] 
[Worker-4] Excelente
[Worker-4] Competitivo
[Worker-4] Premium
[Worker-4] 
[Worker-4] (*) Precio referencial
[Worker-4] 
[Worker-4] Cmo se calcula este rango?
[Worker-4] 
[Worker-4] Te toca renovar tu SOAT?
[Worker-4] 
[Worker-4] Verifica el estado de tu SOAT aqu y evita multas.
[Worker-4] 
[Worker-4] Consultar SOAT
[Worker-4] Precio
[Worker-4] US$34,000
[Worker-4] Contctate con el anunciante
[Worker-4] Paola Enriquez Lara
[Worker-4] 980 708...
[Worker-4] Ms informacin
[Worker-4] Beneficios adicionales para ti:
[Worker-4] La mejor opcin
[Worker-4] Financia tu auto con Santander Consumer
[Worker-4] 
[Worker-4] Paga desde:
[Worker-4] US$911/mes*
[Worker-4] Simular crdito
[Worker-4] 
[Worker-4] (*) Cuota mensual referencial. Calculada a 60 meses, 20% de inicial y TEA de 20.99%. No incluye seguro vehicular.
[Worker-4] 
[Worker-4] Solicita tu Prstamo Personal hasta de S/45,000
[Worker-4] Me interesa
[Worker-4] Seminuevos
[Worker-4] Autos
[Worker-4] Motos
[Worker-4] Camiones
[Worker-4] Usados
[Worker-4] Autos
[Worker-4] Motos
[Worker-4] Camiones
[Worker-4] Nuevos
[Worker-4] Autos
[Worker-4] Camiones
[Worker-4] Ayuda
[Worker-4] Trminos y condiciones
[Worker-4] Polticas de publicacin
[Worker-4] Cmo protegemos tus datos?
[Worker-4] Legales
[Worker-4] Sobre NeoAuto
[Worker-4] Noticias
[Worker-4] Tips y guas
[Worker-4] Ayuda en lnea
[Worker-4] 2024 NeoAuto Inc. Todos los derechos reservados
[Worker-4] Sguenos
[Worker-4] Descripcin: {"@context":"https://schema.org","@graph":[{"@type":"Organization","@id":"https://neoauto.com/#organ...
[Worker-4] nico dueo: No
[Worker-4] Datos guardados en: /home/richgutz/Scraper-Neoauto-ANTIGRAVITY/extractores/results_txt/diario_result_20260126_215124_d73317.txt
[Worker-5] Navegacin rpida (sin acciones)
[Worker-5] Paso 3/4: Filtro por Marca 'VOLKSWAGEN'...
[Worker-3] Intento 1: Popup no encontrado
[Worker-2] Intento 2: Popup no encontrado
[Worker-5] Navegacin rpida (sin acciones)
[Worker-5] Paso 4/4: URL Final...
[Worker-6] URL obtenida y bloqueada desde urls_autos_diarios: https://neoauto.com/auto/usado/subaru-forester-2014-1863579
[Worker-6] 
[Worker-6] Iniciando extraccin para: https://neoauto.com/auto/usado/subaru-forester-2014-1863579
[Worker-6] Iniciando navegacin...
[Worker-6] Marca extrada: 'subaru'
[Worker-6] Camino elegido (4 pasos).
[Worker-6] Paso 1/4: Pgina Principal...
[Worker-1] Ttulo: Chevrolet Captiva 2023
[Worker-1] Precio: S/ nan
[Worker-1] Kilometraje: inf km
[Worker-1] Ubicacin: Arranca tu ao sobre ruedas!
[Worker-1] Sbete a tu prximo seminuevo, el auto que mereces.
[Worker-1] Arranca tu ao sobre ruedas!
[Worker-1] Sbete a tu prximo seminuevo, el auto que mereces.
[Worker-1] Arranca tu ao sobre ruedas!
[Worker-1] Sbete a tu prximo seminuevo, el auto que mereces.
[Worker-1] Arranca tu ao sobre ruedas!
[Worker-1] Sbete a tu prximo seminuevo, el auto que mereces.
[Worker-1] Iniciar sesin
[Worker-1] Quiero vender
[Worker-1] Comprar
[Worker-1] Quiero vender
[Worker-1] Financiamiento
[Worker-1] Alquilar
[Worker-1] Nuevo
[Worker-1] Seguros
[Worker-1] Eventos
[Worker-1] Publicidad
[Worker-1] Ver fotos
[Worker-1] Autos usados
[Worker-1] Chevrolet
[Worker-1] Captiva
[Worker-1] Chevrolet Captiva 2023
[Worker-1] Santiago de Surco, Lima, Lima
[Worker-1] Publicado hoy
[Worker-1] 666 vistas
[Worker-1] Reportar aviso
[Worker-1] Compartir
[Worker-1] Marcar como favorito
[Worker-1] Chevrolet Captiva 2023
[Worker-1] Reportar aviso
[Worker-1] Compartir
[Worker-1] Marcar como favorito
[Worker-1] Ao modelo
[Worker-1] 2023
[Worker-1] Kilometraje
[Worker-1] 29,600 km
[Worker-1] Transmisin
[Worker-1] Automtica - Secuencial
[Worker-1] Descripcin
[Worker-1] CHEVROLET CAPTIVA PRIME 1.5 TURBO fabricacin 2023. Tapiz de cuero. 3 filas de asientos, elctrico para el piloto. Caja automtica secuencial. con modos de manejo. Velocidad de crucero. Encendido con botn. Freno d eman electrnico. Sunroof. Auto ho...
[Worker-1] Seguir leyendo
[Worker-1] Te recomendamos:
[Worker-1] 
[Worker-1] Te toca renovar tu SOAT?
[Worker-1] 
[Worker-1] Verifica el estado de tu SOAT aqu y evita multas.
[Worker-1] 
[Worker-1] Consultar SOAT
[Worker-1] 
[Worker-1] Alquila autos con Kinto Share
[Worker-1] 
[Worker-1] Que nada frene tus aventuras. Seguro,flexible y con garantia.
[Worker-1] 
[Worker-1] Ver ms
[Worker-1] 
[Worker-1] Blog & Noticias
[Worker-1] 
[Worker-1] Entrate de las ltimas novedades del sector automotriz.
[Worker-1] 
[Worker-1] Ver ms
[Worker-1] Especificaciones tcnicas
[Worker-1] Caractersticas
[Worker-1] Marca
[Worker-1] Chevrolet
[Worker-1] Modelo
[Worker-1] CAPTIVA
[Worker-1] Versin
[Worker-1] PRIME
[Worker-1] Ao de fabricacin
[Worker-1] 2023
[Worker-1] Categora
[Worker-1] Camioneta
[Worker-1] Combustible
[Worker-1] Gasolina
[Worker-1] Nmero de puertas
[Worker-1] 5
[Worker-1] Traccin
[Worker-1] 4x2
[Worker-1] Color
[Worker-1] Negro
[Worker-1] Nmero cilindros
[Worker-1] 4
[Worker-1] Cilindrada
[Worker-1] 1,500 cc
[Worker-1] Equipamiento
[Worker-1] Neblineros
[Worker-1] Aire Acondicionado
[Worker-1] Full Equipo
[Worker-1] Computadora de abordo
[Worker-1] Parlantes/Bajos
[Worker-1] Radio MP3
[Worker-1] Retrovisores Elctricos
[Worker-1] Exterior
[Worker-1] Luces Halgenas
[Worker-1] Aros
[Worker-1] Seguridad
[Worker-1] Airbag
[Worker-1] Lminas de Seguridad
[Worker-1] Faros antiniebla delantero
[Worker-1] Faros antiniebla traseros
[Worker-1] Inmovilizador de motor
[Worker-1] Extras
[Worker-1] Sunroof
[Worker-1] Asientos de cuero
[Worker-1] Climatizador
[Worker-1] Precios y costos
[Worker-1] 
[Worker-1] Este aviso
[Worker-1] 
[Worker-1] US$18,700
[Worker-1] 
[Worker-1] Precio de mercado
[Worker-1] 
[Worker-1] US$19,250*
[Worker-1] 
[Worker-1] Excelente
[Worker-1] Competitivo
[Worker-1] Premium
[Worker-1] 
[Worker-1] (*) Precio referencial
[Worker-1] 
[Worker-1] Cmo se calcula este rango?
[Worker-1] 
[Worker-1] Te toca renovar tu SOAT?
[Worker-1] 
[Worker-1] Verifica el estado de tu SOAT aqu y evita multas.
[Worker-1] 
[Worker-1] Consultar SOAT
[Worker-1] Sobre el anunciante
[Worker-1] 
[Worker-1] Lima, Lima
[Worker-1] 
[Worker-1] Precio
[Worker-1] US$18,700
[Worker-1] Contctate con el anunciante
[Worker-1] Miguel Westphalen
[Worker-1] 947 812...
[Worker-1] Ms informacin
[Worker-1] Beneficios adicionales para ti:
[Worker-1] La mejor opcin
[Worker-1] Financia tu auto con Santander Consumer
[Worker-1] 
[Worker-1] Paga desde:
[Worker-1] US$505/mes*
[Worker-1] Simular crdito
[Worker-1] 
[Worker-1] (*) Cuota mensual referencial. Calculada a 60 meses, 20% de inicial y TEA de 20.99%. No incluye seguro vehicular.
[Worker-1] 
[Worker-1] Solicita tu Prstamo Personal hasta de S/45,000
[Worker-1] Me interesa
[Worker-1] Seminuevos
[Worker-1] Autos
[Worker-1] Motos
[Worker-1] Camiones
[Worker-1] Usados
[Worker-1] Autos
[Worker-1] Motos
[Worker-1] Camiones
[Worker-1] Nuevos
[Worker-1] Autos
[Worker-1] Camiones
[Worker-1] Ayuda
[Worker-1] Trminos y condiciones
[Worker-1] Polticas de publicacin
[Worker-1] Cmo protegemos tus datos?
[Worker-1] Legales
[Worker-1] Sobre NeoAuto
[Worker-1] Noticias
[Worker-1] Tips y guas
[Worker-1] Ayuda en lnea
[Worker-1] 2024 NeoAuto Inc. Todos los derechos reservados
[Worker-1] Sguenos
[Worker-1] Descripcin: {"@context":"https://schema.org","@graph":[{"@type":"Organization","@id":"https://neoauto.com/#organ...
[Worker-1] nico dueo: No
[Worker-1] Datos guardados en: /home/richgutz/Scraper-Neoauto-ANTIGRAVITY/extractores/results_txt/diario_result_20260126_215126_8d330a.txt
[Worker-6] Navegacin rpida (sin acciones)
[Worker-6] Paso 2/4: Categora 'Usados'...
[Worker-5] Scroll INICIAL para activar contenido...
[Worker-4] URL obtenida y bloqueada desde urls_autos_diarios: https://neoauto.com/auto/usado/volkswagen-vento-1997-1863469
[Worker-4] 
[Worker-4] Iniciando extraccin para: https://neoauto.com/auto/usado/volkswagen-vento-1997-1863469
[Worker-4] Iniciando navegacin...
[Worker-4] Marca extrada: 'volkswagen'
[Worker-4] Camino elegido (4 pasos).
[Worker-4] Paso 1/4: Pgina Principal...
[Worker-6] Navegacin rpida (sin acciones)
[Worker-6] Paso 3/4: Filtro por Marca 'SUBARU'...
[Worker-4] Navegacin rpida (sin acciones)
[Worker-4] Paso 2/4: Categora 'Usados'...
[Worker-4] Navegacin rpida (sin acciones)
[Worker-4] Paso 3/4: Filtro por Marca 'VOLKSWAGEN'...
[Worker-3] Intento 2: Popup no encontrado
[Worker-2] Intento 3: Popup no encontrado
[Worker-6] Navegacin rpida (sin acciones)
[Worker-6] Paso 4/4: URL Final...
[Worker-2] No se pudo cerrar el popup de satisfaccin
[Worker-2] Popups manejados POST-scroll
[Worker-2] Scroll adicional de confirmacin...
[Worker-1] URL obtenida y bloqueada desde urls_autos_diarios: https://neoauto.com/auto/usado/suzuki-celerio-2023-1863586
[Worker-1] 
[Worker-1] Iniciando extraccin para: https://neoauto.com/auto/usado/suzuki-celerio-2023-1863586
[Worker-1] Iniciando navegacin...
[Worker-1] Marca extrada: 'suzuki'
[Worker-1] Camino elegido (4 pasos).
[Worker-1] Paso 1/4: Pgina Principal...
[Worker-1] Navegacin rpida (sin acciones)
[Worker-1] Paso 2/4: Categora 'Usados'...
[Worker-4] Navegacin rpida (sin acciones)
[Worker-4] Paso 4/4: URL Final...
[Worker-4] Scroll INICIAL para activar contenido...
[Worker-6] Scroll INICIAL para activar contenido...
[Worker-1] Navegacin rpida (sin acciones)
[Worker-1] Paso 3/4: Filtro por Marca 'SUZUKI'...
[Worker-2] Ttulo: Hyundai Staria 2023
[Worker-2] Precio: S/ nan
[Worker-2] Kilometraje: inf km
[Worker-2] Ubicacin: Arranca tu ao sobre ruedas!
[Worker-2] Sbete a tu prximo seminuevo, el auto que mereces.
[Worker-2] Arranca tu ao sobre ruedas!
[Worker-2] Sbete a tu prximo seminuevo, el auto que mereces.
[Worker-2] Arranca tu ao sobre ruedas!
[Worker-2] Sbete a tu prximo seminuevo, el auto que mereces.
[Worker-2] Arranca tu ao sobre ruedas!
[Worker-2] Sbete a tu prximo seminuevo, el auto que mereces.
[Worker-2] Iniciar sesin
[Worker-2] Quiero vender
[Worker-2] Comprar
[Worker-2] Quiero vender
[Worker-2] Financiamiento
[Worker-2] Alquilar
[Worker-2] Nuevo
[Worker-2] Seguros
[Worker-2] Eventos
[Worker-2] Publicidad
[Worker-2] Ver fotos
[Worker-2] Autos usados
[Worker-2] Hyundai
[Worker-2] Staria
[Worker-2] Hyundai Staria 2023
[Worker-2] San Borja, Lima, Lima
[Worker-2] Publicado hoy
[Worker-2] 7 vistas
[Worker-2] Reportar aviso
[Worker-2] Compartir
[Worker-2] Marcar como favorito
[Worker-2] Hyundai Staria 2023
[Worker-2] Reportar aviso
[Worker-2] Compartir
[Worker-2] Marcar como favorito
[Worker-2] Ao modelo
[Worker-2] 2023
[Worker-2] Kilometraje
[Worker-2] 116,800 km
[Worker-2] Transmisin
[Worker-2] Mecnica
[Worker-2] Descripcin
[Worker-2] Camioneta en buen estado, nico dueo, utilizado para transporte de personal, full equipo, lunas y pestillos elctricos, todos los mantenimientos en concesionario de la marca.
[Worker-2] Te recomendamos:
[Worker-2] 
[Worker-2] Te toca renovar tu SOAT?
[Worker-2] 
[Worker-2] Verifica el estado de tu SOAT aqu y evita multas.
[Worker-2] 
[Worker-2] Consultar SOAT
[Worker-2] 
[Worker-2] Alquila autos con Kinto Share
[Worker-2] 
[Worker-2] Que nada frene tus aventuras. Seguro,flexible y con garantia.
[Worker-2] 
[Worker-2] Ver ms
[Worker-2] 
[Worker-2] Blog & Noticias
[Worker-2] 
[Worker-2] Entrate de las ltimas novedades del sector automotriz.
[Worker-2] 
[Worker-2] Ver ms
[Worker-2] Especificaciones tcnicas
[Worker-2] Caractersticas
[Worker-2] Marca
[Worker-2] Hyundai
[Worker-2] Modelo
[Worker-2] STARIA
[Worker-2] Ao de fabricacin
[Worker-2] 2023
[Worker-2] Categora
[Worker-2] Vans
[Worker-2] Combustible
[Worker-2] Diesel
[Worker-2] Nmero de puertas
[Worker-2] 5
[Worker-2] Traccin
[Worker-2] 4x2
[Worker-2] Color
[Worker-2] Negro
[Worker-2] Nmero cilindros
[Worker-2] 4
[Worker-2] Cilindrada
[Worker-2] 2,200 cc
[Worker-2] Equipamiento
[Worker-2] Retrovisores Elctricos
[Worker-2] Aire Acondicionado
[Worker-2] Full Equipo
[Worker-2] Computadora de abordo
[Worker-2] Parlantes/Bajos
[Worker-2] Radio MP3
[Worker-2] Seguridad
[Worker-2] Airbag
[Worker-2] Frenos ABS
[Worker-2] Precios y costos
[Worker-2] 
[Worker-2] An no tenemos suficiente informacin para determinar un rango de precio para este vehculo.
[Worker-2] 
[Worker-2] Excelente
[Worker-2] Competitivo
[Worker-2] Premium
[Worker-2] 
[Worker-2] (*) Precio referencial
[Worker-2] 
[Worker-2] Cmo se calcula este rango?
[Worker-2] 
[Worker-2] Te toca renovar tu SOAT?
[Worker-2] 
[Worker-2] Verifica el estado de tu SOAT aqu y evita multas.
[Worker-2] 
[Worker-2] Consultar SOAT
[Worker-2] Precio
[Worker-2] US$30,000
[Worker-2] Contctate con el anunciante
[Worker-2] Sergio Cabrera
[Worker-2] 981 176...
[Worker-2] Ms informacin
[Worker-2] Beneficios adicionales para ti:
[Worker-2] La mejor opcin
[Worker-2] Financia tu auto con Santander Consumer
[Worker-2] 
[Worker-2] Paga desde:
[Worker-2] US$805/mes*
[Worker-2] Simular crdito
[Worker-2] 
[Worker-2] (*) Cuota mensual referencial. Calculada a 60 meses, 20% de inicial y TEA de 20.99%. No incluye seguro vehicular.
[Worker-2] 
[Worker-2] Solicita tu Prstamo Personal hasta de S/45,000
[Worker-2] Me interesa
[Worker-2] Seminuevos
[Worker-2] Autos
[Worker-2] Motos
[Worker-2] Camiones
[Worker-2] Usados
[Worker-2] Autos
[Worker-2] Motos
[Worker-2] Camiones
[Worker-2] Nuevos
[Worker-2] Autos
[Worker-2] Camiones
[Worker-2] Ayuda
[Worker-2] Trminos y condiciones
[Worker-2] Polticas de publicacin
[Worker-2] Cmo protegemos tus datos?
[Worker-2] Legales
[Worker-2] Sobre NeoAuto
[Worker-2] Noticias
[Worker-2] Tips y guas
[Worker-2] Ayuda en lnea
[Worker-2] 2024 NeoAuto Inc. Todos los derechos reservados
[Worker-2] Sguenos
[Worker-2] Descripcin: {"@context":"https://schema.org","@graph":[{"@type":"Organization","@id":"https://neoauto.com/#organ...
[Worker-2] nico dueo: No
[Worker-2] Datos guardados en: /home/richgutz/Scraper-Neoauto-ANTIGRAVITY/extractores/results_txt/diario_result_20260126_215135_ef52af.txt
[Worker-3] Intento 3: Popup no encontrado
[Worker-1] Navegacin rpida (sin acciones)
[Worker-1] Paso 4/4: URL Final...
[Worker-3] No se pudo cerrar el popup de satisfaccin
[Worker-3] Popups manejados POST-scroll
[Worker-3] Scroll adicional de confirmacin...
[Worker-1] Scroll INICIAL para activar contenido...
[Worker-3] Ttulo: Chevrolet Onix 2021
[Worker-3] Precio: S/ nan
[Worker-3] Kilometraje: inf km
[Worker-3] Ubicacin: Arranca tu ao sobre ruedas!
[Worker-3] Sbete a tu prximo seminuevo, el auto que mereces.
[Worker-3] Arranca tu ao sobre ruedas!
[Worker-3] Sbete a tu prximo seminuevo, el auto que mereces.
[Worker-3] Arranca tu ao sobre ruedas!
[Worker-3] Sbete a tu prximo seminuevo, el auto que mereces.
[Worker-3] Arranca tu ao sobre ruedas!
[Worker-3] Sbete a tu prximo seminuevo, el auto que mereces.
[Worker-3] Iniciar sesin
[Worker-3] Quiero vender
[Worker-3] Comprar
[Worker-3] Quiero vender
[Worker-3] Financiamiento
[Worker-3] Alquilar
[Worker-3] Nuevo
[Worker-3] Seguros
[Worker-3] Eventos
[Worker-3] Publicidad
[Worker-3] Ver fotos
[Worker-3] Autos usados
[Worker-3] Chevrolet
[Worker-3] Onix
[Worker-3] Chevrolet Onix 2021
[Worker-3] Callao, Callao, Callao
[Worker-3] Publicado hoy
[Worker-3] 2 vistas
[Worker-3] Reportar aviso
[Worker-3] Compartir
[Worker-3] Marcar como favorito
[Worker-3] Chevrolet Onix 2021
[Worker-3] Reportar aviso
[Worker-3] Compartir
[Worker-3] Marcar como favorito
[Worker-3] Ao modelo
[Worker-3] 2021
[Worker-3] Kilometraje
[Worker-3] 49,000 km
[Worker-3] Transmisin
[Worker-3] Mecnica
[Worker-3] Descripcin
[Worker-3] Vendo mi auto, por temas personales
[Worker-3] Precio negociable
[Worker-3] 49000 Km
[Worker-3] Particular
[Worker-3] nico dueo
[Worker-3] Undercouting de Noviembre 2025
[Worker-3] Mantenimiento general al da
[Worker-3] Bi-combustible
[Worker-3] Mantenimiento al da de GNV
[Worker-3] No tiene papeletas
[Worker-3] Tapizado techo y piso, buen ma...
[Worker-3] Seguir leyendo
[Worker-3] Te recomendamos:
[Worker-3] 
[Worker-3] Te toca renovar tu SOAT?
[Worker-3] 
[Worker-3] Verifica el estado de tu SOAT aqu y evita multas.
[Worker-3] 
[Worker-3] Consultar SOAT
[Worker-3] 
[Worker-3] Alquila autos con Kinto Share
[Worker-3] 
[Worker-3] Que nada frene tus aventuras. Seguro,flexible y con garantia.
[Worker-3] 
[Worker-3] Ver ms
[Worker-3] 
[Worker-3] Blog & Noticias
[Worker-3] 
[Worker-3] Entrate de las ltimas novedades del sector automotriz.
[Worker-3] 
[Worker-3] Ver ms
[Worker-3] Especificaciones tcnicas
[Worker-3] Caractersticas
[Worker-3] Marca
[Worker-3] Chevrolet
[Worker-3] Modelo
[Worker-3] ONIX
[Worker-3] Versin
[Worker-3] LTZ
[Worker-3] Ao de fabricacin
[Worker-3] 2021
[Worker-3] Categora
[Worker-3] Hatchback
[Worker-3] Combustible
[Worker-3] Gas GNV
[Worker-3] Nmero de puertas
[Worker-3] 5
[Worker-3] Traccin
[Worker-3] Posterior
[Worker-3] Color
[Worker-3] Blanco
[Worker-3] Nmero cilindros
[Worker-3] 10
[Worker-3] Cilindrada
[Worker-3] 1,000 cc
[Worker-3] Equipamiento
[Worker-3] Neblineros
[Worker-3] Aire Acondicionado
[Worker-3] Seguridad
[Worker-3] Airbag
[Worker-3] Lminas de Seguridad
[Worker-3] Precios y costos
[Worker-3] 
[Worker-3] An no tenemos suficiente informacin para determinar un rango de precio para este vehculo.
[Worker-3] 
[Worker-3] Excelente
[Worker-3] Competitivo
[Worker-3] Premium
[Worker-3] 
[Worker-3] (*) Precio referencial
[Worker-3] 
[Worker-3] Cmo se calcula este rango?
[Worker-3] 
[Worker-3] Te toca renovar tu SOAT?
[Worker-3] 
[Worker-3] Verifica el estado de tu SOAT aqu y evita multas.
[Worker-3] 
[Worker-3] Consultar SOAT
[Worker-3] Precio
[Worker-3] US$11,000
[Worker-3] Dscto. por adquirir el Crdito Vehicular
[Worker-3] -US$1,000*
[Worker-3] *Aplica si financias tu auto con Santander Consumer
[Worker-3] Contctate con el anunciante
[Worker-3] Angelito Bizkit
[Worker-3] 941 388...
[Worker-3] Ms informacin
[Worker-3] Beneficios adicionales para ti:
[Worker-3] La mejor opcin
[Worker-3] Financia tu auto con Santander Consumer
[Worker-3] 
[Worker-3] Paga desde:
[Worker-3] US$10,000 o
[Worker-3] US$301/mes*
[Worker-3] Simular crdito
[Worker-3] 
[Worker-3] (*) Cuota mensual referencial. Calculada a 60 meses, 20% de inicial y TEA de 20.99%. No incluye seguro vehicular.
[Worker-3] 
[Worker-3] Solicita tu Prstamo Personal hasta de S/45,000
[Worker-3] Me interesa
[Worker-3] Seminuevos
[Worker-3] Autos
[Worker-3] Motos
[Worker-3] Camiones
[Worker-3] Usados
[Worker-3] Autos
[Worker-3] Motos
[Worker-3] Camiones
[Worker-3] Nuevos
[Worker-3] Autos
[Worker-3] Camiones
[Worker-3] Ayuda
[Worker-3] Trminos y condiciones
[Worker-3] Polticas de publicacin
[Worker-3] Cmo protegemos tus datos?
[Worker-3] Legales
[Worker-3] Sobre NeoAuto
[Worker-3] Noticias
[Worker-3] Tips y guas
[Worker-3] Ayuda en lnea
[Worker-3] 2024 NeoAuto Inc. Todos los derechos reservados
[Worker-3] Sguenos
[Worker-3] Descripcin: {"@context":"https://schema.org","@graph":[{"@type":"Organization","@id":"https://neoauto.com/#organ...
[Worker-3] nico dueo: No
[Worker-3] Datos guardados en: /home/richgutz/Scraper-Neoauto-ANTIGRAVITY/extractores/results_txt/diario_result_20260126_215140_3b89dc.txt
[Worker-2] URL obtenida y bloqueada desde urls_autos_diarios: https://neoauto.com/auto/usado/chevrolet-cruze-2012-1863457
[Worker-2] 
[Worker-2] Iniciando extraccin para: https://neoauto.com/auto/usado/chevrolet-cruze-2012-1863457
[Worker-2] Iniciando navegacin...
[Worker-2] Marca extrada: 'chevrolet'
[Worker-2] Camino elegido (4 pasos).
[Worker-2] Paso 1/4: Pgina Principal...
[Worker-5] No apareci popup de cookies
[Worker-2] Navegacin rpida (sin acciones)
[Worker-2] Paso 2/4: Categora 'Usados'...
[Worker-5] Intento 1: Page.click: Timeout 1000ms exceeded.
[Worker-5] Call log:
[Worker-5] - waiting for locator("button[class*='close']").locator("svg").locator("xpath=./ancestor::button")
[Worker-5] 
[Worker-2] Navegacin rpida (sin acciones)
[Worker-2] Paso 3/4: Filtro por Marca 'CHEVROLET'...
[Worker-5] Intento 2: Page.click: Timeout 1000ms exceeded.
[Worker-5] Call log:
[Worker-5] - waiting for locator("button[class*='close']").locator("svg").locator("xpath=./ancestor::button")
[Worker-5] 
[Worker-2] Navegacin rpida (sin acciones)
[Worker-2] Paso 4/4: URL Final...
[Worker-2] Scroll INICIAL para activar contenido...
[Worker-3] URL obtenida y bloqueada desde urls_autos_diarios: https://neoauto.com/auto/usado/mazda-bt-50-2020-1863514
[Worker-3] 
[Worker-3] Iniciando extraccin para: https://neoauto.com/auto/usado/mazda-bt-50-2020-1863514
[Worker-3] Iniciando navegacin...
[Worker-3] Marca extrada: 'mazda'
[Worker-3] Camino elegido (4 pasos).
[Worker-3] Paso 1/4: Pgina Principal...
[Worker-3] Navegacin rpida (sin acciones)
[Worker-3] Paso 2/4: Categora 'Usados'...
[Worker-4] No apareci popup de cookies
[Worker-4] Intento 1: Page.click: Timeout 1000ms exceeded.
[Worker-4] Call log:
[Worker-4] - waiting for locator("button[class*='close']").locator("svg").locator("xpath=./ancestor::button")
[Worker-4] 
[Worker-3] Navegacin rpida (sin acciones)
[Worker-3] Paso 3/4: Filtro por Marca 'MAZDA'...
[Worker-6] No apareci popup de cookies
[Worker-3] Navegacin rpida (sin acciones)
[Worker-3] Paso 4/4: URL Final...
[Worker-6] Intento 1: Page.click: Timeout 1000ms exceeded.
[Worker-6] Call log:
[Worker-6] - waiting for locator("button[class*='close']").locator("svg").locator("xpath=./ancestor::button")
[Worker-6] 
[Worker-4] Intento 2: Page.click: Timeout 1000ms exceeded.
[Worker-4] Call log:
[Worker-4] - waiting for locator("button[class*='close']").locator("svg").locator("xpath=./ancestor::button")
[Worker-4] 
[Worker-3] Scroll INICIAL para activar contenido...
[Worker-1] No apareci popup de cookies
[Worker-6] Intento 2: Page.click: Timeout 1000ms exceeded.
[Worker-6] Call log:
[Worker-6] - waiting for locator("button[class*='close']").locator("svg").locator("xpath=./ancestor::button")
[Worker-6] 
[Worker-1] Intento 1: Page.click: Timeout 1000ms exceeded.
[Worker-1] Call log:
[Worker-1] - waiting for locator("button[class*='close']").locator("svg").locator("xpath=./ancestor::button")
[Worker-1] 
[Worker-1] Intento 2: Page.click: Timeout 1000ms exceeded.
[Worker-1] Call log:
[Worker-1] - waiting for locator("button[class*='close']").locator("svg").locator("xpath=./ancestor::button")
[Worker-1] 
[Worker-2] No apareci popup de cookies
[Worker-2] Intento 1: Page.click: Timeout 1000ms exceeded.
[Worker-2] Call log:
[Worker-2] - waiting for locator("button[class*='close']").locator("svg").locator("xpath=./ancestor::button")
[Worker-2] 
[Worker-2] Intento 2: Page.click: Timeout 1000ms exceeded.
[Worker-2] Call log:
[Worker-2] - waiting for locator("button[class*='close']").locator("svg").locator("xpath=./ancestor::button")
[Worker-2] 
[Worker-5] Intento 1: Popup no encontrado
[Worker-3] No apareci popup de cookies
[Worker-3] Intento 1: Page.click: Timeout 1000ms exceeded.
[Worker-3] Call log:
[Worker-3] - waiting for locator("button[class*='close']").locator("svg").locator("xpath=./ancestor::button")
[Worker-3] 
[Worker-5] Intento 2: Popup no encontrado
[Worker-3] Intento 2: Page.click: Timeout 1000ms exceeded.
[Worker-3] Call log:
[Worker-3] - waiting for locator("button[class*='close']").locator("svg").locator("xpath=./ancestor::button")
[Worker-3] 
[Worker-4] Intento 1: Popup no encontrado
[Worker-6] Intento 1: Popup no encontrado
[Worker-5] Intento 3: Popup no encontrado
[Worker-1] Intento 1: Popup no encontrado
[Worker-5] No se pudo cerrar el popup de satisfaccin
[Worker-5] Popups manejados POST-scroll
[Worker-5] Scroll adicional de confirmacin...
[Worker-4] Intento 2: Popup no encontrado
[Worker-6] Intento 2: Popup no encontrado
[Worker-5] Ttulo: Volkswagen Gol 2017
[Worker-5] Precio: S/ nan
[Worker-5] Kilometraje: inf km
[Worker-5] Ubicacin: Arranca tu ao sobre ruedas!
[Worker-5] Sbete a tu prximo seminuevo, el auto que mereces.
[Worker-5] Arranca tu ao sobre ruedas!
[Worker-5] Sbete a tu prximo seminuevo, el auto que mereces.
[Worker-5] Arranca tu ao sobre ruedas!
[Worker-5] Sbete a tu prximo seminuevo, el auto que mereces.
[Worker-5] Arranca tu ao sobre ruedas!
[Worker-5] Sbete a tu prximo seminuevo, el auto que mereces.
[Worker-5] Iniciar sesin
[Worker-5] Quiero vender
[Worker-5] Comprar
[Worker-5] Quiero vender
[Worker-5] Financiamiento
[Worker-5] Alquilar
[Worker-5] Nuevo
[Worker-5] Seguros
[Worker-5] Eventos
[Worker-5] Publicidad
[Worker-5] Ver fotos
[Worker-5] Autos usados
[Worker-5] Volkswagen
[Worker-5] Gol
[Worker-5] Volkswagen Gol 2017
[Worker-5] Miraflores, Lima, Lima
[Worker-5] Publicado ayer
[Worker-5] 66 vistas
[Worker-5] Reportar aviso
[Worker-5] Compartir
[Worker-5] Marcar como favorito
[Worker-5] Volkswagen Gol 2017
[Worker-5] Reportar aviso
[Worker-5] Compartir
[Worker-5] Marcar como favorito
[Worker-5] Ao modelo
[Worker-5] 2017
[Worker-5] Kilometraje
[Worker-5] 70,000 km
[Worker-5] Transmisin
[Worker-5] Mecnica
[Worker-5] Descripcin
[Worker-5] Vendo Volkswagen Gol MSI ao 2017, a gasolina, con 70,000 km. El vehculo se encuentra en perfectas condiciones mecnicas y estticas, muy bien cuidado y listo para usar.
[Worker-5] 
[Worker-5] - Motor MSI eficiente y econmico
[Worker-5] - Transmisin mecnica
[Worker-5] - Full equipo
[Worker-5] -
[Worker-5] Seguir leyendo
[Worker-5] Te recomendamos:
[Worker-5] 
[Worker-5] Te toca renovar tu SOAT?
[Worker-5] 
[Worker-5] Verifica el estado de tu SOAT aqu y evita multas.
[Worker-5] 
[Worker-5] Consultar SOAT
[Worker-5] 
[Worker-5] Alquila autos con Kinto Share
[Worker-5] 
[Worker-5] Que nada frene tus aventuras. Seguro,flexible y con garantia.
[Worker-5] 
[Worker-5] Ver ms
[Worker-5] 
[Worker-5] Blog & Noticias
[Worker-5] 
[Worker-5] Entrate de las ltimas novedades del sector automotriz.
[Worker-5] 
[Worker-5] Ver ms
[Worker-5] Especificaciones tcnicas
[Worker-5] Caractersticas
[Worker-5] Marca
[Worker-5] Volkswagen
[Worker-5] Modelo
[Worker-5] GOL
[Worker-5] Versin
[Worker-5] MSI
[Worker-5] Ao de fabricacin
[Worker-5] 2017
[Worker-5] Categora
[Worker-5] Hatchback
[Worker-5] Combustible
[Worker-5] Gasolina
[Worker-5] Nmero de puertas
[Worker-5] 4
[Worker-5] Traccin
[Worker-5] Delantera
[Worker-5] Color
[Worker-5] Blanco
[Worker-5] Nmero cilindros
[Worker-5] 4
[Worker-5] Cilindrada
[Worker-5] 1,600 cc
[Worker-5] Equipamiento
[Worker-5] Retrovisores Elctricos
[Worker-5] Neblineros
[Worker-5] Aire Acondicionado
[Worker-5] Full Equipo
[Worker-5] Computadora de abordo
[Worker-5] Parlantes/Bajos
[Worker-5] Exterior
[Worker-5] Aros
[Worker-5] Seguridad
[Worker-5] Airbag
[Worker-5] Lminas de Seguridad
[Worker-5] Alarma
[Worker-5] Precios y costos
[Worker-5] 
[Worker-5] Este aviso
[Worker-5] 
[Worker-5] US$9,500
[Worker-5] 
[Worker-5] Precio de mercado
[Worker-5] 
[Worker-5] US$9,200*
[Worker-5] 
[Worker-5] Excelente
[Worker-5] Competitivo
[Worker-5] Premium
[Worker-5] 
[Worker-5] (*) Precio referencial
[Worker-5] 
[Worker-5] Cmo se calcula este rango?
[Worker-5] 
[Worker-5] Te toca renovar tu SOAT?
[Worker-5] 
[Worker-5] Verifica el estado de tu SOAT aqu y evita multas.
[Worker-5] 
[Worker-5] Consultar SOAT
[Worker-5] Precio
[Worker-5] US$9,500
[Worker-5] Dscto. por adquirir el Crdito Vehicular
[Worker-5] -US$1,000*
[Worker-5] *Aplica si financias tu auto con Santander Consumer
[Worker-5] Contctate con el anunciante
[Worker-5] Pamela Mendoza
[Worker-5] 945 330...
[Worker-5] Ms informacin
[Worker-5] Beneficios adicionales para ti:
[Worker-5] La mejor opcin
[Worker-5] Financia tu auto con Santander Consumer
[Worker-5] 
[Worker-5] Paga desde:
[Worker-5] US$8,500 o
[Worker-5] US$793/mes*
[Worker-5] Simular crdito
[Worker-5] 
[Worker-5] (*) Cuota mensual referencial. Calculada a 12 meses, 20% de inicial y TEA de 20.99%. No incluye seguro vehicular.
[Worker-5] 
[Worker-5] Solicita tu Prstamo Personal hasta de S/45,000
[Worker-5] Me interesa
[Worker-5] Vehculos similares
[Worker-5] Ver todos los vehculos
[Worker-5] Volkswagen Gol Comfort 1.6 2014
[Worker-5] 45,000km
[Worker-5] Mecnica
[Worker-5] Gasolina
[Worker-5] Precio
[Worker-5] US$9,000
[Worker-5] Con Crdito Vehicular
[Worker-5] US$753/mes
[Worker-5] Ver detalle
[Worker-5] Vehculo de: Guillermo Martn mardon zarate
[Worker-5] Suzuki Sx-4 2015
[Worker-5] 77,000km
[Worker-5] Automtica
[Worker-5] Dual
[Worker-5] Precio
[Worker-5] US$10,000
[Worker-5] Con Crdito Vehicular
[Worker-5] US$834/mes
[Worker-5] Ver detalle
[Worker-5] Vehculo de: Andres Chumioque
[Worker-5] De lujo
[Worker-5] Mini 3 Puertas 2018
[Worker-5] 51,200km
[Worker-5] HATCHBACK HARDT...
[Worker-5] Automtica
[Worker-5] Gasolina
[Worker-5] Precio
[Worker-5] US$19,000
[Worker-5] Con Crdito Vehicular
[Worker-5] US$18,000
[Worker-5] Ver detalle
[Worker-5] Vehculo de: Carlos O
[Worker-5] Auto verificado
[Worker-5] Unico Dueo
[Worker-5] Chevrolet Onix 2019
[Worker-5] 25,722km
[Worker-5] 1.4L LTZ MT
[Worker-5] Mecnica
[Worker-5] Gasolina
[Worker-5] Precio
[Worker-5] US$10,500
[Worker-5] Con Crdito Vehicular
[Worker-5] US$383/mes
[Worker-5] Ver detalle
[Worker-5] Vehculo de: MARITA CORREA CACERES
[Worker-5] Auto verificado
[Worker-5] Como nuevo
[Worker-5] Toyota Yaris 2019
[Worker-5] 80,000km
[Worker-5] GLS 1.3 CVT
[Worker-5] Automtica - Se...
[Worker-5] Gasolina
[Worker-5] Precio
[Worker-5] US$14,000
[Worker-5] Con Crdito Vehicular
[Worker-5] US$13,000
[Worker-5] Ver detalle
[Worker-5] Vehculo de: Fernando Aspajo Hidalgo
[Worker-5] Toyota Corolla 2021
[Worker-5] 40,000km
[Worker-5] 1.2 TURBO CVT
[Worker-5] Automtica - Se...
[Worker-5] Gasolina
[Worker-5] Precio
[Worker-5] US$20,000
[Worker-5] Con Crdito Vehicular
[Worker-5] US$540/mes
[Worker-5] Ver detalle
[Worker-5] Vehculo de: Rodolfo Gonzales Berrocal
[Worker-5] Auto verificado
[Worker-5] Papeles en regla
[Worker-5] Bmw 118i 2019
[Worker-5] 52,000km
[Worker-5] MILLENNIAL
[Worker-5] Automtica - Se...
[Worker-5] Gasolina
[Worker-5] Precio
[Worker-5] US$17,800
[Worker-5] Con Crdito Vehicular
[Worker-5] US$540/mes
[Worker-5] Ver detalle
[Worker-5] Vehculo de: Renato Valdizan
[Worker-5] Seat Ibiza Style 2023
[Worker-5] 44,000km
[Worker-5] STYLE 1.6 MT
[Worker-5] Mecnica
[Worker-5] Gasolina
[Worker-5] Precio
[Worker-5] US$14,900
[Worker-5] Con Crdito Vehicular
[Worker-5] US$13,900
[Worker-5] Ver detalle
[Worker-5] Vehculo de: Martin Leyton Matto
[Worker-5] Seminuevos
[Worker-5] Autos
[Worker-5] Motos
[Worker-5] Camiones
[Worker-5] Usados
[Worker-5] Autos
[Worker-5] Motos
[Worker-5] Camiones
[Worker-5] Nuevos
[Worker-5] Autos
[Worker-5] Camiones
[Worker-5] Ayuda
[Worker-5] Trminos y condiciones
[Worker-5] Polticas de publicacin
[Worker-5] Cmo protegemos tus datos?
[Worker-5] Legales
[Worker-5] Sobre NeoAuto
[Worker-5] Noticias
[Worker-5] Tips y guas
[Worker-5] Ayuda en lnea
[Worker-5] 2024 NeoAuto Inc. Todos los derechos reservados
[Worker-5] Sguenos
[Worker-5] Descripcin: {"@context":"https://schema.org","@graph":[{"@type":"Organization","@id":"https://neoauto.com/#organ...
[Worker-5] nico dueo: S
[Worker-5] Datos guardados en: /home/richgutz/Scraper-Neoauto-ANTIGRAVITY/extractores/results_txt/diario_result_20260126_215217_2f99cc.txt
[Worker-1] Intento 2: Popup no encontrado
[Worker-4] Intento 3: Popup no encontrado
[Worker-4] No se pudo cerrar el popup de satisfaccin
[Worker-4] Popups manejados POST-scroll
[Worker-4] Scroll adicional de confirmacin...
[Worker-2] Intento 1: Popup no encontrado
[Worker-5] URL obtenida y bloqueada desde urls_autos_diarios: https://neoauto.com/auto/usado/subaru-all-new-forester-2019-2019-1863538
[Worker-5] 
[Worker-5] Iniciando extraccin para: https://neoauto.com/auto/usado/subaru-all-new-forester-2019-2019-1863538
[Worker-5] Iniciando navegacin...
[Worker-5] Marca extrada: 'subaru'
[Worker-5] Camino elegido (4 pasos).
[Worker-5] Paso 1/4: Pgina Principal...
[Worker-6] Intento 3: Popup no encontrado
[Worker-5] Navegacin rpida (sin acciones)
[Worker-5] Paso 2/4: Categora 'Usados'...
[Worker-6] No se pudo cerrar el popup de satisfaccin
[Worker-6] Popups manejados POST-scroll
[Worker-6] Scroll adicional de confirmacin...
[Worker-5] Navegacin rpida (sin acciones)
[Worker-5] Paso 3/4: Filtro por Marca 'SUBARU'...
[Worker-4] Ttulo: Volkswagen Vento 1997
[Worker-4] Precio: S/ nan
[Worker-4] Kilometraje: inf km
[Worker-4] Ubicacin: Arranca tu ao sobre ruedas!
[Worker-4] Sbete a tu prximo seminuevo, el auto que mereces.
[Worker-4] Arranca tu ao sobre ruedas!
[Worker-4] Sbete a tu prximo seminuevo, el auto que mereces.
[Worker-4] Arranca tu ao sobre ruedas!
[Worker-4] Sbete a tu prximo seminuevo, el auto que mereces.
[Worker-4] Arranca tu ao sobre ruedas!
[Worker-4] Sbete a tu prximo seminuevo, el auto que mereces.
[Worker-4] Iniciar sesin
[Worker-4] Quiero vender
[Worker-4] Comprar
[Worker-4] Quiero vender
[Worker-4] Financiamiento
[Worker-4] Alquilar
[Worker-4] Nuevo
[Worker-4] Seguros
[Worker-4] Eventos
[Worker-4] Publicidad
[Worker-4] Ver fotos
[Worker-4] Autos usados
[Worker-4] Volkswagen
[Worker-4] Vento
[Worker-4] Volkswagen Vento 1997
[Worker-4] Lince, Lima, Lima
[Worker-4] Publicado ayer
[Worker-4] 49 vistas
[Worker-4] Reportar aviso
[Worker-4] Compartir
[Worker-4] Marcar como favorito
[Worker-4] Volkswagen Vento 1997
[Worker-4] Reportar aviso
[Worker-4] Compartir
[Worker-4] Marcar como favorito
[Worker-4] Descripcin
[Worker-4] Te recomendamos:
[Worker-4] 
[Worker-4] Te toca renovar tu SOAT?
[Worker-4] 
[Worker-4] Verifica el estado de tu SOAT aqu y evita multas.
[Worker-4] 
[Worker-4] Consultar SOAT
[Worker-4] 
[Worker-4] Alquila autos con Kinto Share
[Worker-4] 
[Worker-4] Que nada frene tus aventuras. Seguro,flexible y con garantia.
[Worker-4] 
[Worker-4] Ver ms
[Worker-4] 
[Worker-4] Blog & Noticias
[Worker-4] 
[Worker-4] Entrate de las ltimas novedades del sector automotriz.
[Worker-4] 
[Worker-4] Ver ms
[Worker-4] Especificaciones tcnicas
[Worker-4] Caractersticas
[Worker-4] Marca
[Worker-4] Volkswagen
[Worker-4] Modelo
[Worker-4] VENTO
[Worker-4] Ao de fabricacin
[Worker-4] 1997
[Worker-4] Categora
[Worker-4] Sedn
[Worker-4] Combustible
[Worker-4] Gasolina
[Worker-4] Nmero de puertas
[Worker-4] 4
[Worker-4] Traccin
[Worker-4] 4x2
[Worker-4] Color
[Worker-4] Negro
[Worker-4] Cilindrada
[Worker-4] 1,800 cc
[Worker-4] Precios y costos
[Worker-4] 
[Worker-4] An no tenemos suficiente informacin para determinar un rango de precio para este vehculo.
[Worker-4] 
[Worker-4] Excelente
[Worker-4] Competitivo
[Worker-4] Premium
[Worker-4] 
[Worker-4] (*) Precio referencial
[Worker-4] 
[Worker-4] Cmo se calcula este rango?
[Worker-4] 
[Worker-4] Te toca renovar tu SOAT?
[Worker-4] 
[Worker-4] Verifica el estado de tu SOAT aqu y evita multas.
[Worker-4] 
[Worker-4] Consultar SOAT
[Worker-4] Precio
[Worker-4] US$3,500
[Worker-4] Contctate con el anunciante
[Worker-4] Edmundo Ruiz Carrion
[Worker-4] 971 126...
[Worker-4] Ms informacin
[Worker-4] Beneficios adicionales para ti:
[Worker-4] Solicita tu Prstamo Personal hasta de S/45,000
[Worker-4] Me interesa
[Worker-4] Vehculos similares
[Worker-4] Ver todos los vehculos
[Worker-4] Premium
[Worker-4] Volkswagen Jetta 2020
[Worker-4] 68,000km
[Worker-4] TSI 250 MOTOR ...
[Worker-4] Automtica - Se...
[Worker-4] Gasolina
[Worker-4] Precio
[Worker-4] US$16,800
[Worker-4] Con Crdito Vehicular
[Worker-4] US$15,800
[Worker-4] Ver detalle
[Worker-4] Vehculo de: Javi Pered
[Worker-4] Auto verificado
[Worker-4] Volkswagen Gol 2023
[Worker-4] 72,000km
[Worker-4] Mecnica
[Worker-4] Dual
[Worker-4] Precio
[Worker-4] US$11,500
[Worker-4] Con Crdito Vehicular
[Worker-4] US$10,500
[Worker-4] Ver detalle
[Worker-4] Vehculo de: Diego Franco Silva
[Worker-4] Volkswagen Virtus 2022
[Worker-4] 7,850km
[Worker-4] Mecnica
[Worker-4] Gasolina-Hbrid...
[Worker-4] Precio
[Worker-4] US$15,300
[Worker-4] Con Crdito Vehicular
[Worker-4] US$14,300
[Worker-4] Ver detalle
[Worker-4] Vehculo de: Johanna Reyes Mlaga
[Worker-4] Auto verificado
[Worker-4] Premium
[Worker-4] Volkswagen Jetta 2021
[Worker-4] 55,500km
[Worker-4] Mecnica
[Worker-4] Gasolina
[Worker-4] Precio
[Worker-4] US$16,500
[Worker-4] Con Crdito Vehicular
[Worker-4] US$15,500
[Worker-4] Ver detalle
[Worker-4] Vehculo de: Raisa J
[Worker-4] Audi A3 Sedan 2015
[Worker-4] 58,000km
[Worker-4] 1.2 TFSI ATTRAC...
[Worker-4] Automtica - Se...
[Worker-4] Gasolina
[Worker-4] Precio
[Worker-4] US$13,750
[Worker-4] Con Crdito Vehicular
[Worker-4] US$12,750
[Worker-4] Ver detalle
[Worker-4] Vehculo de: JUAN ESCUD
[Worker-4] Ocasin
[Worker-4] Volvo S60 2013
[Worker-4] 52,000km
[Worker-4] T4
[Worker-4] Automtica
[Worker-4] Gasolina
[Worker-4] Precio
[Worker-4] US$12,000
[Worker-4] Ver detalle
[Worker-4] Vehculo de: Edward Burga Condor
[Worker-4] Suzuki Swift 1993
[Worker-4] 80,000km
[Worker-4] SF413NGL
[Worker-4] Mecnica
[Worker-4] Dual
[Worker-4] Precio
[Worker-4] US$2,600
[Worker-4] Ver detalle
[Worker-4] Vehculo de: Valentino Llerena
[Worker-4] Toyota Camry 1994
[Worker-4] 355,540km
[Worker-4] Automtica
[Worker-4] Diesel
[Worker-4] Precio
[Worker-4] US$3,500
[Worker-4] Ver detalle
[Worker-4] Vehculo de: SN SN
[Worker-4] Seminuevos
[Worker-4] Autos
[Worker-4] Motos
[Worker-4] Camiones
[Worker-4] Usados
[Worker-4] Autos
[Worker-4] Motos
[Worker-4] Camiones
[Worker-4] Nuevos
[Worker-4] Autos
[Worker-4] Camiones
[Worker-4] Ayuda
[Worker-4] Trminos y condiciones
[Worker-4] Polticas de publicacin
[Worker-4] Cmo protegemos tus datos?
[Worker-4] Legales
[Worker-4] Sobre NeoAuto
[Worker-4] Noticias
[Worker-4] Tips y guas
[Worker-4] Ayuda en lnea
[Worker-4] 2024 NeoAuto Inc. Todos los derechos reservados
[Worker-4] Sguenos
[Worker-4] Descripcin: {"@context":"https://schema.org","@graph":[{"@type":"Organization","@id":"https://neoauto.com/#organ...
[Worker-4] nico dueo: S
[Worker-4] Datos guardados en: /home/richgutz/Scraper-Neoauto-ANTIGRAVITY/extractores/results_txt/diario_result_20260126_215223_a451f7.txt
[Worker-1] Intento 3: Popup no encontrado
[Worker-5] Navegacin rpida (sin acciones)
[Worker-5] Paso 4/4: URL Final...
[Worker-1] No se pudo cerrar el popup de satisfaccin
[Worker-1] Popups manejados POST-scroll
[Worker-1] Scroll adicional de confirmacin...
[Worker-6] Ttulo: Subaru Forester 2014
[Worker-6] Precio: S/ nan
[Worker-6] Kilometraje: inf km
[Worker-6] Ubicacin: Arranca tu ao sobre ruedas!
[Worker-6] Sbete a tu prximo seminuevo, el auto que mereces.
[Worker-6] Arranca tu ao sobre ruedas!
[Worker-6] Sbete a tu prximo seminuevo, el auto que mereces.
[Worker-6] Arranca tu ao sobre ruedas!
[Worker-6] Sbete a tu prximo seminuevo, el auto que mereces.
[Worker-6] Arranca tu ao sobre ruedas!
[Worker-6] Sbete a tu prximo seminuevo, el auto que mereces.
[Worker-6] Iniciar sesin
[Worker-6] Quiero vender
[Worker-6] Comprar
[Worker-6] Quiero vender
[Worker-6] Financiamiento
[Worker-6] Alquilar
[Worker-6] Nuevo
[Worker-6] Seguros
[Worker-6] Eventos
[Worker-6] Publicidad
[Worker-6] Ver fotos
[Worker-6] Autos usados
[Worker-6] Subaru
[Worker-6] Forester
[Worker-6] Subaru Forester 2014
[Worker-6] Miraflores, Lima, Lima
[Worker-6] Publicado hoy
[Worker-6] 1 vistas
[Worker-6] Reportar aviso
[Worker-6] Compartir
[Worker-6] Marcar como favorito
[Worker-6] Subaru Forester 2014
[Worker-6] Reportar aviso
[Worker-6] Compartir
[Worker-6] Marcar como favorito
[Worker-6] Ao modelo
[Worker-6] 2014
[Worker-6] Kilometraje
[Worker-6] 91,000 km
[Worker-6] Transmisin
[Worker-6] Automtica
[Worker-6] Descripcin
[Worker-6] nico dueo, dull equipo, lunas y pestillos elctricos, todos los mantenimientos hechos en el concesionario.
[Worker-6] Te recomendamos:
[Worker-6] 
[Worker-6] Te toca renovar tu SOAT?
[Worker-6] 
[Worker-6] Verifica el estado de tu SOAT aqu y evita multas.
[Worker-6] 
[Worker-6] Consultar SOAT
[Worker-6] 
[Worker-6] Alquila autos con Kinto Share
[Worker-6] 
[Worker-6] Que nada frene tus aventuras. Seguro,flexible y con garantia.
[Worker-6] 
[Worker-6] Ver ms
[Worker-6] 
[Worker-6] Blog & Noticias
[Worker-6] 
[Worker-6] Entrate de las ltimas novedades del sector automotriz.
[Worker-6] 
[Worker-6] Ver ms
[Worker-6] Especificaciones tcnicas
[Worker-6] Caractersticas
[Worker-6] Marca
[Worker-6] Subaru
[Worker-6] Modelo
[Worker-6] FORESTER
[Worker-6] Versin
[Worker-6] 2.0I AWD CVT X
[Worker-6] Versin
[Worker-6] 2.0I AWD CVT X
[Worker-6] Ao de fabricacin
[Worker-6] 2014
[Worker-6] Categora
[Worker-6] Camioneta
[Worker-6] Combustible
[Worker-6] Gasolina
[Worker-6] Nmero de puertas
[Worker-6] 4
[Worker-6] Traccin
[Worker-6] 4x4
[Worker-6] Color
[Worker-6] Negro
[Worker-6] Nmero cilindros
[Worker-6] 4
[Worker-6] Cilindrada
[Worker-6] 1,995 cc
[Worker-6] Equipamiento
[Worker-6] Retrovisores Elctricos
[Worker-6] Aire Acondicionado
[Worker-6] Full Equipo
[Worker-6] Parlantes/Bajos
[Worker-6] Radio CD
[Worker-6] Radio MP3
[Worker-6] Exterior
[Worker-6] Parrilla
[Worker-6] Extras
[Worker-6] Asientos de cuero
[Worker-6] Precios y costos
[Worker-6] 
[Worker-6] Este aviso
[Worker-6] 
[Worker-6] US$13,900
[Worker-6] 
[Worker-6] Precio de mercado
[Worker-6] 
[Worker-6] US$13,700*
[Worker-6] 
[Worker-6] Excelente
[Worker-6] Competitivo
[Worker-6] Premium
[Worker-6] 
[Worker-6] (*) Precio referencial
[Worker-6] 
[Worker-6] Cmo se calcula este rango?
[Worker-6] 
[Worker-6] Te toca renovar tu SOAT?
[Worker-6] 
[Worker-6] Verifica el estado de tu SOAT aqu y evita multas.
[Worker-6] 
[Worker-6] Consultar SOAT
[Worker-6] Precio
[Worker-6] US$13,900
[Worker-6] Contctate con el anunciante
[Worker-6] Sebastian Conroy
[Worker-6] 968 195...
[Worker-6] Ms informacin
[Worker-6] Beneficios adicionales para ti:
[Worker-6] La mejor opcin
[Worker-6] Financia tu auto con Santander Consumer
[Worker-6] 
[Worker-6] Paga desde:
[Worker-6] US$1,151/mes*
[Worker-6] Simular crdito
[Worker-6] 
[Worker-6] (*) Cuota mensual referencial. Calculada a 12 meses, 20% de inicial y TEA de 20.99%. No incluye seguro vehicular.
[Worker-6] 
[Worker-6] Solicita tu Prstamo Personal hasta de S/45,000
[Worker-6] Me interesa
[Worker-6] Vehculos similares
[Worker-6] Ver todos los vehculos
[Worker-6] Auto verificado
[Worker-6] Vendo por viaje
[Worker-6] Subaru Forester 2024
[Worker-6] 19,000km
[Worker-6] 2.01 AWD CVT XS...
[Worker-6] Automtica - Se...
[Worker-6] Gasolina
[Worker-6] Precio
[Worker-6] US$33,000
[Worker-6] Con Crdito Vehicular
[Worker-6] US$884/mes
[Worker-6] Ver detalle
[Worker-6] Vehculo de: Tracy Gamarra
[Worker-6] Subaru Forester 2015
[Worker-6] 107,000km
[Worker-6] Automtica
[Worker-6] Gasolina
[Worker-6] Precio
[Worker-6] US$13,600
[Worker-6] Con Crdito Vehicular
[Worker-6] US$1,126/mes
[Worker-6] Ver detalle
[Worker-6] Vehculo de: SN SN
[Worker-6] Subaru Xv 2022
[Worker-6] 59,500km
[Worker-6] DYNAMIC
[Worker-6] Automtica - Se...
[Worker-6] Gasolina
[Worker-6] Precio
[Worker-6] US$24,000
[Worker-6] Con Crdito Vehicular
[Worker-6] US$23,000
[Worker-6] Ver detalle
[Worker-6] Vehculo de: Javier Gonzales Valencia
[Worker-6] Subaru Outback 2016
[Worker-6] 99,860km
[Worker-6] 2.5I-S AWD CVT ...
[Worker-6] Automtica - Se...
[Worker-6] Gasolina
[Worker-6] Precio
[Worker-6] US$17,000
[Worker-6] Con Crdito Vehicular
[Worker-6] US$16,000
[Worker-6] Ver detalle
[Worker-6] Vehculo de: MIGUEL ANGEL VALLES
[Worker-6] Premium
[Worker-6] Subaru Xv 2018
[Worker-6] 67,000km
[Worker-6] Automtica
[Worker-6] Gasolina
[Worker-6] Precio
[Worker-6] US$16,000
[Worker-6] Con Crdito Vehicular
[Worker-6] US$15,000
[Worker-6] Ver detalle
[Worker-6] Vehculo de: rosario falcon
[Worker-6] Jeep Grand Cherokee Laredo 2017
[Worker-6] 63,950km
[Worker-6] LAREDO
[Worker-6] Automtica - Se...
[Worker-6] Gasolina
[Worker-6] Precio
[Worker-6] US$21,950
[Worker-6] Con Crdito Vehicular
[Worker-6] US$20,950
[Worker-6] Ver detalle
[Worker-6] Vehculo de: Rocio Barrientos
[Worker-6] Mitsubishi Outlander 2017
[Worker-6] 85,000km
[Worker-6] 4WD 75 2.4 GLS ...
[Worker-6] Automtica - Se...
[Worker-6] Gasolina
[Worker-6] Precio
[Worker-6] US$15,900
[Worker-6] Con Crdito Vehicular
[Worker-6] US$14,900
[Worker-6] Ver detalle
[Worker-6] Vehculo de: Francisco Neira
[Worker-6] De lujo
[Worker-6] Honda Cr-V 2019
[Worker-6] 62,000km
[Worker-6] EXL-T 4X4 AT
[Worker-6] Automtica
[Worker-6] Gasolina
[Worker-6] Precio
[Worker-6] US$23,000
[Worker-6] Con Crdito Vehicular
[Worker-6] US$22,000
[Worker-6] Ver detalle
[Worker-6] Vehculo de: Luis Pretell
[Worker-6] Seminuevos
[Worker-6] Autos
[Worker-6] Motos
[Worker-6] Camiones
[Worker-6] Usados
[Worker-6] Autos
[Worker-6] Motos
[Worker-6] Camiones
[Worker-6] Nuevos
[Worker-6] Autos
[Worker-6] Camiones
[Worker-6] Ayuda
[Worker-6] Trminos y condiciones
[Worker-6] Polticas de publicacin
[Worker-6] Cmo protegemos tus datos?
[Worker-6] Legales
[Worker-6] Sobre NeoAuto
[Worker-6] Noticias
[Worker-6] Tips y guas
[Worker-6] Ayuda en lnea
[Worker-6] 2024 NeoAuto Inc. Todos los derechos reservados
[Worker-6] Sguenos
[Worker-6] Descripcin: {"@context":"https://schema.org","@graph":[{"@type":"Organization","@id":"https://neoauto.com/#organ...
[Worker-6] nico dueo: S
[Worker-6] Datos guardados en: /home/richgutz/Scraper-Neoauto-ANTIGRAVITY/extractores/results_txt/diario_result_20260126_215225_64781d.txt
[Worker-5] Scroll INICIAL para activar contenido...
[Worker-2] Intento 2: Popup no encontrado
[Worker-4] URL obtenida y bloqueada desde urls_autos_diarios: https://neoauto.com/auto/usado/kia-picanto-cross-2024-1860544
[Worker-4] 
[Worker-4] Iniciando extraccin para: https://neoauto.com/auto/usado/kia-picanto-cross-2024-1860544
[Worker-4] Iniciando navegacin...
[Worker-4] Marca extrada: 'kia'
[Worker-4] Camino elegido (4 pasos).
[Worker-4] Paso 1/4: Pgina Principal...
[Worker-4] Navegacin rpida (sin acciones)
[Worker-4] Paso 2/4: Categora 'Usados'...
[Worker-1] Ttulo: Suzuki Celerio 2023
[Worker-1] Precio: S/ nan
[Worker-1] Kilometraje: inf km
[Worker-1] Ubicacin: Arranca tu ao sobre ruedas!
[Worker-1] Sbete a tu prximo seminuevo, el auto que mereces.
[Worker-1] Arranca tu ao sobre ruedas!
[Worker-1] Sbete a tu prximo seminuevo, el auto que mereces.
[Worker-1] Arranca tu ao sobre ruedas!
[Worker-1] Sbete a tu prximo seminuevo, el auto que mereces.
[Worker-1] Arranca tu ao sobre ruedas!
[Worker-1] Sbete a tu prximo seminuevo, el auto que mereces.
[Worker-1] Iniciar sesin
[Worker-1] Quiero vender
[Worker-1] Comprar
[Worker-1] Quiero vender
[Worker-1] Financiamiento
[Worker-1] Alquilar
[Worker-1] Nuevo
[Worker-1] Seguros
[Worker-1] Eventos
[Worker-1] Publicidad
[Worker-1] Ver fotos
[Worker-1] Autos usados
[Worker-1] Suzuki
[Worker-1] Celerio
[Worker-1] Suzuki Celerio 2023
[Worker-1] San Borja, Lima, Lima
[Worker-1] Publicado hoy
[Worker-1] 11 vistas
[Worker-1] Reportar aviso
[Worker-1] Compartir
[Worker-1] Marcar como favorito
[Worker-1] Suzuki Celerio 2023
[Worker-1] Reportar aviso
[Worker-1] Compartir
[Worker-1] Marcar como favorito
[Worker-1] Ao modelo
[Worker-1] 2023
[Worker-1] Kilometraje
[Worker-1] 27,000 km
[Worker-1] Transmisin
[Worker-1] Automtica - Secuencial
[Worker-1] Descripcin
[Worker-1] Se vende Suzuki Celerio 2023 Automtico 1.0 Full equipo. Precio: $11,330 Dlares. El vehiculo cuenta con 2 airbags, aire acondicionado, pantalla tctil con sensor de retroceso, lunas, espejos y pestillos electricos, neblineros, aros de aleacion 15, l...
[Worker-1] Seguir leyendo
[Worker-1] Te recomendamos:
[Worker-1] 
[Worker-1] Te toca renovar tu SOAT?
[Worker-1] 
[Worker-1] Verifica el estado de tu SOAT aqu y evita multas.
[Worker-1] 
[Worker-1] Consultar SOAT
[Worker-1] 
[Worker-1] Alquila autos con Kinto Share
[Worker-1] 
[Worker-1] Que nada frene tus aventuras. Seguro,flexible y con garantia.
[Worker-1] 
[Worker-1] Ver ms
[Worker-1] 
[Worker-1] Blog & Noticias
[Worker-1] 
[Worker-1] Entrate de las ltimas novedades del sector automotriz.
[Worker-1] 
[Worker-1] Ver ms
[Worker-1] Especificaciones tcnicas
[Worker-1] Caractersticas
[Worker-1] Marca
[Worker-1] Suzuki
[Worker-1] Modelo
[Worker-1] CELERIO
[Worker-1] Versin
[Worker-1] HATCHBACK
[Worker-1] Ao de fabricacin
[Worker-1] 2023
[Worker-1] Categora
[Worker-1] Hatchback
[Worker-1] Combustible
[Worker-1] Gasolina
[Worker-1] Nmero de puertas
[Worker-1] 5
[Worker-1] Traccin
[Worker-1] Delantera
[Worker-1] Color
[Worker-1] Plomo
[Worker-1] Nmero cilindros
[Worker-1] 3
[Worker-1] Cilindrada
[Worker-1] 1,000 cc
[Worker-1] Equipamiento
[Worker-1] Retrovisores Elctricos
[Worker-1] Neblineros
[Worker-1] Aire Acondicionado
[Worker-1] Full Equipo
[Worker-1] Computadora de abordo
[Worker-1] Parlantes/Bajos
[Worker-1] Exterior
[Worker-1] Aros de Aleacin
[Worker-1] Luces Halgenas
[Worker-1] Seguridad
[Worker-1] Airbag
[Worker-1] Lminas de Seguridad
[Worker-1] Repartidor electrnico de frenado
[Worker-1] Frenos ABS
[Worker-1] Alarma
[Worker-1] Precios y costos
[Worker-1] 
[Worker-1] An no tenemos suficiente informacin para determinar un rango de precio para este vehculo.
[Worker-1] 
[Worker-1] Excelente
[Worker-1] Competitivo
[Worker-1] Premium
[Worker-1] 
[Worker-1] (*) Precio referencial
[Worker-1] 
[Worker-1] Cmo se calcula este rango?
[Worker-1] 
[Worker-1] Te toca renovar tu SOAT?
[Worker-1] 
[Worker-1] Verifica el estado de tu SOAT aqu y evita multas.
[Worker-1] 
[Worker-1] Consultar SOAT
[Worker-1] Precio
[Worker-1] US$11,330
[Worker-1] Contctate con el anunciante
[Worker-1] Adrin Ramos Surez
[Worker-1] 920 129...
[Worker-1] Ms informacin
[Worker-1] Beneficios adicionales para ti:
[Worker-1] La mejor opcin
[Worker-1] Financia tu auto con Santander Consumer
[Worker-1] 
[Worker-1] Paga desde:
[Worker-1] US$310/mes*
[Worker-1] Simular crdito
[Worker-1] 
[Worker-1] (*) Cuota mensual referencial. Calculada a 60 meses, 20% de inicial y TEA de 20.99%. No incluye seguro vehicular.
[Worker-1] 
[Worker-1] Solicita tu Prstamo Personal hasta de S/45,000
[Worker-1] Me interesa
[Worker-1] Seminuevos
[Worker-1] Autos
[Worker-1] Motos
[Worker-1] Camiones
[Worker-1] Usados
[Worker-1] Autos
[Worker-1] Motos
[Worker-1] Camiones
[Worker-1] Nuevos
[Worker-1] Autos
[Worker-1] Camiones
[Worker-1] Ayuda
[Worker-1] Trminos y condiciones
[Worker-1] Polticas de publicacin
[Worker-1] Cmo protegemos tus datos?
[Worker-1] Legales
[Worker-1] Sobre NeoAuto
[Worker-1] Noticias
[Worker-1] Tips y guas
[Worker-1] Ayuda en lnea
[Worker-1] 2024 NeoAuto Inc. Todos los derechos reservados
[Worker-1] Sguenos
[Worker-1] Descripcin: {"@context":"https://schema.org","@graph":[{"@type":"Organization","@id":"https://neoauto.com/#organ...
[Worker-1] nico dueo: No
[Worker-1] Datos guardados en: /home/richgutz/Scraper-Neoauto-ANTIGRAVITY/extractores/results_txt/diario_result_20260126_215227_c201c6.txt
[Worker-3] Intento 1: Popup no encontrado
[Worker-4] Navegacin rpida (sin acciones)
[Worker-4] Paso 3/4: Filtro por Marca 'KIA'...
[Worker-6] URL obtenida y bloqueada desde urls_autos_diarios: https://neoauto.com/auto/usado/subaru-xv-2020-1863502
[Worker-6] 
[Worker-6] Iniciando extraccin para: https://neoauto.com/auto/usado/subaru-xv-2020-1863502
[Worker-6] Iniciando navegacin...
[Worker-6] Marca extrada: 'subaru'
[Worker-6] Camino elegido (4 pasos).
[Worker-6] Paso 1/4: Pgina Principal...
[Worker-4] Navegacin rpida (sin acciones)
[Worker-4] Paso 4/4: URL Final...
[Worker-6] Navegacin rpida (sin acciones)
[Worker-6] Paso 2/4: Categora 'Usados'...
[Worker-4] Scroll INICIAL para activar contenido...
[Worker-2] Intento 3: Popup no encontrado
[Worker-6] Navegacin rpida (sin acciones)
[Worker-6] Paso 3/4: Filtro por Marca 'SUBARU'...
[Worker-2] No se pudo cerrar el popup de satisfaccin
[Worker-2] Popups manejados POST-scroll
[Worker-2] Scroll adicional de confirmacin...
[Worker-3] Intento 2: Popup no encontrado
[Worker-1] URL obtenida y bloqueada desde urls_autos_diarios: https://neoauto.com/auto/usado/subaru-impreza-sport-2017-1863480
[Worker-1] 
[Worker-1] Iniciando extraccin para: https://neoauto.com/auto/usado/subaru-impreza-sport-2017-1863480
[Worker-1] Iniciando navegacin...
[Worker-1] Marca extrada: 'subaru'
[Worker-1] Camino elegido (4 pasos).
[Worker-1] Paso 1/4: Pgina Principal...
[Worker-1] Navegacin rpida (sin acciones)
[Worker-1] Paso 2/4: Categora 'Usados'...
[Worker-2] Ttulo: Chevrolet Cruze 2012
[Worker-2] Precio: S/ nan
[Worker-2] Kilometraje: 3.2002001234520123e+286 km
[Worker-2] Ubicacin: Arranca tu ao sobre ruedas!
[Worker-2] Sbete a tu prximo seminuevo, el auto que mereces.
[Worker-2] Arranca tu ao sobre ruedas!
[Worker-2] Sbete a tu prximo seminuevo, el auto que mereces.
[Worker-2] Arranca tu ao sobre ruedas!
[Worker-2] Sbete a tu prximo seminuevo, el auto que mereces.
[Worker-2] Arranca tu ao sobre ruedas!
[Worker-2] Sbete a tu prximo seminuevo, el auto que mereces.
[Worker-2] Iniciar sesin
[Worker-2] Quiero vender
[Worker-2] Comprar
[Worker-2] Quiero vender
[Worker-2] Financiamiento
[Worker-2] Alquilar
[Worker-2] Nuevo
[Worker-2] Seguros
[Worker-2] Eventos
[Worker-2] Publicidad
[Worker-2] Ver fotos
[Worker-2] Autos usados
[Worker-2] Chevrolet
[Worker-2] Cruze
[Worker-2] Chevrolet Cruze 2012
[Worker-2] Bellavista, Callao, Callao
[Worker-2] Publicado ayer
[Worker-2] 13 vistas
[Worker-2] Reportar aviso
[Worker-2] Compartir
[Worker-2] Marcar como favorito
[Worker-2] Chevrolet Cruze 2012
[Worker-2] Reportar aviso
[Worker-2] Compartir
[Worker-2] Marcar como favorito
[Worker-2] Ao modelo
[Worker-2] 2012
[Worker-2] Kilometraje
[Worker-2] 118,092 km
[Worker-2] Transmisin
[Worker-2] Automtica - Secuencial
[Worker-2] Descripcin
[Worker-2] Auto negro chevrolet cruze 2012 trabaja con glp y gasolina premium, lo vendo porque no lo uso, es automtico cualquier consulta pueden hacer visita sin compromiso
[Worker-2] Te recomendamos:
[Worker-2] 
[Worker-2] Te toca renovar tu SOAT?
[Worker-2] 
[Worker-2] Verifica el estado de tu SOAT aqu y evita multas.
[Worker-2] 
[Worker-2] Consultar SOAT
[Worker-2] 
[Worker-2] Alquila autos con Kinto Share
[Worker-2] 
[Worker-2] Que nada frene tus aventuras. Seguro,flexible y con garantia.
[Worker-2] 
[Worker-2] Ver ms
[Worker-2] 
[Worker-2] Blog & Noticias
[Worker-2] 
[Worker-2] Entrate de las ltimas novedades del sector automotriz.
[Worker-2] 
[Worker-2] Ver ms
[Worker-2] Especificaciones tcnicas
[Worker-2] Caractersticas
[Worker-2] Marca
[Worker-2] Chevrolet
[Worker-2] Modelo
[Worker-2] CRUZE
[Worker-2] Versin
[Worker-2] 1.8 LS AT FULL
[Worker-2] Versin
[Worker-2] 1.8 LS AT FULL
[Worker-2] Ao de fabricacin
[Worker-2] 2011
[Worker-2] Categora
[Worker-2] Sedn
[Worker-2] Combustible
[Worker-2] Dual
[Worker-2] Nmero de puertas
[Worker-2] 5
[Worker-2] Color
[Worker-2] Negro
[Worker-2] Equipamiento
[Worker-2] Neblineros
[Worker-2] Aire Acondicionado
[Worker-2] Full Equipo
[Worker-2] Parlantes/Bajos
[Worker-2] Radio MP3
[Worker-2] Exterior
[Worker-2] Aros de Aleacin
[Worker-2] Parrilla
[Worker-2] Seguridad
[Worker-2] Airbag
[Worker-2] Faros antiniebla delantero
[Worker-2] Frenos ABS
[Worker-2] Extras
[Worker-2] Sunroof
[Worker-2] Asientos de cuero
[Worker-2] Climatizador
[Worker-2] Precios y costos
[Worker-2] 
[Worker-2] An no tenemos suficiente informacin para determinar un rango de precio para este vehculo.
[Worker-2] 
[Worker-2] Excelente
[Worker-2] Competitivo
[Worker-2] Premium
[Worker-2] 
[Worker-2] (*) Precio referencial
[Worker-2] 
[Worker-2] Cmo se calcula este rango?
[Worker-2] 
[Worker-2] Te toca renovar tu SOAT?
[Worker-2] 
[Worker-2] Verifica el estado de tu SOAT aqu y evita multas.
[Worker-2] 
[Worker-2] Consultar SOAT
[Worker-2] Precio
[Worker-2] US$7,300
[Worker-2] Contctate con el anunciante
[Worker-2] Fiorella Saavedra
[Worker-2] 980 493...
[Worker-2] Ms informacin
[Worker-2] Beneficios adicionales para ti:
[Worker-2] Solicita tu Prstamo Personal hasta de S/45,000
[Worker-2] Me interesa
[Worker-2] Seminuevos
[Worker-2] Autos
[Worker-2] Motos
[Worker-2] Camiones
[Worker-2] Usados
[Worker-2] Autos
[Worker-2] Motos
[Worker-2] Camiones
[Worker-2] Nuevos
[Worker-2] Autos
[Worker-2] Camiones
[Worker-2] Ayuda
[Worker-2] Trminos y condiciones
[Worker-2] Polticas de publicacin
[Worker-2] Cmo protegemos tus datos?
[Worker-2] Legales
[Worker-2] Sobre NeoAuto
[Worker-2] Noticias
[Worker-2] Tips y guas
[Worker-2] Ayuda en lnea
[Worker-2] 2024 NeoAuto Inc. Todos los derechos reservados
[Worker-2] Sguenos
[Worker-2] Descripcin: {"@context":"https://schema.org","@graph":[{"@type":"Organization","@id":"https://neoauto.com/#organ...
[Worker-2] nico dueo: No[Worker-6] Navegacin rpida (sin acciones)
[Worker-6] Paso 4/4: URL Final...

[Worker-2] Datos guardados en: /home/richgutz/Scraper-Neoauto-ANTIGRAVITY/extractores/results_txt/diario_result_20260126_215235_84442e.txt
[Worker-6] Scroll INICIAL para activar contenido...
[Worker-1] Navegacin rpida (sin acciones)
[Worker-1] Paso 3/4: Filtro por Marca 'SUBARU'...
[Worker-1] Navegacin rpida (sin acciones)
[Worker-1] Paso 4/4: URL Final...
[Worker-3] Intento 3: Popup no encontrado
[Worker-5] No apareci popup de cookies
[Worker-1] Scroll INICIAL para activar contenido...
[Worker-3] No se pudo cerrar el popup de satisfaccin
[Worker-3] Popups manejados POST-scroll
[Worker-3] Scroll adicional de confirmacin...
[Worker-5] Intento 1: Page.click: Timeout 1000ms exceeded.
[Worker-5] Call log:
[Worker-5] - waiting for locator("button[class*='close']").locator("svg").locator("xpath=./ancestor::button")
[Worker-5] 
[Worker-2] URL obtenida y bloqueada desde urls_autos_diarios: https://neoauto.com/auto/usado/bmw-x2-20i-2018-1863549
[Worker-2] 
[Worker-2] Iniciando extraccin para: https://neoauto.com/auto/usado/bmw-x2-20i-2018-1863549
[Worker-2] Iniciando navegacin...
[Worker-2] Marca extrada: 'bmw'
[Worker-2] Camino elegido (4 pasos).
[Worker-2] Paso 1/4: Pgina Principal...
[Worker-5] Intento 2: Page.click: Timeout 1000ms exceeded.
[Worker-5] Call log:
[Worker-5] - waiting for locator("button[class*='close']").locator("svg").locator("xpath=./ancestor::button")
[Worker-5] 
[Worker-3] Ttulo: Mazda Bt-50 2020
[Worker-3] Precio: S/ nan
[Worker-2] Navegacin rpida (sin acciones)
[Worker-2] Paso 2/4: Categora 'Usados'...
[Worker-3] Kilometraje: inf km
[Worker-3] Ubicacin: Arranca tu ao sobre ruedas!
[Worker-3] Sbete a tu prximo seminuevo, el auto que mereces.
[Worker-3] Arranca tu ao sobre ruedas!
[Worker-3] Sbete a tu prximo seminuevo, el auto que mereces.
[Worker-3] Arranca tu ao sobre ruedas!
[Worker-3] Sbete a tu prximo seminuevo, el auto que mereces.
[Worker-3] Arranca tu ao sobre ruedas!
[Worker-3] Sbete a tu prximo seminuevo, el auto que mereces.
[Worker-3] Iniciar sesin
[Worker-3] Quiero vender
[Worker-3] Comprar
[Worker-3] Quiero vender
[Worker-3] Financiamiento
[Worker-3] Alquilar
[Worker-3] Nuevo
[Worker-3] Seguros
[Worker-3] Eventos
[Worker-3] Publicidad
[Worker-3] Ver fotos
[Worker-3] Autos usados
[Worker-3] Mazda
[Worker-3] Bt-50
[Worker-3] Mazda Bt-50 2020
[Worker-3] Parias, Talara, Piura
[Worker-3] Publicado hoy
[Worker-3] 8 vistas
[Worker-3] Reportar aviso
[Worker-3] Compartir
[Worker-3] Marcar como favorito
[Worker-3] Mazda Bt-50 2020
[Worker-3] Reportar aviso
[Worker-3] Compartir
[Worker-3] Marcar como favorito
[Worker-3] Ao modelo
[Worker-3] 2020
[Worker-3] Kilometraje
[Worker-3] 86,984 km
[Worker-3] Transmisin
[Worker-3] Mecnica
[Worker-3] Descripcin
[Worker-3] Vendo mi camioneta Pickup Mazda BT-50 en perfecto estado, sin choques ni abolladuras, papeles en regla, mantenimientos al da y listo para transferir, nico dueo. El kilometraje es real y lo pueden verificar con scanner si desean sin inconvenientes,...
[Worker-3] Seguir leyendo
[Worker-3] Te recomendamos:
[Worker-3] 
[Worker-3] Te toca renovar tu SOAT?
[Worker-3] 
[Worker-3] Verifica el estado de tu SOAT aqu y evita multas.
[Worker-3] 
[Worker-3] Consultar SOAT
[Worker-3] 
[Worker-3] Alquila autos con Kinto Share
[Worker-3] 
[Worker-3] Que nada frene tus aventuras. Seguro,flexible y con garantia.
[Worker-3] 
[Worker-3] Ver ms
[Worker-3] 
[Worker-3] Blog & Noticias
[Worker-3] 
[Worker-3] Entrate de las ltimas novedades del sector automotriz.
[Worker-3] 
[Worker-3] Ver ms
[Worker-3] Especificaciones tcnicas
[Worker-3] Caractersticas
[Worker-3] Marca
[Worker-3] Mazda
[Worker-3] Modelo
[Worker-3] BT-50
[Worker-3] Versin
[Worker-3] BT50 MT 2.2 4X4 D2 MI
[Worker-3] Ao de fabricacin
[Worker-3] 2020
[Worker-3] Categora
[Worker-3] Pick Up
[Worker-3] Combustible
[Worker-3] Diesel
[Worker-3] Nmero de puertas
[Worker-3] 4
[Worker-3] Traccin
[Worker-3] 4x4
[Worker-3] Color
[Worker-3] Blanco
[Worker-3] Nmero cilindros
[Worker-3] 4
[Worker-3] Cilindrada
[Worker-3] 2,200 cc
[Worker-3] Equipamiento
[Worker-3] Aire Acondicionado
[Worker-3] Computadora de abordo
[Worker-3] Parlantes/Bajos
[Worker-3] Radio MP3
[Worker-3] Exterior
[Worker-3] Aros de Aleacin
[Worker-3] Seguridad
[Worker-3] Airbag
[Worker-3] Lminas de Seguridad
[Worker-3] Precios y costos
[Worker-3] 
[Worker-3] An no tenemos suficiente informacin para determinar un rango de precio para este vehculo.
[Worker-3] 
[Worker-3] Excelente
[Worker-3] Competitivo
[Worker-3] Premium
[Worker-3] 
[Worker-3] (*) Precio referencial
[Worker-3] 
[Worker-3] Cmo se calcula este rango?
[Worker-3] 
[Worker-3] Te toca renovar tu SOAT?
[Worker-3] 
[Worker-3] Verifica el estado de tu SOAT aqu y evita multas.
[Worker-3] 
[Worker-3] Consultar SOAT
[Worker-3] Precio
[Worker-3] US$19,500
[Worker-3] Dscto. por adquirir el Crdito Vehicular
[Worker-3] -US$1,000*
[Worker-3] *Aplica si financias tu auto con Santander Consumer
[Worker-3] Contctate con el anunciante
[Worker-3] Pedro Yacupoma
[Worker-3] 996 584...
[Worker-3] Ms informacin
[Worker-3] Beneficios adicionales para ti:
[Worker-3] La mejor opcin
[Worker-3] Financia tu auto con Santander Consumer
[Worker-3] 
[Worker-3] Paga desde:
[Worker-3] US$18,500 o
[Worker-3] US$591/mes*
[Worker-3] Simular crdito
[Worker-3] 
[Worker-3] (*) Cuota mensual referencial. Calculada a 48 meses, 20% de inicial y TEA de 20.99%. No incluye seguro vehicular.
[Worker-3] 
[Worker-3] Solicita tu Prstamo Personal hasta de S/45,000
[Worker-3] Me interesa
[Worker-3] Seminuevos
[Worker-3] Autos
[Worker-3] Motos
[Worker-3] Camiones
[Worker-3] Usados
[Worker-3] Autos
[Worker-3] Motos
[Worker-3] Camiones
[Worker-3] Nuevos
[Worker-3] Autos
[Worker-3] Camiones
[Worker-3] Ayuda
[Worker-3] Trminos y condiciones
[Worker-3] Polticas de publicacin
[Worker-3] Cmo protegemos tus datos?
[Worker-3] Legales
[Worker-3] Sobre NeoAuto
[Worker-3] Noticias
[Worker-3] Tips y guas
[Worker-3] Ayuda en lnea
[Worker-3] 2024 NeoAuto Inc. Todos los derechos reservados
[Worker-3] Sguenos
[Worker-3] Descripcin: {"@context":"https://schema.org","@graph":[{"@type":"Organization","@id":"https://neoauto.com/#organ...
[Worker-3] nico dueo: No
[Worker-3] Datos guardados en: /home/richgutz/Scraper-Neoauto-ANTIGRAVITY/extractores/results_txt/diario_result_20260126_215242_100b40.txt
[Worker-2] Navegacin rpida (sin acciones)
[Worker-2] Paso 3/4: Filtro por Marca 'BMW'...
[Worker-4] No apareci popup de cookies
[Worker-2] Navegacin rpida (sin acciones)
[Worker-2] Paso 4/4: URL Final...
[Worker-4] Intento 1: Page.click: Timeout 1000ms exceeded.
[Worker-4] Call log:
[Worker-4] - waiting for locator("button[class*='close']").locator("svg").locator("xpath=./ancestor::button")
[Worker-4] 
[Worker-2] Scroll INICIAL para activar contenido...
[Worker-3] URL obtenida y bloqueada desde urls_autos_diarios: https://neoauto.com/auto/usado/hyundai-creta-2019-1863462
[Worker-3] 
[Worker-3] Iniciando extraccin para: https://neoauto.com/auto/usado/hyundai-creta-2019-1863462
[Worker-3] Iniciando navegacin...
[Worker-3] Marca extrada: 'hyundai'
[Worker-3] Camino elegido (4 pasos).
[Worker-3] Paso 1/4: Pgina Principal...
[Worker-4] Intento 2: Page.click: Timeout 1000ms exceeded.
[Worker-4] Call log:
[Worker-4] - waiting for locator("button[class*='close']").locator("svg").locator("xpath=./ancestor::button")
[Worker-4] 
[Worker-3] Navegacin rpida (sin acciones)
[Worker-3] Paso 2/4: Categora 'Usados'...
[Worker-6] No apareci popup de cookies
[Worker-3] Navegacin rpida (sin acciones)
[Worker-3] Paso 3/4: Filtro por Marca 'HYUNDAI'...
[Worker-6] Intento 1: Page.click: Timeout 1000ms exceeded.
[Worker-6] Call log:
[Worker-6] - waiting for locator("button[class*='close']").locator("svg").locator("xpath=./ancestor::button")
[Worker-6] 
[Worker-3] Navegacin rpida (sin acciones)
[Worker-3] Paso 4/4: URL Final...
[Worker-3] Scroll INICIAL para activar contenido...
[Worker-1] No apareci popup de cookies
[Worker-6] Intento 2: Page.click: Timeout 1000ms exceeded.
[Worker-6] Call log:
[Worker-6] - waiting for locator("button[class*='close']").locator("svg").locator("xpath=./ancestor::button")
[Worker-6] 
[Worker-1] Intento 1: Page.click: Timeout 1000ms exceeded.
[Worker-1] Call log:
[Worker-1] - waiting for locator("button[class*='close']").locator("svg").locator("xpath=./ancestor::button")
[Worker-1] 
[Worker-1] Intento 2: Page.click: Timeout 1000ms exceeded.
[Worker-1] Call log:
[Worker-1] - waiting for locator("button[class*='close']").locator("svg").locator("xpath=./ancestor::button")
[Worker-1] 
[Worker-2] No apareci popup de cookies
[Worker-2] Intento 1: Page.click: Timeout 1000ms exceeded.
[Worker-2] Call log:
[Worker-2] - waiting for locator("button[class*='close']").locator("svg").locator("xpath=./ancestor::button")
[Worker-2] 
[Worker-5] Intento 1: Popup no encontrado
[Worker-2] Intento 2: Page.click: Timeout 1000ms exceeded.
[Worker-2] Call log:
[Worker-2] - waiting for locator("button[class*='close']").locator("svg").locator("xpath=./ancestor::button")
[Worker-2] 
[Worker-3] No apareci popup de cookies
[Worker-5] Intento 2: Popup no encontrado
[Worker-3] Intento 1: Page.click: Timeout 1000ms exceeded.
[Worker-3] Call log:
[Worker-3] - waiting for locator("button[class*='close']").locator("svg").locator("xpath=./ancestor::button")
[Worker-3] 
[Worker-4] Intento 1: Popup no encontrado
[Worker-3] Intento 2: Page.click: Timeout 1000ms exceeded.
[Worker-3] Call log:
[Worker-3] - waiting for locator("button[class*='close']").locator("svg").locator("xpath=./ancestor::button")
[Worker-3] 
[Worker-5] Intento 3: Popup no encontrado
[Worker-4] Intento 2: Popup no encontrado
[Worker-5] No se pudo cerrar el popup de satisfaccin
[Worker-5] Popups manejados POST-scroll
[Worker-5] Scroll adicional de confirmacin...
[Worker-6] Intento 1: Popup no encontrado
[Worker-5] Ttulo: Subaru All New Forester 2019 2019
[Worker-5] Precio: S/ nan
[Worker-5] Kilometraje: inf km
[Worker-5] Ubicacin: Arranca tu ao sobre ruedas!
[Worker-5] Sbete a tu prximo seminuevo, el auto que mereces.
[Worker-5] Arranca tu ao sobre ruedas!
[Worker-5] Sbete a tu prximo seminuevo, el auto que mereces.
[Worker-5] Arranca tu ao sobre ruedas!
[Worker-5] Sbete a tu prximo seminuevo, el auto que mereces.
[Worker-5] Arranca tu ao sobre ruedas!
[Worker-5] Sbete a tu prximo seminuevo, el auto que mereces.
[Worker-5] Iniciar sesin
[Worker-5] Quiero vender
[Worker-5] Comprar
[Worker-5] Quiero vender
[Worker-5] Financiamiento
[Worker-5] Alquilar
[Worker-5] Nuevo
[Worker-5] Seguros
[Worker-5] Eventos
[Worker-5] Publicidad
[Worker-5] Ver fotos
[Worker-5] Autos usados
[Worker-5] Subaru
[Worker-5] All New Forester 2019
[Worker-5] Subaru All New Forester 2019 2019
[Worker-5] Miraflores, Lima, Lima
[Worker-5] Publicado hoy
[Worker-5] 11 vistas
[Worker-5] Reportar aviso
[Worker-5] Compartir
[Worker-5] Marcar como favorito
[Worker-5] Subaru All New Forester 2019 2019
[Worker-5] Reportar aviso
[Worker-5] Compartir
[Worker-5] Marcar como favorito
[Worker-5] Ao modelo
[Worker-5] 2019
[Worker-5] Kilometraje
[Worker-5] 37,000 km
[Worker-5] Transmisin
[Worker-5] Automtica - Secuencial
[Worker-5] Descripcin
[Worker-5] MARCA SUBARU MODELO Y VERSION FORESTER LIMITED 2.5 CC AO Y MODELO 2019 CAJA AUTOMTICA SECUENCIAL 2 FILAS DE ASIENTOS DE CUERO SOLO GASOLINA PRECIO DLARES 25990 SUPER CONSERVADO Y DE USO EXCLUSIVO DE FAMILIA 37000 MIL KILMETROS DE RECORRIDO TODOS
[Worker-5] Seguir leyendo
[Worker-5] Te recomendamos:
[Worker-5] 
[Worker-5] Te toca renovar tu SOAT?
[Worker-5] 
[Worker-5] Verifica el estado de tu SOAT aqu y evita multas.
[Worker-5] 
[Worker-5] Consultar SOAT
[Worker-5] 
[Worker-5] Alquila autos con Kinto Share
[Worker-5] 
[Worker-5] Que nada frene tus aventuras. Seguro,flexible y con garantia.
[Worker-5] 
[Worker-5] Ver ms
[Worker-5] 
[Worker-5] Blog & Noticias
[Worker-5] 
[Worker-5] Entrate de las ltimas novedades del sector automotriz.
[Worker-5] 
[Worker-5] Ver ms
[Worker-5] Especificaciones tcnicas
[Worker-5] Caractersticas
[Worker-5] Marca
[Worker-5] Subaru
[Worker-5] Modelo
[Worker-5] ALL NEW FORESTER 2019
[Worker-5] Versin
[Worker-5] 2.5 LIMITED
[Worker-5] Ao de fabricacin
[Worker-5] 2019
[Worker-5] Categora
[Worker-5] Camioneta
[Worker-5] Combustible
[Worker-5] Gasolina
[Worker-5] Nmero de puertas
[Worker-5] 5
[Worker-5] Traccin
[Worker-5] AWD
[Worker-5] Color
[Worker-5] Negro
[Worker-5] Nmero cilindros
[Worker-5] 4
[Worker-5] Cilindrada
[Worker-5] 2,500 cc
[Worker-5] Equipamiento
[Worker-5] Neblineros
[Worker-5] Aire Acondicionado
[Worker-5] Full Equipo
[Worker-5] Computadora de abordo
[Worker-5] Parlantes/Bajos
[Worker-5] Radio CD
[Worker-5] Radio MP3
[Worker-5] Retrovisores Elctricos
[Worker-5] Exterior
[Worker-5] Aros de Aleacin
[Worker-5] Luces Halgenas
[Worker-5] Seguridad
[Worker-5] Airbag
[Worker-5] Alarma
[Worker-5] Frenos ABS
[Worker-5] Repartidor electrnico de frenado
[Worker-5] Inmovilizador de motor
[Worker-5] Faros antiniebla traseros
[Worker-5] Faros antiniebla delantero
[Worker-5] Lminas de Seguridad
[Worker-5] Localizador (GPS)
[Worker-5] Extras
[Worker-5] Sunroof
[Worker-5] Asientos de cuero
[Worker-5] Climatizador
[Worker-5] Precios y costos
[Worker-5] 
[Worker-5] Este aviso
[Worker-5] 
[Worker-5] US$25,990
[Worker-5] 
[Worker-5] Precio de mercado
[Worker-5] 
[Worker-5] US$25,500*
[Worker-5] 
[Worker-5] Excelente
[Worker-5] Competitivo
[Worker-5] Premium
[Worker-5] 
[Worker-5] (*) Precio referencial
[Worker-5] 
[Worker-5] Cmo se calcula este rango?
[Worker-5] 
[Worker-5] Te toca renovar tu SOAT?
[Worker-5] 
[Worker-5] Verifica el estado de tu SOAT aqu y evita multas.
[Worker-5] 
[Worker-5] Consultar SOAT
[Worker-5] Precio
[Worker-5] US$25,990
[Worker-5] Dscto. por adquirir el Crdito Vehicular
[Worker-5] -US$1,000*
[Worker-5] *Aplica si financias tu auto con Santander Consumer
[Worker-5] Contctate con el anunciante
[Worker-5] Jorge Martin
[Worker-5] 958 455...
[Worker-5] Ms informacin
[Worker-5] Beneficios adicionales para ti:
[Worker-5] La mejor opcin
[Worker-5] Financia tu auto con Santander Consumer
[Worker-5] 
[Worker-5] Paga desde:
[Worker-5] US$24,990 o
[Worker-5] US$930/mes*
[Worker-5] Simular crdito
[Worker-5] 
[Worker-5] (*) Cuota mensual referencial. Calculada a 36 meses, 20% de inicial y TEA de 20.99%. No incluye seguro vehicular.
[Worker-5] 
[Worker-5] Solicita tu Prstamo Personal hasta de S/45,000
[Worker-5] Me interesa
[Worker-5] Vehculos similares
[Worker-5] Ver todos los vehculos
[Worker-5] Subaru Outback 2016
[Worker-5] 99,860km
[Worker-5] 2.5I-S AWD CVT ...
[Worker-5] Automtica - Se...
[Worker-5] Gasolina
[Worker-5] Precio
[Worker-5] US$17,000
[Worker-5] Con Crdito Vehicular
[Worker-5] US$16,000
[Worker-5] Ver detalle
[Worker-5] Vehculo de: MIGUEL ANGEL VALLES
[Worker-5] Auto verificado
[Worker-5] Vendo por viaje
[Worker-5] Subaru Forester 2024
[Worker-5] 19,000km
[Worker-5] 2.01 AWD CVT XS...
[Worker-5] Automtica - Se...
[Worker-5] Gasolina
[Worker-5] Precio
[Worker-5] US$33,000
[Worker-5] Con Crdito Vehicular
[Worker-5] US$884/mes
[Worker-5] Ver detalle
[Worker-5] Vehculo de: Tracy Gamarra
[Worker-5] Premium
[Worker-5] Subaru Xv 2018
[Worker-5] 67,000km
[Worker-5] Automtica
[Worker-5] Gasolina
[Worker-5] Precio
[Worker-5] US$16,000
[Worker-5] Con Crdito Vehicular
[Worker-5] US$15,000
[Worker-5] Ver detalle
[Worker-5] Vehculo de: rosario falcon
[Worker-5] Subaru Forester 2015
[Worker-5] 107,000km
[Worker-5] Automtica
[Worker-5] Gasolina
[Worker-5] Precio
[Worker-5] US$13,600
[Worker-5] Con Crdito Vehicular
[Worker-5] US$1,126/mes
[Worker-5] Ver detalle
[Worker-5] Vehculo de: SN SN
[Worker-5] Subaru Xv 2022
[Worker-5] 59,500km
[Worker-5] DYNAMIC
[Worker-5] Automtica - Se...
[Worker-5] Gasolina
[Worker-5] Precio
[Worker-5] US$24,000
[Worker-5] Con Crdito Vehicular
[Worker-5] US$23,000
[Worker-5] Ver detalle
[Worker-5] Vehculo de: Javier Gonzales Valencia
[Worker-5] Premium
[Worker-5] Bmw X5 35i 2016
[Worker-5] 89,900km
[Worker-5] XDRIVE35I
[Worker-5] Automtica
[Worker-5] Gasolina
[Worker-5] Precio
[Worker-5] US$27,000
[Worker-5] Con Crdito Vehicular
[Worker-5] US$2,214/mes
[Worker-5] Ver detalle
[Worker-5] Vehculo de: ANA PATRICIA CARDOZO
[Worker-5] Unico Dueo
[Worker-5] Peugeot 2008 2023
[Worker-5] 28,000km
[Worker-5] Automtica - Se...
[Worker-5] Gasolina
[Worker-5] Precio
[Worker-5] US$17,990
[Worker-5] Con Crdito Vehicular
[Worker-5] US$16,990
[Worker-5] Ver detalle
[Worker-5] Vehculo de: Stephanie Escudero Avellaneda
[Worker-5] Premium
[Worker-5] Nissan Pathfinder 2012
[Worker-5] 210,000km
[Worker-5] Automtica - Se...
[Worker-5] Diesel
[Worker-5] Precio
[Worker-5] US$15,900
[Worker-5] Ver detalle
[Worker-5] Vehculo de: CARLES MANUEL FARFAN NAVARRO
[Worker-5] Seminuevos
[Worker-5] Autos
[Worker-5] Motos
[Worker-5] Camiones
[Worker-5] Usados
[Worker-5] Autos
[Worker-5] Motos
[Worker-5] Camiones
[Worker-5] Nuevos
[Worker-5] Autos
[Worker-5] Camiones
[Worker-5] Ayuda
[Worker-5] Trminos y condiciones
[Worker-5] Polticas de publicacin
[Worker-5] Cmo protegemos tus datos?
[Worker-5] Legales
[Worker-5] Sobre NeoAuto
[Worker-5] Noticias
[Worker-5] Tips y guas
[Worker-5] Ayuda en lnea
[Worker-5] 2024 NeoAuto Inc. Todos los derechos reservados
[Worker-5] Sguenos
[Worker-5] Descripcin: {"@context":"https://schema.org","@graph":[{"@type":"Organization","@id":"https://neoauto.com/#organ...
[Worker-5] nico dueo: S
[Worker-5] Datos guardados en: /home/richgutz/Scraper-Neoauto-ANTIGRAVITY/extractores/results_txt/diario_result_20260126_215314_344909.txt
[Worker-1] Intento 1: Popup no encontrado
[Worker-4] Intento 3: Popup no encontrado
[Worker-6] Intento 2: Popup no encontrado
[Worker-4] No se pudo cerrar el popup de satisfaccin
[Worker-4] Popups manejados POST-scroll
[Worker-4] Scroll adicional de confirmacin...
[Worker-5] URL obtenida y bloqueada desde urls_autos_diarios: https://neoauto.com/auto/usado/kia-cerato-2014-1863541
[Worker-5] 
[Worker-5] Iniciando extraccin para: https://neoauto.com/auto/usado/kia-cerato-2014-1863541
[Worker-5] Iniciando navegacin...
[Worker-5] Marca extrada: 'kia'
[Worker-5] Camino elegido (4 pasos).
[Worker-5] Paso 1/4: Pgina Principal...
[Worker-5] Navegacin rpida (sin acciones)
[Worker-5] Paso 2/4: Categora 'Usados'...
[Worker-1] Intento 2: Popup no encontrado
[Worker-5] Navegacin rpida (sin acciones)
[Worker-5] Paso 3/4: Filtro por Marca 'KIA'...
[Worker-4] Ttulo: Kia Picanto Cross 2024
[Worker-4] Precio: S/ nan
[Worker-4] Kilometraje: inf km
[Worker-4] Ubicacin: Arranca tu ao sobre ruedas!
[Worker-4] Sbete a tu prximo seminuevo, el auto que mereces.
[Worker-4] Arranca tu ao sobre ruedas!
[Worker-4] Sbete a tu prximo seminuevo, el auto que mereces.
[Worker-4] Arranca tu ao sobre ruedas!
[Worker-4] Sbete a tu prximo seminuevo, el auto que mereces.
[Worker-4] Arranca tu ao sobre ruedas!
[Worker-4] Sbete a tu prximo seminuevo, el auto que mereces.
[Worker-4] Iniciar sesin
[Worker-4] Quiero vender
[Worker-4] Comprar
[Worker-4] Quiero vender
[Worker-4] Financiamiento
[Worker-4] Alquilar
[Worker-4] Nuevo
[Worker-4] Seguros
[Worker-4] Eventos
[Worker-4] Publicidad
[Worker-4] Ver fotos
[Worker-4] Autos usados
[Worker-4] Kia
[Worker-4] Picanto Cross
[Worker-4] Kia Picanto Cross 2024
[Worker-4] San Borja, Lima, Lima
[Worker-4] Publicado hoy
[Worker-4] 861 vistas
[Worker-4] Reportar aviso
[Worker-4] Compartir
[Worker-4] Marcar como favorito
[Worker-4] Kia Picanto Cross 2024
[Worker-4] Reportar aviso
[Worker-4] Compartir
[Worker-4] Marcar como favorito
[Worker-4] Ao modelo
[Worker-4] 2024
[Worker-4] Kilometraje
[Worker-4] 9,737 km
[Worker-4] Transmisin
[Worker-4] Automtica
[Worker-4] Descripcin
[Worker-4] Auto Kia Picanto Cross en excelente estado, nico dueo, full equipo, lunas y pestillos elctricos, poco recorrido de kilometraje.
[Worker-4] Te recomendamos:
[Worker-4] 
[Worker-4] Te toca renovar tu SOAT?
[Worker-4] 
[Worker-4] Verifica el estado de tu SOAT aqu y evita multas.
[Worker-4] 
[Worker-4] Consultar SOAT
[Worker-4] 
[Worker-4] Alquila autos con Kinto Share
[Worker-4] 
[Worker-4] Que nada frene tus aventuras. Seguro,flexible y con garantia.
[Worker-4] 
[Worker-4] Ver ms
[Worker-4] 
[Worker-4] Blog & Noticias
[Worker-4] 
[Worker-4] Entrate de las ltimas novedades del sector automotriz.
[Worker-4] 
[Worker-4] Ver ms
[Worker-4] Especificaciones tcnicas
[Worker-4] Caractersticas
[Worker-4] Marca
[Worker-4] Kia
[Worker-4] Modelo
[Worker-4] PICANTO CROSS
[Worker-4] Ao de fabricacin
[Worker-4] 2023
[Worker-4] Categora
[Worker-4] Hatchback
[Worker-4] Combustible
[Worker-4] Gasolina
[Worker-4] Nmero de puertas
[Worker-4] 5
[Worker-4] Traccin
[Worker-4] 4x2
[Worker-4] Color
[Worker-4] Gris platino
[Worker-4] Nmero cilindros
[Worker-4] 4
[Worker-4] Cilindrada
[Worker-4] 1,249 cc
[Worker-4] Precios y costos
[Worker-4] 
[Worker-4] An no tenemos suficiente informacin para determinar un rango de precio para este vehculo.
[Worker-4] 
[Worker-4] Excelente
[Worker-4] Competitivo
[Worker-4] Premium
[Worker-4] 
[Worker-4] (*) Precio referencial
[Worker-4] 
[Worker-4] Cmo se calcula este rango?
[Worker-4] 
[Worker-4] Te toca renovar tu SOAT?
[Worker-4] 
[Worker-4] Verifica el estado de tu SOAT aqu y evita multas.
[Worker-4] 
[Worker-4] Consultar SOAT
[Worker-4] Precio
[Worker-4] US$13,000
[Worker-4] Contctate con el anunciante
[Worker-4] Cathy Barybar
[Worker-4] 950 698...
[Worker-4] Ms informacin
[Worker-4] Beneficios adicionales para ti:
[Worker-4] La mejor opcin
[Worker-4] Financia tu auto con Santander Consumer
[Worker-4] 
[Worker-4] Paga desde:
[Worker-4] US$354/mes*
[Worker-4] Simular crdito
[Worker-4] 
[Worker-4] (*) Cuota mensual referencial. Calculada a 60 meses, 20% de inicial y TEA de 20.99%. No incluye seguro vehicular.
[Worker-4] 
[Worker-4] Solicita tu Prstamo Personal hasta de S/45,000
[Worker-4] Me interesa
[Worker-4] Vehculos similares
[Worker-4] Ver todos los vehculos
[Worker-4] Premium
[Worker-4] Nissan Tiida 2012
[Worker-4] 54,000km
[Worker-4] S 1.6 MT
[Worker-4] Mecnica
[Worker-4] Gasolina
[Worker-4] Precio
[Worker-4] US$8,900
[Worker-4] Ver detalle
[Worker-4] Vehculo de: Juan Manuel Diaz Amesquita
[Worker-4] Auto verificado
[Worker-4] Papeles en regla
[Worker-4] Bmw 118i 2019
[Worker-4] 52,000km
[Worker-4] MILLENNIAL
[Worker-4] Automtica - Se...
[Worker-4] Gasolina
[Worker-4] Precio
[Worker-4] US$17,800
[Worker-4] Con Crdito Vehicular
[Worker-4] US$540/mes
[Worker-4] Ver detalle
[Worker-4] Vehculo de: Renato Valdizan
[Worker-4] Premium
[Worker-4] Mercedes Benz B180 2012
[Worker-4] 69,100km
[Worker-4] B200
[Worker-4] Automtica
[Worker-4] Gasolina
[Worker-4] Precio
[Worker-4] US$13,800
[Worker-4] Ver detalle
[Worker-4] Vehculo de: edwin avila rojas
[Worker-4] Mazda 3 2023
[Worker-4] 14,603km
[Worker-4] MAZDA 3 SPORT P...
[Worker-4] Mecnica
[Worker-4] Gasolina
[Worker-4] Precio
[Worker-4] US$19,300
[Worker-4] Con Crdito Vehicular
[Worker-4] US$18,300
[Worker-4] Ver detalle
[Worker-4] Vehculo de: Jhimy Delgado
[Worker-4] Auto verificado
[Worker-4] Como nuevo
[Worker-4] Toyota Yaris 2019
[Worker-4] 80,000km
[Worker-4] GLS 1.3 CVT
[Worker-4] Automtica - Se...
[Worker-4] Gasolina
[Worker-4] Precio
[Worker-4] US$14,000
[Worker-4] Con Crdito Vehicular
[Worker-4] US$13,000
[Worker-4] Ver detalle
[Worker-4] Vehculo de: Fernando Aspajo Hidalgo
[Worker-4] Volkswagen Gol Comfort 1.6 2014
[Worker-4] 45,000km
[Worker-4] Mecnica
[Worker-4] Gasolina
[Worker-4] Precio
[Worker-4] US$9,000
[Worker-4] Con Crdito Vehicular
[Worker-4] US$753/mes
[Worker-4] Ver detalle
[Worker-4] Vehculo de: Guillermo Martn mardon zarate
[Worker-4] De lujo
[Worker-4] Mini John Cooper Works 2025
[Worker-4] 3,800km
[Worker-4] Automtica - Se...
[Worker-4] Gasolina
[Worker-4] Precio
[Worker-4] US$46,000
[Worker-4] Con Crdito Vehicular
[Worker-4] US$45,000
[Worker-4] Ver detalle
[Worker-4] Vehculo de: Renato Ramos
[Worker-4] De lujo
[Worker-4] Mini 3 Puertas 2018
[Worker-4] 51,200km
[Worker-4] HATCHBACK HARDT...
[Worker-4] Automtica
[Worker-4] Gasolina
[Worker-4] Precio
[Worker-4] US$19,000
[Worker-4] Con Crdito Vehicular
[Worker-4] US$18,000
[Worker-4] Ver detalle
[Worker-4] Vehculo de: Carlos O
[Worker-4] Seminuevos
[Worker-4] Autos
[Worker-4] Motos
[Worker-4] Camiones
[Worker-4] Usados
[Worker-4] Autos
[Worker-4] Motos
[Worker-4] Camiones
[Worker-4] Nuevos
[Worker-4] Autos
[Worker-4] Camiones
[Worker-4] Ayuda
[Worker-4] Trminos y condiciones
[Worker-4] Polticas de publicacin
[Worker-4] Cmo protegemos tus datos?
[Worker-4] Legales
[Worker-4] Sobre NeoAuto
[Worker-4] Noticias
[Worker-4] Tips y guas
[Worker-4] Ayuda en lnea
[Worker-4] 2024 NeoAuto Inc. Todos los derechos reservados
[Worker-4] Sguenos
[Worker-4] Descripcin: {"@context":"https://schema.org","@graph":[{"@type":"Organization","@id":"https://neoauto.com/#organ...
[Worker-4] nico dueo: No
[Worker-4] Datos guardados en: /home/richgutz/Scraper-Neoauto-ANTIGRAVITY/extractores/results_txt/diario_result_20260126_215320_5ccbe1.txt
[Worker-5] Navegacin rpida (sin acciones)
[Worker-5] Paso 4/4: URL Final...
[Worker-5] Scroll INICIAL para activar contenido...
[Worker-2] Intento 1: Popup no encontrado
[Worker-6] Intento 3: Popup no encontrado
[Worker-4] URL obtenida y bloqueada desde urls_autos_diarios: https://neoauto.com/auto/usado/hyundai-accent-2024-1863593
[Worker-4] 
[Worker-4] Iniciando extraccin para: https://neoauto.com/auto/usado/hyundai-accent-2024-1863593
[Worker-4] Iniciando navegacin...
[Worker-4] Marca extrada: 'hyundai'
[Worker-4] Camino elegido (4 pasos).
[Worker-4] Paso 1/4: Pgina Principal...
[Worker-6] No se pudo cerrar el popup de satisfaccin
[Worker-6] Popups manejados POST-scroll
[Worker-6] Scroll adicional de confirmacin...
[Worker-4] Navegacin rpida (sin acciones)
[Worker-4] Paso 2/4: Categora 'Usados'...
[Worker-1] Intento 3: Popup no encontrado
[Worker-4] Navegacin rpida (sin acciones)
[Worker-4] Paso 3/4: Filtro por Marca 'HYUNDAI'...
[Worker-1] No se pudo cerrar el popup de satisfaccin
[Worker-1] Popups manejados POST-scroll
[Worker-1] Scroll adicional de confirmacin...
[Worker-4] Navegacin rpida (sin acciones)
[Worker-4] Paso 4/4: URL Final...
[Worker-6] Ttulo: Subaru Xv 2020
[Worker-6] Precio: S/ nan
[Worker-6] Kilometraje: inf km
[Worker-6] Ubicacin: Arranca tu ao sobre ruedas!
[Worker-6] Sbete a tu prximo seminuevo, el auto que mereces.
[Worker-6] Arranca tu ao sobre ruedas!
[Worker-6] Sbete a tu prximo seminuevo, el auto que mereces.
[Worker-6] Arranca tu ao sobre ruedas!
[Worker-6] Sbete a tu prximo seminuevo, el auto que mereces.
[Worker-6] Arranca tu ao sobre ruedas!
[Worker-6] Sbete a tu prximo seminuevo, el auto que mereces.
[Worker-6] Iniciar sesin
[Worker-6] Quiero vender
[Worker-6] Comprar
[Worker-6] Quiero vender
[Worker-6] Financiamiento
[Worker-6] Alquilar
[Worker-6] Nuevo
[Worker-6] Seguros
[Worker-6] Eventos
[Worker-6] Publicidad
[Worker-6] Ver fotos
[Worker-6] Autos usados
[Worker-6] Subaru
[Worker-6] Xv
[Worker-6] Subaru Xv 2020
[Worker-6] Brea, Lima, Lima
[Worker-6] Publicado hoy
[Worker-6] 29 vistas
[Worker-6] Reportar aviso
[Worker-6] Compartir
[Worker-6] Marcar como favorito
[Worker-6] Subaru Xv 2020
[Worker-6] Reportar aviso
[Worker-6] Compartir
[Worker-6] Marcar como favorito
[Worker-6] Ao modelo
[Worker-6] 2020
[Worker-6] Kilometraje
[Worker-6] 100,800 km
[Worker-6] Transmisin
[Worker-6] Automtica
[Worker-6] Descripcin
[Worker-6] Precio 14500 a tratar
[Worker-6] Km [****]
[Worker-6] Mantenimientos en la casa
[Worker-6] Automtico
[Worker-6] Uso familiar
[Worker-6] Te recomendamos:
[Worker-6] 
[Worker-6] Te toca renovar tu SOAT?
[Worker-6] 
[Worker-6] Verifica el estado de tu SOAT aqu y evita multas.
[Worker-6] 
[Worker-6] Consultar SOAT
[Worker-6] 
[Worker-6] Alquila autos con Kinto Share
[Worker-6] 
[Worker-6] Que nada frene tus aventuras. Seguro,flexible y con garantia.
[Worker-6] 
[Worker-6] Ver ms
[Worker-6] 
[Worker-6] Blog & Noticias
[Worker-6] 
[Worker-6] Entrate de las ltimas novedades del sector automotriz.
[Worker-6] 
[Worker-6] Ver ms
[Worker-6] Especificaciones tcnicas
[Worker-6] Caractersticas
[Worker-6] Marca
[Worker-6] Subaru
[Worker-6] Modelo
[Worker-6] XV
[Worker-6] Ao de fabricacin
[Worker-6] 2019
[Worker-6] Categora
[Worker-6] Camioneta
[Worker-6] Combustible
[Worker-6] Gasolina
[Worker-6] Nmero de puertas
[Worker-6] 4
[Worker-6] Traccin
[Worker-6] AWD
[Worker-6] Color
[Worker-6] Gris Metlico
[Worker-6] Nmero cilindros
[Worker-6] 4
[Worker-6] Cilindrada
[Worker-6] 1,600 cc
[Worker-6] Precios y costos
[Worker-6] 
[Worker-6] An no tenemos suficiente informacin para determinar un rango de precio para este vehculo.
[Worker-6] 
[Worker-6] Excelente
[Worker-6] Competitivo
[Worker-6] Premium
[Worker-6] 
[Worker-6] (*) Precio referencial
[Worker-6] 
[Worker-6] Cmo se calcula este rango?
[Worker-6] 
[Worker-6] Te toca renovar tu SOAT?
[Worker-6] 
[Worker-6] Verifica el estado de tu SOAT aqu y evita multas.
[Worker-6] 
[Worker-6] Consultar SOAT
[Worker-6] Precio
[Worker-6] US$14,500
[Worker-6] Contctate con el anunciante
[Worker-6] Manuel Alejandro Tafur Zarate
[Worker-6] 999 065...
[Worker-6] Ms informacin
[Worker-6] Beneficios adicionales para ti:
[Worker-6] La mejor opcin
[Worker-6] Financia tu auto con Santander Consumer
[Worker-6] 
[Worker-6] Paga desde:
[Worker-6] US$442/mes*
[Worker-6] Simular crdito
[Worker-6] 
[Worker-6] (*) Cuota mensual referencial. Calculada a 48 meses, 20% de inicial y TEA de 20.99%. No incluye seguro vehicular.
[Worker-6] 
[Worker-6] Solicita tu Prstamo Personal hasta de S/45,000
[Worker-6] Me interesa
[Worker-6] Vehculos similares
[Worker-6] Ver todos los vehculos
[Worker-6] Premium
[Worker-6] Subaru Xv 2018
[Worker-6] 67,000km
[Worker-6] Automtica
[Worker-6] Gasolina
[Worker-6] Precio
[Worker-6] US$16,000
[Worker-6] Con Crdito Vehicular
[Worker-6] US$15,000
[Worker-6] Ver detalle
[Worker-6] Vehculo de: rosario falcon
[Worker-6] Subaru Xv 2022
[Worker-6] 59,500km
[Worker-6] DYNAMIC
[Worker-6] Automtica - Se...
[Worker-6] Gasolina
[Worker-6] Precio
[Worker-6] US$24,000
[Worker-6] Con Crdito Vehicular
[Worker-6] US$23,000
[Worker-6] Ver detalle
[Worker-6] Vehculo de: Javier Gonzales Valencia
[Worker-6] Subaru Forester 2015
[Worker-6] 107,000km
[Worker-6] Automtica
[Worker-6] Gasolina
[Worker-6] Precio
[Worker-6] US$13,600
[Worker-6] Con Crdito Vehicular
[Worker-6] US$1,126/mes
[Worker-6] Ver detalle
[Worker-6] Vehculo de: SN SN
[Worker-6] Auto verificado
[Worker-6] Vendo por viaje
[Worker-6] Subaru Forester 2024
[Worker-6] 19,000km
[Worker-6] 2.01 AWD CVT XS...
[Worker-6] Automtica - Se...
[Worker-6] Gasolina
[Worker-6] Precio
[Worker-6] US$33,000
[Worker-6] Con Crdito Vehicular
[Worker-6] US$884/mes
[Worker-6] Ver detalle
[Worker-6] Vehculo de: Tracy Gamarra
[Worker-6] Subaru Outback 2016
[Worker-6] 99,860km
[Worker-6] 2.5I-S AWD CVT ...
[Worker-6] Automtica - Se...
[Worker-6] Gasolina
[Worker-6] Precio
[Worker-6] US$17,000
[Worker-6] Con Crdito Vehicular
[Worker-6] US$16,000
[Worker-6] Ver detalle
[Worker-6] Vehculo de: MIGUEL ANGEL VALLES
[Worker-6] Unico Dueo
[Worker-6] Jeep Compass 2024
[Worker-6] 16,500km
[Worker-6] LIMITED
[Worker-6] Automtica - Se...
[Worker-6] Gasolina
[Worker-6] Precio
[Worker-6] US$30,000
[Worker-6] Con Crdito Vehicular
[Worker-6] US$805/mes
[Worker-6] Ver detalle
[Worker-6] Vehculo de: Alberto Monroy
[Worker-6] Toyota Land Cruiser Prado 2018
[Worker-6] 83,000km
[Worker-6] 4.0 TX-L MT
[Worker-6] Mecnica
[Worker-6] Gasolina
[Worker-6] Precio
[Worker-6] US$38,000
[Worker-6] Con Crdito Vehicular
[Worker-6] US$37,000
[Worker-6] Ver detalle
[Worker-6] Vehculo de: Norman Corazao rozas
[Worker-6] Seminuevo
[Worker-6] Volvo Xc-40 2024
[Worker-6] 8,600km
[Worker-6] Automtica
[Worker-6] Elctrico
[Worker-6] Precio
[Worker-6] US$44,990
[Worker-6] Con Crdito Vehicular
[Worker-6] US$43,990
[Worker-6] Ver detalle
[Worker-6] Vehculo de: Axel Vazquez Nycander
[Worker-6] Seminuevos
[Worker-6] Autos
[Worker-6] Motos
[Worker-6] Camiones
[Worker-6] Usados
[Worker-6] Autos
[Worker-6] Motos
[Worker-6] Camiones
[Worker-6] Nuevos
[Worker-6] Autos
[Worker-6] Camiones
[Worker-6] Ayuda
[Worker-6] Trminos y condiciones
[Worker-6] Polticas de publicacin
[Worker-6] Cmo protegemos tus datos?
[Worker-6] Legales
[Worker-6] Sobre NeoAuto
[Worker-6] Noticias
[Worker-6] Tips y guas
[Worker-6] Ayuda en lnea
[Worker-6] 2024 NeoAuto Inc. Todos los derechos reservados
[Worker-6] Sguenos
[Worker-6] Descripcin: {"@context":"https://schema.org","@graph":[{"@type":"Organization","@id":"https://neoauto.com/#organ...
[Worker-6] nico dueo: S
[Worker-6] Datos guardados en: /home/richgutz/Scraper-Neoauto-ANTIGRAVITY/extractores/results_txt/diario_result_20260126_215326_6be3a5.txt
[Worker-2] Intento 2: Popup no encontrado
[Worker-3] Intento 1: Popup no encontrado
[Worker-4] Scroll INICIAL para activar contenido...
[Worker-1] Ttulo: Subaru Impreza Sport 2017
[Worker-1] Precio: S/ nan
[Worker-1] Kilometraje: inf km
[Worker-1] Ubicacin: Arranca tu ao sobre ruedas!
[Worker-1] Sbete a tu prximo seminuevo, el auto que mereces.
[Worker-1] Arranca tu ao sobre ruedas!
[Worker-1] Sbete a tu prximo seminuevo, el auto que mereces.
[Worker-1] Arranca tu ao sobre ruedas!
[Worker-1] Sbete a tu prximo seminuevo, el auto que mereces.
[Worker-1] Arranca tu ao sobre ruedas!
[Worker-1] Sbete a tu prximo seminuevo, el auto que mereces.
[Worker-1] Iniciar sesin
[Worker-1] Quiero vender
[Worker-1] Comprar
[Worker-1] Quiero vender
[Worker-1] Financiamiento
[Worker-1] Alquilar
[Worker-1] Nuevo
[Worker-1] Seguros
[Worker-1] Eventos
[Worker-1] Publicidad
[Worker-1] Ver fotos
[Worker-1] Autos usados
[Worker-1] Subaru
[Worker-1] Impreza Sport
[Worker-1] Subaru Impreza Sport 2017
[Worker-1] San Juan de Lurigancho, Lima, Lima
[Worker-1] Publicado hoy
[Worker-1] 22 vistas
[Worker-1] Reportar aviso
[Worker-1] Compartir
[Worker-1] Marcar como favorito
[Worker-1] Subaru Impreza Sport 2017
[Worker-1] Reportar aviso
[Worker-1] Compartir
[Worker-1] Marcar como favorito
[Worker-1] Ao modelo
[Worker-1] 2017
[Worker-1] Kilometraje
[Worker-1] 58,185 km
[Worker-1] Transmisin
[Worker-1] Automtica
[Worker-1] Descripcin
[Worker-1] Auto en excelente estado, solo 58 mil km, automtico, paddle Shift, equipo touch, cmara de retro,
[Worker-1] Te recomendamos:
[Worker-1] 
[Worker-1] Te toca renovar tu SOAT?
[Worker-1] 
[Worker-1] Verifica el estado de tu SOAT aqu y evita multas.
[Worker-1] 
[Worker-1] Consultar SOAT
[Worker-1] 
[Worker-1] Alquila autos con Kinto Share
[Worker-1] 
[Worker-1] Que nada frene tus aventuras. Seguro,flexible y con garantia.
[Worker-1] 
[Worker-1] Ver ms
[Worker-1] 
[Worker-1] Blog & Noticias
[Worker-1] 
[Worker-1] Entrate de las ltimas novedades del sector automotriz.
[Worker-1] 
[Worker-1] Ver ms
[Worker-1] Especificaciones tcnicas
[Worker-1] Caractersticas
[Worker-1] Marca
[Worker-1] Subaru
[Worker-1] Modelo
[Worker-1] IMPREZA SPORT
[Worker-1] Versin
[Worker-1] 2.0I AWD CVT
[Worker-1] Ao de fabricacin
[Worker-1] 2016
[Worker-1] Categora
[Worker-1] Hatchback
[Worker-1] Combustible
[Worker-1] Gasolina
[Worker-1] Nmero de puertas
[Worker-1] 4
[Worker-1] Traccin
[Worker-1] 4x4
[Worker-1] Color
[Worker-1] Blanco nieve
[Worker-1] Nmero cilindros
[Worker-1] 2
[Worker-1] Cilindrada
[Worker-1] 2,000 cc
[Worker-1] Equipamiento
[Worker-1] Neblineros
[Worker-1] Aire Acondicionado
[Worker-1] Full Equipo
[Worker-1] Computadora de abordo
[Worker-1] Parlantes/Bajos
[Worker-1] Radio CD
[Worker-1] Radio MP3
[Worker-1] Exterior
[Worker-1] Aros de Aleacin
[Worker-1] Seguridad
[Worker-1] Airbag
[Worker-1] Lminas de Seguridad
[Worker-1] Frenos ABS
[Worker-1] Extras
[Worker-1] Climatizador
[Worker-1] Precios y costos
[Worker-1] 
[Worker-1] An no tenemos suficiente informacin para determinar un rango de precio para este vehculo.
[Worker-1] 
[Worker-1] Excelente
[Worker-1] Competitivo
[Worker-1] Premium
[Worker-1] 
[Worker-1] (*) Precio referencial
[Worker-1] 
[Worker-1] Cmo se calcula este rango?
[Worker-1] 
[Worker-1] Te toca renovar tu SOAT?
[Worker-1] 
[Worker-1] Verifica el estado de tu SOAT aqu y evita multas.
[Worker-1] 
[Worker-1] Consultar SOAT
[Worker-1] Precio
[Worker-1] US$12,000
[Worker-1] Dscto. por adquirir el Crdito Vehicular
[Worker-1] -US$1,000*
[Worker-1] *Aplica si financias tu auto con Santander Consumer
[Worker-1] Contctate con el anunciante
[Worker-1] Janin Perey Gonzales
[Worker-1] 937 225...
[Worker-1] Ms informacin
[Worker-1] Beneficios adicionales para ti:
[Worker-1] La mejor opcin
[Worker-1] Financia tu auto con Santander Consumer
[Worker-1] 
[Worker-1] Paga desde:
[Worker-1] US$11,000 o
[Worker-1] US$996/mes*
[Worker-1] Simular crdito
[Worker-1] 
[Worker-1] (*) Cuota mensual referencial. Calculada a 12 meses, 20% de inicial y TEA de 20.99%. No incluye seguro vehicular.
[Worker-1] 
[Worker-1] Solicita tu Prstamo Personal hasta de S/45,000
[Worker-1] Me interesa
[Worker-1] Seminuevos
[Worker-1] Autos
[Worker-1] Motos
[Worker-1] Camiones
[Worker-1] Usados
[Worker-1] Autos
[Worker-1] Motos
[Worker-1] Camiones
[Worker-1] Nuevos
[Worker-1] Autos
[Worker-1] Camiones
[Worker-1] Ayuda
[Worker-1] Trminos y condiciones
[Worker-1] Polticas de publicacin
[Worker-1] Cmo protegemos tus datos?
[Worker-1] Legales
[Worker-1] Sobre NeoAuto
[Worker-1] Noticias
[Worker-1] Tips y guas
[Worker-1] Ayuda en lnea
[Worker-1] 2024 NeoAuto Inc. Todos los derechos reservados
[Worker-1] Sguenos
[Worker-1] Descripcin: {"@context":"https://schema.org","@graph":[{"@type":"Organization","@id":"https://neoauto.com/#organ...
[Worker-1] nico dueo: No
[Worker-1] Datos guardados en: /home/richgutz/Scraper-Neoauto-ANTIGRAVITY/extractores/results_txt/diario_result_20260126_215328_b4b198.txt
[Worker-6] URL obtenida y bloqueada desde urls_autos_diarios: https://neoauto.com/auto/usado/mazda-cx-9-2018-1863509
[Worker-6] 
[Worker-6] Iniciando extraccin para: https://neoauto.com/auto/usado/mazda-cx-9-2018-1863509
[Worker-6] Iniciando navegacin...
[Worker-6] Marca extrada: 'mazda'
[Worker-6] Camino elegido (4 pasos).
[Worker-6] Paso 1/4: Pgina Principal...
[Worker-2] Intento 3: Popup no encontrado
[Worker-3] Intento 2: Popup no encontrado
[Worker-6] Navegacin rpida (sin acciones)
[Worker-6] Paso 2/4: Categora 'Usados'...
[Worker-2] No se pudo cerrar el popup de satisfaccin
[Worker-2] Popups manejados POST-scroll
[Worker-2] Scroll adicional de confirmacin...
[Worker-6] Navegacin rpida (sin acciones)
[Worker-6] Paso 3/4: Filtro por Marca 'MAZDA'...
[Worker-5] No apareci popup de cookies
[Worker-1] URL obtenida y bloqueada desde urls_autos_diarios: https://neoauto.com/auto/usado/nissan-x-trail-2015-1863583
[Worker-1] 
[Worker-1] Iniciando extraccin para: https://neoauto.com/auto/usado/nissan-x-trail-2015-1863583
[Worker-1] Iniciando navegacin...
[Worker-1] Marca extrada: 'nissan'
[Worker-1] Camino elegido (4 pasos).
[Worker-1] Paso 1/4: Pgina Principal...
[Worker-1] Navegacin rpida (sin acciones)
[Worker-1] Paso 2/4: Categora 'Usados'...
[Worker-5] Intento 1: Page.click: Timeout 1000ms exceeded.
[Worker-5] Call log:
[Worker-5] - waiting for locator("button[class*='close']").locator("svg").locator("xpath=./ancestor::button")
[Worker-5] 
[Worker-2] Ttulo: Bmw X2 20i 2018
[Worker-2] Precio: S/ nan
[Worker-2] Kilometraje: inf km
[Worker-2] Ubicacin: Arranca tu ao sobre ruedas!
[Worker-2] Sbete a tu prximo seminuevo, el auto que mereces.
[Worker-2] Arranca tu ao sobre ruedas!
[Worker-2] Sbete a tu prximo seminuevo, el auto que mereces.
[Worker-2] Arranca tu ao sobre ruedas!
[Worker-2] Sbete a tu prximo seminuevo, el auto que mereces.
[Worker-2] Arranca tu ao sobre ruedas!
[Worker-2] Sbete a tu prximo seminuevo, el auto que mereces.
[Worker-2] Iniciar sesin
[Worker-2] Quiero vender
[Worker-2] Comprar
[Worker-2] Quiero vender
[Worker-2] Financiamiento
[Worker-2] Alquilar
[Worker-2] Nuevo
[Worker-2] Seguros
[Worker-2] Eventos
[Worker-2] Publicidad
[Worker-2] Ver fotos
[Worker-2] Autos usados
[Worker-2] Bmw
[Worker-2] X2 20i
[Worker-2] Bmw X2 20i 2018
[Worker-2] San Isidro, Lima, Lima
[Worker-2] Publicado hoy
[Worker-2] 4 vistas
[Worker-2] Reportar aviso
[Worker-2] Compartir
[Worker-2] Marcar como favorito
[Worker-2] Bmw X2 20i 2018
[Worker-2] Reportar aviso
[Worker-2] Compartir
[Worker-2] Marcar como favorito
[Worker-2] Ao modelo
[Worker-2] 2018
[Worker-2] Kilometraje
[Worker-2] 63,750 km
[Worker-2] Transmisin
[Worker-2] Automtica - Secuencial
[Worker-2] Descripcin
[Worker-2] BMW X2 sDrive 2.0i  Full equipo | Deportivo | Oportunidad
[Worker-2] 
[Worker-2] BMW X2 [****]8, versin sDrive 2.0i, 63,750 km reales.
[Worker-2] Automtico secuencial con paddle shift, conduccin deportiva real.
[Worker-2] Sunroof elctrico. Diseo moderno, presencia premium y ADN BMW.
[Worker-2] ...
[Worker-2] Seguir leyendo
[Worker-2] Te recomendamos:
[Worker-2] 
[Worker-2] Te toca renovar tu SOAT?
[Worker-2] 
[Worker-2] Verifica el estado de tu SOAT aqu y evita multas.
[Worker-2] 
[Worker-2] Consultar SOAT
[Worker-2] 
[Worker-2] Alquila autos con Kinto Share
[Worker-2] 
[Worker-2] Que nada frene tus aventuras. Seguro,flexible y con garantia.
[Worker-2] 
[Worker-2] Ver ms
[Worker-2] 
[Worker-2] Blog & Noticias
[Worker-2] 
[Worker-2] Entrate de las ltimas novedades del sector automotriz.
[Worker-2] 
[Worker-2] Ver ms
[Worker-2] Especificaciones tcnicas
[Worker-2] Caractersticas
[Worker-2] Marca
[Worker-2] Bmw
[Worker-2] Modelo
[Worker-2] X2 20i
[Worker-2] Versin
[Worker-2] SDRIVE
[Worker-2] Ao de fabricacin
[Worker-2] 2017
[Worker-2] Categora
[Worker-2] Camioneta
[Worker-2] Combustible
[Worker-2] Gasolina
[Worker-2] Nmero de puertas
[Worker-2] 5
[Worker-2] Traccin
[Worker-2] 4x2
[Worker-2] Color
[Worker-2] Gris Oscuro
[Worker-2] Cilindrada
[Worker-2] 2,000 cc
[Worker-2] Equipamiento
[Worker-2] Retrovisores Elctricos
[Worker-2] Neblineros
[Worker-2] Aire Acondicionado
[Worker-2] Full Equipo
[Worker-2] Computadora de abordo
[Worker-2] Radio CD
[Worker-2] Radio MP3
[Worker-2] Exterior
[Worker-2] Aros de Aleacin
[Worker-2] Seguridad
[Worker-2] Airbag
[Worker-2] Lminas de Seguridad
[Worker-2] Extras
[Worker-2] Sunroof
[Worker-2] Asientos de cuero
[Worker-2] Climatizador
[Worker-2] Precios y costos
[Worker-2] 
[Worker-2] An no tenemos suficiente informacin para determinar un rango de precio para este vehculo.
[Worker-2] 
[Worker-2] Excelente
[Worker-2] Competitivo
[Worker-2] Premium
[Worker-2] 
[Worker-2] (*) Precio referencial
[Worker-2] 
[Worker-2] Cmo se calcula este rango?
[Worker-2] 
[Worker-2] Te toca renovar tu SOAT?
[Worker-2] 
[Worker-2] Verifica el estado de tu SOAT aqu y evita multas.
[Worker-2] 
[Worker-2] Consultar SOAT
[Worker-2] Precio
[Worker-2] US$24,900
[Worker-2] Dscto. por adquirir el Crdito Vehicular
[Worker-2] -US$1,000*
[Worker-2] *Aplica si financias tu auto con Santander Consumer
[Worker-2] Contctate con el anunciante
[Worker-2] Hernan Molina
[Worker-2] 959 762...
[Worker-2] Ms informacin
[Worker-2] Beneficios adicionales para ti:
[Worker-2] La mejor opcin
[Worker-2] Financia tu auto con Santander Consumer
[Worker-2] 
[Worker-2] Paga desde:
[Worker-2] US$23,900 o
[Worker-2] US$1,177/mes*
[Worker-2] Simular crdito
[Worker-2] 
[Worker-2] (*) Cuota mensual referencial. Calculada a 24 meses, 20% de inicial y TEA de 20.99%. No incluye seguro vehicular.
[Worker-2] 
[Worker-2] Solicita tu Prstamo Personal hasta de S/45,000
[Worker-2] Me interesa
[Worker-2] Seminuevos
[Worker-2] Autos
[Worker-2] Motos
[Worker-2] Camiones
[Worker-2] Usados
[Worker-2] Autos
[Worker-2] Motos
[Worker-2] Camiones
[Worker-2] Nuevos
[Worker-2] Autos
[Worker-2] Camiones
[Worker-2] Ayuda
[Worker-2] Trminos y condiciones
[Worker-2] Polticas de publicacin
[Worker-2] Cmo protegemos tus datos?
[Worker-2] Legales
[Worker-2] Sobre NeoAuto
[Worker-2] Noticias
[Worker-2] Tips y guas
[Worker-2] Ayuda en lnea
[Worker-2] 2024 NeoAuto Inc. Todos los derechos reservados
[Worker-2] Sguenos
[Worker-2] Descripcin: {"@context":"https://schema.org","@graph":[{"@type":"Organization","@id":"https://neoauto.com/#organ...
[Worker-2] nico dueo: No
[Worker-2] Datos guardados en: /home/richgutz/Scraper-Neoauto-ANTIGRAVITY/extractores/results_txt/diario_result_20260126_215335_699fbf.txt
[Worker-6] Navegacin rpida (sin acciones)
[Worker-6] Paso 4/4: URL Final...
[Worker-1] Navegacin rpida (sin acciones)
[Worker-1] Paso 3/4: Filtro por Marca 'NISSAN'...
[Worker-3] Intento 3: Popup no encontrado
[Worker-6] Scroll INICIAL para activar contenido...
[Worker-5] Intento 2: Page.click: Timeout 1000ms exceeded.
[Worker-5] Call log:
[Worker-5] - waiting for locator("button[class*='close']").locator("svg").locator("xpath=./ancestor::button")
[Worker-5] 
[Worker-1] Navegacin rpida (sin acciones)
[Worker-1] Paso 4/4: URL Final...
[Worker-3] No se pudo cerrar el popup de satisfaccin
[Worker-3] Popups manejados POST-scroll
[Worker-3] Scroll adicional de confirmacin...
[Worker-2] URL obtenida y bloqueada desde urls_autos_diarios: https://neoauto.com/auto/usado/volkswagen-nivus-2022-1863543
[Worker-2] 
[Worker-2] Iniciando extraccin para: https://neoauto.com/auto/usado/volkswagen-nivus-2022-1863543
[Worker-2] Iniciando navegacin...
[Worker-2] Marca extrada: 'volkswagen'
[Worker-2] Camino elegido (4 pasos).
[Worker-2] Paso 1/4: Pgina Principal...
[Worker-1] Scroll INICIAL para activar contenido...
[Worker-4] No apareci popup de cookies
[Worker-2] Navegacin rpida (sin acciones)
[Worker-2] Paso 2/4: Categora 'Usados'...
[Worker-3] Ttulo: Hyundai Creta 2019
[Worker-3] Precio: S/ nan
[Worker-3] Kilometraje: inf km
[Worker-3] Ubicacin: Arranca tu ao sobre ruedas!
[Worker-3] Sbete a tu prximo seminuevo, el auto que mereces.
[Worker-3] Arranca tu ao sobre ruedas!
[Worker-3] Sbete a tu prximo seminuevo, el auto que mereces.
[Worker-3] Arranca tu ao sobre ruedas!
[Worker-3] Sbete a tu prximo seminuevo, el auto que mereces.
[Worker-3] Arranca tu ao sobre ruedas!
[Worker-3] Sbete a tu prximo seminuevo, el auto que mereces.
[Worker-3] Iniciar sesin
[Worker-3] Quiero vender
[Worker-3] Comprar
[Worker-3] Quiero vender
[Worker-3] Financiamiento
[Worker-3] Alquilar
[Worker-3] Nuevo
[Worker-3] Seguros
[Worker-3] Eventos
[Worker-3] Publicidad
[Worker-3] Ver fotos
[Worker-3] Autos usados
[Worker-3] Hyundai
[Worker-3] Creta
[Worker-3] Hyundai Creta 2019
[Worker-3] Lima, Lima, Lima
[Worker-3] Publicado ayer
[Worker-3] 933 vistas
[Worker-3] Reportar aviso
[Worker-3] Compartir
[Worker-3] Marcar como favorito
[Worker-3] Hyundai Creta 2019
[Worker-3] Reportar aviso
[Worker-3] Compartir
[Worker-3] Marcar como favorito
[Worker-3] Ao modelo
[Worker-3] 2019
[Worker-3] Kilometraje
[Worker-3] 55 km
[Worker-3] Transmisin
[Worker-3] Automtica
[Worker-3] Descripcin
[Worker-3] Venta de unidades por renovacion de flotilla por inicio de ao, Uso gerencial, Coorporativo y presidencial, Soat vigente, Revision tecnica al dia, Cero papeletas, impuestos pagados, libre de gravamenes y prendas, Mantenimientos hechos en su concesion...
[Worker-3] Seguir leyendo
[Worker-3] Te recomendamos:
[Worker-3] 
[Worker-3] Te toca renovar tu SOAT?
[Worker-3] 
[Worker-3] Verifica el estado de tu SOAT aqu y evita multas.
[Worker-3] 
[Worker-3] Consultar SOAT
[Worker-3] 
[Worker-3] Alquila autos con Kinto Share
[Worker-3] 
[Worker-3] Que nada frene tus aventuras. Seguro,flexible y con garantia.
[Worker-3] 
[Worker-3] Ver ms
[Worker-3] 
[Worker-3] Blog & Noticias
[Worker-3] 
[Worker-3] Entrate de las ltimas novedades del sector automotriz.
[Worker-3] 
[Worker-3] Ver ms
[Worker-3] Especificaciones tcnicas
[Worker-3] Caractersticas
[Worker-3] Marca
[Worker-3] Hyundai
[Worker-3] Modelo
[Worker-3] CRETA
[Worker-3] Ao de fabricacin
[Worker-3] 2019
[Worker-3] Categora
[Worker-3] Camioneta
[Worker-3] Combustible
[Worker-3] Gasolina
[Worker-3] Precios y costos
[Worker-3] 
[Worker-3] An no tenemos suficiente informacin para determinar un rango de precio para este vehculo.
[Worker-3] 
[Worker-3] Excelente
[Worker-3] Competitivo
[Worker-3] Premium
[Worker-3] 
[Worker-3] (*) Precio referencial
[Worker-3] 
[Worker-3] Cmo se calcula este rango?
[Worker-3] 
[Worker-3] Te toca renovar tu SOAT?
[Worker-3] 
[Worker-3] Verifica el estado de tu SOAT aqu y evita multas.
[Worker-3] 
[Worker-3] Consultar SOAT
[Worker-3] Precio
[Worker-3] US$9,800
[Worker-3] Contctate con el anunciante
[Worker-3] Wtyryre Antonio Rfgrtyreyry
[Worker-3] 929 000...
[Worker-3] Ms informacin
[Worker-3] Beneficios adicionales para ti:
[Worker-3] La mejor opcin
[Worker-3] Financia tu auto con Santander Consumer
[Worker-3] 
[Worker-3] Paga desde:
[Worker-3] US$358/mes*
[Worker-3] Simular crdito
[Worker-3] 
[Worker-3] (*) Cuota mensual referencial. Calculada a 36 meses, 20% de inicial y TEA de 20.99%. No incluye seguro vehicular.
[Worker-3] 
[Worker-3] Solicita tu Prstamo Personal hasta de S/45,000
[Worker-3] Me interesa
[Worker-3] Vehculos similares
[Worker-3] Ver todos los vehculos
[Worker-3] Auto verificado
[Worker-3] Hyundai Creta 2023
[Worker-3] 63,000km
[Worker-3] GL
[Worker-3] Mecnica
[Worker-3] Gasolina
[Worker-3] Precio
[Worker-3] US$18,500
[Worker-3] Con Crdito Vehicular
[Worker-3] US$17,500
[Worker-3] Ver detalle
[Worker-3] Vehculo de: Edgardo Zavaleta
[Worker-3] Unico Dueo
[Worker-3] Hyundai Santa Fe 2011
[Worker-3] 123,000km
[Worker-3] GL 7S 2.4 4WD A...
[Worker-3] Automtica - Se...
[Worker-3] Gasolina
[Worker-3] Precio
[Worker-3] US$13,000
[Worker-3] Ver detalle
[Worker-3] Vehculo de: Andrea Hablutzel
[Worker-3] Ocasin
[Worker-3] Hyundai Tucson 2008
[Worker-3] 153,981km
[Worker-3] GL 4WD MT
[Worker-3] Mecnica
[Worker-3] Gasolina
[Worker-3] Precio
[Worker-3] US$9,000
[Worker-3] Ver detalle
[Worker-3] Vehculo de: Lucia Cok
[Worker-3] Honda Wr-V 2019
[Worker-3] 79,982km
[Worker-3] EX CVT
[Worker-3] Mecnica
[Worker-3] Gasolina
[Worker-3] Precio
[Worker-3] US$13,500
[Worker-3] Con Crdito Vehicular
[Worker-3] US$12,500
[Worker-3] Ver detalle
[Worker-3] Vehculo de: pedro bloombergg
[Worker-3] Bmw X5 2014
[Worker-3] 96,041km
[Worker-3] 3.0 XDRIVE 35I ...
[Worker-3] Automtica
[Worker-3] Gasolina
[Worker-3] Precio
[Worker-3] US$23,500
[Worker-3] Con Crdito Vehicular
[Worker-3] US$22,500
[Worker-3] Ver detalle
[Worker-3] Vehculo de: Alessandra Suarez
[Worker-3] Unico Dueo
[Worker-3] Peugeot 2008 2023
[Worker-3] 45,000km
[Worker-3] ACTIVE 1.2 PURE...
[Worker-3] Mecnica
[Worker-3] Gasolina
[Worker-3] Precio
[Worker-3] US$15,990
[Worker-3] Con Crdito Vehicular
[Worker-3] US$14,990
[Worker-3] Ver detalle
[Worker-3] Vehculo de: Gian Camacho
[Worker-3] Honda Wr-V 2019
[Worker-3] 40,300km
[Worker-3] Mecnica
[Worker-3] Gasolina
[Worker-3] Precio
[Worker-3] US$14,000
[Worker-3] Con Crdito Vehicular
[Worker-3] US$507/mes
[Worker-3] Ver detalle
[Worker-3] Vehculo de: Heydin Retegui
[Worker-3] De lujo
[Worker-3] Bmw X1 18i 2021
[Worker-3] 50,000km
[Worker-3] Automtica - Se...
[Worker-3] Gasolina
[Worker-3] Precio
[Worker-3] US$25,990
[Worker-3] Con Crdito Vehicular
[Worker-3] US$24,990
[Worker-3] Ver detalle
[Worker-3] Vehculo de: Erick Jara
[Worker-3] Seminuevos
[Worker-3] Autos
[Worker-3] Motos
[Worker-3] Camiones
[Worker-3] Usados
[Worker-3] Autos
[Worker-3] Motos
[Worker-3] Camiones
[Worker-3] Nuevos
[Worker-3] Autos
[Worker-3] Camiones
[Worker-3] Ayuda
[Worker-3] Trminos y condiciones
[Worker-3] Polticas de publicacin
[Worker-3] Cmo protegemos tus datos?
[Worker-3] Legales
[Worker-3] Sobre NeoAuto
[Worker-3] Noticias
[Worker-3] Tips y guas
[Worker-3] Ayuda en lnea
[Worker-3] 2024 NeoAuto Inc. Todos los derechos reservados
[Worker-3] Sguenos
[Worker-3] Descripcin: {"@context":"https://schema.org","@graph":[{"@type":"Organization","@id":"https://neoauto.com/#organ...
[Worker-3] nico dueo: S
[Worker-3] Datos guardados en: /home/richgutz/Scraper-Neoauto-ANTIGRAVITY/extractores/results_txt/diario_result_20260126_215340_c82422.txt
[Worker-4] Intento 1: Page.click: Timeout 1000ms exceeded.
[Worker-4] Call log:
[Worker-4] - waiting for locator("button[class*='close']").locator("svg").locator("xpath=./ancestor::button")
[Worker-4] 
[Worker-2] Navegacin rpida (sin acciones)
[Worker-2] Paso 3/4: Filtro por Marca 'VOLKSWAGEN'...
[Worker-4] Intento 2: Page.click: Timeout 1000ms exceeded.
[Worker-4] Call log:
[Worker-4] - waiting for locator("button[class*='close']").locator("svg").locator("xpath=./ancestor::button")
[Worker-4] 
[Worker-3] URL obtenida y bloqueada desde urls_autos_diarios: https://neoauto.com/auto/usado/jeep-grand-cherokee-2015-1863465
[Worker-3] 
[Worker-3] Iniciando extraccin para: https://neoauto.com/auto/usado/jeep-grand-cherokee-2015-1863465
[Worker-3] Iniciando navegacin...
[Worker-3] Marca extrada: 'jeep'
[Worker-3] Camino elegido (4 pasos).
[Worker-3] Paso 1/4: Pgina Principal...
[Worker-3] Navegacin rpida (sin acciones)
[Worker-3] Paso 2/4: Categora 'Usados'...
[Worker-2] Navegacin rpida (sin acciones)
[Worker-2] Paso 4/4: URL Final...
[Worker-3] Navegacin rpida (sin acciones)
[Worker-3] Paso 3/4: Filtro por Marca 'JEEP'...
[Worker-2] Scroll INICIAL para activar contenido...
[Worker-3] Navegacin rpida (sin acciones)
[Worker-3] Paso 4/4: URL Final...
[Worker-3] Scroll INICIAL para activar contenido...
[Worker-6] No apareci popup de cookies
[Worker-6] Intento 1: Page.click: Timeout 1000ms exceeded.
[Worker-6] Call log:
[Worker-6] - waiting for locator("button[class*='close']").locator("svg").locator("xpath=./ancestor::button")
[Worker-6] 
[Worker-6] Intento 2: Page.click: Timeout 1000ms exceeded.
[Worker-6] Call log:
[Worker-6] - waiting for locator("button[class*='close']").locator("svg").locator("xpath=./ancestor::button")
[Worker-6] 
[Worker-1] No apareci popup de cookies
[Worker-1] Intento 1: Page.click: Timeout 1000ms exceeded.
[Worker-1] Call log:
[Worker-1] - waiting for locator("button[class*='close']").locator("svg").locator("xpath=./ancestor::button")
[Worker-1] 
[Worker-5] Intento 1: Popup no encontrado
[Worker-1] Intento 2: Page.click: Timeout 1000ms exceeded.
[Worker-1] Call log:
[Worker-1] - waiting for locator("button[class*='close']").locator("svg").locator("xpath=./ancestor::button")
[Worker-1] 
[Worker-2] No apareci popup de cookies
[Worker-2] Intento 1: Page.click: Timeout 1000ms exceeded.
[Worker-2] Call log:
[Worker-2] - waiting for locator("button[class*='close']").locator("svg").locator("xpath=./ancestor::button")
[Worker-2] 
[Worker-3] No apareci popup de cookies
[Worker-5] Intento 2: Popup no encontrado
[Worker-4] Intento 1: Popup no encontrado
[Worker-3] Intento 1: Page.click: Timeout 1000ms exceeded.
[Worker-3] Call log:
[Worker-3] - waiting for locator("button[class*='close']").locator("svg").locator("xpath=./ancestor::button")
[Worker-3] 
[Worker-2] Intento 2: Page.click: Timeout 1000ms exceeded.
[Worker-2] Call log:
[Worker-2] - waiting for locator("button[class*='close']").locator("svg").locator("xpath=./ancestor::button")
[Worker-2] 
[Worker-3] Intento 2: Page.click: Timeout 1000ms exceeded.
[Worker-3] Call log:
[Worker-3] - waiting for locator("button[class*='close']").locator("svg").locator("xpath=./ancestor::button")
[Worker-3] 
[Worker-5] Intento 3: Popup no encontrado
[Worker-4] Intento 2: Popup no encontrado
[Worker-5] No se pudo cerrar el popup de satisfaccin
[Worker-5] Popups manejados POST-scroll
[Worker-5] Scroll adicional de confirmacin...
[Worker-5] Ttulo: Kia Cerato 2014
[Worker-5] Precio: S/ nan
[Worker-5] Kilometraje: inf km
[Worker-5] Ubicacin: Arranca tu ao sobre ruedas!
[Worker-5] Sbete a tu prximo seminuevo, el auto que mereces.
[Worker-5] Arranca tu ao sobre ruedas!
[Worker-5] Sbete a tu prximo seminuevo, el auto que mereces.
[Worker-5] Arranca tu ao sobre ruedas!
[Worker-5] Sbete a tu prximo seminuevo, el auto que mereces.
[Worker-5] Arranca tu ao sobre ruedas!
[Worker-5] Sbete a tu prximo seminuevo, el auto que mereces.
[Worker-5] Iniciar sesin
[Worker-5] Quiero vender
[Worker-5] Comprar
[Worker-5] Quiero vender
[Worker-5] Financiamiento
[Worker-5] Alquilar
[Worker-5] Nuevo
[Worker-5] Seguros
[Worker-5] Eventos
[Worker-5] Publicidad
[Worker-5] Ver fotos
[Worker-5] Autos usados
[Worker-5] Kia
[Worker-5] Cerato
[Worker-5] Kia Cerato 2014
[Worker-5] La Molina, Lima, Lima
[Worker-5] Publicado hoy
[Worker-5] 58 vistas
[Worker-5] Reportar aviso
[Worker-5] Compartir
[Worker-5] Marcar como favorito
[Worker-5] Kia Cerato 2014
[Worker-5] Reportar aviso
[Worker-5] Compartir
[Worker-5] Marcar como favorito
[Worker-5] Ao modelo
[Worker-5] 2014
[Worker-5] Kilometraje
[Worker-5] 91,200 km
[Worker-5] Transmisin
[Worker-5] Mecnica
[Worker-5] Descripcin
[Worker-5] Auto en excelente estado, nico dueo, full equipo, lunas y pestillos elctricos, poco recorrido en kilometraje. Todos los mantenimientos en el concesionario de la marca. Se vende por viaje.
[Worker-5] Te recomendamos:
[Worker-5] 
[Worker-5] Te toca renovar tu SOAT?
[Worker-5] 
[Worker-5] Verifica el estado de tu SOAT aqu y evita multas.
[Worker-5] 
[Worker-5] Consultar SOAT
[Worker-5] 
[Worker-5] Alquila autos con Kinto Share
[Worker-5] 
[Worker-5] Que nada frene tus aventuras. Seguro,flexible y con garantia.
[Worker-5] 
[Worker-5] Ver ms
[Worker-5] 
[Worker-5] Blog & Noticias
[Worker-5] 
[Worker-5] Entrate de las ltimas novedades del sector automotriz.
[Worker-5] 
[Worker-5] Ver ms
[Worker-5] Especificaciones tcnicas
[Worker-5] Caractersticas
[Worker-5] Marca
[Worker-5] Kia
[Worker-5] Modelo
[Worker-5] CERATO
[Worker-5] Ao de fabricacin
[Worker-5] 2014
[Worker-5] Categora
[Worker-5] Sedn
[Worker-5] Combustible
[Worker-5] Gasolina
[Worker-5] Precios y costos
[Worker-5] 
[Worker-5] Este aviso
[Worker-5] 
[Worker-5] US$10,000
[Worker-5] 
[Worker-5] Precio de mercado
[Worker-5] 
[Worker-5] US$10,700*
[Worker-5] 
[Worker-5] Excelente
[Worker-5] Competitivo
[Worker-5] Premium
[Worker-5] 
[Worker-5] (*) Precio referencial
[Worker-5] 
[Worker-5] Cmo se calcula este rango?
[Worker-5] 
[Worker-5] Te toca renovar tu SOAT?
[Worker-5] 
[Worker-5] Verifica el estado de tu SOAT aqu y evita multas.
[Worker-5] 
[Worker-5] Consultar SOAT
[Worker-5] Precio
[Worker-5] US$10,000
[Worker-5] Dscto. por adquirir el Crdito Vehicular
[Worker-5] -US$1,000*
[Worker-5] *Aplica si financias tu auto con Santander Consumer
[Worker-5] Contctate con el anunciante
[Worker-5] Maria Leonor Murguia Elias De Roncal
[Worker-5] 946 170...
[Worker-5] Ms informacin
[Worker-5] Beneficios adicionales para ti:
[Worker-5] La mejor opcin
[Worker-5] Financia tu auto con Santander Consumer
[Worker-5] 
[Worker-5] Paga desde:
[Worker-5] US$9,000 o
[Worker-5] US$834/mes*
[Worker-5] Simular crdito
[Worker-5] 
[Worker-5] (*) Cuota mensual referencial. Calculada a 12 meses, 20% de inicial y TEA de 20.99%. No incluye seguro vehicular.
[Worker-5] 
[Worker-5] Solicita tu Prstamo Personal hasta de S/45,000
[Worker-5] Me interesa
[Worker-5] Vehculos similares
[Worker-5] Ver todos los vehculos
[Worker-5] Unico Dueo
[Worker-5] Kia Soluto 2024
[Worker-5] 34,450km
[Worker-5] LX-PLUS
[Worker-5] Mecnica
[Worker-5] Dual
[Worker-5] Precio
[Worker-5] US$12,000
[Worker-5] Con Crdito Vehicular
[Worker-5] US$328/mes
[Worker-5] Ver detalle
[Worker-5] Vehculo de: LUIS ENRIQUE ARIAS RAMIREZ
[Worker-5] Toyota Corolla 2015
[Worker-5] 75,000km
[Worker-5] Automtica
[Worker-5] Gasolina
[Worker-5] Precio
[Worker-5] US$13,000
[Worker-5] Con Crdito Vehicular
[Worker-5] US$12,000
[Worker-5] Ver detalle
[Worker-5] Vehculo de: Walter Carhuas
[Worker-5] Premium
[Worker-5] Toyota Camry 2008
[Worker-5] 175,000km
[Worker-5] GX 3.5 A/T
[Worker-5] Automtica - Se...
[Worker-5] Gasolina
[Worker-5] Precio
[Worker-5] US$8,171
[Worker-5] Ver detalle
[Worker-5] Vehculo de: Luis Seminario Molina
[Worker-5] Mazda 2 2021
[Worker-5] 72,000km
[Worker-5] Automtica
[Worker-5] Gasolina
[Worker-5] Precio
[Worker-5] US$13,000
[Worker-5] Con Crdito Vehicular
[Worker-5] US$12,000
[Worker-5] Ver detalle
[Worker-5] Vehculo de: Jorge Andujar
[Worker-5] Toyota Camry 1994
[Worker-5] 355,540km
[Worker-5] Automtica
[Worker-5] Diesel
[Worker-5] Precio
[Worker-5] US$3,500
[Worker-5] Ver detalle
[Worker-5] Vehculo de: SN SN
[Worker-5] Nunca piques
[Worker-5] Subaru Impreza Wrx 2019
[Worker-5] 73,200km
[Worker-5] Mecnica
[Worker-5] Gasolina
[Worker-5] Precio
[Worker-5] US$22,000
[Worker-5] Con Crdito Vehicular
[Worker-5] US$21,000
[Worker-5] Ver detalle
[Worker-5] Vehculo de: Felipe Ramos
[Worker-5] Mercedes Benz 200 2008
[Worker-5] 123,000km
[Worker-5] Automtica - Se...
[Worker-5] Gasolina
[Worker-5] Precio
[Worker-5] US$8,900
[Worker-5] Ver detalle
[Worker-5] Vehculo de: Andry Uribe Gaona
[Worker-5] Toyota Avensis 2017
[Worker-5] 83,000km
[Worker-5] 2.0 A/T
[Worker-5] Automtica - Se...
[Worker-5] Gasolina
[Worker-5] Precio
[Worker-5] US$14,800
[Worker-5] Con Crdito Vehicular
[Worker-5] US$1,224/mes
[Worker-5] Ver detalle
[Worker-5] Vehculo de: Brian Morris
[Worker-5] Seminuevos
[Worker-5] Autos
[Worker-5] Motos
[Worker-5] Camiones
[Worker-5] Usados
[Worker-5] Autos
[Worker-5] Motos
[Worker-5] Camiones
[Worker-5] Nuevos
[Worker-5] Autos
[Worker-5] Camiones
[Worker-5] Ayuda
[Worker-5] Trminos y condiciones
[Worker-5] Polticas de publicacin
[Worker-5] Cmo protegemos tus datos?
[Worker-5] Legales
[Worker-5] Sobre NeoAuto
[Worker-5] Noticias
[Worker-5] Tips y guas
[Worker-5] Ayuda en lnea
[Worker-5] 2024 NeoAuto Inc. Todos los derechos reservados
[Worker-5] Sguenos
[Worker-5] Descripcin: {"@context":"https://schema.org","@graph":[{"@type":"Organization","@id":"https://neoauto.com/#organ...
[Worker-5] nico dueo: S
[Worker-5] Datos guardados en: /home/richgutz/Scraper-Neoauto-ANTIGRAVITY/extractores/results_txt/diario_result_20260126_215409_af085b.txt
[Worker-4] Intento 3: Popup no encontrado
[Worker-6] Intento 1: Popup no encontrado
[Worker-4] No se pudo cerrar el popup de satisfaccin
[Worker-4] Popups manejados POST-scroll
[Worker-4] Scroll adicional de confirmacin...
[Worker-5] URL obtenida y bloqueada desde urls_autos_diarios: https://neoauto.com/auto/usado/hyundai-i30-2021-1863475
[Worker-5] 
[Worker-5] Iniciando extraccin para: https://neoauto.com/auto/usado/hyundai-i30-2021-1863475
[Worker-5] Iniciando navegacin...
[Worker-5] Marca extrada: 'hyundai'
[Worker-5] Camino elegido (4 pasos).
[Worker-5] Paso 1/4: Pgina Principal...
[Worker-5] Navegacin rpida (sin acciones)
[Worker-5] Paso 2/4: Categora 'Usados'...
[Worker-4] Ttulo: Hyundai Accent 2024
[Worker-5] Navegacin rpida (sin acciones)
[Worker-5] Paso 3/4: Filtro por Marca 'HYUNDAI'...
[Worker-4] Precio: S/ nan
[Worker-4] Kilometraje: inf km
[Worker-1] Intento 1: Popup no encontrado
[Worker-4] Ubicacin: Arranca tu ao sobre ruedas!
[Worker-4] Sbete a tu prximo seminuevo, el auto que mereces.
[Worker-4] Arranca tu ao sobre ruedas!
[Worker-4] Sbete a tu prximo seminuevo, el auto que mereces.
[Worker-4] Arranca tu ao sobre ruedas!
[Worker-4] Sbete a tu prximo seminuevo, el auto que mereces.
[Worker-4] Arranca tu ao sobre ruedas!
[Worker-4] Sbete a tu prximo seminuevo, el auto que mereces.
[Worker-4] Iniciar sesin
[Worker-4] Quiero vender
[Worker-4] Comprar
[Worker-4] Quiero vender
[Worker-4] Financiamiento
[Worker-4] Alquilar
[Worker-4] Nuevo
[Worker-4] Seguros
[Worker-4] Eventos
[Worker-4] Publicidad
[Worker-4] Ver fotos
[Worker-4] Autos usados
[Worker-4] Hyundai
[Worker-4] Accent
[Worker-4] Hyundai Accent 2024
[Worker-4] Lima, Lima, Lima
[Worker-4] Publicado hoy
[Worker-4] 0 vistas
[Worker-4] Reportar aviso
[Worker-4] Compartir
[Worker-4] Marcar como favorito
[Worker-4] Hyundai Accent 2024
[Worker-4] Reportar aviso
[Worker-4] Compartir
[Worker-4] Marcar como favorito
[Worker-4] Ao modelo
[Worker-4] 2024
[Worker-4] Kilometraje
[Worker-4] 40,000 km
[Worker-4] Transmisin
[Worker-4] Automtica
[Worker-4] Descripcin
[Worker-4] Hyundai Accent 2024, Caja automatica Kilometraje 40,000, Gasolina y glp, Unico dueo, Sistema de sonido con bluetooth y pantalla tactil, Todos los mantenimientos al dia, Asientos de Tapizado en cuero, lunas polarizadas, aros de magnesio, faros neblin...
[Worker-4] Seguir leyendo
[Worker-4] Te recomendamos:
[Worker-4] 
[Worker-4] Te toca renovar tu SOAT?
[Worker-4] 
[Worker-4] Verifica el estado de tu SOAT aqu y evita multas.
[Worker-4] 
[Worker-4] Consultar SOAT
[Worker-4] 
[Worker-4] Alquila autos con Kinto Share
[Worker-4] 
[Worker-4] Que nada frene tus aventuras. Seguro,flexible y con garantia.
[Worker-4] 
[Worker-4] Ver ms
[Worker-4] 
[Worker-4] Blog & Noticias
[Worker-4] 
[Worker-4] Entrate de las ltimas novedades del sector automotriz.
[Worker-4] 
[Worker-4] Ver ms
[Worker-4] Especificaciones tcnicas
[Worker-4] Caractersticas
[Worker-4] Marca
[Worker-4] Hyundai
[Worker-4] Modelo
[Worker-4] ACCENT
[Worker-4] Ao de fabricacin
[Worker-4] 2024
[Worker-4] Categora
[Worker-4] Sedn
[Worker-4] Combustible
[Worker-4] Gas GLP
[Worker-4] Nmero de puertas
[Worker-4] 5
[Worker-4] Traccin
[Worker-4] Delantera
[Worker-4] Color
[Worker-4] Rojo
[Worker-4] Nmero cilindros
[Worker-4] 4
[Worker-4] Cilindrada
[Worker-4] 1,400 cc
[Worker-4] Equipamiento
[Worker-4] Neblineros
[Worker-4] Aire Acondicionado
[Worker-4] Computadora de abordo
[Worker-4] Parlantes/Bajos
[Worker-4] Radio MP3
[Worker-4] Exterior
[Worker-4] Aros de Aleacin
[Worker-4] Seguridad
[Worker-4] Airbag
[Worker-4] Lminas de Seguridad
[Worker-4] Faros antiniebla delantero
[Worker-4] Inmovilizador de motor
[Worker-4] Repartidor electrnico de frenado
[Worker-4] Frenos ABS
[Worker-4] Alarma
[Worker-4] Extras
[Worker-4] Asientos de cuero
[Worker-4] Precios y costos
[Worker-4] 
[Worker-4] An no tenemos suficiente informacin para determinar un rango de precio para este vehculo.
[Worker-4] 
[Worker-4] Excelente
[Worker-4] Competitivo
[Worker-4] Premium
[Worker-4] 
[Worker-4] (*) Precio referencial
[Worker-4] 
[Worker-4] Cmo se calcula este rango?
[Worker-4] 
[Worker-4] Te toca renovar tu SOAT?
[Worker-4] 
[Worker-4] Verifica el estado de tu SOAT aqu y evita multas.
[Worker-4] 
[Worker-4] Consultar SOAT
[Worker-4] Precio
[Worker-4] US$16,200
[Worker-4] Dscto. por adquirir el Crdito Vehicular
[Worker-4] -US$1,000*
[Worker-4] *Aplica si financias tu auto con Santander Consumer
[Worker-4] Contctate con el anunciante
[Worker-4] Christian Ninamango
[Worker-4] 962 326...
[Worker-4] Ms informacin
[Worker-4] Beneficios adicionales para ti:
[Worker-4] La mejor opcin
[Worker-4] Financia tu auto con Santander Consumer
[Worker-4] 
[Worker-4] Paga desde:
[Worker-4] US$15,200 o
[Worker-4] US$439/mes*
[Worker-4] Simular crdito
[Worker-4] 
[Worker-4] (*) Cuota mensual referencial. Calculada a 60 meses, 20% de inicial y TEA de 20.99%. No incluye seguro vehicular.
[Worker-4] 
[Worker-4] Solicita tu Prstamo Personal hasta de S/45,000
[Worker-4] Me interesa
[Worker-4] Seminuevos
[Worker-4] Autos
[Worker-4] Motos
[Worker-4] Camiones
[Worker-4] Usados
[Worker-4] Autos
[Worker-4] Motos
[Worker-4] Camiones
[Worker-4] Nuevos
[Worker-4] Autos
[Worker-4] Camiones
[Worker-4] Ayuda
[Worker-4] Trminos y condiciones
[Worker-4] Polticas de publicacin
[Worker-4] Cmo protegemos tus datos?
[Worker-4] Legales
[Worker-4] Sobre NeoAuto
[Worker-4] Noticias
[Worker-4] Tips y guas
[Worker-4] Ayuda en lnea
[Worker-4] 2024 NeoAuto Inc. Todos los derechos reservados
[Worker-4] Sguenos
[Worker-4] Descripcin: {"@context":"https://schema.org","@graph":[{"@type":"Organization","@id":"https://neoauto.com/#organ...
[Worker-4] nico dueo: S
[Worker-4] Datos guardados en: /home/richgutz/Scraper-Neoauto-ANTIGRAVITY/extractores/results_txt/diario_result_20260126_215415_c2ba4d.txt
[Worker-6] Intento 2: Popup no encontrado
[Worker-5] Navegacin rpida (sin acciones)
[Worker-5] Paso 4/4: URL Final...
[Worker-5] Scroll INICIAL para activar contenido...
[Worker-1] Intento 2: Popup no encontrado
[Worker-4] URL obtenida y bloqueada desde urls_autos_diarios: https://neoauto.com/auto/usado/mazda-3-2018-1863558
[Worker-4] 
[Worker-4] Iniciando extraccin para: https://neoauto.com/auto/usado/mazda-3-2018-1863558
[Worker-4] Iniciando navegacin...
[Worker-4] Marca extrada: 'mazda'
[Worker-4] Camino elegido (4 pasos).
[Worker-4] Paso 1/4: Pgina Principal...
[Worker-2] Intento 1: Popup no encontrado
[Worker-4] Navegacin rpida (sin acciones)
[Worker-4] Paso 2/4: Categora 'Usados'...
[Worker-6] Intento 3: Popup no encontrado
[Worker-4] Navegacin rpida (sin acciones)
[Worker-4] Paso 3/4: Filtro por Marca 'MAZDA'...
[Worker-6] No se pudo cerrar el popup de satisfaccin
[Worker-6] Popups manejados POST-scroll
[Worker-6] Scroll adicional de confirmacin...
[Worker-3] Intento 1: Popup no encontrado
[Worker-4] Navegacin rpida (sin acciones)
[Worker-4] Paso 4/4: URL Final...
[Worker-1] Intento 3: Popup no encontrado
[Worker-6] Ttulo: Mazda Cx-9 2018
[Worker-6] Precio: S/ nan
[Worker-6] Kilometraje: inf km
[Worker-6] Ubicacin: Arranca tu ao sobre ruedas!
[Worker-6] Sbete a tu prximo seminuevo, el auto que mereces.
[Worker-6] Arranca tu ao sobre ruedas!
[Worker-6] Sbete a tu prximo seminuevo, el auto que mereces.
[Worker-6] Arranca tu ao sobre ruedas!
[Worker-6] Sbete a tu prximo seminuevo, el auto que mereces.
[Worker-6] Arranca tu ao sobre ruedas!
[Worker-6] Sbete a tu prximo seminuevo, el auto que mereces.
[Worker-6] Iniciar sesin
[Worker-6] Quiero vender
[Worker-6] Comprar
[Worker-6] Quiero vender
[Worker-6] Financiamiento
[Worker-6] Alquilar
[Worker-6] Nuevo
[Worker-6] Seguros
[Worker-6] Eventos
[Worker-6] Publicidad
[Worker-6] Ver fotos
[Worker-6] Autos usados
[Worker-6] Mazda
[Worker-6] Cx-9
[Worker-6] Mazda Cx-9 2018
[Worker-6] San Borja, Lima, Lima
[Worker-6] Publicado hoy
[Worker-6] 10 vistas
[Worker-6] Reportar aviso
[Worker-6] Compartir
[Worker-6] Marcar como favorito
[Worker-6] Mazda Cx-9 2018
[Worker-6] Reportar aviso
[Worker-6] Compartir
[Worker-6] Marcar como favorito
[Worker-6] Ao modelo
[Worker-6] 2018
[Worker-6] Kilometraje
[Worker-6] 82,000 km
[Worker-6] Transmisin
[Worker-6] Automtica - Secuencial
[Worker-6] Descripcin
[Worker-6] Vendo mi Mazda CX-9 2018 por renovacin. Es el auto ideal para la familia: amplio, extremadamente seguro y con interiores de cuero que facilitan la limpieza y el confort. Con tecnologia Skyactive. Tiene 82,000 km, motor 2.5 Turbo. Unico dueo y sus m...
[Worker-6] Seguir leyendo
[Worker-6] Te recomendamos:
[Worker-6] 
[Worker-6] Te toca renovar tu SOAT?
[Worker-6] 
[Worker-6] Verifica el estado de tu SOAT aqu y evita multas.
[Worker-6] 
[Worker-6] Consultar SOAT
[Worker-6] 
[Worker-6] Alquila autos con Kinto Share
[Worker-6] 
[Worker-6] Que nada frene tus aventuras. Seguro,flexible y con garantia.
[Worker-6] 
[Worker-6] Ver ms
[Worker-6] 
[Worker-6] Blog & Noticias
[Worker-6] 
[Worker-6] Entrate de las ltimas novedades del sector automotriz.
[Worker-6] 
[Worker-6] Ver ms
[Worker-6] Especificaciones tcnicas
[Worker-6] Caractersticas
[Worker-6] Marca
[Worker-6] Mazda
[Worker-6] Modelo
[Worker-6] CX-9
[Worker-6] Versin
[Worker-6] AT 2.5T AWD GS CORE PE
[Worker-6] Versin
[Worker-6] AT 2.5T AWD GS CORE PE
[Worker-6] Ao de fabricacin
[Worker-6] 2018
[Worker-6] Categora
[Worker-6] Camioneta
[Worker-6] Combustible
[Worker-6] Gasolina
[Worker-6] Nmero de puertas
[Worker-6] 5
[Worker-6] Traccin
[Worker-6] 4WD
[Worker-6] Color
[Worker-6] Rojo
[Worker-6] Nmero cilindros
[Worker-6] 4
[Worker-6] Cilindrada
[Worker-6] 2,500 cc
[Worker-6] Equipamiento
[Worker-6] Retrovisores Elctricos
[Worker-6] Neblineros
[Worker-6] Aire Acondicionado
[Worker-6] Full Equipo
[Worker-6] Computadora de abordo
[Worker-6] Parlantes/Bajos
[Worker-6] Seguridad
[Worker-6] Airbag
[Worker-6] Lminas de Seguridad
[Worker-6] Frenos ABS
[Worker-6] Alarma
[Worker-6] Extras
[Worker-6] Sunroof
[Worker-6] Asientos de cuero
[Worker-6] Precios y costos
[Worker-6] 
[Worker-6] An no tenemos suficiente informacin para determinar un rango de precio para este vehculo.
[Worker-6] 
[Worker-6] Excelente
[Worker-6] Competitivo
[Worker-6] Premium
[Worker-6] 
[Worker-6] (*) Precio referencial
[Worker-6] 
[Worker-6] Cmo se calcula este rango?
[Worker-6] 
[Worker-6] Te toca renovar tu SOAT?
[Worker-6] 
[Worker-6] Verifica el estado de tu SOAT aqu y evita multas.
[Worker-6] 
[Worker-6] Consultar SOAT
[Worker-6] Precio
[Worker-6] US$23,900
[Worker-6] Contctate con el anunciante
[Worker-6] Sn Sn
[Worker-6] 967 783...
[Worker-6] Ms informacin
[Worker-6] Beneficios adicionales para ti:
[Worker-6] La mejor opcin
[Worker-6] Financia tu auto con Santander Consumer
[Worker-6] 
[Worker-6] Paga desde:
[Worker-6] US$1,130/mes*
[Worker-6] Simular crdito
[Worker-6] 
[Worker-6] (*) Cuota mensual referencial. Calculada a 24 meses, 20% de inicial y TEA de 20.99%. No incluye seguro vehicular.
[Worker-6] 
[Worker-6] Solicita tu Prstamo Personal hasta de S/45,000
[Worker-6] Me interesa
[Worker-6] Seminuevos
[Worker-6] Autos
[Worker-6] Motos
[Worker-6] Camiones
[Worker-6] Usados
[Worker-6] Autos
[Worker-6] Motos
[Worker-6] Camiones
[Worker-6] Nuevos
[Worker-6] Autos
[Worker-6] Camiones
[Worker-6] Ayuda
[Worker-6] Trminos y condiciones
[Worker-6] Polticas de publicacin
[Worker-6] Cmo protegemos tus datos?
[Worker-6] Legales
[Worker-6] Sobre NeoAuto
[Worker-6] Noticias
[Worker-6] Tips y guas
[Worker-6] Ayuda en lnea
[Worker-6] 2024 NeoAuto Inc. Todos los derechos reservados
[Worker-6] Sguenos
[Worker-6] Descripcin: {"@context":"https://schema.org","@graph":[{"@type":"Organization","@id":"https://neoauto.com/#organ...
[Worker-6] nico dueo: S
[Worker-6] Datos guardados en: /home/richgutz/Scraper-Neoauto-ANTIGRAVITY/extractores/results_txt/diario_result_20260126_215425_6278ff.txt
[Worker-2] Intento 2: Popup no encontrado
[Worker-1] No se pudo cerrar el popup de satisfaccin
[Worker-1] Popups manejados POST-scroll
[Worker-1] Scroll adicional de confirmacin...
[Worker-4] Scroll INICIAL para activar contenido...
[Worker-3] Intento 2: Popup no encontrado
[Worker-1] Ttulo: Nissan X-trail 2015
[Worker-1] Precio: S/ nan
[Worker-1] Kilometraje: inf km
[Worker-1] Ubicacin: Arranca tu ao sobre ruedas!
[Worker-1] Sbete a tu prximo seminuevo, el auto que mereces.
[Worker-1] Arranca tu ao sobre ruedas!
[Worker-1] Sbete a tu prximo seminuevo, el auto que mereces.
[Worker-1] Arranca tu ao sobre ruedas!
[Worker-1] Sbete a tu prximo seminuevo, el auto que mereces.
[Worker-1] Arranca tu ao sobre ruedas!
[Worker-1] Sbete a tu prximo seminuevo, el auto que mereces.
[Worker-1] Iniciar sesin
[Worker-1] Quiero vender
[Worker-1] Comprar
[Worker-1] Quiero vender
[Worker-1] Financiamiento
[Worker-1] Alquilar
[Worker-1] Nuevo
[Worker-1] Seguros
[Worker-1] Eventos
[Worker-1] Publicidad
[Worker-1] Ver fotos
[Worker-1] Autos usados
[Worker-1] Nissan
[Worker-1] X-trail
[Worker-1] Nissan X-trail 2015
[Worker-1] Pucallpa, Coronel Portillo, Ucayali
[Worker-1] Publicado hoy
[Worker-1] 7 vistas
[Worker-1] Reportar aviso
[Worker-1] Compartir
[Worker-1] Marcar como favorito
[Worker-1] Nissan X-trail 2015
[Worker-1] Reportar aviso
[Worker-1] Compartir
[Worker-1] Marcar como favorito
[Worker-1] Ao modelo
[Worker-1] 2015
[Worker-1] Kilometraje
[Worker-1] 97,500 km
[Worker-1] Transmisin
[Worker-1] Automtica
[Worker-1] Descripcin
[Worker-1] Motor 2.5 (Gasolina), Automtica secuencial, Mandos en el timn, Pantalla Tctil, Conexin Bluetooth, Aire acondicionado, Pestillos elctricos, 2 Llaves, Direccionales en espejos, Espejos Elctricos, Alarma, Cierre centralizado, Modo Crucero, Maleter...
[Worker-1] Seguir leyendo
[Worker-1] Te recomendamos:
[Worker-1] 
[Worker-1] Te toca renovar tu SOAT?
[Worker-1] 
[Worker-1] Verifica el estado de tu SOAT aqu y evita multas.
[Worker-1] 
[Worker-1] Consultar SOAT
[Worker-1] 
[Worker-1] Alquila autos con Kinto Share
[Worker-1] 
[Worker-1] Que nada frene tus aventuras. Seguro,flexible y con garantia.
[Worker-1] 
[Worker-1] Ver ms
[Worker-1] 
[Worker-1] Blog & Noticias
[Worker-1] 
[Worker-1] Entrate de las ltimas novedades del sector automotriz.
[Worker-1] 
[Worker-1] Ver ms
[Worker-1] Especificaciones tcnicas
[Worker-1] Caractersticas
[Worker-1] Marca
[Worker-1] Nissan
[Worker-1] Modelo
[Worker-1] X-TRAIL
[Worker-1] Versin
[Worker-1] SENSE 4X2 CVT 2.5
[Worker-1] Versin
[Worker-1] SENSE 4X2 CVT 2.5
[Worker-1] Ao de fabricacin
[Worker-1] 2015
[Worker-1] Categora
[Worker-1] Camioneta
[Worker-1] Combustible
[Worker-1] Gasolina
[Worker-1] Nmero de puertas
[Worker-1] 5
[Worker-1] Traccin
[Worker-1] 4x2
[Worker-1] Color
[Worker-1] Gris platino
[Worker-1] Nmero cilindros
[Worker-1] 4
[Worker-1] Cilindrada
[Worker-1] 2,500 cc
[Worker-1] Equipamiento
[Worker-1] Retrovisores Elctricos
[Worker-1] Aire Acondicionado
[Worker-1] Full Equipo
[Worker-1] Computadora de abordo
[Worker-1] Parlantes/Bajos
[Worker-1] Exterior
[Worker-1] Aros de Aleacin
[Worker-1] Luces Halgenas
[Worker-1] Seguridad
[Worker-1] Airbag
[Worker-1] Repartidor electrnico de frenado
[Worker-1] Frenos ABS
[Worker-1] Alarma
[Worker-1] Extras
[Worker-1] Climatizador
[Worker-1] Precios y costos
[Worker-1] 
[Worker-1] Este aviso
[Worker-1] 
[Worker-1] US$13,490
[Worker-1] 
[Worker-1] Precio de mercado
[Worker-1] 
[Worker-1] US$14,500*
[Worker-1] 
[Worker-1] Excelente
[Worker-1] Competitivo
[Worker-1] Premium
[Worker-1] 
[Worker-1] (*) Precio referencial
[Worker-1] 
[Worker-1] Cmo se calcula este rango?
[Worker-1] 
[Worker-1] Te toca renovar tu SOAT?
[Worker-1] 
[Worker-1] Verifica el estado de tu SOAT aqu y evita multas.
[Worker-1] 
[Worker-1] Consultar SOAT
[Worker-1] Precio
[Worker-1] US$13,490
[Worker-1] Contctate con el anunciante
[Worker-1] Juan Antonio Castillo Roque
[Worker-1] 961 841...
[Worker-1] Ms informacin
[Worker-1] Beneficios adicionales para ti:
[Worker-1] La mejor opcin
[Worker-1] Financia tu auto con Santander Consumer
[Worker-1] 
[Worker-1] Paga desde:
[Worker-1] US$1,117/mes*
[Worker-1] Simular crdito
[Worker-1] 
[Worker-1] (*) Cuota mensual referencial. Calculada a 12 meses, 20% de inicial y TEA de 20.99%. No incluye seguro vehicular.
[Worker-1] 
[Worker-1] Solicita tu Prstamo Personal hasta de S/45,000
[Worker-1] Me interesa
[Worker-1] Seminuevos
[Worker-1] Autos
[Worker-1] Motos
[Worker-1] Camiones
[Worker-1] Usados
[Worker-1] Autos
[Worker-1] Motos
[Worker-1] Camiones
[Worker-1] Nuevos
[Worker-1] Autos
[Worker-1] Camiones
[Worker-1] Ayuda
[Worker-1] Trminos y condiciones
[Worker-1] Polticas de publicacin
[Worker-1] Cmo protegemos tus datos?
[Worker-1] Legales
[Worker-1] Sobre NeoAuto
[Worker-1] Noticias
[Worker-1] Tips y guas
[Worker-1] Ayuda en lnea
[Worker-1] 2024 NeoAuto Inc. Todos los derechos reservados
[Worker-1] Sguenos
[Worker-1] Descripcin: {"@context":"https://schema.org","@graph":[{"@type":"Organization","@id":"https://neoauto.com/#organ...
[Worker-1] nico dueo: No
[Worker-1] Datos guardados en: /home/richgutz/Scraper-Neoauto-ANTIGRAVITY/extractores/results_txt/diario_result_20260126_215429_ad5131.txt
[Worker-5] No apareci popup de cookies
[Worker-6] URL obtenida y bloqueada desde urls_autos_diarios: https://neoauto.com/auto/usado/mazda-3-2018-1859576
[Worker-6] 
[Worker-6] Iniciando extraccin para: https://neoauto.com/auto/usado/mazda-3-2018-1859576
[Worker-6] Iniciando navegacin...
[Worker-6] Marca extrada: 'mazda'
[Worker-6] Camino elegido (4 pasos).
[Worker-6] Paso 1/4: Pgina Principal...
[Worker-5] Intento 1: Page.click: Timeout 1000ms exceeded.
[Worker-5] Call log:
[Worker-5] - waiting for locator("button[class*='close']").locator("svg").locator("xpath=./ancestor::button")
[Worker-5] 
[Worker-6] Navegacin rpida (sin acciones)
[Worker-6] Paso 2/4: Categora 'Usados'...
[Worker-2] Intento 3: Popup no encontrado
[Worker-6] Navegacin rpida (sin acciones)
[Worker-6] Paso 3/4: Filtro por Marca 'MAZDA'...
[Worker-2] No se pudo cerrar el popup de satisfaccin
[Worker-2] Popups manejados POST-scroll
[Worker-2] Scroll adicional de confirmacin...
[Worker-3] Intento 3: Popup no encontrado
[Worker-5] Intento 2: Page.click: Timeout 1000ms exceeded.
[Worker-5] Call log:
[Worker-5] - waiting for locator("button[class*='close']").locator("svg").locator("xpath=./ancestor::button")
[Worker-5] 
[Worker-6] Navegacin rpida (sin acciones)
[Worker-6] Paso 4/4: URL Final...
[Worker-3] No se pudo cerrar el popup de satisfaccin
[Worker-3] Popups manejados POST-scroll
[Worker-3] Scroll adicional de confirmacin...
[Worker-1] URL obtenida y bloqueada desde urls_autos_diarios: https://neoauto.com/auto/usado/nissan-x-trail-2015-1863500
[Worker-1] 
[Worker-1] Iniciando extraccin para: https://neoauto.com/auto/usado/nissan-x-trail-2015-1863500
[Worker-1] Iniciando navegacin...
[Worker-1] Marca extrada: 'nissan'
[Worker-1] Camino elegido (4 pasos).
[Worker-1] Paso 1/4: Pgina Principal...
[Worker-2] Ttulo: Volkswagen Nivus 2022
[Worker-2] Precio: S/ nan
[Worker-6] Scroll INICIAL para activar contenido...
[Worker-2] Kilometraje: inf km
[Worker-2] Ubicacin: Arranca tu ao sobre ruedas!
[Worker-2] Sbete a tu prximo seminuevo, el auto que mereces.
[Worker-2] Arranca tu ao sobre ruedas!
[Worker-2] Sbete a tu prximo seminuevo, el auto que mereces.
[Worker-2] Arranca tu ao sobre ruedas!
[Worker-2] Sbete a tu prximo seminuevo, el auto que mereces.
[Worker-2] Arranca tu ao sobre ruedas!
[Worker-2] Sbete a tu prximo seminuevo, el auto que mereces.
[Worker-2] Iniciar sesin
[Worker-2] Quiero vender
[Worker-2] Comprar
[Worker-2] Quiero vender
[Worker-2] Financiamiento
[Worker-2] Alquilar
[Worker-2] Nuevo
[Worker-2] Seguros
[Worker-2] Eventos
[Worker-2] Publicidad
[Worker-2] Ver fotos
[Worker-2] Autos usados
[Worker-2] Volkswagen
[Worker-2] Nivus
[Worker-2] Volkswagen Nivus 2022
[Worker-2] Yanahuara, Arequipa, Arequipa
[Worker-2] Publicado hoy
[Worker-2] 76 vistas
[Worker-2] Reportar aviso
[Worker-2] Compartir
[Worker-2] Marcar como favorito
[Worker-2] Volkswagen Nivus 2022
[Worker-2] Reportar aviso
[Worker-2] Compartir
[Worker-2] Marcar como favorito
[Worker-2] Ao modelo
[Worker-2] 2022
[Worker-2] Kilometraje
[Worker-2] 63,000 km
[Worker-2] Transmisin
[Worker-2] Automtica - Secuencial
[Worker-2] Te recomendamos:
[Worker-2] 
[Worker-2] Te toca renovar tu SOAT?
[Worker-2] 
[Worker-2] Verifica el estado de tu SOAT aqu y evita multas.
[Worker-2] 
[Worker-2] Consultar SOAT
[Worker-2] 
[Worker-2] Alquila autos con Kinto Share
[Worker-2] 
[Worker-2] Que nada frene tus aventuras. Seguro,flexible y con garantia.
[Worker-2] 
[Worker-2] Ver ms
[Worker-2] 
[Worker-2] Blog & Noticias
[Worker-2] 
[Worker-2] Entrate de las ltimas novedades del sector automotriz.
[Worker-2] 
[Worker-2] Ver ms
[Worker-2] Especificaciones tcnicas
[Worker-2] Caractersticas
[Worker-2] Marca
[Worker-2] Volkswagen
[Worker-2] Modelo
[Worker-2] NIVUS
[Worker-2] Versin
[Worker-2] CONFORTLINE
[Worker-2] Ao de fabricacin
[Worker-2] 2021
[Worker-2] Categora
[Worker-2] Camioneta
[Worker-2] Combustible
[Worker-2] Gasolina
[Worker-2] Nmero de puertas
[Worker-2] 4
[Worker-2] Traccin
[Worker-2] 4x2
[Worker-2] Color
[Worker-2] Gris platino
[Worker-2] Nmero cilindros
[Worker-2] 3
[Worker-2] Cilindrada
[Worker-2] 1,000 cc
[Worker-2] Equipamiento
[Worker-2] Retrovisores Elctricos
[Worker-2] Neblineros
[Worker-2] Aire Acondicionado
[Worker-2] Full Equipo
[Worker-2] Computadora de abordo
[Worker-2] Parlantes/Bajos
[Worker-2] Exterior
[Worker-2] Aros
[Worker-2] Aros de Aleacin
[Worker-2] Seguridad
[Worker-2] Airbag
[Worker-2] Inmovilizador de motor
[Worker-2] Repartidor electrnico de frenado
[Worker-2] Alarma
[Worker-2] Precios y costos
[Worker-2] 
[Worker-2] Este aviso
[Worker-2] 
[Worker-2] US$16,900
[Worker-2] 
[Worker-2] Precio de mercado
[Worker-2] 
[Worker-2] US$15,590*
[Worker-2] 
[Worker-2] Excelente
[Worker-2] Competitivo
[Worker-2] Premium
[Worker-2] 
[Worker-2] (*) Precio referencial
[Worker-2] 
[Worker-2] Cmo se calcula este rango?
[Worker-2] 
[Worker-2] Te toca renovar tu SOAT?
[Worker-2] 
[Worker-2] Verifica el estado de tu SOAT aqu y evita multas.
[Worker-2] 
[Worker-2] Consultar SOAT
[Worker-2] Precio
[Worker-2] US$16,900
[Worker-2] Dscto. por adquirir el Crdito Vehicular
[Worker-2] -US$1,000*
[Worker-2] *Aplica si financias tu auto con Santander Consumer
[Worker-2] Contctate con el anunciante
[Worker-2] Diana Aco Ramos
[Worker-2] 940 595...
[Worker-2] Ms informacin
[Worker-2] Beneficios adicionales para ti:
[Worker-2] La mejor opcin
[Worker-2] Financia tu auto con Santander Consumer
[Worker-2] 
[Worker-2] Paga desde:
[Worker-2] US$15,900 o
[Worker-2] US$458/mes*
[Worker-2] Simular crdito
[Worker-2] 
[Worker-2] (*) Cuota mensual referencial. Calculada a 60 meses, 20% de inicial y TEA de 20.99%. No incluye seguro vehicular.
[Worker-2] 
[Worker-2] Solicita tu Prstamo Personal hasta de S/45,000
[Worker-2] Me interesa
[Worker-2] Vehculos similares
[Worker-2] Ver todos los vehculos
[Worker-2] Volkswagen T-Cross 2021
[Worker-2] 41,000km
[Worker-2] Automtica - Se...
[Worker-2] Gasolina
[Worker-2] Precio
[Worker-2] US$21,900
[Worker-2] Con Crdito Vehicular
[Worker-2] US$20,900
[Worker-2] Ver detalle
[Worker-2] Vehculo de: Hellen Yesenia Pea Garca
[Worker-2] Volkswagen Tiguan Allspace 2020
[Worker-2] 60,000km
[Worker-2] Automtica - Se...
[Worker-2] Gasolina
[Worker-2] Precio
[Worker-2] US$20,000
[Worker-2] Con Crdito Vehicular
[Worker-2] US$19,000
[Worker-2] Ver detalle
[Worker-2] Vehculo de: CESAR SOTOMAYOR
[Worker-2] Como nuevo
[Worker-2] Volkswagen Taos 2025
[Worker-2] 8,400km
[Worker-2] HIGHLINE 250 TS...
[Worker-2] Automtica - Se...
[Worker-2] Gasolina
[Worker-2] Precio
[Worker-2] US$28,000
[Worker-2] Con Crdito Vehicular
[Worker-2] US$27,000
[Worker-2] Ver detalle
[Worker-2] Vehculo de: Manuel Anthony Ascarza
[Worker-2] Volkswagen Tiguan Allspace 2018
[Worker-2] 70,500km
[Worker-2] TRENDLINE 1.4T ...
[Worker-2] Automtica
[Worker-2] Gasolina
[Worker-2] Precio
[Worker-2] US$16,880
[Worker-2] Con Crdito Vehicular
[Worker-2] US$803/mes
[Worker-2] Ver detalle
[Worker-2] Vehculo de: david garcia o
[Worker-2] Volkswagen Tiguan Allspace 2018
[Worker-2] 103,000km
[Worker-2] HIGHLINE 2.0 AT
[Worker-2] Automtica
[Worker-2] Gasolina
[Worker-2] Precio
[Worker-2] US$19,500
[Worker-2] Con Crdito Vehicular
[Worker-2] US$18,500
[Worker-2] Ver detalle
[Worker-2] Vehculo de: Paloma Oliart Ali
[Worker-2] Servicio Concesionario
[Worker-2] Volkswagen Tiguan Allspace 2022
[Worker-2] 75,000km
[Worker-2] LIFE 250TSI
[Worker-2] Automtica - Se...
[Worker-2] Gasolina
[Worker-2] Precio
[Worker-2] US$22,500
[Worker-2] Con Crdito Vehicular
[Worker-2] US$606/mes
[Worker-2] Ver detalle
[Worker-2] Vehculo de: Manuel Bryan Ruiz
[Worker-2] Volkswagen Tiguan Allspace 2019
[Worker-2] 66,500km
[Worker-2] Automtica - Se...
[Worker-2] Gasolina
[Worker-2] Precio
[Worker-2] US$19,100
[Worker-2] Con Crdito Vehicular
[Worker-2] US$18,100
[Worker-2] Ver detalle
[Worker-2] Vehculo de: juan carlos onofre
[Worker-2] Volkswagen Touareg 2019
[Worker-2] 110,754km
[Worker-2] 3.0L T V6
[Worker-2] Automtica - Se...
[Worker-2] Gasolina
[Worker-2] Precio
[Worker-2] US$37,900
[Worker-2] Con Crdito Vehicular
[Worker-2] US$1,351/mes
[Worker-2] Ver detalle
[Worker-2] Vehculo de: Mauricio Oblitas
[Worker-2] Seminuevos
[Worker-2] Autos
[Worker-2] Motos
[Worker-2] Camiones
[Worker-2] Usados
[Worker-2] Autos
[Worker-2] Motos
[Worker-2] Camiones
[Worker-2] Nuevos
[Worker-2] Autos
[Worker-2] Camiones
[Worker-2] Ayuda
[Worker-2] Trminos y condiciones
[Worker-2] Polticas de publicacin
[Worker-2] Cmo protegemos tus datos?
[Worker-2] Legales
[Worker-2] Sobre NeoAuto
[Worker-2] Noticias
[Worker-2] Tips y guas
[Worker-2] Ayuda en lnea
[Worker-2] 2024 NeoAuto Inc. Todos los derechos reservados
[Worker-2] Sguenos
[Worker-2] Descripcin: {"@context":"https://schema.org","@graph":[{"@type":"Organization","@id":"https://neoauto.com/#organ...
[Worker-2] nico dueo: No
[Worker-2] Datos guardados en: /home/richgutz/Scraper-Neoauto-ANTIGRAVITY/extractores/results_txt/diario_result_20260126_215435_71a72f.txt
[Worker-1] Navegacin rpida (sin acciones)
[Worker-1] Paso 2/4: Categora 'Usados'...
[Worker-3] Ttulo: Jeep Grand Cherokee 2015
[Worker-3] Precio: S/ nan
[Worker-3] Kilometraje: inf km
[Worker-3] Ubicacin: Arranca tu ao sobre ruedas!
[Worker-3] Sbete a tu prximo seminuevo, el auto que mereces.
[Worker-3] Arranca tu ao sobre ruedas!
[Worker-3] Sbete a tu prximo seminuevo, el auto que mereces.
[Worker-3] Arranca tu ao sobre ruedas!
[Worker-3] Sbete a tu prximo seminuevo, el auto que mereces.
[Worker-3] Arranca tu ao sobre ruedas!
[Worker-3] Sbete a tu prximo seminuevo, el auto que mereces.
[Worker-3] Iniciar sesin
[Worker-3] Quiero vender
[Worker-3] Comprar
[Worker-3] Quiero vender
[Worker-3] Financiamiento
[Worker-3] Alquilar
[Worker-3] Nuevo
[Worker-3] Seguros
[Worker-3] Eventos
[Worker-3] Publicidad
[Worker-3] Ver fotos
[Worker-3] Autos usados
[Worker-3] Jeep
[Worker-3] Grand Cherokee
[Worker-3] Jeep Grand Cherokee 2015
[Worker-3] Lima, Lima, Lima
[Worker-3] Publicado ayer
[Worker-3] 27 vistas
[Worker-3] Reportar aviso
[Worker-3] Compartir
[Worker-3] Marcar como favorito
[Worker-3] Jeep Grand Cherokee 2015
[Worker-3] Reportar aviso
[Worker-3] Compartir
[Worker-3] Marcar como favorito
[Worker-3] Ao modelo
[Worker-3] 2015
[Worker-3] Kilometraje
[Worker-3] 77 km
[Worker-3] Transmisin
[Worker-3] Automtica
[Worker-3] Descripcin
[Worker-3] Venta de unidades por renovacion de flotilla por inicio de ao, Uso gerencial, Coorporativo y presidencial, Soat vigente, Revision tecnica al dia, Cero papeletas, impuestos pagados, libre de gravamenes y prendas, Mantenimientos hechos en su concesion...
[Worker-3] Seguir leyendo
[Worker-3] Te recomendamos:
[Worker-3] 
[Worker-3] Te toca renovar tu SOAT?
[Worker-3] 
[Worker-3] Verifica el estado de tu SOAT aqu y evita multas.
[Worker-3] 
[Worker-3] Consultar SOAT
[Worker-3] 
[Worker-3] Alquila autos con Kinto Share
[Worker-3] 
[Worker-3] Que nada frene tus aventuras. Seguro,flexible y con garantia.
[Worker-3] 
[Worker-3] Ver ms
[Worker-3] 
[Worker-3] Blog & Noticias
[Worker-3] 
[Worker-3] Entrate de las ltimas novedades del sector automotriz.
[Worker-3] 
[Worker-3] Ver ms
[Worker-3] Especificaciones tcnicas
[Worker-3] Caractersticas
[Worker-3] Marca
[Worker-3] Jeep
[Worker-3] Modelo
[Worker-3] GRAND CHEROKEE
[Worker-3] Ao de fabricacin
[Worker-3] 2015
[Worker-3] Categora
[Worker-3] Camioneta
[Worker-3] Combustible
[Worker-3] Gasolina
[Worker-3] Precios y costos
[Worker-3] 
[Worker-3] An no tenemos suficiente informacin para determinar un rango de precio para este vehculo.
[Worker-3] 
[Worker-3] Excelente
[Worker-3] Competitivo
[Worker-3] Premium
[Worker-3] 
[Worker-3] (*) Precio referencial
[Worker-3] 
[Worker-3] Cmo se calcula este rango?
[Worker-3] 
[Worker-3] Te toca renovar tu SOAT?
[Worker-3] 
[Worker-3] Verifica el estado de tu SOAT aqu y evita multas.
[Worker-3] 
[Worker-3] Consultar SOAT
[Worker-3] Precio
[Worker-3] US$15,000
[Worker-3] Contctate con el anunciante
[Worker-3] Wtyryre Antonio Rfgrtyreyry
[Worker-3] 929 000...
[Worker-3] Ms informacin
[Worker-3] Beneficios adicionales para ti:
[Worker-3] La mejor opcin
[Worker-3] Financia tu auto con Santander Consumer
[Worker-3] 
[Worker-3] Paga desde:
[Worker-3] US$1,240/mes*
[Worker-3] Simular crdito
[Worker-3] 
[Worker-3] (*) Cuota mensual referencial. Calculada a 12 meses, 20% de inicial y TEA de 20.99%. No incluye seguro vehicular.
[Worker-3] 
[Worker-3] Solicita tu Prstamo Personal hasta de S/45,000
[Worker-3] Me interesa
[Worker-3] Vehculos similares
[Worker-3] Ver todos los vehculos
[Worker-3] Unico Dueo
[Worker-3] Jeep Grand Cherokee Laredo 2018
[Worker-3] 48,500km
[Worker-3] 4X2
[Worker-3] Automtica - Se...
[Worker-3] Gasolina
[Worker-3] Precio
[Worker-3] US$24,900
[Worker-3] Con Crdito Vehicular
[Worker-3] US$892/mes
[Worker-3] Ver detalle
[Worker-3] Vehculo de: Rocio Calderon
[Worker-3] Jeep Cherokee Laredo 2016
[Worker-3] 88,000km
[Worker-3] Automtica - Se...
[Worker-3] Gasolina
[Worker-3] Precio
[Worker-3] US$19,000
[Worker-3] Con Crdito Vehicular
[Worker-3] US$1,565/mes
[Worker-3] Ver detalle
[Worker-3] Vehculo de: Jose Lira
[Worker-3] Ocasin
[Worker-3] Jeep Compass 2013
[Worker-3] 53,000km
[Worker-3] 2.4 4X4 LTD
[Worker-3] Automtica - Se...
[Worker-3] Gasolina
[Worker-3] Precio
[Worker-3] US$12,200
[Worker-3] Ver detalle
[Worker-3] Vehculo de: Willyans Quispe medina
[Worker-3] Unico Dueo
[Worker-3] Jeep Grand Cherokee Laredo 2010
[Worker-3] 120,000km
[Worker-3] Automtica
[Worker-3] Gasolina
[Worker-3] Precio
[Worker-3] US$9,500
[Worker-3] Ver detalle
[Worker-3] Vehculo de: Nadia Lingan Gonzalez
[Worker-3] Jeep Cherokee Longitude 2017
[Worker-3] 52,000km
[Worker-3] Automtica - Se...
[Worker-3] Gasolina
[Worker-3] Precio
[Worker-3] US$17,500
[Worker-3] Con Crdito Vehicular
[Worker-3] US$1,443/mes
[Worker-3] Ver detalle
[Worker-3] Vehculo de: Patricia Vargas Roca
[Worker-3] Unico Dueo
[Worker-3] Jeep Grand Cherokee Laredo 2015
[Worker-3] 131,900km
[Worker-3] 4X4
[Worker-3] Automtica - Se...
[Worker-3] Gasolina
[Worker-3] Precio
[Worker-3] US$17,000
[Worker-3] Ver detalle
[Worker-3] Vehculo de: Claudia Julissa Livia
[Worker-3] Unico Dueo
[Worker-3] Jeep Grand Cherokee Laredo 2018
[Worker-3] 79,800km
[Worker-3] Automtica
[Worker-3] Gasolina
[Worker-3] Precio
[Worker-3] US$22,200
[Worker-3] Con Crdito Vehicular
[Worker-3] US$796/mes
[Worker-3] Ver detalle
[Worker-3] Vehculo de: Rodrigo Valverde
[Worker-3] Jeep Grand Cherokee Laredo 2017
[Worker-3] 63,950km
[Worker-3] LAREDO
[Worker-3] Automtica - Se...
[Worker-3] Gasolina
[Worker-3] Precio
[Worker-3] US$21,950
[Worker-3] Con Crdito Vehicular
[Worker-3] US$20,950
[Worker-3] Ver detalle
[Worker-3] Vehculo de: Rocio Barrientos
[Worker-3] Seminuevos
[Worker-3] Autos
[Worker-3] Motos
[Worker-3] Camiones
[Worker-3] Usados
[Worker-3] Autos
[Worker-3] Motos
[Worker-3] Camiones
[Worker-3] Nuevos
[Worker-3] Autos
[Worker-3] Camiones
[Worker-3] Ayuda
[Worker-3] Trminos y condiciones
[Worker-3] Polticas de publicacin
[Worker-3] Cmo protegemos tus datos?
[Worker-3] Legales
[Worker-3] Sobre NeoAuto
[Worker-3] Noticias
[Worker-3] Tips y guas
[Worker-3] Ayuda en lnea
[Worker-3] 2024 NeoAuto Inc. Todos los derechos reservados
[Worker-3] Sguenos
[Worker-3] Descripcin: {"@context":"https://schema.org","@graph":[{"@type":"Organization","@id":"https://neoauto.com/#organ...
[Worker-3] nico dueo: S
[Worker-3] Datos guardados en: /home/richgutz/Scraper-Neoauto-ANTIGRAVITY/extractores/results_txt/diario_result_20260126_215436_301776.txt
[Worker-1] Navegacin rpida (sin acciones)
[Worker-1] Paso 3/4: Filtro por Marca 'NISSAN'...
[Worker-4] No apareci popup de cookies
[Worker-1] Navegacin rpida (sin acciones)
[Worker-1] Paso 4/4: URL Final...
[Worker-2] URL obtenida y bloqueada desde urls_autos_diarios: https://neoauto.com/auto/usado/hyundai-atos-2013-1863456
[Worker-2] 
[Worker-2] Iniciando extraccin para: https://neoauto.com/auto/usado/hyundai-atos-2013-1863456
[Worker-2] Iniciando navegacin...
[Worker-2] Marca extrada: 'hyundai'
[Worker-2] Camino elegido (4 pasos).
[Worker-2] Paso 1/4: Pgina Principal...
[Worker-4] Intento 1: Page.click: Timeout 1000ms exceeded.
[Worker-4] Call log:
[Worker-4] - waiting for locator("button[class*='close']").locator("svg").locator("xpath=./ancestor::button")
[Worker-4] 
[Worker-1] Scroll INICIAL para activar contenido...
[Worker-2] Navegacin rpida (sin acciones)
[Worker-2] Paso 2/4: Categora 'Usados'...
[Worker-4] Intento 2: Page.click: Timeout 1000ms exceeded.
[Worker-4] Call log:
[Worker-4] - waiting for locator("button[class*='close']").locator("svg").locator("xpath=./ancestor::button")
[Worker-4] 
[Worker-2] Navegacin rpida (sin acciones)
[Worker-2] Paso 3/4: Filtro por Marca 'HYUNDAI'...
[Worker-3] URL obtenida y bloqueada desde urls_autos_diarios: https://neoauto.com/auto/usado/jeep-compass-2022-1863530
[Worker-3] 
[Worker-3] Iniciando extraccin para: https://neoauto.com/auto/usado/jeep-compass-2022-1863530
[Worker-3] Iniciando navegacin...
[Worker-3] Marca extrada: 'jeep'
[Worker-3] Camino elegido (4 pasos).
[Worker-3] Paso 1/4: Pgina Principal...
[Worker-2] Navegacin rpida (sin acciones)
[Worker-2] Paso 4/4: URL Final...
[Worker-3] Navegacin rpida (sin acciones)
[Worker-3] Paso 2/4: Categora 'Usados'...
[Worker-2] Scroll INICIAL para activar contenido...
[Worker-3] Navegacin rpida (sin acciones)
[Worker-3] Paso 3/4: Filtro por Marca 'JEEP'...
[Worker-3] Navegacin rpida (sin acciones)
[Worker-3] Paso 4/4: URL Final...
[Worker-3] Scroll INICIAL para activar contenido...
[Worker-6] No apareci popup de cookies
[Worker-6] Intento 1: Page.click: Timeout 1000ms exceeded.
[Worker-6] Call log:
[Worker-6] - waiting for locator("button[class*='close']").locator("svg").locator("xpath=./ancestor::button")
[Worker-6] 
[Worker-6] Intento 2: Page.click: Timeout 1000ms exceeded.
[Worker-6] Call log:
[Worker-6] - waiting for locator("button[class*='close']").locator("svg").locator("xpath=./ancestor::button")
[Worker-6] 
[Worker-5] Intento 1: Popup no encontrado
[Worker-1] No apareci popup de cookies
[Worker-1] Intento 1: Page.click: Timeout 1000ms exceeded.
[Worker-1] Call log:
[Worker-1] - waiting for locator("button[class*='close']").locator("svg").locator("xpath=./ancestor::button")
[Worker-1] 
[Worker-1] Intento 2: Page.click: Timeout 1000ms exceeded.
[Worker-1] Call log:
[Worker-1] - waiting for locator("button[class*='close']").locator("svg").locator("xpath=./ancestor::button")
[Worker-1] 
[Worker-2] No apareci popup de cookies
[Worker-5] Intento 2: Popup no encontrado
[Worker-2] Intento 1: Page.click: Timeout 1000ms exceeded.
[Worker-2] Call log:
[Worker-2] - waiting for locator("button[class*='close']").locator("svg").locator("xpath=./ancestor::button")
[Worker-2] 
[Worker-2] Intento 2: Page.click: Timeout 1000ms exceeded.
[Worker-2] Call log:
[Worker-2] - waiting for locator("button[class*='close']").locator("svg").locator("xpath=./ancestor::button")
[Worker-2] 
[Worker-3] No apareci popup de cookies
[Worker-4] Intento 1: Popup no encontrado
[Worker-3] Intento 1: Page.click: Timeout 1000ms exceeded.
[Worker-3] Call log:
[Worker-3] - waiting for locator("button[class*='close']").locator("svg").locator("xpath=./ancestor::button")
[Worker-3] 
[Worker-5] Intento 3: Popup no encontrado
[Worker-3] Intento 2: Page.click: Timeout 1000ms exceeded.
[Worker-3] Call log:
[Worker-3] - waiting for locator("button[class*='close']").locator("svg").locator("xpath=./ancestor::button")
[Worker-3] 
[Worker-5] No se pudo cerrar el popup de satisfaccin
[Worker-5] Popups manejados POST-scroll
[Worker-5] Scroll adicional de confirmacin...
[Worker-4] Intento 2: Popup no encontrado
[Worker-5] Ttulo: Hyundai I30 2021
[Worker-5] Precio: S/ nan
[Worker-5] Kilometraje: inf km
[Worker-5] Ubicacin: Arranca tu ao sobre ruedas!
[Worker-5] Sbete a tu prximo seminuevo, el auto que mereces.
[Worker-5] Arranca tu ao sobre ruedas!
[Worker-5] Sbete a tu prximo seminuevo, el auto que mereces.
[Worker-5] Arranca tu ao sobre ruedas!
[Worker-5] Sbete a tu prximo seminuevo, el auto que mereces.
[Worker-5] Arranca tu ao sobre ruedas!
[Worker-5] Sbete a tu prximo seminuevo, el auto que mereces.
[Worker-5] Iniciar sesin
[Worker-5] Quiero vender
[Worker-5] Comprar
[Worker-5] Quiero vender
[Worker-5] Financiamiento
[Worker-5] Alquilar
[Worker-5] Nuevo
[Worker-5] Seguros
[Worker-5] Eventos
[Worker-5] Publicidad
[Worker-5] Ver fotos
[Worker-5] Autos usados
[Worker-5] Hyundai
[Worker-5] I30
[Worker-5] Hyundai I30 2021
[Worker-5] Lima, Lima, Lima
[Worker-5] Publicado ayer
[Worker-5] 277 vistas
[Worker-5] Reportar aviso
[Worker-5] Compartir
[Worker-5] Marcar como favorito
[Worker-5] Hyundai I30 2021
[Worker-5] Reportar aviso
[Worker-5] Compartir
[Worker-5] Marcar como favorito
[Worker-5] Ao modelo
[Worker-5] 2021
[Worker-5] Kilometraje
[Worker-5] 30,000 km
[Worker-5] Transmisin
[Worker-5] Automtica
[Worker-5] Descripcin
[Worker-5] Empresa remata unidad de uso gerencial documentos al dia nunca choques listo para transferencia notarial
[Worker-5] Te recomendamos:
[Worker-5] 
[Worker-5] Te toca renovar tu SOAT?
[Worker-5] 
[Worker-5] Verifica el estado de tu SOAT aqu y evita multas.
[Worker-5] 
[Worker-5] Consultar SOAT
[Worker-5] 
[Worker-5] Alquila autos con Kinto Share
[Worker-5] 
[Worker-5] Que nada frene tus aventuras. Seguro,flexible y con garantia.
[Worker-5] 
[Worker-5] Ver ms
[Worker-5] 
[Worker-5] Blog & Noticias
[Worker-5] 
[Worker-5] Entrate de las ltimas novedades del sector automotriz.
[Worker-5] 
[Worker-5] Ver ms
[Worker-5] Especificaciones tcnicas
[Worker-5] Caractersticas
[Worker-5] Marca
[Worker-5] Hyundai
[Worker-5] Modelo
[Worker-5] i30
[Worker-5] Versin
[Worker-5] GLS
[Worker-5] Ao de fabricacin
[Worker-5] 2021
[Worker-5] Categora
[Worker-5] Hatchback
[Worker-5] Combustible
[Worker-5] Gasolina
[Worker-5] Equipamiento
[Worker-5] Full Equipo
[Worker-5] Precios y costos
[Worker-5] 
[Worker-5] An no tenemos suficiente informacin para determinar un rango de precio para este vehculo.
[Worker-5] 
[Worker-5] Excelente
[Worker-5] Competitivo
[Worker-5] Premium
[Worker-5] 
[Worker-5] (*) Precio referencial
[Worker-5] 
[Worker-5] Cmo se calcula este rango?
[Worker-5] 
[Worker-5] Te toca renovar tu SOAT?
[Worker-5] 
[Worker-5] Verifica el estado de tu SOAT aqu y evita multas.
[Worker-5] 
[Worker-5] Consultar SOAT
[Worker-5] Precio
[Worker-5] US$5,000
[Worker-5] Contctate con el anunciante
[Worker-5] Florcita Mamani Quispe
[Worker-5] 929 785...
[Worker-5] Ms informacin
[Worker-5] Beneficios adicionales para ti:
[Worker-5] Solicita tu Prstamo Personal hasta de S/45,000
[Worker-5] Me interesa
[Worker-5] Vehculos similares
[Worker-5] Ver todos los vehculos
[Worker-5] Auto verificado
[Worker-5] Como nuevo
[Worker-5] Toyota Yaris 2019
[Worker-5] 80,000km
[Worker-5] GLS 1.3 CVT
[Worker-5] Automtica - Se...
[Worker-5] Gasolina
[Worker-5] Precio
[Worker-5] US$14,000
[Worker-5] Con Crdito Vehicular
[Worker-5] US$13,000
[Worker-5] Ver detalle
[Worker-5] Vehculo de: Fernando Aspajo Hidalgo
[Worker-5] Toyota Yaris 2019
[Worker-5] 53,000km
[Worker-5] Automtica - Se...
[Worker-5] Gasolina
[Worker-5] Precio
[Worker-5] US$13,900
[Worker-5] Con Crdito Vehicular
[Worker-5] US$503/mes
[Worker-5] Ver detalle
[Worker-5] Vehculo de: Jhonathan ayala loayza
[Worker-5] Suzuki Sx-4 2015
[Worker-5] 77,000km
[Worker-5] Automtica
[Worker-5] Dual
[Worker-5] Precio
[Worker-5] US$10,000
[Worker-5] Con Crdito Vehicular
[Worker-5] US$834/mes
[Worker-5] Ver detalle
[Worker-5] Vehculo de: Andres Chumioque
[Worker-5] Premium
[Worker-5] Mercedes Benz B180 2012
[Worker-5] 69,100km
[Worker-5] B200
[Worker-5] Automtica
[Worker-5] Gasolina
[Worker-5] Precio
[Worker-5] US$13,800
[Worker-5] Ver detalle
[Worker-5] Vehculo de: edwin avila rojas
[Worker-5] Volkswagen Gol Comfort 1.6 2014
[Worker-5] 45,000km
[Worker-5] Mecnica
[Worker-5] Gasolina
[Worker-5] Precio
[Worker-5] US$9,000
[Worker-5] Con Crdito Vehicular
[Worker-5] US$753/mes
[Worker-5] Ver detalle
[Worker-5] Vehculo de: Guillermo Martn mardon zarate
[Worker-5] Toyota Corolla 2021
[Worker-5] 40,000km
[Worker-5] 1.2 TURBO CVT
[Worker-5] Automtica - Se...
[Worker-5] Gasolina
[Worker-5] Precio
[Worker-5] US$20,000
[Worker-5] Con Crdito Vehicular
[Worker-5] US$540/mes
[Worker-5] Ver detalle
[Worker-5] Vehculo de: Rodolfo Gonzales Berrocal
[Worker-5] Bmw 320gt 2015
[Worker-5] 140,000km
[Worker-5] Automtica - Se...
[Worker-5] Gasolina
[Worker-5] Precio
[Worker-5] US$18,000
[Worker-5] Ver detalle
[Worker-5] Vehculo de: Jorge Sarmiento
[Worker-5] Chevrolet Onix 2025
[Worker-5] 2,300km
[Worker-5] Automtica
[Worker-5] Gasolina
[Worker-5] Precio
[Worker-5] US$14,850
[Worker-5] Con Crdito Vehicular
[Worker-5] US$403/mes
[Worker-5] Ver detalle
[Worker-5] Vehculo de: Walter Rabanal Atalaya
[Worker-5] Seminuevos
[Worker-5] Autos
[Worker-5] Motos
[Worker-5] Camiones
[Worker-5] Usados
[Worker-5] Autos
[Worker-5] Motos
[Worker-5] Camiones
[Worker-5] Nuevos
[Worker-5] Autos
[Worker-5] Camiones
[Worker-5] Ayuda
[Worker-5] Trminos y condiciones
[Worker-5] Polticas de publicacin
[Worker-5] Cmo protegemos tus datos?
[Worker-5] Legales
[Worker-5] Sobre NeoAuto
[Worker-5] Noticias
[Worker-5] Tips y guas
[Worker-5] Ayuda en lnea
[Worker-5] 2024 NeoAuto Inc. Todos los derechos reservados
[Worker-5] Sguenos
[Worker-5] Descripcin: {"@context":"https://schema.org","@graph":[{"@type":"Organization","@id":"https://neoauto.com/#organ...
[Worker-5] nico dueo: No
[Worker-5] Datos guardados en: /home/richgutz/Scraper-Neoauto-ANTIGRAVITY/extractores/results_txt/diario_result_20260126_215505_a52227.txt
[Worker-5] URLs restantes en urls_autos_diarios: 38 | Procesadas en sesin: 10
[Worker-6] Intento 1: Popup no encontrado
[Worker-5] URL obtenida y bloqueada desde urls_autos_diarios: https://neoauto.com/auto/usado/volkswagen-tiguan-allspace-2021-1863527
[Worker-5] 
[Worker-5] Iniciando extraccin para: https://neoauto.com/auto/usado/volkswagen-tiguan-allspace-2021-1863527
[Worker-5] Iniciando navegacin...
[Worker-5] Marca extrada: 'volkswagen'
[Worker-5] Camino elegido (4 pasos).
[Worker-5] Paso 1/4: Pgina Principal...
[Worker-5] Navegacin rpida (sin acciones)
[Worker-5] Paso 2/4: Categora 'Usados'...
[Worker-4] Intento 3: Popup no encontrado
[Worker-5] Navegacin rpida (sin acciones)
[Worker-5] Paso 3/4: Filtro por Marca 'VOLKSWAGEN'...
[Worker-4] No se pudo cerrar el popup de satisfaccin
[Worker-4] Popups manejados POST-scroll
[Worker-4] Scroll adicional de confirmacin...
[Worker-5] Navegacin rpida (sin acciones)
[Worker-5] Paso 4/4: URL Final...
[Worker-5] Scroll INICIAL para activar contenido...
[Worker-4] Ttulo: Mazda 3 2018
[Worker-4] Precio: S/ nan
[Worker-4] Kilometraje: inf km
[Worker-4] Ubicacin: Arranca tu ao sobre ruedas!
[Worker-4] Sbete a tu prximo seminuevo, el auto que mereces.
[Worker-4] Arranca tu ao sobre ruedas!
[Worker-4] Sbete a tu prximo seminuevo, el auto que mereces.
[Worker-4] Arranca tu ao sobre ruedas!
[Worker-4] Sbete a tu prximo seminuevo, el auto que mereces.
[Worker-4] Arranca tu ao sobre ruedas!
[Worker-4] Sbete a tu prximo seminuevo, el auto que mereces.
[Worker-4] Iniciar sesin
[Worker-4] Quiero vender
[Worker-4] Comprar
[Worker-4] Quiero vender
[Worker-4] Financiamiento
[Worker-4] Alquilar
[Worker-4] Nuevo
[Worker-4] Seguros
[Worker-4] Eventos
[Worker-4] Publicidad
[Worker-4] Ver fotos
[Worker-4] Autos usados
[Worker-4] Mazda
[Worker-4] 3
[Worker-4] Mazda 3 2018
[Worker-4] Santiago de Surco, Lima, Lima
[Worker-4] Publicado hoy
[Worker-4] 21 vistas
[Worker-4] Reportar aviso
[Worker-4] Compartir
[Worker-4] Marcar como favorito
[Worker-4] Mazda 3 2018
[Worker-4] Reportar aviso
[Worker-4] Compartir
[Worker-4] Marcar como favorito
[Worker-4] Ao modelo
[Worker-4] 2018
[Worker-4] Kilometraje
[Worker-4] 72,000 km
[Worker-4] Transmisin
[Worker-4] Automtica - Secuencial
[Worker-4] Descripcin
[Worker-4] Mazda 3 fabricacin 2017 modelo 2018 con 72,000 kms, automtico-secuencial, motor 2.0, en muy buen estado. Tiene freno de mano elctrico, modo normal/sport, cmara de retroceso, etc.
[Worker-4] 
[Worker-4] Mantenimientos realizados en el mismo concesionario hasta el ao...
[Worker-4] Seguir leyendo
[Worker-4] Te recomendamos:
[Worker-4] 
[Worker-4] Te toca renovar tu SOAT?
[Worker-4] 
[Worker-4] Verifica el estado de tu SOAT aqu y evita multas.
[Worker-4] 
[Worker-4] Consultar SOAT
[Worker-4] 
[Worker-4] Alquila autos con Kinto Share
[Worker-4] 
[Worker-4] Que nada frene tus aventuras. Seguro,flexible y con garantia.
[Worker-4] 
[Worker-4] Ver ms
[Worker-4] 
[Worker-4] Blog & Noticias
[Worker-4] 
[Worker-4] Entrate de las ltimas novedades del sector automotriz.
[Worker-4] 
[Worker-4] Ver ms
[Worker-4] Especificaciones tcnicas
[Worker-4] Caractersticas
[Worker-4] Marca
[Worker-4] Mazda
[Worker-4] Modelo
[Worker-4] 3
[Worker-4] Versin
[Worker-4] SEDAN AT 2.0
[Worker-4] Ao de fabricacin
[Worker-4] 2017
[Worker-4] Categora
[Worker-4] Sedn
[Worker-4] Combustible
[Worker-4] Gasolina
[Worker-4] Nmero de puertas
[Worker-4] 5
[Worker-4] Traccin
[Worker-4] Delantera
[Worker-4] Color
[Worker-4] Gris Metlico
[Worker-4] Nmero cilindros
[Worker-4] 4
[Worker-4] Cilindrada
[Worker-4] 2,000 cc
[Worker-4] Equipamiento
[Worker-4] Retrovisores Elctricos
[Worker-4] Neblineros
[Worker-4] Aire Acondicionado
[Worker-4] Computadora de abordo
[Worker-4] Parlantes/Bajos
[Worker-4] Radio CD
[Worker-4] Radio MP3
[Worker-4] Exterior
[Worker-4] Aros de Aleacin
[Worker-4] Seguridad
[Worker-4] Airbag
[Worker-4] Lminas de Seguridad
[Worker-4] Faros antiniebla delantero
[Worker-4] Repartidor electrnico de frenado
[Worker-4] Frenos ABS
[Worker-4] Extras
[Worker-4] Sunroof
[Worker-4] Precios y costos
[Worker-4] 
[Worker-4] Este aviso
[Worker-4] 
[Worker-4] US$12,500
[Worker-4] 
[Worker-4] Precio de mercado
[Worker-4] 
[Worker-4] US$12,500*
[Worker-4] 
[Worker-4] Excelente
[Worker-4] Competitivo
[Worker-4] Premium
[Worker-4] 
[Worker-4] (*) Precio referencial
[Worker-4] 
[Worker-4] Cmo se calcula este rango?
[Worker-4] 
[Worker-4] Te toca renovar tu SOAT?
[Worker-4] 
[Worker-4] Verifica el estado de tu SOAT aqu y evita multas.
[Worker-4] 
[Worker-4] Consultar SOAT
[Worker-4] Precio
[Worker-4] US$12,500
[Worker-4] Dscto. por adquirir el Crdito Vehicular
[Worker-4] -US$1,000*
[Worker-4] *Aplica si financias tu auto con Santander Consumer
[Worker-4] Contctate con el anunciante
[Worker-4] Santiago Vizcarra Arapa
[Worker-4] 963 758...
[Worker-4] Ms informacin
[Worker-4] Beneficios adicionales para ti:
[Worker-4] La mejor opcin
[Worker-4] Financia tu auto con Santander Consumer
[Worker-4] 
[Worker-4] Paga desde:
[Worker-4] US$11,500 o
[Worker-4] US$598/mes*
[Worker-4] Simular crdito
[Worker-4] 
[Worker-4] (*) Cuota mensual referencial. Calculada a 24 meses, 20% de inicial y TEA de 20.99%. No incluye seguro vehicular.
[Worker-4] 
[Worker-4] Solicita tu Prstamo Personal hasta de S/45,000
[Worker-4] Me interesa
[Worker-4] Vehculos similares
[Worker-4] Ver todos los vehculos
[Worker-4] Mazda 3 2018
[Worker-4] 61,800km
[Worker-4] Automtica
[Worker-4] Diesel
[Worker-4] Precio
[Worker-4] US$13,500
[Worker-4] Con Crdito Vehicular
[Worker-4] US$12,500
[Worker-4] Ver detalle
[Worker-4] Vehculo de: Cecilia Moscoso
[Worker-4] Super equipado
[Worker-4] Mazda 6 2009
[Worker-4] 160,000km
[Worker-4] 2.0 AT SPORT
[Worker-4] Automtica - Se...
[Worker-4] Gasolina
[Worker-4] Precio
[Worker-4] US$8,800
[Worker-4] Ver detalle
[Worker-4] Vehculo de: Diego Salvador Goicochea Arevalo
[Worker-4] Mazda 2 2021
[Worker-4] 72,000km
[Worker-4] Automtica
[Worker-4] Gasolina
[Worker-4] Precio
[Worker-4] US$13,000
[Worker-4] Con Crdito Vehicular
[Worker-4] US$12,000
[Worker-4] Ver detalle
[Worker-4] Vehculo de: Jorge Andujar
[Worker-4] Servicio Concesionario
[Worker-4] Audi A3 Sedan 2019
[Worker-4] 61,800km
[Worker-4] 30 TFSI
[Worker-4] Automtica - Se...
[Worker-4] Gasolina
[Worker-4] Precio
[Worker-4] US$20,500
[Worker-4] Con Crdito Vehicular
[Worker-4] US$621/mes
[Worker-4] Ver detalle
[Worker-4] Vehculo de: Eric Paz Gamarra
[Worker-4] Mercedes Benz 200 2008
[Worker-4] 123,000km
[Worker-4] Automtica - Se...
[Worker-4] Gasolina
[Worker-4] Precio
[Worker-4] US$8,900
[Worker-4] Ver detalle
[Worker-4] Vehculo de: Andry Uribe Gaona
[Worker-4] Premium
[Worker-4] Audi A4 2017
[Worker-4] 44,000km
[Worker-4] 2.0 TFSI STRONI...
[Worker-4] Automtica - Se...
[Worker-4] Gasolina
[Worker-4] Precio
[Worker-4] US$21,500
[Worker-4] Con Crdito Vehicular
[Worker-4] US$1,767/mes
[Worker-4] Ver detalle
[Worker-4] Vehculo de: Elio Espinoza
[Worker-4] Unico Dueo
[Worker-4] Subaru Impreza Sport 2014
[Worker-4] 95,000km
[Worker-4] AWD 2.0
[Worker-4] Automtica - Se...
[Worker-4] Gasolina
[Worker-4] Precio
[Worker-4] US$10,500
[Worker-4] Con Crdito Vehicular
[Worker-4] US$875/mes
[Worker-4] Ver detalle
[Worker-4] Vehculo de: Eduardo Yrigoyen Cook
[Worker-4] Bmw 320i 2020
[Worker-4] 30,000km
[Worker-4] Automtica - Se...
[Worker-4] Gasolina
[Worker-4] Precio
[Worker-4] US$29,490
[Worker-4] Con Crdito Vehicular
[Worker-4] US$888/mes
[Worker-4] Ver detalle
[Worker-4] Vehculo de: Lucho Jac
[Worker-4] Seminuevos
[Worker-4] Autos
[Worker-4] Motos
[Worker-4] Camiones
[Worker-4] Usados
[Worker-4] Autos
[Worker-4] Motos
[Worker-4] Camiones
[Worker-4] Nuevos
[Worker-4] Autos
[Worker-4] Camiones
[Worker-4] Ayuda
[Worker-4] Trminos y condiciones
[Worker-4] Polticas de publicacin
[Worker-4] Cmo protegemos tus datos?
[Worker-4] Legales
[Worker-4] Sobre NeoAuto
[Worker-4] Noticias
[Worker-4] Tips y guas
[Worker-4] Ayuda en lnea
[Worker-4] 2024 NeoAuto Inc. Todos los derechos reservados
[Worker-4] Sguenos
[Worker-6] Intento 2: Popup no encontrado
[Worker-4] Descripcin: {"@context":"https://schema.org","@graph":[{"@type":"Organization","@id":"https://neoauto.com/#organ...
[Worker-4] nico dueo: S
[Worker-4] Datos guardados en: /home/richgutz/Scraper-Neoauto-ANTIGRAVITY/extractores/results_txt/diario_result_20260126_215514_41fada.txt
[Worker-1] Intento 1: Popup no encontrado
[Worker-2] Intento 1: Popup no encontrado
[Worker-4] URLs restantes en urls_autos_diarios: 37 | Procesadas en sesin: 10
[Worker-4] URL obtenida y bloqueada desde urls_autos_diarios: https://neoauto.com/auto/usado/jeep-patriot-2013-1863582
[Worker-4] 
[Worker-4] Iniciando extraccin para: https://neoauto.com/auto/usado/jeep-patriot-2013-1863582
[Worker-4] Iniciando navegacin...
[Worker-4] Marca extrada: 'jeep'
[Worker-4] Camino elegido (4 pasos).
[Worker-4] Paso 1/4: Pgina Principal...
[Worker-4] Navegacin rpida (sin acciones)
[Worker-4] Paso 2/4: Categora 'Usados'...
[Worker-6] Intento 3: Popup no encontrado
[Worker-1] Intento 2: Popup no encontrado
[Worker-4] Navegacin rpida (sin acciones)
[Worker-4] Paso 3/4: Filtro por Marca 'JEEP'...
[Worker-6] No se pudo cerrar el popup de satisfaccin
[Worker-6] Popups manejados POST-scroll
[Worker-6] Scroll adicional de confirmacin...
[Worker-4] Navegacin rpida (sin acciones)
[Worker-4] Paso 4/4: URL Final...
[Worker-3] Intento 1: Popup no encontrado
[Worker-4] Scroll INICIAL para activar contenido...
[Worker-6] Ttulo: Mazda 3 2018
[Worker-6] Precio: S/ nan
[Worker-2] Intento 2: Popup no encontrado
[Worker-6] Kilometraje: inf km
[Worker-6] Ubicacin: Arranca tu ao sobre ruedas!
[Worker-6] Sbete a tu prximo seminuevo, el auto que mereces.
[Worker-6] Arranca tu ao sobre ruedas!
[Worker-6] Sbete a tu prximo seminuevo, el auto que mereces.
[Worker-6] Arranca tu ao sobre ruedas!
[Worker-6] Sbete a tu prximo seminuevo, el auto que mereces.
[Worker-6] Arranca tu ao sobre ruedas!
[Worker-6] Sbete a tu prximo seminuevo, el auto que mereces.
[Worker-6] Iniciar sesin
[Worker-6] Quiero vender
[Worker-6] Comprar
[Worker-6] Quiero vender
[Worker-6] Financiamiento
[Worker-6] Alquilar
[Worker-6] Nuevo
[Worker-6] Seguros
[Worker-6] Eventos
[Worker-6] Publicidad
[Worker-6] Ver fotos
[Worker-6] Autos usados
[Worker-6] Mazda
[Worker-6] 3
[Worker-6] Mazda 3 2018
[Worker-6] Comas, Lima, Lima
[Worker-6] Publicado hoy
[Worker-6] 1,171 vistas
[Worker-6] Reportar aviso
[Worker-6] Compartir
[Worker-6] Marcar como favorito
[Worker-6] Mazda 3 2018
[Worker-6] Reportar aviso
[Worker-6] Compartir
[Worker-6] Marcar como favorito
[Worker-6] Ao modelo
[Worker-6] 2018
[Worker-6] Kilometraje
[Worker-6] 87,000 km
[Worker-6] Transmisin
[Worker-6] Automtica - Secuencial
[Worker-6] Descripcin
[Worker-6] Auto en excelente estado, uso oficina, espejos y pestillos elctricos, full equipo, alta gama, sonido Bos, en excelente estado, se vende por motivo de viaje, precio negociable.
[Worker-6] Te recomendamos:
[Worker-6] 
[Worker-6] Te toca renovar tu SOAT?
[Worker-6] 
[Worker-6] Verifica el estado de tu SOAT aqu y evita multas.
[Worker-6] 
[Worker-6] Consultar SOAT
[Worker-6] 
[Worker-6] Alquila autos con Kinto Share
[Worker-6] 
[Worker-6] Que nada frene tus aventuras. Seguro,flexible y con garantia.
[Worker-6] 
[Worker-6] Ver ms
[Worker-6] 
[Worker-6] Blog & Noticias
[Worker-6] 
[Worker-6] Entrate de las ltimas novedades del sector automotriz.
[Worker-6] 
[Worker-6] Ver ms
[Worker-6] Especificaciones tcnicas
[Worker-6] Caractersticas
[Worker-6] Marca
[Worker-6] Mazda
[Worker-6] Modelo
[Worker-6] 3
[Worker-6] Versin
[Worker-6] MAZDA 3 SPORT AT2.5 GS HIGH
[Worker-6] Ao de fabricacin
[Worker-6] 2017
[Worker-6] Categora
[Worker-6] Hatchback
[Worker-6] Combustible
[Worker-6] Gasolina
[Worker-6] Nmero de puertas
[Worker-6] 4
[Worker-6] Traccin
[Worker-6] 4x2
[Worker-6] Color
[Worker-6] Rojo
[Worker-6] Nmero cilindros
[Worker-6] 4
[Worker-6] Cilindrada
[Worker-6] 2,488 cc
[Worker-6] Equipamiento
[Worker-6] Retrovisores Elctricos
[Worker-6] Neblineros
[Worker-6] Aire Acondicionado
[Worker-6] Full Equipo
[Worker-6] Parlantes/Bajos
[Worker-6] Radio CD
[Worker-6] Radio MP3
[Worker-6] Exterior
[Worker-6] Aros
[Worker-6] Seguridad
[Worker-6] Airbag
[Worker-6] Lminas de Seguridad
[Worker-6] Faros antiniebla delantero
[Worker-6] Frenos ABS
[Worker-6] Alarma
[Worker-6] Extras
[Worker-6] Asientos de cuero
[Worker-6] Climatizador
[Worker-6] Precios y costos
[Worker-6] 
[Worker-6] An no tenemos suficiente informacin para determinar un rango de precio para este vehculo.
[Worker-6] 
[Worker-6] Excelente
[Worker-6] Competitivo
[Worker-6] Premium
[Worker-6] 
[Worker-6] (*) Precio referencial
[Worker-6] 
[Worker-6] Cmo se calcula este rango?
[Worker-6] 
[Worker-6] Te toca renovar tu SOAT?
[Worker-6] 
[Worker-6] Verifica el estado de tu SOAT aqu y evita multas.
[Worker-6] 
[Worker-6] Consultar SOAT
[Worker-6] Precio
[Worker-6] US$14,500
[Worker-6] Dscto. por adquirir el Crdito Vehicular
[Worker-6] -US$1,000*
[Worker-6] *Aplica si financias tu auto con Santander Consumer
[Worker-6] Contctate con el anunciante
[Worker-6] Martin Sanchez Cast
[Worker-6] 993 317...
[Worker-6] Ms informacin
[Worker-6] Beneficios adicionales para ti:
[Worker-6] La mejor opcin
[Worker-6] Financia tu auto con Santander Consumer
[Worker-6] 
[Worker-6] Paga desde:
[Worker-6] US$13,500 o
[Worker-6] US$691/mes*
[Worker-6] Simular crdito
[Worker-6] 
[Worker-6] (*) Cuota mensual referencial. Calculada a 24 meses, 20% de inicial y TEA de 20.99%. No incluye seguro vehicular.
[Worker-6] 
[Worker-6] Solicita tu Prstamo Personal hasta de S/45,000
[Worker-6] Me interesa
[Worker-6] Seminuevos
[Worker-6] Autos
[Worker-6] Motos
[Worker-6] Camiones
[Worker-6] Usados
[Worker-6] Autos
[Worker-6] Motos
[Worker-6] Camiones
[Worker-6] Nuevos
[Worker-6] Autos
[Worker-6] Camiones
[Worker-6] Ayuda
[Worker-6] Trminos y condiciones
[Worker-6] Polticas de publicacin
[Worker-6] Cmo protegemos tus datos?
[Worker-6] Legales
[Worker-6] Sobre NeoAuto
[Worker-6] Noticias
[Worker-6] Tips y guas
[Worker-6] Ayuda en lnea
[Worker-6] 2024 NeoAuto Inc. Todos los derechos reservados
[Worker-6] Sguenos
[Worker-6] Descripcin: {"@context":"https://schema.org","@graph":[{"@type":"Organization","@id":"https://neoauto.com/#organ...
[Worker-6] nico dueo: No
[Worker-6] Datos guardados en: /home/richgutz/Scraper-Neoauto-ANTIGRAVITY/extractores/results_txt/diario_result_20260126_215523_d99d3c.txt
[Worker-1] Intento 3: Popup no encontrado
[Worker-5] No apareci popup de cookies
[Worker-1] No se pudo cerrar el popup de satisfaccin
[Worker-1] Popups manejados POST-scroll
[Worker-1] Scroll adicional de confirmacin...
[Worker-3] Intento 2: Popup no encontrado
[Worker-5] Intento 1: Page.click: Timeout 1000ms exceeded.
[Worker-5] Call log:
[Worker-5] - waiting for locator("button[class*='close']").locator("svg").locator("xpath=./ancestor::button")
[Worker-5] 
[Worker-6] URLs restantes en urls_autos_diarios: 36 | Procesadas en sesin: 10
[Worker-6] URL obtenida y bloqueada desde urls_autos_diarios: https://neoauto.com/auto/usado/honda-pilot-2015-1863473
[Worker-6] 
[Worker-6] Iniciando extraccin para: https://neoauto.com/auto/usado/honda-pilot-2015-1863473
[Worker-6] Iniciando navegacin...
[Worker-6] Marca extrada: 'honda'
[Worker-6] Camino elegido (4 pasos).
[Worker-6] Paso 1/4: Pgina Principal...
[Worker-6] Navegacin rpida (sin acciones)
[Worker-6] Paso 2/4: Categora 'Usados'...
[Worker-2] Intento 3: Popup no encontrado
[Worker-1] Ttulo: Nissan X-trail 2015
[Worker-5] Intento 2: Page.click: Timeout 1000ms exceeded.
[Worker-5] Call log:
[Worker-5] - waiting for locator("button[class*='close']").locator("svg").locator("xpath=./ancestor::button")
[Worker-5] 
[Worker-1] Precio: S/ nan
[Worker-1] Kilometraje: inf km
[Worker-1] Ubicacin: Arranca tu ao sobre ruedas!
[Worker-1] Sbete a tu prximo seminuevo, el auto que mereces.
[Worker-1] Arranca tu ao sobre ruedas!
[Worker-1] Sbete a tu prximo seminuevo, el auto que mereces.
[Worker-1] Arranca tu ao sobre ruedas!
[Worker-1] Sbete a tu prximo seminuevo, el auto que mereces.
[Worker-1] Arranca tu ao sobre ruedas!
[Worker-1] Sbete a tu prximo seminuevo, el auto que mereces.
[Worker-1] Iniciar sesin
[Worker-1] Quiero vender
[Worker-1] Comprar
[Worker-1] Quiero vender
[Worker-1] Financiamiento
[Worker-1] Alquilar
[Worker-1] Nuevo
[Worker-1] Seguros
[Worker-1] Eventos
[Worker-1] Publicidad
[Worker-1] Ver fotos
[Worker-1] Autos usados
[Worker-1] Nissan
[Worker-1] X-trail
[Worker-1] Nissan X-trail 2015
[Worker-1] San Borja, Lima, Lima
[Worker-1] Publicado hoy
[Worker-1] 36 vistas
[Worker-1] Reportar aviso
[Worker-1] Compartir
[Worker-1] Marcar como favorito
[Worker-1] Nissan X-trail 2015
[Worker-1] Reportar aviso
[Worker-1] Compartir
[Worker-1] Marcar como favorito
[Worker-1] Ao modelo
[Worker-1] 2015
[Worker-1] Kilometraje
[Worker-1] 160,000 km
[Worker-1] Transmisin
[Worker-1] Automtica
[Worker-1] Descripcin
[Worker-1] Camioneta en excelente estado, mantenimientos realizados en la misma marca de la concesionaria, dueo unico. Tengo las dos llaves, manual, cartilla de mantenimiento. Para.mayor informacin escribir por wap sap a este nmero no al nmero del aviso9#7#...
[Worker-1] Seguir leyendo
[Worker-1] Te recomendamos:
[Worker-1] 
[Worker-1] Te toca renovar tu SOAT?
[Worker-1] 
[Worker-1] Verifica el estado de tu SOAT aqu y evita multas.
[Worker-1] 
[Worker-1] Consultar SOAT
[Worker-1] 
[Worker-1] Alquila autos con Kinto Share
[Worker-1] 
[Worker-1] Que nada frene tus aventuras. Seguro,flexible y con garantia.
[Worker-1] 
[Worker-1] Ver ms
[Worker-1] 
[Worker-1] Blog & Noticias
[Worker-1] 
[Worker-1] Entrate de las ltimas novedades del sector automotriz.
[Worker-1] 
[Worker-1] Ver ms
[Worker-1] Especificaciones tcnicas
[Worker-1] Caractersticas
[Worker-1] Marca
[Worker-1] Nissan
[Worker-1] Modelo
[Worker-1] X-TRAIL
[Worker-1] Versin
[Worker-1] SENSE 4X2 CVT 2.5
[Worker-1] Versin
[Worker-1] SENSE 4X2 CVT 2.5
[Worker-1] Ao de fabricacin
[Worker-1] 2015
[Worker-1] Categora
[Worker-1] Camioneta
[Worker-1] Combustible
[Worker-1] Gasolina
[Worker-1] Nmero de puertas
[Worker-1] 5
[Worker-1] Traccin
[Worker-1] 4x2
[Worker-1] Color
[Worker-1] Gris Metlico
[Worker-1] Nmero cilindros
[Worker-1] 4
[Worker-1] Cilindrada
[Worker-1] 2,500 cc
[Worker-1] Equipamiento
[Worker-1] Neblineros
[Worker-1] Aire Acondicionado
[Worker-1] Full Equipo
[Worker-1] Computadora de abordo
[Worker-1] Parlantes/Bajos
[Worker-1] Radio CD
[Worker-1] Radio MP3
[Worker-1] Retrovisores Elctricos
[Worker-1] Exterior
[Worker-1] Luces Halgenas
[Worker-1] Parrilla
[Worker-1] Aros de Aleacin
[Worker-1] Seguridad
[Worker-1] Localizador (GPS)
[Worker-1] Airbag
[Worker-1] Lminas de Seguridad
[Worker-1] Faros antiniebla delantero
[Worker-1] Faros antiniebla traseros
[Worker-1] Inmovilizador de motor
[Worker-1] Repartidor electrnico de frenado
[Worker-1] Frenos ABS
[Worker-1] Alarma
[Worker-1] Extras
[Worker-1] Climatizador
[Worker-1] Precios y costos
[Worker-1] 
[Worker-1] An no tenemos suficiente informacin para determinar un rango de precio para este vehculo.
[Worker-1] 
[Worker-1] Excelente
[Worker-1] Competitivo
[Worker-1] Premium
[Worker-1] 
[Worker-1] (*) Precio referencial
[Worker-1] 
[Worker-1] Cmo se calcula este rango?
[Worker-1] 
[Worker-1] Te toca renovar tu SOAT?
[Worker-1] 
[Worker-1] Verifica el estado de tu SOAT aqu y evita multas.
[Worker-1] 
[Worker-1] Consultar SOAT
[Worker-1] Precio
[Worker-1] US$11,900
[Worker-1] Contctate con el anunciante
[Worker-1] Daniel Vento
[Worker-1] 971 675...
[Worker-1] Ms informacin
[Worker-1] Beneficios adicionales para ti:
[Worker-1] Solicita tu Prstamo Personal hasta de S/45,000
[Worker-1] Me interesa
[Worker-1] Seminuevos
[Worker-1] Autos
[Worker-1] Motos
[Worker-1] Camiones
[Worker-1] Usados
[Worker-1] Autos
[Worker-1] Motos
[Worker-1] Camiones
[Worker-1] Nuevos
[Worker-1] Autos
[Worker-1] Camiones
[Worker-1] Ayuda
[Worker-1] Trminos y condiciones
[Worker-1] Polticas de publicacin
[Worker-1] Cmo protegemos tus datos?
[Worker-1] Legales
[Worker-1] Sobre NeoAuto
[Worker-1] Noticias
[Worker-1] Tips y guas
[Worker-1] Ayuda en lnea
[Worker-1] 2024 NeoAuto Inc. Todos los derechos reservados
[Worker-1] Sguenos
[Worker-1] Descripcin: {"@context":"https://schema.org","@graph":[{"@type":"Organization","@id":"https://neoauto.com/#organ...
[Worker-1] nico dueo: No
[Worker-1] Datos guardados en: /home/richgutz/Scraper-Neoauto-ANTIGRAVITY/extractores/results_txt/diario_result_20260126_215529_652270.txt
[Worker-2] No se pudo cerrar el popup de satisfaccin
[Worker-2] Popups manejados POST-scroll
[Worker-2] Scroll adicional de confirmacin...
[Worker-6] Navegacin rpida (sin acciones)
[Worker-6] Paso 3/4: Filtro por Marca 'HONDA'...
[Worker-3] Intento 3: Popup no encontrado
[Worker-2] Ttulo: Hyundai Atos 2013
[Worker-6] Navegacin rpida (sin acciones)
[Worker-6] Paso 4/4: URL Final...
[Worker-2] Precio: S/ nan
[Worker-2] Kilometraje: 3.2002001234520133e+279 km
[Worker-2] Ubicacin: Arranca tu ao sobre ruedas!
[Worker-2] Sbete a tu prximo seminuevo, el auto que mereces.
[Worker-2] Arranca tu ao sobre ruedas!
[Worker-2] Sbete a tu prximo seminuevo, el auto que mereces.
[Worker-2] Arranca tu ao sobre ruedas!
[Worker-2] Sbete a tu prximo seminuevo, el auto que mereces.
[Worker-2] Arranca tu ao sobre ruedas!
[Worker-2] Sbete a tu prximo seminuevo, el auto que mereces.
[Worker-2] Iniciar sesin
[Worker-2] Quiero vender
[Worker-2] Comprar
[Worker-2] Quiero vender
[Worker-2] Financiamiento
[Worker-2] Alquilar
[Worker-2] Nuevo
[Worker-2] Seguros
[Worker-2] Eventos
[Worker-2] Publicidad
[Worker-2] Ver fotos
[Worker-2] Autos usados
[Worker-2] Hyundai
[Worker-2] Atos
[Worker-2] Hyundai Atos 2013
[Worker-2] Puente Piedra, Lima, Lima
[Worker-2] Publicado ayer
[Worker-2] 21 vistas
[Worker-2] Reportar aviso
[Worker-2] Compartir
[Worker-2] Marcar como favorito
[Worker-2] Hyundai Atos 2013
[Worker-2] Reportar aviso
[Worker-2] Compartir
[Worker-2] Marcar como favorito
[Worker-2] Ao modelo
[Worker-2] 2013
[Worker-2] Kilometraje
[Worker-2] 111,460 km
[Worker-2] Transmisin
[Worker-2] Mecnica
[Worker-2] Descripcin
[Worker-2] Auto en excelente estado, lunas polarizadas con nano cermico y laminas de seguridad, audio semiprofesional, cierre centralizado y alarma
[Worker-2] Te recomendamos:
[Worker-2] 
[Worker-2] Te toca renovar tu SOAT?
[Worker-2] 
[Worker-2] Verifica el estado de tu SOAT aqu y evita multas.
[Worker-2] 
[Worker-2] Consultar SOAT
[Worker-2] 
[Worker-2] Alquila autos con Kinto Share
[Worker-2] 
[Worker-2] Que nada frene tus aventuras. Seguro,flexible y con garantia.
[Worker-2] 
[Worker-2] Ver ms
[Worker-2] 
[Worker-2] Blog & Noticias
[Worker-2] 
[Worker-2] Entrate de las ltimas novedades del sector automotriz.
[Worker-2] 
[Worker-2] Ver ms
[Worker-2] Especificaciones tcnicas
[Worker-2] Caractersticas
[Worker-2] Marca
[Worker-2] Hyundai
[Worker-2] Modelo
[Worker-2] ATOS
[Worker-2] Ao de fabricacin
[Worker-2] 2013
[Worker-2] Categora
[Worker-2] Hatchback
[Worker-2] Combustible
[Worker-2] Dual
[Worker-2] Nmero de puertas
[Worker-2] 4
[Worker-2] Traccin
[Worker-2] Delantera
[Worker-2] Color
[Worker-2] Celeste
[Worker-2] Nmero cilindros
[Worker-2] 3
[Worker-2] Cilindrada
[Worker-2] 814 cc
[Worker-2] Equipamiento
[Worker-2] Neblineros
[Worker-2] Parlantes/Bajos
[Worker-2] Exterior
[Worker-2] Parrilla
[Worker-2] Seguridad
[Worker-2] Lminas de Seguridad
[Worker-2] Faros antiniebla delantero
[Worker-2] Alarma
[Worker-2] Precios y costos
[Worker-2] 
[Worker-2] An no tenemos suficiente informacin para determinar un rango de precio para este vehculo.
[Worker-2] 
[Worker-2] Excelente
[Worker-2] Competitivo
[Worker-2] Premium
[Worker-2] 
[Worker-2] (*) Precio referencial
[Worker-2] 
[Worker-2] Cmo se calcula este rango?
[Worker-2] 
[Worker-2] Te toca renovar tu SOAT?
[Worker-2] 
[Worker-2] Verifica el estado de tu SOAT aqu y evita multas.
[Worker-2] 
[Worker-2] Consultar SOAT
[Worker-2] Precio
[Worker-2] US$6,000
[Worker-2] Contctate con el anunciante
[Worker-2] Ronny Micha Aponte
[Worker-2] 942 661...
[Worker-2] Ms informacin
[Worker-2] Beneficios adicionales para ti:
[Worker-2] Solicita tu Prstamo Personal hasta de S/45,000
[Worker-2] Me interesa
[Worker-2] Seminuevos
[Worker-2] Autos
[Worker-2] Motos
[Worker-2] Camiones
[Worker-2] Usados
[Worker-2] Autos
[Worker-2] Motos
[Worker-2] Camiones
[Worker-2] Nuevos
[Worker-2] Autos
[Worker-2] Camiones
[Worker-2] Ayuda
[Worker-2] Trminos y condiciones
[Worker-2] Polticas de publicacin
[Worker-2] Cmo protegemos tus datos?
[Worker-2] Legales
[Worker-2] Sobre NeoAuto
[Worker-2] Noticias
[Worker-2] Tips y guas
[Worker-2] Ayuda en lnea
[Worker-2] 2024 NeoAuto Inc. Todos los derechos reservados
[Worker-2] Sguenos
[Worker-2] Descripcin: {"@context":"https://schema.org","@graph":[{"@type":"Organization","@id":"https://neoauto.com/#organ...
[Worker-2] nico dueo: No
[Worker-2] Datos guardados en: /home/richgutz/Scraper-Neoauto-ANTIGRAVITY/extractores/results_txt/diario_result_20260126_215532_3931f9.txt
[Worker-3] No se pudo cerrar el popup de satisfaccin
[Worker-3] Popups manejados POST-scroll
[Worker-3] Scroll adicional de confirmacin...
[Worker-1] URLs restantes en urls_autos_diarios: 35 | Procesadas en sesin: 10
[Worker-1] URL obtenida y bloqueada desde urls_autos_diarios: https://neoauto.com/auto/usado/volkswagen-amarok-2020-1863589
[Worker-1] 
[Worker-1] Iniciando extraccin para: https://neoauto.com/auto/usado/volkswagen-amarok-2020-1863589
[Worker-1] Iniciando navegacin...
[Worker-1] Marca extrada: 'volkswagen'
[Worker-1] Camino elegido (4 pasos).
[Worker-1] Paso 1/4: Pgina Principal...
[Worker-6] Scroll INICIAL para activar contenido...
[Worker-1] Navegacin rpida (sin acciones)
[Worker-1] Paso 2/4: Categora 'Usados'...
[Worker-2] URLs restantes en urls_autos_diarios: 34 | Procesadas en sesin: 10
[Worker-4] No apareci popup de cookies
[Worker-3] Ttulo: Jeep Compass 2022
[Worker-3] Precio: S/ nan
[Worker-3] Kilometraje: inf km
[Worker-3] Ubicacin: Arranca tu ao sobre ruedas!
[Worker-3] Sbete a tu prximo seminuevo, el auto que mereces.
[Worker-3] Arranca tu ao sobre ruedas!
[Worker-3] Sbete a tu prximo seminuevo, el auto que mereces.
[Worker-3] Arranca tu ao sobre ruedas!
[Worker-3] Sbete a tu prximo seminuevo, el auto que mereces.
[Worker-3] Arranca tu ao sobre ruedas!
[Worker-3] Sbete a tu prximo seminuevo, el auto que mereces.
[Worker-3] Iniciar sesin
[Worker-3] Quiero vender
[Worker-3] Comprar
[Worker-3] Quiero vender
[Worker-3] Financiamiento
[Worker-3] Alquilar
[Worker-3] Nuevo
[Worker-3] Seguros
[Worker-3] Eventos
[Worker-3] Publicidad
[Worker-3] Ver fotos
[Worker-3] Autos usados
[Worker-3] Jeep
[Worker-3] Compass
[Worker-3] Jeep Compass 2022
[Worker-3] Santa Anita, Lima, Lima
[Worker-3] Publicado hoy
[Worker-3] 11 vistas
[Worker-3] Reportar aviso
[Worker-3] Compartir
[Worker-3] Marcar como favorito
[Worker-3] Jeep Compass 2022
[Worker-3] Reportar aviso
[Worker-3] Compartir
[Worker-3] Marcar como favorito
[Worker-3] Ao modelo
[Worker-3] 2022
[Worker-3] Kilometraje
[Worker-3] 6,000 km
[Worker-3] Transmisin
[Worker-3] Mecnica
[Worker-3] Descripcin
[Worker-3] En venta Jeep Compass ao 2022 en excelente estado, vehiculo seminuevo con 6000 kilometros de recorrido. Uso particular, seminuevo.
[Worker-3] Combustible: Gasolina.
[Worker-3] Traccin: 4X2
[Worker-3] Motor: 2.4L
[Worker-3] Cuenta con todos los papeles en regla, abstenerse revendedores.
[Worker-3] ...
[Worker-3] Seguir leyendo
[Worker-3] Te recomendamos:
[Worker-3] 
[Worker-3] Te toca renovar tu SOAT?
[Worker-3] 
[Worker-3] Verifica el estado de tu SOAT aqu y evita multas.
[Worker-3] 
[Worker-3] Consultar SOAT
[Worker-3] 
[Worker-3] Alquila autos con Kinto Share
[Worker-3] 
[Worker-3] Que nada frene tus aventuras. Seguro,flexible y con garantia.
[Worker-3] 
[Worker-3] Ver ms
[Worker-3] 
[Worker-3] Blog & Noticias
[Worker-3] 
[Worker-3] Entrate de las ltimas novedades del sector automotriz.
[Worker-3] 
[Worker-3] Ver ms
[Worker-3] Especificaciones tcnicas
[Worker-3] Caractersticas
[Worker-3] Marca
[Worker-3] Jeep
[Worker-3] Modelo
[Worker-3] COMPASS
[Worker-3] Versin
[Worker-3] SPORT
[Worker-3] Ao de fabricacin
[Worker-3] 2021
[Worker-3] Categora
[Worker-3] Camioneta
[Worker-3] Combustible
[Worker-3] Gasolina
[Worker-3] Nmero de puertas
[Worker-3] 5
[Worker-3] Traccin
[Worker-3] 4x2
[Worker-3] Color
[Worker-3] Verde Petroleo
[Worker-3] Nmero cilindros
[Worker-3] 4
[Worker-3] Cilindrada
[Worker-3] 2,400 cc
[Worker-3] Equipamiento
[Worker-3] Retrovisores Elctricos
[Worker-3] Neblineros
[Worker-3] Aire Acondicionado
[Worker-3] Computadora de abordo
[Worker-3] Parlantes/Bajos
[Worker-3] Exterior
[Worker-3] Aros de Aleacin
[Worker-3] Seguridad
[Worker-3] Airbag
[Worker-3] Lminas de Seguridad
[Worker-3] Faros antiniebla delantero
[Worker-3] Inmovilizador de motor
[Worker-3] Repartidor electrnico de frenado
[Worker-3] Frenos ABS
[Worker-3] Alarma
[Worker-3] Extras
[Worker-3] Climatizador
[Worker-3] Precios y costos
[Worker-3] 
[Worker-3] An no tenemos suficiente informacin para determinar un rango de precio para este vehculo.
[Worker-3] 
[Worker-3] Excelente
[Worker-3] Competitivo
[Worker-3] Premium
[Worker-3] 
[Worker-3] (*) Precio referencial
[Worker-3] 
[Worker-3] Cmo se calcula este rango?
[Worker-3] 
[Worker-3] Te toca renovar tu SOAT?
[Worker-3] 
[Worker-3] Verifica el estado de tu SOAT aqu y evita multas.
[Worker-3] 
[Worker-3] Consultar SOAT
[Worker-3] Precio
[Worker-3] US$22,000
[Worker-3] Dscto. por adquirir el Crdito Vehicular
[Worker-3] -US$1,000*
[Worker-3] *Aplica si financias tu auto con Santander Consumer
[Worker-3] Contctate con el anunciante
[Worker-3] Josep Palacin
[Worker-3] 944 444...
[Worker-3] Ms informacin
[Worker-3] Beneficios adicionales para ti:
[Worker-3] La mejor opcin
[Worker-3] Financia tu auto con Santander Consumer
[Worker-3] 
[Worker-3] Paga desde:
[Worker-3] US$21,000 o
[Worker-3] US$593/mes*
[Worker-3] Simular crdito
[Worker-3] 
[Worker-3] (*) Cuota mensual referencial. Calculada a 60 meses, 20% de inicial y TEA de 20.99%. No incluye seguro vehicular.
[Worker-3] 
[Worker-3] Solicita tu Prstamo Personal hasta de S/45,000
[Worker-3] Me interesa
[Worker-3] Seminuevos
[Worker-3] Autos
[Worker-3] Motos
[Worker-3] Camiones
[Worker-3] Usados
[Worker-3] Autos
[Worker-3] Motos
[Worker-3] Camiones
[Worker-3] Nuevos
[Worker-3] Autos
[Worker-3] Camiones
[Worker-3] Ayuda
[Worker-3] Trminos y condiciones
[Worker-3] Polticas de publicacin
[Worker-3] Cmo protegemos tus datos?
[Worker-3] Legales
[Worker-3] Sobre NeoAuto
[Worker-3] Noticias
[Worker-3] Tips y guas
[Worker-3] Ayuda en lnea
[Worker-3] 2024 NeoAuto Inc. Todos los derechos reservados
[Worker-3] Sguenos
[Worker-2] URL obtenida y bloqueada desde urls_autos_diarios: https://neoauto.com/auto/usado/mitsubishi-xpander-cross-2025-1863550
[Worker-2] 
[Worker-2] Iniciando extraccin para: https://neoauto.com/auto/usado/mitsubishi-xpander-cross-2025-1863550
[Worker-2] Iniciando navegacin...
[Worker-2] Marca extrada: 'mitsubishi'
[Worker-2] Camino elegido (4 pasos).
[Worker-2] Paso 1/4: Pgina Principal...
[Worker-3] Descripcin: {"@context":"https://schema.org","@graph":[{"@type":"Organization","@id":"https://neoauto.com/#organ...
[Worker-3] nico dueo: No
[Worker-3] Datos guardados en: /home/richgutz/Scraper-Neoauto-ANTIGRAVITY/extractores/results_txt/diario_result_20260126_215535_b7ddfd.txt
[Worker-1] Navegacin rpida (sin acciones)
[Worker-1] Paso 3/4: Filtro por Marca 'VOLKSWAGEN'...
[Worker-4] Intento 1: Page.click: Timeout 1000ms exceeded.
[Worker-4] Call log:
[Worker-4] - waiting for locator("button[class*='close']").locator("svg").locator("xpath=./ancestor::button")
[Worker-4] 
[Worker-2] Navegacin rpida (sin acciones)
[Worker-2] Paso 2/4: Categora 'Usados'...
[Worker-1] Navegacin rpida (sin acciones)
[Worker-1] Paso 4/4: URL Final...
[Worker-4] Intento 2: Page.click: Timeout 1000ms exceeded.
[Worker-4] Call log:
[Worker-4] - waiting for locator("button[class*='close']").locator("svg").locator("xpath=./ancestor::button")
[Worker-4] 
[Worker-1] Scroll INICIAL para activar contenido...
[Worker-2] Navegacin rpida (sin acciones)
[Worker-2] Paso 3/4: Filtro por Marca 'MITSUBISHI'...
[Worker-3] URLs restantes en urls_autos_diarios: 33 | Procesadas en sesin: 10
[Worker-3] URL obtenida y bloqueada desde urls_autos_diarios: https://neoauto.com/auto/usado/volvo-s40-1998-1863578
[Worker-3] 
[Worker-3] Iniciando extraccin para: https://neoauto.com/auto/usado/volvo-s40-1998-1863578
[Worker-3] Iniciando navegacin...
[Worker-3] Marca extrada: 'volvo'
[Worker-3] Camino elegido (4 pasos).
[Worker-3] Paso 1/4: Pgina Principal...
[Worker-2] Navegacin rpida (sin acciones)
[Worker-2] Paso 4/4: URL Final...
[Worker-3] Navegacin rpida (sin acciones)
[Worker-3] Paso 2/4: Categora 'Usados'...
[Worker-2] Scroll INICIAL para activar contenido...
[Worker-3] Navegacin rpida (sin acciones)
[Worker-3] Paso 3/4: Filtro por Marca 'VOLVO'...
[Worker-3] Navegacin rpida (sin acciones)
[Worker-3] Paso 4/4: URL Final...
[Worker-3] Scroll INICIAL para activar contenido...
[Worker-6] No apareci popup de cookies
[Worker-5] Intento 1: Popup no encontrado
[Worker-6] Intento 1: Page.click: Timeout 1000ms exceeded.
[Worker-6] Call log:
[Worker-6] - waiting for locator("button[class*='close']").locator("svg").locator("xpath=./ancestor::button")
[Worker-6] 
[Worker-6] Intento 2: Page.click: Timeout 1000ms exceeded.
[Worker-6] Call log:
[Worker-6] - waiting for locator("button[class*='close']").locator("svg").locator("xpath=./ancestor::button")
[Worker-6] 
[Worker-5] Intento 2: Popup no encontrado
[Worker-1] No apareci popup de cookies
[Worker-1] Intento 1: Page.click: Timeout 1000ms exceeded.
[Worker-1] Call log:
[Worker-1] - waiting for locator("button[class*='close']").locator("svg").locator("xpath=./ancestor::button")
[Worker-1] 
[Worker-1] Intento 2: Page.click: Timeout 1000ms exceeded.
[Worker-1] Call log:
[Worker-1] - waiting for locator("button[class*='close']").locator("svg").locator("xpath=./ancestor::button")
[Worker-1] 
[Worker-2] No apareci popup de cookies
[Worker-4] Intento 1: Popup no encontrado
[Worker-2] Intento 1: Page.click: Timeout 1000ms exceeded.
[Worker-2] Call log:
[Worker-2] - waiting for locator("button[class*='close']").locator("svg").locator("xpath=./ancestor::button")
[Worker-2] 
[Worker-5] Intento 3: Popup no encontrado
[Worker-3] No apareci popup de cookies
[Worker-5] No se pudo cerrar el popup de satisfaccin
[Worker-5] Popups manejados POST-scroll
[Worker-5] Scroll adicional de confirmacin...
[Worker-2] Intento 2: Page.click: Timeout 1000ms exceeded.
[Worker-2] Call log:
[Worker-2] - waiting for locator("button[class*='close']").locator("svg").locator("xpath=./ancestor::button")
[Worker-2] 
[Worker-3] Intento 1: Page.click: Timeout 1000ms exceeded.
[Worker-3] Call log:
[Worker-3] - waiting for locator("button[class*='close']").locator("svg").locator("xpath=./ancestor::button")
[Worker-3] 
[Worker-5] Ttulo: Volkswagen Tiguan Allspace 2021
[Worker-5] Precio: S/ nan
[Worker-5] Kilometraje: inf km
[Worker-5] Ubicacin: Arranca tu ao sobre ruedas!
[Worker-5] Sbete a tu prximo seminuevo, el auto que mereces.
[Worker-5] Arranca tu ao sobre ruedas!
[Worker-5] Sbete a tu prximo seminuevo, el auto que mereces.
[Worker-5] Arranca tu ao sobre ruedas!
[Worker-5] Sbete a tu prximo seminuevo, el auto que mereces.
[Worker-5] Arranca tu ao sobre ruedas!
[Worker-5] Sbete a tu prximo seminuevo, el auto que mereces.
[Worker-5] Iniciar sesin
[Worker-5] Quiero vender
[Worker-5] Comprar
[Worker-5] Quiero vender
[Worker-5] Financiamiento
[Worker-5] Alquilar
[Worker-5] Nuevo
[Worker-5] Seguros
[Worker-5] Eventos
[Worker-5] Publicidad
[Worker-5] Ver fotos
[Worker-5] Autos usados
[Worker-5] Volkswagen
[Worker-5] Tiguan Allspace
[Worker-5] Volkswagen Tiguan Allspace 2021
[Worker-5] Jesus Maria, Lima, Lima
[Worker-5] Publicado hoy
[Worker-5] 3 vistas
[Worker-5] Reportar aviso
[Worker-5] Compartir
[Worker-5] Marcar como favorito
[Worker-5] Volkswagen Tiguan Allspace 2021
[Worker-5] Reportar aviso
[Worker-5] Compartir
[Worker-5] Marcar como favorito
[Worker-5] Ao modelo
[Worker-5] 2021
[Worker-5] Kilometraje
[Worker-5] 55,000 km
[Worker-5] Transmisin
[Worker-5] Automtica - Secuencial
[Worker-5] Descripcin
[Worker-5] Vendo Volkswagen Tiguan All Space 2021, nico dueo, en excelente estado mecnico y esttico, todos los mantenimientos al da, lunas y pestillos elctricos, motor eficiente y potente, amplio espacio interior ideal para familia y viajes, manejo cmodo...
[Worker-5] Seguir leyendo
[Worker-5] Te recomendamos:
[Worker-5] 
[Worker-5] Te toca renovar tu SOAT?
[Worker-5] 
[Worker-5] Verifica el estado de tu SOAT aqu y evita multas.
[Worker-5] 
[Worker-5] Consultar SOAT
[Worker-5] 
[Worker-5] Alquila autos con Kinto Share
[Worker-5] 
[Worker-5] Que nada frene tus aventuras. Seguro,flexible y con garantia.
[Worker-5] 
[Worker-5] Ver ms
[Worker-5] 
[Worker-5] Blog & Noticias
[Worker-5] 
[Worker-5] Entrate de las ltimas novedades del sector automotriz.
[Worker-5] 
[Worker-5] Ver ms
[Worker-5] Especificaciones tcnicas
[Worker-5] Caractersticas
[Worker-5] Marca
[Worker-5] Volkswagen
[Worker-5] Modelo
[Worker-5] TIGUAN ALLSPACE
[Worker-5] Ao de fabricacin
[Worker-5] 2021
[Worker-5] Categora
[Worker-5] Camioneta
[Worker-5] Combustible
[Worker-5] Gasolina
[Worker-5] Nmero de puertas
[Worker-5] 5
[Worker-5] Traccin
[Worker-5] AWD
[Worker-5] Color
[Worker-5] Azul
[Worker-5] Nmero cilindros
[Worker-5] 4
[Worker-5] Cilindrada
[Worker-5] 2,000 cc
[Worker-5] Equipamiento
[Worker-5] Retrovisores Elctricos
[Worker-5] Neblineros
[Worker-5] Aire Acondicionado
[Worker-5] Computadora de abordo
[Worker-5] Parlantes/Bajos
[Worker-5] Exterior
[Worker-5] Aros
[Worker-5] Parrilla
[Worker-5] Seguridad
[Worker-5] Airbag
[Worker-5] Lminas de Seguridad
[Worker-5] Faros antiniebla delantero
[Worker-5] Faros antiniebla traseros
[Worker-5] Frenos ABS
[Worker-5] Alarma
[Worker-5] Extras
[Worker-5] Climatizador
[Worker-5] Precios y costos
[Worker-5] 
[Worker-5] Este aviso
[Worker-5] 
[Worker-5] US$25,000
[Worker-5] 
[Worker-5] Precio de mercado
[Worker-5] 
[Worker-5] US$21,375*
[Worker-5] 
[Worker-5] Excelente
[Worker-5] Competitivo
[Worker-5] Premium
[Worker-5] 
[Worker-5] (*) Precio referencial
[Worker-5] 
[Worker-5] Cmo se calcula este rango?
[Worker-5] 
[Worker-5] Te toca renovar tu SOAT?
[Worker-5] 
[Worker-5] Verifica el estado de tu SOAT aqu y evita multas.
[Worker-5] 
[Worker-5] Consultar SOAT
[Worker-5] Precio
[Worker-5] US$25,000
[Worker-5] Dscto. por adquirir el Crdito Vehicular
[Worker-5] -US$1,000*
[Worker-5] *Aplica si financias tu auto con Santander Consumer
[Worker-5] Contctate con el anunciante
[Worker-5] Fiorella Carrasco
[Worker-5] 940 246...
[Worker-5] Ms informacin
[Worker-5] Beneficios adicionales para ti:
[Worker-5] La mejor opcin
[Worker-5] Financia tu auto con Santander Consumer
[Worker-5] 
[Worker-5] Paga desde:
[Worker-5] US$24,000 o
[Worker-5] US$672/mes*
[Worker-5] Simular crdito
[Worker-5] 
[Worker-5] (*) Cuota mensual referencial. Calculada a 60 meses, 20% de inicial y TEA de 20.99%. No incluye seguro vehicular.
[Worker-5] 
[Worker-5] Solicita tu Prstamo Personal hasta de S/45,000
[Worker-5] Me interesa
[Worker-5] Vehculos similares
[Worker-5] Ver todos los vehculos
[Worker-5] Servicio Concesionario
[Worker-5] Volkswagen Tiguan Allspace 2022
[Worker-5] 75,000km
[Worker-5] LIFE 250TSI
[Worker-5] Automtica - Se...
[Worker-5] Gasolina
[Worker-5] Precio
[Worker-5] US$22,500
[Worker-5] Con Crdito Vehicular
[Worker-5] US$606/mes
[Worker-5] Ver detalle
[Worker-5] Vehculo de: Manuel Bryan Ruiz
[Worker-5] Volkswagen Tiguan Allspace 2019
[Worker-5] 66,500km
[Worker-5] Automtica - Se...
[Worker-5] Gasolina
[Worker-5] Precio
[Worker-5] US$19,100
[Worker-5] Con Crdito Vehicular
[Worker-5] US$18,100
[Worker-5] Ver detalle
[Worker-5] Vehculo de: juan carlos onofre
[Worker-5] Volkswagen Tiguan Allspace 2020
[Worker-5] 60,000km
[Worker-5] Automtica - Se...
[Worker-5] Gasolina
[Worker-5] Precio
[Worker-5] US$20,000
[Worker-5] Con Crdito Vehicular
[Worker-5] US$19,000
[Worker-5] Ver detalle
[Worker-5] Vehculo de: CESAR SOTOMAYOR
[Worker-5] Volkswagen Tiguan Allspace 2018
[Worker-5] 103,000km
[Worker-5] HIGHLINE 2.0 AT
[Worker-5] Automtica
[Worker-5] Gasolina
[Worker-5] Precio
[Worker-5] US$19,500
[Worker-5] Con Crdito Vehicular
[Worker-5] US$18,500
[Worker-5] Ver detalle
[Worker-5] Vehculo de: Paloma Oliart Ali
[Worker-5] Volkswagen Tiguan Allspace 2018
[Worker-5] 40,000km
[Worker-5] COMFORTLINE 2.0...
[Worker-5] Automtica - Se...
[Worker-5] Gasolina
[Worker-5] Precio
[Worker-5] US$21,000
[Worker-5] Con Crdito Vehicular
[Worker-5] US$754/mes
[Worker-5] Ver detalle
[Worker-5] Vehculo de: Katheryn silva
[Worker-5] Volkswagen Tiguan Allspace 2018
[Worker-5] 70,500km
[Worker-5] TRENDLINE 1.4T ...
[Worker-5] Automtica
[Worker-5] Gasolina
[Worker-5] Precio
[Worker-5] US$16,880
[Worker-5] Con Crdito Vehicular
[Worker-5] US$803/mes
[Worker-5] Ver detalle
[Worker-5] Vehculo de: david garcia o
[Worker-5] Vendo por viaje
[Worker-5] Volkswagen Touareg 2007
[Worker-5] 165,000km
[Worker-5] 3.6 V6 GASOLINA...
[Worker-5] Automtica - Se...
[Worker-5] Gasolina
[Worker-5] Precio
[Worker-5] US$12,000
[Worker-5] Ver detalle
[Worker-5] Vehculo de: MATIAS SN
[Worker-5] Volkswagen Touareg 2019
[Worker-5] 110,754km
[Worker-5] 3.0L T V6
[Worker-5] Automtica - Se...
[Worker-5] Gasolina
[Worker-5] Precio
[Worker-5] US$37,900
[Worker-5] Con Crdito Vehicular
[Worker-5] US$1,351/mes
[Worker-5] Ver detalle
[Worker-5] Vehculo de: Mauricio Oblitas
[Worker-5] Seminuevos
[Worker-5] Autos
[Worker-5] Motos
[Worker-5] Camiones
[Worker-5] Usados
[Worker-5] Autos
[Worker-5] Motos
[Worker-5] Camiones
[Worker-5] Nuevos
[Worker-5] Autos
[Worker-5] Camiones
[Worker-5] Ayuda
[Worker-5] Trminos y condiciones
[Worker-5] Polticas de publicacin
[Worker-5] Cmo protegemos tus datos?
[Worker-5] Legales
[Worker-5] Sobre NeoAuto
[Worker-5] Noticias
[Worker-5] Tips y guas
[Worker-5] Ayuda en lnea
[Worker-5] 2024 NeoAuto Inc. Todos los derechos reservados
[Worker-5] Sguenos
[Worker-5] Descripcin: {"@context":"https://schema.org","@graph":[{"@type":"Organization","@id":"https://neoauto.com/#organ...
[Worker-5] nico dueo: S
[Worker-5] Datos guardados en: /home/richgutz/Scraper-Neoauto-ANTIGRAVITY/extractores/results_txt/diario_result_20260126_215601_0ccddb.txt
[Worker-3] Intento 2: Page.click: Timeout 1000ms exceeded.
[Worker-3] Call log:
[Worker-3] - waiting for locator("button[class*='close']").locator("svg").locator("xpath=./ancestor::button")
[Worker-3] 
[Worker-4] Intento 2: Popup no encontrado
[Worker-5] URL obtenida y bloqueada desde urls_autos_diarios: https://neoauto.com/auto/usado/volvo-s60-2016-1863483
[Worker-5] 
[Worker-5] Iniciando extraccin para: https://neoauto.com/auto/usado/volvo-s60-2016-1863483
[Worker-5] Iniciando navegacin...
[Worker-5] Marca extrada: 'volvo'
[Worker-5] Camino elegido (4 pasos).
[Worker-5] Paso 1/4: Pgina Principal...
[Worker-5] Navegacin rpida (sin acciones)
[Worker-5] Paso 2/4: Categora 'Usados'...
[Worker-5] Navegacin rpida (sin acciones)
[Worker-5] Paso 3/4: Filtro por Marca 'VOLVO'...
[Worker-4] Intento 3: Popup no encontrado
[Worker-5] Navegacin rpida (sin acciones)
[Worker-5] Paso 4/4: URL Final...
[Worker-4] No se pudo cerrar el popup de satisfaccin
[Worker-4] Popups manejados POST-scroll
[Worker-4] Scroll adicional de confirmacin...
[Worker-5] Scroll INICIAL para activar contenido...
[Worker-6] Intento 1: Popup no encontrado
[Worker-4] Ttulo: Jeep Patriot 2013
[Worker-4] Precio: S/ nan
[Worker-4] Kilometraje: 3.2002001234520132e+299 km
[Worker-4] Ubicacin: Arranca tu ao sobre ruedas!
[Worker-4] Sbete a tu prximo seminuevo, el auto que mereces.
[Worker-4] Arranca tu ao sobre ruedas!
[Worker-4] Sbete a tu prximo seminuevo, el auto que mereces.
[Worker-4] Arranca tu ao sobre ruedas!
[Worker-4] Sbete a tu prximo seminuevo, el auto que mereces.
[Worker-4] Arranca tu ao sobre ruedas!
[Worker-4] Sbete a tu prximo seminuevo, el auto que mereces.
[Worker-4] Iniciar sesin
[Worker-4] Quiero vender
[Worker-4] Comprar
[Worker-4] Quiero vender
[Worker-4] Financiamiento
[Worker-4] Alquilar
[Worker-4] Nuevo
[Worker-4] Seguros
[Worker-4] Eventos
[Worker-4] Publicidad
[Worker-4] Ver fotos
[Worker-4] Autos usados
[Worker-4] Jeep
[Worker-4] Patriot
[Worker-4] Jeep Patriot 2013
[Worker-4] Santiago de Surco, Lima, Lima
[Worker-4] Publicado hoy
[Worker-4] 5 vistas
[Worker-4] Reportar aviso
[Worker-4] Compartir
[Worker-4] Marcar como favorito
[Worker-4] Jeep Patriot 2013
[Worker-4] Reportar aviso
[Worker-4] Compartir
[Worker-4] Marcar como favorito
[Worker-4] Ao modelo
[Worker-4] 2013
[Worker-4] Kilometraje
[Worker-4] 116,000 km
[Worker-4] Transmisin
[Worker-4] Mecnica
[Worker-4] Descripcin
[Worker-4] Camioneta en excelente estado, nico dueo, con mantenimiento y Soat al da, cuenta con full equipo, lunas y pestillos elctricos.
[Worker-4] Te recomendamos:
[Worker-4] 
[Worker-4] Te toca renovar tu SOAT?
[Worker-4] 
[Worker-4] Verifica el estado de tu SOAT aqu y evita multas.
[Worker-4] 
[Worker-4] Consultar SOAT
[Worker-4] 
[Worker-4] Alquila autos con Kinto Share
[Worker-4] 
[Worker-4] Que nada frene tus aventuras. Seguro,flexible y con garantia.
[Worker-4] 
[Worker-4] Ver ms
[Worker-4] 
[Worker-4] Blog & Noticias
[Worker-4] 
[Worker-4] Entrate de las ltimas novedades del sector automotriz.
[Worker-4] 
[Worker-4] Ver ms
[Worker-4] Especificaciones tcnicas
[Worker-4] Caractersticas
[Worker-4] Marca
[Worker-4] Jeep
[Worker-4] Modelo
[Worker-4] PATRIOT
[Worker-4] Versin
[Worker-4] 2.4 4X4
[Worker-4] Versin
[Worker-4] 2.4 4X4
[Worker-4] Ao de fabricacin
[Worker-4] 2012
[Worker-4] Categora
[Worker-4] Camioneta
[Worker-4] Combustible
[Worker-4] Gasolina
[Worker-4] Nmero de puertas
[Worker-4] 4
[Worker-4] Traccin
[Worker-4] 4x4
[Worker-4] Color
[Worker-4] Gris Oscuro
[Worker-4] Nmero cilindros
[Worker-4] 4
[Worker-4] Cilindrada
[Worker-4] 2,400 cc
[Worker-4] Equipamiento
[Worker-4] Retrovisores Elctricos
[Worker-4] Aire Acondicionado
[Worker-4] Full Equipo
[Worker-4] Parlantes/Bajos
[Worker-4] Radio CD
[Worker-4] Radio MP3
[Worker-4] Exterior
[Worker-4] Aros
[Worker-4] Aros de Aleacin
[Worker-4] Seguridad
[Worker-4] Airbag
[Worker-4] Lminas de Seguridad
[Worker-4] Repartidor electrnico de frenado
[Worker-4] Frenos ABS
[Worker-4] Alarma
[Worker-4] Extras
[Worker-4] Asientos de cuero
[Worker-4] Climatizador
[Worker-4] Precios y costos
[Worker-4] 
[Worker-4] An no tenemos suficiente informacin para determinar un rango de precio para este vehculo.
[Worker-4] 
[Worker-4] Excelente
[Worker-4] Competitivo
[Worker-4] Premium
[Worker-4] 
[Worker-4] (*) Precio referencial
[Worker-4] 
[Worker-4] Cmo se calcula este rango?
[Worker-4] 
[Worker-4] Te toca renovar tu SOAT?
[Worker-4] 
[Worker-4] Verifica el estado de tu SOAT aqu y evita multas.
[Worker-4] 
[Worker-4] Consultar SOAT
[Worker-4] Precio
[Worker-4] US$14,500
[Worker-4] Contctate con el anunciante
[Worker-4] Juan Diego Cornejo
[Worker-4] 945 998...
[Worker-4] Ms informacin
[Worker-4] Beneficios adicionales para ti:
[Worker-4] Solicita tu Prstamo Personal hasta de S/45,000
[Worker-4] Me interesa
[Worker-4] Seminuevos
[Worker-4] Autos
[Worker-4] Motos
[Worker-4] Camiones
[Worker-4] Usados
[Worker-4] Autos
[Worker-4] Motos
[Worker-4] Camiones
[Worker-4] Nuevos
[Worker-4] Autos
[Worker-4] Camiones
[Worker-4] Ayuda
[Worker-4] Trminos y condiciones
[Worker-4] Polticas de publicacin
[Worker-4] Cmo protegemos tus datos?
[Worker-4] Legales
[Worker-4] Sobre NeoAuto
[Worker-4] Noticias
[Worker-4] Tips y guas
[Worker-4] Ayuda en lnea
[Worker-4] 2024 NeoAuto Inc. Todos los derechos reservados
[Worker-4] Sguenos
[Worker-4] Descripcin: {"@context":"https://schema.org","@graph":[{"@type":"Organization","@id":"https://neoauto.com/#organ...
[Worker-4] nico dueo: No
[Worker-4] Datos guardados en: /home/richgutz/Scraper-Neoauto-ANTIGRAVITY/extractores/results_txt/diario_result_20260126_215611_cb1d41.txt
[Worker-6] Intento 2: Popup no encontrado
[Worker-1] Intento 1: Popup no encontrado
[Worker-4] URL obtenida y bloqueada desde urls_autos_diarios: https://neoauto.com/auto/usado/kia-cerato-2019-1863497
[Worker-4] 
[Worker-4] Iniciando extraccin para: https://neoauto.com/auto/usado/kia-cerato-2019-1863497
[Worker-4] Iniciando navegacin...
[Worker-4] Marca extrada: 'kia'
[Worker-4] Camino elegido (4 pasos).
[Worker-4] Paso 1/4: Pgina Principal...
[Worker-4] Navegacin rpida (sin acciones)
[Worker-4] Paso 2/4: Categora 'Usados'...
[Worker-4] Navegacin rpida (sin acciones)
[Worker-4] Paso 3/4: Filtro por Marca 'KIA'...
[Worker-4] Navegacin rpida (sin acciones)
[Worker-4] Paso 4/4: URL Final...
[Worker-2] Intento 1: Popup no encontrado
[Worker-6] Intento 3: Popup no encontrado
[Worker-4] Scroll INICIAL para activar contenido...
[Worker-6] No se pudo cerrar el popup de satisfaccin
[Worker-6] Popups manejados POST-scroll
[Worker-6] Scroll adicional de confirmacin...
[Worker-1] Intento 2: Popup no encontrado
[Worker-5] No apareci popup de cookies
[Worker-3] Intento 1: Popup no encontrado
[Worker-5] Intento 1: Page.click: Timeout 1000ms exceeded.
[Worker-5] Call log:
[Worker-5] - waiting for locator("button[class*='close']").locator("svg").locator("xpath=./ancestor::button")
[Worker-5] 
[Worker-6] Ttulo: Honda Pilot 2015
[Worker-6] Precio: S/ nan
[Worker-6] Kilometraje: inf km
[Worker-6] Ubicacin: Arranca tu ao sobre ruedas!
[Worker-6] Sbete a tu prximo seminuevo, el auto que mereces.
[Worker-6] Arranca tu ao sobre ruedas!
[Worker-6] Sbete a tu prximo seminuevo, el auto que mereces.
[Worker-6] Arranca tu ao sobre ruedas!
[Worker-6] Sbete a tu prximo seminuevo, el auto que mereces.
[Worker-6] Arranca tu ao sobre ruedas!
[Worker-6] Sbete a tu prximo seminuevo, el auto que mereces.
[Worker-6] Iniciar sesin
[Worker-6] Quiero vender
[Worker-6] Comprar
[Worker-6] Quiero vender
[Worker-6] Financiamiento
[Worker-6] Alquilar
[Worker-6] Nuevo
[Worker-6] Seguros
[Worker-6] Eventos
[Worker-6] Publicidad
[Worker-6] Ver fotos
[Worker-6] Autos usados
[Worker-6] Honda
[Worker-6] Pilot
[Worker-6] Honda Pilot 2015
[Worker-6] Ate, Lima, Lima
[Worker-6] Publicado ayer
[Worker-6] 36 vistas
[Worker-6] Reportar aviso
[Worker-6] Compartir
[Worker-6] Marcar como favorito
[Worker-6] Honda Pilot 2015
[Worker-6] Reportar aviso
[Worker-6] Compartir
[Worker-6] Marcar como favorito
[Worker-6] Ao modelo
[Worker-6] 2015
[Worker-6] Kilometraje
[Worker-6] 220,000 km
[Worker-6] Transmisin
[Worker-6] Automtica
[Worker-6] Descripcin
[Worker-6] Camioneta en buen estado ,dual,gasolina y gas,todo operativo ,SOAT y revisin tcnica vigentes ,pueden verla y negociar el precio
[Worker-6] Te recomendamos:
[Worker-6] 
[Worker-6] Te toca renovar tu SOAT?
[Worker-6] 
[Worker-6] Verifica el estado de tu SOAT aqu y evita multas.
[Worker-6] 
[Worker-6] Consultar SOAT
[Worker-6] 
[Worker-6] Alquila autos con Kinto Share
[Worker-6] 
[Worker-6] Que nada frene tus aventuras. Seguro,flexible y con garantia.
[Worker-6] 
[Worker-6] Ver ms
[Worker-6] 
[Worker-6] Blog & Noticias
[Worker-6] 
[Worker-6] Entrate de las ltimas novedades del sector automotriz.
[Worker-6] 
[Worker-6] Ver ms
[Worker-6] Especificaciones tcnicas
[Worker-6] Caractersticas
[Worker-6] Marca
[Worker-6] Honda
[Worker-6] Modelo
[Worker-6] PILOT
[Worker-6] Versin
[Worker-6] 4X2
[Worker-6] Ao de fabricacin
[Worker-6] 2015
[Worker-6] Categora
[Worker-6] Camioneta
[Worker-6] Combustible
[Worker-6] Dual
[Worker-6] Nmero de puertas
[Worker-6] 5
[Worker-6] Traccin
[Worker-6] 4x2
[Worker-6] Color
[Worker-6] Azul
[Worker-6] Cilindrada
[Worker-6] 35 cc
[Worker-6] Equipamiento
[Worker-6] Retrovisores Elctricos
[Worker-6] Neblineros
[Worker-6] Aire Acondicionado
[Worker-6] Computadora de abordo
[Worker-6] Parlantes/Bajos
[Worker-6] Radio CD
[Worker-6] Radio MP3
[Worker-6] Exterior
[Worker-6] Aros de Aleacin
[Worker-6] Luces Halgenas
[Worker-6] Seguridad
[Worker-6] Airbag
[Worker-6] Frenos ABS
[Worker-6] Extras
[Worker-6] Asientos de cuero
[Worker-6] Precios y costos
[Worker-6] 
[Worker-6] An no tenemos suficiente informacin para determinar un rango de precio para este vehculo.
[Worker-6] 
[Worker-6] Excelente
[Worker-6] Competitivo
[Worker-6] Premium
[Worker-6] 
[Worker-6] (*) Precio referencial
[Worker-6] 
[Worker-6] Cmo se calcula este rango?
[Worker-6] 
[Worker-6] Te toca renovar tu SOAT?
[Worker-6] 
[Worker-6] Verifica el estado de tu SOAT aqu y evita multas.
[Worker-6] 
[Worker-6] Consultar SOAT
[Worker-6] Precio
[Worker-6] US$14,500
[Worker-6] Contctate con el anunciante
[Worker-6] Frank Loayza Soto
[Worker-6] 957 603...
[Worker-6] Ms informacin
[Worker-6] Beneficios adicionales para ti:
[Worker-6] Solicita tu Prstamo Personal hasta de S/45,000
[Worker-6] Me interesa
[Worker-6] Vehculos similares
[Worker-6] Ver todos los vehculos
[Worker-6] Unico Dueo
[Worker-6] Honda Pilot 2022
[Worker-6] 61,000km
[Worker-6] TOURING
[Worker-6] Automtica - Se...
[Worker-6] Gasolina
[Worker-6] Precio
[Worker-6] US$35,000
[Worker-6] Con Crdito Vehicular
[Worker-6] US$34,000
[Worker-6] Ver detalle
[Worker-6] Vehculo de: Dante felices yupa
[Worker-6] Honda Hrv 2022
[Worker-6] 17,500km
[Worker-6] Automtica
[Worker-6] Gasolina
[Worker-6] Precio
[Worker-6] US$20,500
[Worker-6] Con Crdito Vehicular
[Worker-6] US$553/mes
[Worker-6] Ver detalle
[Worker-6] Vehculo de: Julie Vergara Sols
[Worker-6] Auto verificado
[Worker-6] Premium
[Worker-6] Honda Wr-V 2018
[Worker-6] 83,000km
[Worker-6] EX CVT
[Worker-6] Automtica
[Worker-6] Gasolina
[Worker-6] Precio
[Worker-6] US$11,900
[Worker-6] Con Crdito Vehicular
[Worker-6] US$10,900
[Worker-6] Ver detalle
[Worker-6] Vehculo de: Magda Llaja Lpez
[Worker-6] De lujo
[Worker-6] Honda Cr-V 2019
[Worker-6] 62,000km
[Worker-6] EXL-T 4X4 AT
[Worker-6] Automtica
[Worker-6] Gasolina
[Worker-6] Precio
[Worker-6] US$23,000
[Worker-6] Con Crdito Vehicular
[Worker-6] US$22,000
[Worker-6] Ver detalle
[Worker-6] Vehculo de: Luis Pretell
[Worker-6] Honda Wr-V 2019
[Worker-6] 79,982km
[Worker-6] EX CVT
[Worker-6] Mecnica
[Worker-6] Gasolina
[Worker-6] Precio
[Worker-6] US$13,500
[Worker-6] Con Crdito Vehicular
[Worker-6] US$12,500
[Worker-6] Ver detalle
[Worker-6] Vehculo de: pedro bloombergg
[Worker-6] Unico Dueo
[Worker-6] Honda Hrv 2019
[Worker-6] 45,500km
[Worker-6] MT
[Worker-6] Mecnica
[Worker-6] Gasolina
[Worker-6] Precio
[Worker-6] US$18,000
[Worker-6] Con Crdito Vehicular
[Worker-6] US$17,000
[Worker-6] Ver detalle
[Worker-6] Vehculo de: Karen Garcia
[Worker-6] Honda Cr-V 2023
[Worker-6] 44,000km
[Worker-6] EXL
[Worker-6] Automtica
[Worker-6] Gasolina
[Worker-6] Precio
[Worker-6] US$36,300
[Worker-6] Con Crdito Vehicular
[Worker-6] US$35,300
[Worker-6] Ver detalle
[Worker-6] Vehculo de: EDWARD ZEGARRA
[Worker-6] Honda Wr-V 2019
[Worker-6] 40,300km
[Worker-6] Mecnica
[Worker-6] Gasolina
[Worker-6] Precio
[Worker-6] US$14,000
[Worker-6] Con Crdito Vehicular
[Worker-6] US$507/mes
[Worker-6] Ver detalle
[Worker-6] Vehculo de: Heydin Retegui
[Worker-6] Seminuevos
[Worker-6] Autos
[Worker-6] Motos
[Worker-6] Camiones
[Worker-6] Usados
[Worker-6] Autos
[Worker-6] Motos
[Worker-6] Camiones
[Worker-6] Nuevos
[Worker-6] Autos
[Worker-6] Camiones
[Worker-6] Ayuda
[Worker-6] Trminos y condiciones
[Worker-6] Polticas de publicacin
[Worker-6] Cmo protegemos tus datos?
[Worker-6] Legales
[Worker-6] Sobre NeoAuto
[Worker-6] Noticias
[Worker-6] Tips y guas
[Worker-6] Ayuda en lnea
[Worker-6] 2024 NeoAuto Inc. Todos los derechos reservados
[Worker-6] Sguenos
[Worker-6] Descripcin: {"@context":"https://schema.org","@graph":[{"@type":"Organization","@id":"https://neoauto.com/#organ...
[Worker-6] nico dueo: S
[Worker-6] Datos guardados en: /home/richgutz/Scraper-Neoauto-ANTIGRAVITY/extractores/results_txt/diario_result_20260126_215622_d732a5.txt
[Worker-5] Intento 2: Page.click: Timeout 1000ms exceeded.
[Worker-5] Call log:
[Worker-5] - waiting for locator("button[class*='close']").locator("svg").locator("xpath=./ancestor::button")
[Worker-5] 
[Worker-2] Intento 2: Popup no encontrado
[Worker-1] Intento 3: Popup no encontrado
[Worker-3] Intento 2: Popup no encontrado
[Worker-1] No se pudo cerrar el popup de satisfaccin
[Worker-1] Popups manejados POST-scroll
[Worker-1] Scroll adicional de confirmacin...
[Worker-6] URL obtenida y bloqueada desde urls_autos_diarios: https://neoauto.com/auto/usado/ford-explorer-2019-1863507
[Worker-6] 
[Worker-6] Iniciando extraccin para: https://neoauto.com/auto/usado/ford-explorer-2019-1863507
[Worker-6] Iniciando navegacin...
[Worker-6] Marca extrada: 'ford'
[Worker-6] Camino elegido (4 pasos).
[Worker-6] Paso 1/4: Pgina Principal...
[Worker-6] Navegacin rpida (sin acciones)
[Worker-6] Paso 2/4: Categora 'Usados'...
[Worker-2] Intento 3: Popup no encontrado
[Worker-6] Navegacin rpida (sin acciones)
[Worker-6] Paso 3/4: Filtro por Marca 'FORD'...
[Worker-1] Ttulo: Volkswagen Amarok 2020
[Worker-1] Precio: S/ nan
[Worker-1] Kilometraje: inf km
[Worker-1] Ubicacin: Arranca tu ao sobre ruedas!
[Worker-1] Sbete a tu prximo seminuevo, el auto que mereces.
[Worker-1] Arranca tu ao sobre ruedas!
[Worker-1] Sbete a tu prximo seminuevo, el auto que mereces.
[Worker-1] Arranca tu ao sobre ruedas!
[Worker-1] Sbete a tu prximo seminuevo, el auto que mereces.
[Worker-1] Arranca tu ao sobre ruedas!
[Worker-1] Sbete a tu prximo seminuevo, el auto que mereces.
[Worker-1] Iniciar sesin
[Worker-1] Quiero vender
[Worker-1] Comprar
[Worker-1] Quiero vender
[Worker-1] Financiamiento
[Worker-1] Alquilar
[Worker-1] Nuevo
[Worker-1] Seguros
[Worker-1] Eventos
[Worker-1] Publicidad
[Worker-1] Ver fotos
[Worker-1] Autos usados
[Worker-1] Volkswagen
[Worker-1] Amarok
[Worker-1] Volkswagen Amarok 2020
[Worker-1] Yanahuara, Arequipa, Arequipa
[Worker-1] Publicado hoy
[Worker-1] 0 vistas
[Worker-1] Reportar aviso
[Worker-1] Compartir
[Worker-1] Marcar como favorito
[Worker-1] Volkswagen Amarok 2020
[Worker-1] Reportar aviso
[Worker-1] Compartir
[Worker-1] Marcar como favorito
[Worker-1] Ao modelo
[Worker-1] 2020
[Worker-1] Kilometraje
[Worker-1] 82,300 km
[Worker-1] Transmisin
[Worker-1] Automtica
[Worker-1] Descripcin
[Worker-1] Vendo mi camioneta Amarok muy bien cuidada, usada en ciudad no minera, no viajes interprovinciales, petrolera alto rendimiento , 550 km. Tanqueada. SOAT y Revisin Tcnica vigente hasta agosto del 2026. Todo Ok. 0 choques lista para transferencia veh...
[Worker-1] Seguir leyendo
[Worker-1] Te recomendamos:
[Worker-1] 
[Worker-1] Te toca renovar tu SOAT?
[Worker-1] 
[Worker-1] Verifica el estado de tu SOAT aqu y evita multas.
[Worker-1] 
[Worker-1] Consultar SOAT
[Worker-1] 
[Worker-1] Alquila autos con Kinto Share
[Worker-1] 
[Worker-1] Que nada frene tus aventuras. Seguro,flexible y con garantia.
[Worker-1] 
[Worker-1] Ver ms
[Worker-1] 
[Worker-1] Blog & Noticias
[Worker-1] 
[Worker-1] Entrate de las ltimas novedades del sector automotriz.
[Worker-1] 
[Worker-1] Ver ms
[Worker-1] Especificaciones tcnicas
[Worker-1] Caractersticas
[Worker-1] Marca
[Worker-1] Volkswagen
[Worker-1] Modelo
[Worker-1] AMAROK
[Worker-1] Ao de fabricacin
[Worker-1] 2019
[Worker-1] Categora
[Worker-1] Pick Up
[Worker-1] Combustible
[Worker-1] Diesel
[Worker-1] Nmero de puertas
[Worker-1] 4
[Worker-1] Traccin
[Worker-1] 4 Motion
[Worker-1] Color
[Worker-1] Blanco Fuji
[Worker-1] Nmero cilindros
[Worker-1] 4
[Worker-1] Cilindrada
[Worker-1] 2,000 cc
[Worker-1] Equipamiento
[Worker-1] Retrovisores Elctricos
[Worker-1] Neblineros
[Worker-1] Aire Acondicionado
[Worker-1] Full Equipo
[Worker-1] Computadora de abordo
[Worker-1] Parlantes/Bajos
[Worker-1] Radio CD
[Worker-1] Radio MP3
[Worker-1] Exterior
[Worker-1] Aros de Aleacin
[Worker-1] Luces Halgenas
[Worker-1] Seguridad
[Worker-1] Localizador (GPS)
[Worker-1] Airbag
[Worker-1] Faros antiniebla delantero
[Worker-1] Frenos ABS
[Worker-1] Extras
[Worker-1] Asientos de cuero
[Worker-1] Precios y costos
[Worker-1] 
[Worker-1] An no tenemos suficiente informacin para determinar un rango de precio para este vehculo.
[Worker-1] 
[Worker-1] Excelente
[Worker-1] Competitivo
[Worker-1] Premium
[Worker-1] 
[Worker-1] (*) Precio referencial
[Worker-1] 
[Worker-1] Cmo se calcula este rango?
[Worker-1] 
[Worker-1] Te toca renovar tu SOAT?
[Worker-1] 
[Worker-1] Verifica el estado de tu SOAT aqu y evita multas.
[Worker-1] 
[Worker-1] Consultar SOAT
[Worker-1] Precio
[Worker-1] US$25,000
[Worker-1] Dscto. por adquirir el Crdito Vehicular
[Worker-1] -US$1,000*
[Worker-1] *Aplica si financias tu auto con Santander Consumer
[Worker-1] Contctate con el anunciante
[Worker-1] Daniel Monje Vera
[Worker-1] 940 026...
[Worker-1] Ms informacin
[Worker-1] Beneficios adicionales para ti:
[Worker-1] La mejor opcin
[Worker-1] Financia tu auto con Santander Consumer
[Worker-1] 
[Worker-1] Paga desde:
[Worker-1] US$24,000 o
[Worker-1] US$755/mes*
[Worker-1] Simular crdito
[Worker-1] 
[Worker-1] (*) Cuota mensual referencial. Calculada a 48 meses, 20% de inicial y TEA de 20.99%. No incluye seguro vehicular.
[Worker-1] 
[Worker-1] Solicita tu Prstamo Personal hasta de S/45,000
[Worker-1] Me interesa
[Worker-1] Seminuevos
[Worker-1] Autos
[Worker-1] Motos
[Worker-1] Camiones
[Worker-1] Usados
[Worker-1] Autos
[Worker-1] Motos
[Worker-1] Camiones
[Worker-1] Nuevos
[Worker-1] Autos
[Worker-1] Camiones
[Worker-1] Ayuda
[Worker-1] Trminos y condiciones
[Worker-1] Polticas de publicacin
[Worker-1] Cmo protegemos tus datos?
[Worker-1] Legales
[Worker-1] Sobre NeoAuto
[Worker-1] Noticias
[Worker-1] Tips y guas
[Worker-1] Ayuda en lnea
[Worker-1] 2024 NeoAuto Inc. Todos los derechos reservados
[Worker-1] Sguenos
[Worker-1] Descripcin: {"@context":"https://schema.org","@graph":[{"@type":"Organization","@id":"https://neoauto.com/#organ...
[Worker-1] nico dueo: No
[Worker-1] Datos guardados en: /home/richgutz/Scraper-Neoauto-ANTIGRAVITY/extractores/results_txt/diario_result_20260126_215629_db5ce5.txt
[Worker-2] No se pudo cerrar el popup de satisfaccin
[Worker-2] Popups manejados POST-scroll
[Worker-2] Scroll adicional de confirmacin...
[Worker-6] Navegacin rpida (sin acciones)
[Worker-6] Paso 4/4: URL Final...
[Worker-4] No apareci popup de cookies
[Worker-3] Intento 3: Popup no encontrado
[Worker-6] Scroll INICIAL para activar contenido...
[Worker-4] Intento 1: Page.click: Timeout 1000ms exceeded.
[Worker-4] Call log:
[Worker-4] - waiting for locator("button[class*='close']").locator("svg").locator("xpath=./ancestor::button")
[Worker-4] 
[Worker-3] No se pudo cerrar el popup de satisfaccin
[Worker-3] Popups manejados POST-scroll
[Worker-3] Scroll adicional de confirmacin...
[Worker-2] Ttulo: Mitsubishi Xpander Cross 2025
[Worker-2] Precio: S/ nan
[Worker-2] Kilometraje: 3.2002001234520253e+300 km
[Worker-2] Ubicacin: Arranca tu ao sobre ruedas!
[Worker-2] Sbete a tu prximo seminuevo, el auto que mereces.
[Worker-2] Arranca tu ao sobre ruedas!
[Worker-2] Sbete a tu prximo seminuevo, el auto que mereces.
[Worker-2] Arranca tu ao sobre ruedas!
[Worker-2] Sbete a tu prximo seminuevo, el auto que mereces.
[Worker-2] Arranca tu ao sobre ruedas!
[Worker-2] Sbete a tu prximo seminuevo, el auto que mereces.
[Worker-2] Iniciar sesin
[Worker-2] Quiero vender
[Worker-2] Comprar
[Worker-2] Quiero vender
[Worker-2] Financiamiento
[Worker-2] Alquilar
[Worker-2] Nuevo
[Worker-2] Seguros
[Worker-2] Eventos
[Worker-2] Publicidad
[Worker-2] Ver fotos
[Worker-2] Autos usados
[Worker-2] Mitsubishi
[Worker-2] Xpander Cross
[Worker-2] Mitsubishi Xpander Cross 2025
[Worker-2] Los Olivos, Lima, Lima
[Worker-2] Publicado hoy
[Worker-2] 38 vistas
[Worker-2] Reportar aviso
[Worker-2] Compartir
[Worker-2] Marcar como favorito
[Worker-2] Mitsubishi Xpander Cross 2025
[Worker-2] Reportar aviso
[Worker-2] Compartir
[Worker-2] Marcar como favorito
[Worker-2] Ao modelo
[Worker-2] 2025
[Worker-2] Kilometraje
[Worker-2] 9,900 km
[Worker-2] Transmisin
[Worker-2] Automtica
[Worker-2] Descripcin
[Worker-2] Camioneta en excelente estado, nico dueo, full equipo, poco kilometraje. Todos los mantenimientoes realizados en concesionario (Julio 2025). Se vende por viaje.
[Worker-2] Te recomendamos:
[Worker-2] 
[Worker-2] Te toca renovar tu SOAT?
[Worker-2] 
[Worker-2] Verifica el estado de tu SOAT aqu y evita multas.
[Worker-2] 
[Worker-2] Consultar SOAT
[Worker-2] 
[Worker-2] Alquila autos con Kinto Share
[Worker-2] 
[Worker-2] Que nada frene tus aventuras. Seguro,flexible y con garantia.
[Worker-2] 
[Worker-2] Ver ms
[Worker-2] 
[Worker-2] Blog & Noticias
[Worker-2] 
[Worker-2] Entrate de las ltimas novedades del sector automotriz.
[Worker-2] 
[Worker-2] Ver ms
[Worker-2] Especificaciones tcnicas
[Worker-2] Caractersticas
[Worker-2] Marca
[Worker-2] Mitsubishi
[Worker-2] Modelo
[Worker-2] XPANDER CROSS
[Worker-2] Ao de fabricacin
[Worker-2] 2024
[Worker-2] Categora
[Worker-2] Camioneta
[Worker-2] Combustible
[Worker-2] Gasolina
[Worker-2] Traccin
[Worker-2] 4x2
[Worker-2] Color
[Worker-2] Verde
[Worker-2] Nmero cilindros
[Worker-2] 4
[Worker-2] Cilindrada
[Worker-2] 1,500 cc
[Worker-2] Equipamiento
[Worker-2] Retrovisores Elctricos
[Worker-2] Neblineros
[Worker-2] Aire Acondicionado
[Worker-2] Full Equipo
[Worker-2] Parlantes/Bajos
[Worker-2] Exterior
[Worker-2] Aros de Aleacin
[Worker-2] Parrilla
[Worker-2] Seguridad
[Worker-2] Airbag
[Worker-2] Lminas de Seguridad
[Worker-2] Extras
[Worker-2] Asientos de cuero
[Worker-2] Precios y costos
[Worker-2] 
[Worker-2] An no tenemos suficiente informacin para determinar un rango de precio para este vehculo.
[Worker-2] 
[Worker-2] Excelente
[Worker-2] Competitivo
[Worker-2] Premium
[Worker-2] 
[Worker-2] (*) Precio referencial
[Worker-2] 
[Worker-2] Cmo se calcula este rango?
[Worker-2] 
[Worker-2] Te toca renovar tu SOAT?
[Worker-2] 
[Worker-2] Verifica el estado de tu SOAT aqu y evita multas.
[Worker-2] 
[Worker-2] Consultar SOAT
[Worker-2] Precio
[Worker-2] US$21,000
[Worker-2] Contctate con el anunciante
[Worker-2] Isaac Advincula
[Worker-2] 962 354...
[Worker-2] Ms informacin
[Worker-2] Beneficios adicionales para ti:
[Worker-2] La mejor opcin
[Worker-2] Financia tu auto con Santander Consumer
[Worker-2] 
[Worker-2] Paga desde:
[Worker-2] US$566/mes*
[Worker-2] Simular crdito
[Worker-2] 
[Worker-2] (*) Cuota mensual referencial. Calculada a 60 meses, 20% de inicial y TEA de 20.99%. No incluye seguro vehicular.
[Worker-2] 
[Worker-2] Solicita tu Prstamo Personal hasta de S/45,000
[Worker-2] Me interesa
[Worker-2] Seminuevos
[Worker-2] Autos
[Worker-2] Motos
[Worker-2] Camiones
[Worker-2] Usados
[Worker-2] Autos
[Worker-2] Motos
[Worker-2] Camiones
[Worker-2] Nuevos
[Worker-2] Autos
[Worker-2] Camiones
[Worker-2] Ayuda
[Worker-2] Trminos y condiciones
[Worker-2] Polticas de publicacin
[Worker-2] Cmo protegemos tus datos?
[Worker-2] Legales
[Worker-2] Sobre NeoAuto
[Worker-2] Noticias
[Worker-2] Tips y guas
[Worker-2] Ayuda en lnea
[Worker-2] 2024 NeoAuto Inc. Todos los derechos reservados
[Worker-2] Sguenos
[Worker-2] Descripcin: {"@context":"https://schema.org","@graph":[{"@type":"Organization","@id":"https://neoauto.com/#organ...
[Worker-2] nico dueo: S
[Worker-2] Datos guardados en: /home/richgutz/Scraper-Neoauto-ANTIGRAVITY/extractores/results_txt/diario_result_20260126_215632_50bb0a.txt
[Worker-1] URL obtenida y bloqueada desde urls_autos_diarios: https://neoauto.com/auto/usado/kia-picanto-2021-1863466
[Worker-1] 
[Worker-1] Iniciando extraccin para: https://neoauto.com/auto/usado/kia-picanto-2021-1863466
[Worker-1] Iniciando navegacin...
[Worker-1] Marca extrada: 'kia'
[Worker-1] Camino elegido (4 pasos).
[Worker-1] Paso 1/4: Pgina Principal...
[Worker-4] Intento 2: Page.click: Timeout 1000ms exceeded.
[Worker-4] Call log:
[Worker-4] - waiting for locator("button[class*='close']").locator("svg").locator("xpath=./ancestor::button")
[Worker-4] 
[Worker-1] Navegacin rpida (sin acciones)
[Worker-1] Paso 2/4: Categora 'Usados'...
[Worker-3] Ttulo: Volvo S40 1998
[Worker-3] Precio: S/ nan
[Worker-3] Kilometraje: inf km
[Worker-3] Ubicacin: Arranca tu ao sobre ruedas!
[Worker-3] Sbete a tu prximo seminuevo, el auto que mereces.
[Worker-3] Arranca tu ao sobre ruedas!
[Worker-3] Sbete a tu prximo seminuevo, el auto que mereces.
[Worker-3] Arranca tu ao sobre ruedas!
[Worker-3] Sbete a tu prximo seminuevo, el auto que mereces.
[Worker-3] Arranca tu ao sobre ruedas!
[Worker-3] Sbete a tu prximo seminuevo, el auto que mereces.
[Worker-3] Iniciar sesin
[Worker-3] Quiero vender
[Worker-3] Comprar
[Worker-3] Quiero vender
[Worker-3] Financiamiento
[Worker-3] Alquilar
[Worker-3] Nuevo
[Worker-3] Seguros
[Worker-3] Eventos
[Worker-3] Publicidad
[Worker-3] Ver fotos
[Worker-3] Autos usados
[Worker-3] Volvo
[Worker-3] S40
[Worker-3] Volvo S40 1998
[Worker-3] Villa Maria del Triunfo, Lima, Lima
[Worker-3] Publicado hoy
[Worker-3] 20 vistas
[Worker-3] Reportar aviso
[Worker-3] Compartir
[Worker-3] Marcar como favorito
[Worker-3] Volvo S40 1998
[Worker-3] Reportar aviso
[Worker-3] Compartir
[Worker-3] Marcar como favorito
[Worker-3] Ao modelo
[Worker-3] 1998
[Worker-3] Kilometraje
[Worker-3] 240 km
[Worker-3] Transmisin
[Worker-3] Automtica
[Worker-3] Descripcin
[Worker-3] Se vende volvo s40, de 1.8 litros automtico con modo sport, solo a gasolina ideal para uso personal, esta en buen estado escribir al [****], el precio es de 12,800 SOLES, TODOS LOS PAPELES EN REGLA Y CON TRANSFERENCIA NOTARIAL. NO TIENE PAPELETAS
[Worker-3] Te recomendamos:
[Worker-3] 
[Worker-3] Te toca renovar tu SOAT?
[Worker-3] 
[Worker-3] Verifica el estado de tu SOAT aqu y evita multas.
[Worker-3] 
[Worker-3] Consultar SOAT
[Worker-3] 
[Worker-3] Alquila autos con Kinto Share
[Worker-3] 
[Worker-3] Que nada frene tus aventuras. Seguro,flexible y con garantia.
[Worker-3] 
[Worker-3] Ver ms
[Worker-3] 
[Worker-3] Blog & Noticias
[Worker-3] 
[Worker-3] Entrate de las ltimas novedades del sector automotriz.
[Worker-3] 
[Worker-3] Ver ms
[Worker-3] Especificaciones tcnicas
[Worker-3] Caractersticas
[Worker-3] Marca
[Worker-3] Volvo
[Worker-3] Modelo
[Worker-3] S40
[Worker-3] Ao de fabricacin
[Worker-3] 1997
[Worker-3] Categora
[Worker-3] Sedn
[Worker-3] Combustible
[Worker-3] Gasolina
[Worker-3] Nmero de puertas
[Worker-3] 4
[Worker-3] Traccin
[Worker-3] Delantera
[Worker-3] Color
[Worker-3] Rojo
[Worker-3] Nmero cilindros
[Worker-3] 4
[Worker-3] Cilindrada
[Worker-3] 1,800 cc
[Worker-3] Precios y costos
[Worker-3] 
[Worker-3] An no tenemos suficiente informacin para determinar un rango de precio para este vehculo.
[Worker-3] 
[Worker-3] Excelente
[Worker-3] Competitivo
[Worker-3] Premium
[Worker-3] 
[Worker-3] (*) Precio referencial
[Worker-3] 
[Worker-3] Cmo se calcula este rango?
[Worker-3] 
[Worker-3] Te toca renovar tu SOAT?
[Worker-3] 
[Worker-3] Verifica el estado de tu SOAT aqu y evita multas.
[Worker-3] 
[Worker-3] Consultar SOAT
[Worker-3] Precio
[Worker-3] US$3,900
[Worker-3] Contctate con el anunciante
[Worker-3] Heiser Cancho
[Worker-3] 977 554...
[Worker-3] Ms informacin
[Worker-3] Beneficios adicionales para ti:
[Worker-3] Solicita tu Prstamo Personal hasta de S/45,000
[Worker-3] Me interesa
[Worker-3] Vehculos similares
[Worker-3] Ver todos los vehculos
[Worker-3] Ocasin
[Worker-3] Volvo S60 2013
[Worker-3] 52,000km
[Worker-3] T4
[Worker-3] Automtica
[Worker-3] Gasolina
[Worker-3] Precio
[Worker-3] US$12,000
[Worker-3] Ver detalle
[Worker-3] Vehculo de: Edward Burga Condor
[Worker-3] Premium
[Worker-3] Toyota Corolla 2022
[Worker-3] 54,000km
[Worker-3] Automtica - Se...
[Worker-3] Gasolina
[Worker-3] Precio
[Worker-3] US$20,000
[Worker-3] Con Crdito Vehicular
[Worker-3] US$19,000
[Worker-3] Ver detalle
[Worker-3] Vehculo de: Darwin Verde reyes
[Worker-3] Seminuevo
[Worker-3] Mercedes Benz C-180 2018
[Worker-3] 69,000km
[Worker-3] AVANTGARDE
[Worker-3] Automtica - Se...
[Worker-3] Gasolina
[Worker-3] Precio
[Worker-3] US$19,500
[Worker-3] Con Crdito Vehicular
[Worker-3] US$18,500
[Worker-3] Ver detalle
[Worker-3] Vehculo de: JOSE LUIS CESPEDES
[Worker-3] Servicio Concesionario
[Worker-3] Audi A3 Sedan 2019
[Worker-3] 61,800km
[Worker-3] 30 TFSI
[Worker-3] Automtica - Se...
[Worker-3] Gasolina
[Worker-3] Precio
[Worker-3] US$20,500
[Worker-3] Con Crdito Vehicular
[Worker-3] US$621/mes
[Worker-3] Ver detalle
[Worker-3] Vehculo de: Eric Paz Gamarra
[Worker-3] Nunca piques
[Worker-3] Subaru Impreza Wrx 2019
[Worker-3] 73,200km
[Worker-3] Mecnica
[Worker-3] Gasolina
[Worker-3] Precio
[Worker-3] US$22,000
[Worker-3] Con Crdito Vehicular
[Worker-3] US$21,000
[Worker-3] Ver detalle
[Worker-3] Vehculo de: Felipe Ramos
[Worker-3] Subaru Impreza 2014
[Worker-3] 119,000km
[Worker-3] Automtica - Se...
[Worker-3] Gasolina
[Worker-3] Precio
[Worker-3] US$10,200
[Worker-3] Con Crdito Vehicular
[Worker-3] US$850/mes
[Worker-3] Ver detalle
[Worker-3] Vehculo de: Miguel Martnez Almeyda
[Worker-3] Unico Dueo
[Worker-3] Kia Soluto 2024
[Worker-3] 34,450km
[Worker-3] LX-PLUS
[Worker-3] Mecnica
[Worker-3] Dual
[Worker-3] Precio
[Worker-3] US$12,000
[Worker-3] Con Crdito Vehicular
[Worker-3] US$328/mes
[Worker-3] Ver detalle
[Worker-3] Vehculo de: LUIS ENRIQUE ARIAS RAMIREZ
[Worker-3] Auto verificado
[Worker-3] Premium
[Worker-3] Bmw 520-I 2014
[Worker-3] 90,000km
[Worker-3] SEDAN AT 2.0
[Worker-3] Automtica - Se...
[Worker-3] Gasolina
[Worker-3] Precio
[Worker-3] US$15,000
[Worker-3] Con Crdito Vehicular
[Worker-3] US$14,000
[Worker-3] Ver detalle
[Worker-3] Vehculo de: Diego Herrera
[Worker-3] Seminuevos
[Worker-3] Autos
[Worker-3] Motos
[Worker-3] Camiones
[Worker-3] Usados
[Worker-3] Autos
[Worker-3] Motos
[Worker-3] Camiones
[Worker-3] Nuevos
[Worker-3] Autos
[Worker-3] Camiones
[Worker-3] Ayuda
[Worker-3] Trminos y condiciones
[Worker-3] Polticas de publicacin
[Worker-3] Cmo protegemos tus datos?
[Worker-3] Legales
[Worker-3] Sobre NeoAuto
[Worker-3] Noticias
[Worker-3] Tips y guas
[Worker-3] Ayuda en lnea
[Worker-3] 2024 NeoAuto Inc. Todos los derechos reservados
[Worker-3] Sguenos
[Worker-3] Descripcin: {"@context":"https://schema.org","@graph":[{"@type":"Organization","@id":"https://neoauto.com/#organ...
[Worker-3] nico dueo: S
[Worker-3] Datos guardados en: /home/richgutz/Scraper-Neoauto-ANTIGRAVITY/extractores/results_txt/diario_result_20260126_215634_9f93f1.txt
[Worker-1] Navegacin rpida (sin acciones)
[Worker-1] Paso 3/4: Filtro por Marca 'KIA'...
[Worker-1] Navegacin rpida (sin acciones)
[Worker-1] Paso 4/4: URL Final...
[Worker-2] URL obtenida y bloqueada desde urls_autos_diarios: https://neoauto.com/auto/usado/hyundai-elantra-2020-1863494
[Worker-2] 
[Worker-2] Iniciando extraccin para: https://neoauto.com/auto/usado/hyundai-elantra-2020-1863494
[Worker-2] Iniciando navegacin...
[Worker-2] Marca extrada: 'hyundai'
[Worker-2] Camino elegido (4 pasos).
[Worker-2] Paso 1/4: Pgina Principal...
[Worker-3] URL obtenida y bloqueada desde urls_autos_diarios: https://neoauto.com/auto/usado/jeep-compass-2010-1863468
[Worker-3] 
[Worker-3] Iniciando extraccin para: https://neoauto.com/auto/usado/jeep-compass-2010-1863468
[Worker-3] Iniciando navegacin...
[Worker-3] Marca extrada: 'jeep'[Worker-1] Scroll INICIAL para activar contenido...

[Worker-3] Camino elegido (4 pasos).
[Worker-3] Paso 1/4: Pgina Principal...
[Worker-2] Navegacin rpida (sin acciones)
[Worker-2] Paso 2/4: Categora 'Usados'...
[Worker-3] Navegacin rpida (sin acciones)
[Worker-3] Paso 2/4: Categora 'Usados'...
[Worker-2] Navegacin rpida (sin acciones)
[Worker-2] Paso 3/4: Filtro por Marca 'HYUNDAI'...
[Worker-3] Navegacin rpida (sin acciones)
[Worker-3] Paso 3/4: Filtro por Marca 'JEEP'...
[Worker-2] Navegacin rpida (sin acciones)
[Worker-2] Paso 4/4: URL Final...
[Worker-2] Scroll INICIAL para activar contenido...
[Worker-5] Intento 1: Popup no encontrado
[Worker-3] Navegacin rpida (sin acciones)
[Worker-3] Paso 4/4: URL Final...
[Worker-6] No apareci popup de cookies
[Worker-3] Scroll INICIAL para activar contenido...
[Worker-6] Intento 1: Page.click: Timeout 1000ms exceeded.
[Worker-6] Call log:
[Worker-6] - waiting for locator("button[class*='close']").locator("svg").locator("xpath=./ancestor::button")
[Worker-6] 
[Worker-6] Intento 2: Page.click: Timeout 1000ms exceeded.
[Worker-6] Call log:
[Worker-6] - waiting for locator("button[class*='close']").locator("svg").locator("xpath=./ancestor::button")
[Worker-6] 
[Worker-5] Intento 2: Popup no encontrado
[Worker-1] No apareci popup de cookies
[Worker-1] Intento 1: Page.click: Timeout 1000ms exceeded.
[Worker-1] Call log:
[Worker-1] - waiting for locator("button[class*='close']").locator("svg").locator("xpath=./ancestor::button")
[Worker-1] 
[Worker-5] Intento 3: Popup no encontrado
[Worker-4] Intento 1: Popup no encontrado
[Worker-5] No se pudo cerrar el popup de satisfaccin
[Worker-5] Popups manejados POST-scroll
[Worker-5] Scroll adicional de confirmacin...
[Worker-1] Intento 2: Page.click: Timeout 1000ms exceeded.
[Worker-1] Call log:
[Worker-1] - waiting for locator("button[class*='close']").locator("svg").locator("xpath=./ancestor::button")
[Worker-1] 
[Worker-2] No apareci popup de cookies
[Worker-2] Intento 1: Page.click: Timeout 1000ms exceeded.
[Worker-2] Call log:
[Worker-2] - waiting for locator("button[class*='close']").locator("svg").locator("xpath=./ancestor::button")
[Worker-2] 
[Worker-5] Ttulo: Volvo S60 2016
[Worker-5] Precio: S/ nan
[Worker-5] Kilometraje: inf km
[Worker-5] Ubicacin: Arranca tu ao sobre ruedas!
[Worker-5] Sbete a tu prximo seminuevo, el auto que mereces.
[Worker-5] Arranca tu ao sobre ruedas!
[Worker-5] Sbete a tu prximo seminuevo, el auto que mereces.
[Worker-5] Arranca tu ao sobre ruedas!
[Worker-5] Sbete a tu prximo seminuevo, el auto que mereces.
[Worker-5] Arranca tu ao sobre ruedas!
[Worker-5] Sbete a tu prximo seminuevo, el auto que mereces.
[Worker-5] Iniciar sesin
[Worker-5] Quiero vender
[Worker-5] Comprar
[Worker-5] Quiero vender
[Worker-5] Financiamiento
[Worker-5] Alquilar
[Worker-5] Nuevo
[Worker-5] Seguros
[Worker-5] Eventos
[Worker-5] Publicidad
[Worker-5] Ver fotos
[Worker-5] Autos usados
[Worker-5] Volvo
[Worker-5] S60
[Worker-5] Volvo S60 2016
[Worker-5] Magdalena del Mar, Lima, Lima
[Worker-5] Publicado hoy
[Worker-5] 18 vistas
[Worker-5] Reportar aviso
[Worker-5] Compartir
[Worker-5] Marcar como favorito
[Worker-5] Volvo S60 2016
[Worker-5] Reportar aviso
[Worker-5] Compartir
[Worker-5] Marcar como favorito
[Worker-5] Ao modelo
[Worker-5] 2016
[Worker-5] Kilometraje
[Worker-5] 49,000 km
[Worker-5] Transmisin
[Worker-5] Automtica - Secuencial
[Worker-5] Descripcin
[Worker-5] Vendo mi auto volvo s60: solo 48000 km, cuenta con el paquete R desing, Aros 18 Motor 2.0 turbo (250 hp) bastante econmico, 12 Bocinas harman kardon Asientos de cuero y Alcntara, Asientos delanteros elctricos con 3 memorias, Incluye rueda de auxil...
[Worker-5] Seguir leyendo
[Worker-5] Te recomendamos:
[Worker-5] 
[Worker-5] Te toca renovar tu SOAT?
[Worker-5] 
[Worker-5] Verifica el estado de tu SOAT aqu y evita multas.
[Worker-5] 
[Worker-5] Consultar SOAT
[Worker-5] 
[Worker-5] Alquila autos con Kinto Share
[Worker-5] 
[Worker-5] Que nada frene tus aventuras. Seguro,flexible y con garantia.
[Worker-5] 
[Worker-5] Ver ms
[Worker-5] 
[Worker-5] Blog & Noticias
[Worker-5] 
[Worker-5] Entrate de las ltimas novedades del sector automotriz.
[Worker-5] 
[Worker-5] Ver ms
[Worker-5] Especificaciones tcnicas
[Worker-5] Caractersticas
[Worker-5] Marca
[Worker-5] Volvo
[Worker-5] Modelo
[Worker-5] S60
[Worker-5] Ao de fabricacin
[Worker-5] 2016
[Worker-5] Categora
[Worker-5] Sedn
[Worker-5] Combustible
[Worker-5] Gasolina
[Worker-5] Nmero de puertas
[Worker-5] 4
[Worker-5] Traccin
[Worker-5] Delantera
[Worker-5] Color
[Worker-5] Gris platino
[Worker-5] Nmero cilindros
[Worker-5] 4
[Worker-5] Cilindrada
[Worker-5] 2,000 cc
[Worker-5] Equipamiento
[Worker-5] Retrovisores Elctricos
[Worker-5] Neblineros
[Worker-5] Aire Acondicionado
[Worker-5] Full Equipo
[Worker-5] Computadora de abordo
[Worker-5] Parlantes/Bajos
[Worker-5] Exterior
[Worker-5] Aros
[Worker-5] Seguridad
[Worker-5] Airbag
[Worker-5] Lminas de Seguridad
[Worker-5] Frenos ABS
[Worker-5] Alarma
[Worker-5] Extras
[Worker-5] Asientos de cuero
[Worker-5] Precios y costos
[Worker-5] 
[Worker-5] Este aviso
[Worker-5] 
[Worker-5] US$17,500
[Worker-5] 
[Worker-5] Precio de mercado
[Worker-5] 
[Worker-5] US$16,400*
[Worker-5] 
[Worker-5] Excelente
[Worker-5] Competitivo
[Worker-5] Premium
[Worker-5] 
[Worker-5] (*) Precio referencial
[Worker-5] 
[Worker-5] Cmo se calcula este rango?
[Worker-5] 
[Worker-5] Te toca renovar tu SOAT?
[Worker-5] 
[Worker-5] Verifica el estado de tu SOAT aqu y evita multas.
[Worker-5] 
[Worker-5] Consultar SOAT
[Worker-5] Precio
[Worker-5] US$17,500
[Worker-5] Dscto. por adquirir el Crdito Vehicular
[Worker-5] -US$1,000*
[Worker-5] *Aplica si financias tu auto con Santander Consumer
[Worker-5] Contctate con el anunciante
[Worker-5] Rodrigo Sara Pascal
[Worker-5] 902 211...
[Worker-5] Ms informacin
[Worker-5] Beneficios adicionales para ti:
[Worker-5] La mejor opcin
[Worker-5] Financia tu auto con Santander Consumer
[Worker-5] 
[Worker-5] Paga desde:
[Worker-5] US$16,500 o
[Worker-5] US$1,443/mes*
[Worker-5] Simular crdito
[Worker-5] 
[Worker-5] (*) Cuota mensual referencial. Calculada a 12 meses, 20% de inicial y TEA de 20.99%. No incluye seguro vehicular.
[Worker-5] 
[Worker-5] Solicita tu Prstamo Personal hasta de S/45,000
[Worker-5] Me interesa
[Worker-5] Vehculos similares
[Worker-5] Ver todos los vehculos
[Worker-5] Ocasin
[Worker-5] Volvo S60 2013
[Worker-5] 52,000km
[Worker-5] T4
[Worker-5] Automtica
[Worker-5] Gasolina
[Worker-5] Precio
[Worker-5] US$12,000
[Worker-5] Ver detalle
[Worker-5] Vehculo de: Edward Burga Condor
[Worker-5] Audi A3 Sedan 2015
[Worker-5] 58,000km
[Worker-5] 1.2 TFSI ATTRAC...
[Worker-5] Automtica - Se...
[Worker-5] Gasolina
[Worker-5] Precio
[Worker-5] US$13,750
[Worker-5] Con Crdito Vehicular
[Worker-5] US$12,750
[Worker-5] Ver detalle
[Worker-5] Vehculo de: JUAN ESCUD
[Worker-5] Mazda 2 2021
[Worker-5] 72,000km
[Worker-5] Automtica
[Worker-5] Gasolina
[Worker-5] Precio
[Worker-5] US$13,000
[Worker-5] Con Crdito Vehicular
[Worker-5] US$12,000
[Worker-5] Ver detalle
[Worker-5] Vehculo de: Jorge Andujar
[Worker-5] Nunca piques
[Worker-5] Subaru Impreza Wrx 2019
[Worker-5] 73,200km
[Worker-5] Mecnica
[Worker-5] Gasolina
[Worker-5] Precio
[Worker-5] US$22,000
[Worker-5] Con Crdito Vehicular
[Worker-5] US$21,000
[Worker-5] Ver detalle
[Worker-5] Vehculo de: Felipe Ramos
[Worker-5] Auto verificado
[Worker-5] Premium
[Worker-5] Bmw 520-I 2014
[Worker-5] 90,000km
[Worker-5] SEDAN AT 2.0
[Worker-5] Automtica - Se...
[Worker-5] Gasolina
[Worker-5] Precio
[Worker-5] US$15,000
[Worker-5] Con Crdito Vehicular
[Worker-5] US$14,000
[Worker-5] Ver detalle
[Worker-5] Vehculo de: Diego Herrera
[Worker-5] Servicio Concesionario
[Worker-5] Audi A3 Sedan 2019
[Worker-5] 61,800km
[Worker-5] 30 TFSI
[Worker-5] Automtica - Se...
[Worker-5] Gasolina
[Worker-5] Precio
[Worker-5] US$20,500
[Worker-5] Con Crdito Vehicular
[Worker-5] US$621/mes
[Worker-5] Ver detalle
[Worker-5] Vehculo de: Eric Paz Gamarra
[Worker-5] Toyota Corolla 2015
[Worker-5] 75,000km
[Worker-5] Automtica
[Worker-5] Gasolina
[Worker-5] Precio
[Worker-5] US$13,000
[Worker-5] Con Crdito Vehicular
[Worker-5] US$12,000
[Worker-5] Ver detalle
[Worker-5] Vehculo de: Walter Carhuas
[Worker-5] Mg 6 2020
[Worker-5] 76,784km
[Worker-5] TURBO
[Worker-5] Automtica - Se...
[Worker-5] Gasolina
[Worker-5] Precio
[Worker-5] US$10,900
[Worker-5] Con Crdito Vehicular
[Worker-5] US$335/mes
[Worker-5] Ver detalle
[Worker-5] Vehculo de: SN SN
[Worker-5] Seminuevos
[Worker-5] Autos
[Worker-5] Motos
[Worker-5] Camiones
[Worker-5] Usados
[Worker-5] Autos
[Worker-5] Motos
[Worker-5] Camiones
[Worker-5] Nuevos
[Worker-5] Autos
[Worker-5] Camiones
[Worker-5] Ayuda
[Worker-5] Trminos y condiciones
[Worker-5] Polticas de publicacin
[Worker-5] Cmo protegemos tus datos?
[Worker-5] Legales
[Worker-5] Sobre NeoAuto
[Worker-5] Noticias
[Worker-5] Tips y guas
[Worker-5] Ayuda en lnea
[Worker-5] 2024 NeoAuto Inc. Todos los derechos reservados
[Worker-5] Sguenos
[Worker-5] Descripcin: {"@context":"https://schema.org","@graph":[{"@type":"Organization","@id":"https://neoauto.com/#organ...
[Worker-5] nico dueo: S
[Worker-5] Datos guardados en: /home/richgutz/Scraper-Neoauto-ANTIGRAVITY/extractores/results_txt/diario_result_20260126_215656_982b29.txt
[Worker-3] No apareci popup de cookies
[Worker-4] Intento 2: Popup no encontrado
[Worker-2] Intento 2: Page.click: Timeout 1000ms exceeded.
[Worker-2] Call log:
[Worker-2] - waiting for locator("button[class*='close']").locator("svg").locator("xpath=./ancestor::button")
[Worker-2] 
[Worker-3] Intento 1: Page.click: Timeout 1000ms exceeded.
[Worker-3] Call log:
[Worker-3] - waiting for locator("button[class*='close']").locator("svg").locator("xpath=./ancestor::button")
[Worker-3] 
[Worker-3] Intento 2: Page.click: Timeout 1000ms exceeded.
[Worker-3] Call log:
[Worker-3] - waiting for locator("button[class*='close']").locator("svg").locator("xpath=./ancestor::button")
[Worker-3] 
[Worker-5] URL obtenida y bloqueada desde urls_autos_diarios: https://neoauto.com/auto/usado/chevrolet-tracker-2023-1863495
[Worker-5] 
[Worker-5] Iniciando extraccin para: https://neoauto.com/auto/usado/chevrolet-tracker-2023-1863495
[Worker-5] Iniciando navegacin...
[Worker-5] Marca extrada: 'chevrolet'
[Worker-5] Camino elegido (4 pasos).
[Worker-5] Paso 1/4: Pgina Principal...
[Worker-5] Navegacin rpida (sin acciones)
[Worker-5] Paso 2/4: Categora 'Usados'...
[Worker-5] Navegacin rpida (sin acciones)
[Worker-5] Paso 3/4: Filtro por Marca 'CHEVROLET'...
[Worker-4] Intento 3: Popup no encontrado
[Worker-5] Navegacin rpida (sin acciones)
[Worker-5] Paso 4/4: URL Final...
[Worker-4] No se pudo cerrar el popup de satisfaccin
[Worker-4] Popups manejados POST-scroll
[Worker-4] Scroll adicional de confirmacin...
[Worker-5] Scroll INICIAL para activar contenido...
[Worker-6] Intento 1: Popup no encontrado
[Worker-4] Ttulo: Kia Cerato 2019
[Worker-4] Precio: S/ nan
[Worker-4] Kilometraje: inf km
[Worker-4] Ubicacin: Arranca tu ao sobre ruedas!
[Worker-4] Sbete a tu prximo seminuevo, el auto que mereces.
[Worker-4] Arranca tu ao sobre ruedas!
[Worker-4] Sbete a tu prximo seminuevo, el auto que mereces.
[Worker-4] Arranca tu ao sobre ruedas!
[Worker-4] Sbete a tu prximo seminuevo, el auto que mereces.
[Worker-4] Arranca tu ao sobre ruedas!
[Worker-4] Sbete a tu prximo seminuevo, el auto que mereces.
[Worker-4] Iniciar sesin
[Worker-4] Quiero vender
[Worker-4] Comprar
[Worker-4] Quiero vender
[Worker-4] Financiamiento
[Worker-4] Alquilar
[Worker-4] Nuevo
[Worker-4] Seguros
[Worker-4] Eventos
[Worker-4] Publicidad
[Worker-4] Ver fotos
[Worker-4] Autos usados
[Worker-4] Kia
[Worker-4] Cerato
[Worker-4] Kia Cerato 2019
[Worker-4] Miraflores, Lima, Lima
[Worker-4] Publicado hoy
[Worker-4] 25 vistas
[Worker-4] Reportar aviso
[Worker-4] Compartir
[Worker-4] Marcar como favorito
[Worker-4] Kia Cerato 2019
[Worker-4] Reportar aviso
[Worker-4] Compartir
[Worker-4] Marcar como favorito
[Worker-4] Ao modelo
[Worker-4] 2019
[Worker-4] Kilometraje
[Worker-4] 19,490 km
[Worker-4] Transmisin
[Worker-4] Automtica
[Worker-4] Descripcin
[Worker-4] Auto en excelente estado, full equipo, lunas y pestillos elctricos, aire acondicionado digital, poco recorrido en kilometraje. Todos los mantenimientos en el concesionario de la marca, revisin vehicular enero 2026. Se vende por viaje.
[Worker-4] Te recomendamos:
[Worker-4] 
[Worker-4] Te toca renovar tu SOAT?
[Worker-4] 
[Worker-4] Verifica el estado de tu SOAT aqu y evita multas.
[Worker-4] 
[Worker-4] Consultar SOAT
[Worker-4] 
[Worker-4] Alquila autos con Kinto Share
[Worker-4] 
[Worker-4] Que nada frene tus aventuras. Seguro,flexible y con garantia.
[Worker-4] 
[Worker-4] Ver ms
[Worker-4] 
[Worker-4] Blog & Noticias
[Worker-4] 
[Worker-4] Entrate de las ltimas novedades del sector automotriz.
[Worker-4] 
[Worker-4] Ver ms
[Worker-4] Especificaciones tcnicas
[Worker-4] Caractersticas
[Worker-4] Marca
[Worker-4] Kia
[Worker-4] Modelo
[Worker-4] CERATO
[Worker-4] Versin
[Worker-4] 1.6 AT - EX PLUS
[Worker-4] Versin
[Worker-4] 1.6 AT - EX PLUS
[Worker-4] Ao de fabricacin
[Worker-4] 2019
[Worker-4] Categora
[Worker-4] Sedn
[Worker-4] Combustible
[Worker-4] Gasolina
[Worker-4] Cilindrada
[Worker-4] 16 cc
[Worker-4] Equipamiento
[Worker-4] Retrovisores Elctricos
[Worker-4] Neblineros
[Worker-4] Aire Acondicionado
[Worker-4] Full Equipo
[Worker-4] Computadora de abordo
[Worker-4] Exterior
[Worker-4] Aros
[Worker-4] Aros de Aleacin
[Worker-4] Parrilla
[Worker-4] Luces Halgenas
[Worker-4] Seguridad
[Worker-4] Airbag
[Worker-4] Faros antiniebla delantero
[Worker-4] Frenos ABS
[Worker-4] Alarma
[Worker-4] Extras
[Worker-4] Sunroof
[Worker-4] Precios y costos
[Worker-4] 
[Worker-4] An no tenemos suficiente informacin para determinar un rango de precio para este vehculo.
[Worker-4] 
[Worker-4] Excelente
[Worker-4] Competitivo
[Worker-4] Premium
[Worker-4] 
[Worker-4] (*) Precio referencial
[Worker-4] 
[Worker-4] Cmo se calcula este rango?
[Worker-4] 
[Worker-4] Te toca renovar tu SOAT?
[Worker-4] 
[Worker-4] Verifica el estado de tu SOAT aqu y evita multas.
[Worker-4] 
[Worker-4] Consultar SOAT
[Worker-4] Precio
[Worker-4] US$18,000
[Worker-4] Dscto. por adquirir el Crdito Vehicular
[Worker-4] -US$1,000*
[Worker-4] *Aplica si financias tu auto con Santander Consumer
[Worker-4] Contctate con el anunciante
[Worker-4] Leonardo Gmez Salazar
[Worker-4] 949 204...
[Worker-4] Ms informacin
[Worker-4] Beneficios adicionales para ti:
[Worker-4] La mejor opcin
[Worker-4] Financia tu auto con Santander Consumer
[Worker-4] 
[Worker-4] Paga desde:
[Worker-4] US$17,000 o
[Worker-4] US$648/mes*
[Worker-4] Simular crdito
[Worker-4] 
[Worker-4] (*) Cuota mensual referencial. Calculada a 36 meses, 20% de inicial y TEA de 20.99%. No incluye seguro vehicular.
[Worker-4] 
[Worker-4] Solicita tu Prstamo Personal hasta de S/45,000
[Worker-4] Me interesa
[Worker-4] Vehculos similares
[Worker-4] Ver todos los vehculos
[Worker-4] Unico Dueo
[Worker-4] Kia Soluto 2024
[Worker-4] 34,450km
[Worker-4] LX-PLUS
[Worker-4] Mecnica
[Worker-4] Dual
[Worker-4] Precio
[Worker-4] US$12,000
[Worker-4] Con Crdito Vehicular
[Worker-4] US$328/mes
[Worker-4] Ver detalle
[Worker-4] Vehculo de: LUIS ENRIQUE ARIAS RAMIREZ
[Worker-4] Premium
[Worker-4] Subaru Legacy 2011
[Worker-4] 110,000km
[Worker-4] 2.5I 4D AWD CVT...
[Worker-4] Automtica - Se...
[Worker-4] Gasolina
[Worker-4] Precio
[Worker-4] US$9,800
[Worker-4] Ver detalle
[Worker-4] Vehculo de: Humberto SN
[Worker-4] Auto verificado
[Worker-4] Premium
[Worker-4] Volkswagen Jetta 2021
[Worker-4] 55,500km
[Worker-4] Mecnica
[Worker-4] Gasolina
[Worker-4] Precio
[Worker-4] US$16,500
[Worker-4] Con Crdito Vehicular
[Worker-4] US$15,500
[Worker-4] Ver detalle
[Worker-4] Vehculo de: Raisa J
[Worker-4] Auto verificado
[Worker-4] Servicio Concesionario
[Worker-4] Mercedes Benz A 200 2023
[Worker-4] 13,604km
[Worker-4] A200 SEDAN
[Worker-4] Automtica - Se...
[Worker-4] Gasolina
[Worker-4] Precio
[Worker-4] US$33,900
[Worker-4] Con Crdito Vehicular
[Worker-4] US$908/mes
[Worker-4] Ver detalle
[Worker-4] Vehculo de: Martin Lazarte Laos
[Worker-4] Mg 6 2020
[Worker-4] 76,784km
[Worker-4] TURBO
[Worker-4] Automtica - Se...
[Worker-4] Gasolina
[Worker-4] Precio
[Worker-4] US$10,900
[Worker-4] Con Crdito Vehicular
[Worker-4] US$335/mes
[Worker-4] Ver detalle
[Worker-4] Vehculo de: SN SN
[Worker-4] Mazda 3 2018
[Worker-4] 61,800km
[Worker-4] Automtica
[Worker-4] Diesel
[Worker-4] Precio
[Worker-4] US$13,500
[Worker-4] Con Crdito Vehicular
[Worker-4] US$12,500
[Worker-4] Ver detalle
[Worker-4] Vehculo de: Cecilia Moscoso
[Worker-4] Subaru Impreza 2014
[Worker-4] 119,000km
[Worker-4] Automtica - Se...
[Worker-4] Gasolina
[Worker-4] Precio
[Worker-4] US$10,200
[Worker-4] Con Crdito Vehicular
[Worker-4] US$850/mes
[Worker-4] Ver detalle
[Worker-4] Vehculo de: Miguel Martnez Almeyda
[Worker-4] Premium
[Worker-4] Volkswagen Jetta 2020
[Worker-4] 68,000km
[Worker-4] TSI 250 MOTOR ...
[Worker-4] Automtica - Se...
[Worker-4] Gasolina
[Worker-4] Precio
[Worker-4] US$16,800
[Worker-4] Con Crdito Vehicular
[Worker-4] US$15,800
[Worker-4] Ver detalle
[Worker-4] Vehculo de: Javi Pered
[Worker-4] Seminuevos
[Worker-4] Autos
[Worker-4] Motos
[Worker-4] Camiones
[Worker-4] Usados
[Worker-4] Autos
[Worker-4] Motos
[Worker-4] Camiones
[Worker-4] Nuevos
[Worker-4] Autos
[Worker-4] Camiones
[Worker-4] Ayuda
[Worker-4] Trminos y condiciones
[Worker-4] Polticas de publicacin
[Worker-4] Cmo protegemos tus datos?
[Worker-4] Legales
[Worker-4] Sobre NeoAuto
[Worker-4] Noticias
[Worker-4] Tips y guas
[Worker-4] Ayuda en lnea
[Worker-4] 2024 NeoAuto Inc. Todos los derechos reservados
[Worker-4] Sguenos
[Worker-4] Descripcin: {"@context":"https://schema.org","@graph":[{"@type":"Organization","@id":"https://neoauto.com/#organ...
[Worker-4] nico dueo: S
[Worker-4] Datos guardados en: /home/richgutz/Scraper-Neoauto-ANTIGRAVITY/extractores/results_txt/diario_result_20260126_215706_aef38b.txt
[Worker-6] Intento 2: Popup no encontrado
[Worker-4] URL obtenida y bloqueada desde urls_autos_diarios: https://neoauto.com/auto/usado/suzuki-baleno-2023-1863528
[Worker-4] 
[Worker-4] Iniciando extraccin para: https://neoauto.com/auto/usado/suzuki-baleno-2023-1863528
[Worker-4] Iniciando navegacin...
[Worker-4] Marca extrada: 'suzuki'
[Worker-4] Camino elegido (4 pasos).
[Worker-4] Paso 1/4: Pgina Principal...
[Worker-4] Navegacin rpida (sin acciones)
[Worker-4] Paso 2/4: Categora 'Usados'...
[Worker-1] Intento 1: Popup no encontrado
[Worker-4] Navegacin rpida (sin acciones)
[Worker-4] Paso 3/4: Filtro por Marca 'SUZUKI'...
[Worker-4] Navegacin rpida (sin acciones)
[Worker-4] Paso 4/4: URL Final...
[Worker-4] Scroll INICIAL para activar contenido...
[Worker-6] Intento 3: Popup no encontrado
[Worker-5] No apareci popup de cookies
[Worker-6] No se pudo cerrar el popup de satisfaccin
[Worker-6] Popups manejados POST-scroll
[Worker-6] Scroll adicional de confirmacin...
[Worker-5] Intento 1: Page.click: Timeout 1000ms exceeded.
[Worker-5] Call log:
[Worker-5] - waiting for locator("button[class*='close']").locator("svg").locator("xpath=./ancestor::button")
[Worker-5] 
[Worker-2] Intento 1: Popup no encontrado
[Worker-1] Intento 2: Popup no encontrado
[Worker-5] Intento 2: Page.click: Timeout 1000ms exceeded.
[Worker-5] Call log:
[Worker-5] - waiting for locator("button[class*='close']").locator("svg").locator("xpath=./ancestor::button")
[Worker-5] 
[Worker-6] Ttulo: Ford Explorer 2019
[Worker-6] Precio: S/ nan
[Worker-6] Kilometraje: inf km
[Worker-6] Ubicacin: Arranca tu ao sobre ruedas!
[Worker-6] Sbete a tu prximo seminuevo, el auto que mereces.
[Worker-6] Arranca tu ao sobre ruedas!
[Worker-6] Sbete a tu prximo seminuevo, el auto que mereces.
[Worker-6] Arranca tu ao sobre ruedas!
[Worker-6] Sbete a tu prximo seminuevo, el auto que mereces.
[Worker-6] Arranca tu ao sobre ruedas!
[Worker-6] Sbete a tu prximo seminuevo, el auto que mereces.
[Worker-6] Iniciar sesin
[Worker-6] Quiero vender
[Worker-6] Comprar
[Worker-6] Quiero vender
[Worker-6] Financiamiento
[Worker-6] Alquilar
[Worker-6] Nuevo
[Worker-6] Seguros
[Worker-6] Eventos
[Worker-6] Publicidad
[Worker-6] Ver fotos
[Worker-6] Autos usados
[Worker-6] Ford
[Worker-6] Explorer
[Worker-6] Ford Explorer 2019
[Worker-6] Santiago de Surco, Lima, Lima
[Worker-6] Publicado hoy
[Worker-6] 7 vistas
[Worker-6] Reportar aviso
[Worker-6] Compartir
[Worker-6] Marcar como favorito
[Worker-6] Ford Explorer 2019
[Worker-6] Reportar aviso
[Worker-6] Compartir
[Worker-6] Marcar como favorito
[Worker-6] Ao modelo
[Worker-6] 2019
[Worker-6] Kilometraje
[Worker-6] 76,000 km
[Worker-6] Transmisin
[Worker-6] Automtica - Secuencial
[Worker-6] Descripcin
[Worker-6] Ford Explorer Limited 2018 / Modelo 2019
[Worker-6] Motor 3.5L a gasolina | Traccin 4x4
[Worker-6] 76,000 km
[Worker-6] 
[Worker-6] SUV en excelente estado, muy bien cuidada.
[Worker-6] Cuenta con asientos de cuero con regulacin elctrica, maletero elctrico, cmara de retroceso y sensores de esta...
[Worker-6] Seguir leyendo
[Worker-6] Te recomendamos:
[Worker-6] 
[Worker-6] Te toca renovar tu SOAT?
[Worker-6] 
[Worker-6] Verifica el estado de tu SOAT aqu y evita multas.
[Worker-6] 
[Worker-6] Consultar SOAT
[Worker-6] 
[Worker-6] Alquila autos con Kinto Share
[Worker-6] 
[Worker-6] Que nada frene tus aventuras. Seguro,flexible y con garantia.
[Worker-6] 
[Worker-6] Ver ms
[Worker-6] 
[Worker-6] Blog & Noticias
[Worker-6] 
[Worker-6] Entrate de las ltimas novedades del sector automotriz.
[Worker-6] 
[Worker-6] Ver ms
[Worker-6] Especificaciones tcnicas
[Worker-6] Caractersticas
[Worker-6] Marca
[Worker-6] Ford
[Worker-6] Modelo
[Worker-6] EXPLORER
[Worker-6] Versin
[Worker-6] LIMITED 4WD
[Worker-6] Versin
[Worker-6] LIMITED 4WD
[Worker-6] Ao de fabricacin
[Worker-6] 2018
[Worker-6] Categora
[Worker-6] Camioneta
[Worker-6] Combustible
[Worker-6] Gasolina
[Worker-6] Nmero de puertas
[Worker-6] 5
[Worker-6] Traccin
[Worker-6] 4WD
[Worker-6] Color
[Worker-6] Rojo Cereza
[Worker-6] Nmero cilindros
[Worker-6] 6
[Worker-6] Cilindrada
[Worker-6] 3,500 cc
[Worker-6] Equipamiento
[Worker-6] Retrovisores Elctricos
[Worker-6] Neblineros
[Worker-6] Aire Acondicionado
[Worker-6] Full Equipo
[Worker-6] Computadora de abordo
[Worker-6] Parlantes/Bajos
[Worker-6] Radio CD
[Worker-6] Radio MP3
[Worker-6] Exterior
[Worker-6] Aros
[Worker-6] Seguridad
[Worker-6] Airbag
[Worker-6] Lminas de Seguridad
[Worker-6] Frenos ABS
[Worker-6] Alarma
[Worker-6] Extras
[Worker-6] Sunroof
[Worker-6] Asientos de cuero
[Worker-6] Climatizador
[Worker-6] Precios y costos
[Worker-6] 
[Worker-6] Este aviso
[Worker-6] 
[Worker-6] US$26,500
[Worker-6] 
[Worker-6] Precio de mercado
[Worker-6] 
[Worker-6] US$26,900*
[Worker-6] 
[Worker-6] Excelente
[Worker-6] Competitivo
[Worker-6] Premium
[Worker-6] 
[Worker-6] (*) Precio referencial
[Worker-6] 
[Worker-6] Cmo se calcula este rango?
[Worker-6] 
[Worker-6] Te toca renovar tu SOAT?
[Worker-6] 
[Worker-6] Verifica el estado de tu SOAT aqu y evita multas.
[Worker-6] 
[Worker-6] Consultar SOAT
[Worker-6] Precio
[Worker-6] US$26,500
[Worker-6] Dscto. por adquirir el Crdito Vehicular
[Worker-6] -US$1,000*
[Worker-6] *Aplica si financias tu auto con Santander Consumer
[Worker-6] Contctate con el anunciante
[Worker-6] Sebastiam Romero
[Worker-6] 959 112...
[Worker-6] Ms informacin
[Worker-6] Beneficios adicionales para ti:
[Worker-6] La mejor opcin
[Worker-6] Financia tu auto con Santander Consumer
[Worker-6] 
[Worker-6] Paga desde:
[Worker-6] US$25,500 o
[Worker-6] US$948/mes*
[Worker-6] Simular crdito
[Worker-6] 
[Worker-6] (*) Cuota mensual referencial. Calculada a 36 meses, 20% de inicial y TEA de 20.99%. No incluye seguro vehicular.
[Worker-6] 
[Worker-6] Solicita tu Prstamo Personal hasta de S/45,000
[Worker-6] Me interesa
[Worker-6] Seminuevos
[Worker-6] Autos
[Worker-6] Motos
[Worker-6] Camiones
[Worker-6] Usados
[Worker-6] Autos
[Worker-6] Motos
[Worker-6] Camiones
[Worker-6] Nuevos
[Worker-6] Autos
[Worker-6] Camiones
[Worker-6] Ayuda
[Worker-6] Trminos y condiciones
[Worker-6] Polticas de publicacin
[Worker-6] Cmo protegemos tus datos?
[Worker-6] Legales
[Worker-6] Sobre NeoAuto
[Worker-6] Noticias
[Worker-6] Tips y guas
[Worker-6] Ayuda en lnea
[Worker-6] 2024 NeoAuto Inc. Todos los derechos reservados
[Worker-6] Sguenos
[Worker-6] Descripcin: {"@context":"https://schema.org","@graph":[{"@type":"Organization","@id":"https://neoauto.com/#organ...
[Worker-6] nico dueo: No
[Worker-6] Datos guardados en: /home/richgutz/Scraper-Neoauto-ANTIGRAVITY/extractores/results_txt/diario_result_20260126_215719_7b7fdf.txt
[Worker-3] Intento 1: Popup no encontrado
[Worker-2] Intento 2: Popup no encontrado
[Worker-1] Intento 3: Popup no encontrado
[Worker-1] No se pudo cerrar el popup de satisfaccin
[Worker-1] Popups manejados POST-scroll
[Worker-1] Scroll adicional de confirmacin...
[Worker-6] URL obtenida y bloqueada desde urls_autos_diarios: https://neoauto.com/auto/usado/subaru-outback-2015-1863459
[Worker-6] 
[Worker-6] Iniciando extraccin para: https://neoauto.com/auto/usado/subaru-outback-2015-1863459
[Worker-6] Iniciando navegacin...
[Worker-6] Marca extrada: 'subaru'
[Worker-6] Camino elegido (4 pasos).
[Worker-6] Paso 1/4: Pgina Principal...
[Worker-3] Intento 2: Popup no encontrado
[Worker-6] Navegacin rpida (sin acciones)
[Worker-6] Paso 2/4: Categora 'Usados'...
[Worker-6] Navegacin rpida (sin acciones)
[Worker-6] Paso 3/4: Filtro por Marca 'SUBARU'...
[Worker-4] No apareci popup de cookies
[Worker-1] Ttulo: Kia Picanto 2021
[Worker-1] Precio: S/ nan
[Worker-1] Kilometraje: inf km
[Worker-1] Ubicacin: Arranca tu ao sobre ruedas!
[Worker-1] Sbete a tu prximo seminuevo, el auto que mereces.
[Worker-1] Arranca tu ao sobre ruedas!
[Worker-1] Sbete a tu prximo seminuevo, el auto que mereces.
[Worker-1] Arranca tu ao sobre ruedas!
[Worker-1] Sbete a tu prximo seminuevo, el auto que mereces.
[Worker-1] Arranca tu ao sobre ruedas!
[Worker-1] Sbete a tu prximo seminuevo, el auto que mereces.
[Worker-1] Iniciar sesin
[Worker-1] Quiero vender
[Worker-1] Comprar
[Worker-1] Quiero vender
[Worker-1] Financiamiento
[Worker-1] Alquilar
[Worker-1] Nuevo
[Worker-1] Seguros
[Worker-1] Eventos
[Worker-1] Publicidad
[Worker-1] Ver fotos
[Worker-1] Autos usados
[Worker-1] Kia
[Worker-1] Picanto
[Worker-1] Kia Picanto 2021
[Worker-1] Lima, Lima, Lima
[Worker-1] Publicado ayer
[Worker-1] 123 vistas
[Worker-1] Reportar aviso
[Worker-1] Compartir
[Worker-1] Marcar como favorito
[Worker-1] Kia Picanto 2021
[Worker-1] Reportar aviso
[Worker-1] Compartir
[Worker-1] Marcar como favorito
[Worker-1] Ao modelo
[Worker-1] 2021
[Worker-1] Kilometraje
[Worker-1] 36 km
[Worker-1] Transmisin
[Worker-1] Automtica
[Worker-1] Descripcin
[Worker-1] Venta de unidades por renovacion de flotilla por inicio de ao, Uso gerencial, Coorporativo y presidencial, Soat vigente, Revision tecnica al dia, Cero papeletas, impuestos pagados, libre de gravamenes y prendas, Mantenimientos hechos en su concesion...
[Worker-1] Seguir leyendo
[Worker-1] Te recomendamos:
[Worker-1] 
[Worker-1] Te toca renovar tu SOAT?
[Worker-1] 
[Worker-1] Verifica el estado de tu SOAT aqu y evita multas.
[Worker-1] 
[Worker-1] Consultar SOAT
[Worker-1] 
[Worker-1] Alquila autos con Kinto Share
[Worker-1] 
[Worker-1] Que nada frene tus aventuras. Seguro,flexible y con garantia.
[Worker-1] 
[Worker-1] Ver ms
[Worker-1] 
[Worker-1] Blog & Noticias
[Worker-1] 
[Worker-1] Entrate de las ltimas novedades del sector automotriz.
[Worker-1] 
[Worker-1] Ver ms
[Worker-1] Especificaciones tcnicas
[Worker-1] Caractersticas
[Worker-1] Marca
[Worker-1] Kia
[Worker-1] Modelo
[Worker-1] PICANTO
[Worker-1] Ao de fabricacin
[Worker-1] 2021
[Worker-1] Categora
[Worker-1] Hatchback
[Worker-1] Combustible
[Worker-1] Gasolina
[Worker-1] Precios y costos
[Worker-1] 
[Worker-1] An no tenemos suficiente informacin para determinar un rango de precio para este vehculo.
[Worker-1] 
[Worker-1] Excelente
[Worker-1] Competitivo
[Worker-1] Premium
[Worker-1] 
[Worker-1] (*) Precio referencial
[Worker-1] 
[Worker-1] Cmo se calcula este rango?
[Worker-1] 
[Worker-1] Te toca renovar tu SOAT?
[Worker-1] 
[Worker-1] Verifica el estado de tu SOAT aqu y evita multas.
[Worker-1] 
[Worker-1] Consultar SOAT
[Worker-1] Precio
[Worker-1] US$8,800
[Worker-1] Contctate con el anunciante
[Worker-1] Wtyryre Antonio Rfgrtyreyry
[Worker-1] 929 000...
[Worker-1] Ms informacin
[Worker-1] Beneficios adicionales para ti:
[Worker-1] La mejor opcin
[Worker-1] Financia tu auto con Santander Consumer
[Worker-1] 
[Worker-1] Paga desde:
[Worker-1] US$243/mes*
[Worker-1] Simular crdito
[Worker-1] 
[Worker-1] (*) Cuota mensual referencial. Calculada a 60 meses, 20% de inicial y TEA de 20.99%. No incluye seguro vehicular.
[Worker-1] 
[Worker-1] Solicita tu Prstamo Personal hasta de S/45,000
[Worker-1] Me interesa
[Worker-1] Vehculos similares
[Worker-1] Ver todos los vehculos
[Worker-1] Auto verificado
[Worker-1] Papeles en regla
[Worker-1] Bmw 118i 2019
[Worker-1] 52,000km
[Worker-1] MILLENNIAL
[Worker-1] Automtica - Se...
[Worker-1] Gasolina
[Worker-1] Precio
[Worker-1] US$17,800
[Worker-1] Con Crdito Vehicular
[Worker-1] US$540/mes
[Worker-1] Ver detalle
[Worker-1] Vehculo de: Renato Valdizan
[Worker-1] Unico Dueo
[Worker-1] Subaru Xv 2022
[Worker-1] 28,100km
[Worker-1] 1.6I AWD CVT
[Worker-1] Automtica
[Worker-1] Gasolina
[Worker-1] Precio
[Worker-1] US$22,000
[Worker-1] Con Crdito Vehicular
[Worker-1] US$21,000
[Worker-1] Ver detalle
[Worker-1] Vehculo de: roxana ching achahui
[Worker-1] Bmw 120i 2017
[Worker-1] 47,500km
[Worker-1] 5 PUERTAS
[Worker-1] Automtica - Se...
[Worker-1] Gasolina
[Worker-1] Precio
[Worker-1] US$18,900
[Worker-1] Con Crdito Vehicular
[Worker-1] US$1,556/mes
[Worker-1] Ver detalle
[Worker-1] Vehculo de: Joel Benavides
[Worker-1] De lujo
[Worker-1] Mini 3 Puertas 2018
[Worker-1] 51,200km
[Worker-1] HATCHBACK HARDT...
[Worker-1] Automtica
[Worker-1] Gasolina
[Worker-1] Precio
[Worker-1] US$19,000
[Worker-1] Con Crdito Vehicular
[Worker-1] US$18,000
[Worker-1] Ver detalle
[Worker-1] Vehculo de: Carlos O
[Worker-1] Volvo V40 2016
[Worker-1] 85,000km
[Worker-1] R-DESIGN
[Worker-1] Automtica - Se...
[Worker-1] Gasolina
[Worker-1] Precio
[Worker-1] US$14,500
[Worker-1] Con Crdito Vehicular
[Worker-1] US$13,500
[Worker-1] Ver detalle
[Worker-1] Vehculo de: pamela gamarra mateo
[Worker-1] De lujo
[Worker-1] Mini John Cooper Works 2025
[Worker-1] 3,800km
[Worker-1] Automtica - Se...
[Worker-1] Gasolina
[Worker-1] Precio
[Worker-1] US$46,000
[Worker-1] Con Crdito Vehicular
[Worker-1] US$45,000
[Worker-1] Ver detalle
[Worker-1] Vehculo de: Renato Ramos
[Worker-1] Toyota Corolla 2021
[Worker-1] 40,000km
[Worker-1] 1.2 TURBO CVT
[Worker-1] Automtica - Se...
[Worker-1] Gasolina
[Worker-1] Precio
[Worker-1] US$20,000
[Worker-1] Con Crdito Vehicular
[Worker-1] US$540/mes
[Worker-1] Ver detalle
[Worker-1] Vehculo de: Rodolfo Gonzales Berrocal
[Worker-1] Suzuki Sx-4 2015
[Worker-1] 77,000km
[Worker-1] Automtica
[Worker-1] Dual
[Worker-1] Precio
[Worker-1] US$10,000
[Worker-1] Con Crdito Vehicular
[Worker-1] US$834/mes
[Worker-1] Ver detalle
[Worker-1] Vehculo de: Andres Chumioque
[Worker-1] Seminuevos
[Worker-1] Autos
[Worker-1] Motos
[Worker-1] Camiones
[Worker-1] Usados
[Worker-1] Autos
[Worker-1] Motos
[Worker-1] Camiones
[Worker-1] Nuevos
[Worker-1] Autos
[Worker-1] Camiones
[Worker-1] Ayuda
[Worker-1] Trminos y condiciones
[Worker-1] Polticas de publicacin
[Worker-1] Cmo protegemos tus datos?
[Worker-1] Legales
[Worker-1] Sobre NeoAuto
[Worker-1] Noticias
[Worker-1] Tips y guas
[Worker-1] Ayuda en lnea
[Worker-1] 2024 NeoAuto Inc. Todos los derechos reservados
[Worker-1] Sguenos
[Worker-1] Descripcin: {"@context":"https://schema.org","@graph":[{"@type":"Organization","@id":"https://neoauto.com/#organ...
[Worker-1] nico dueo: S
[Worker-1] Datos guardados en: /home/richgutz/Scraper-Neoauto-ANTIGRAVITY/extractores/results_txt/diario_result_20260126_215726_2eee54.txt
[Worker-6] Navegacin rpida (sin acciones)
[Worker-6] Paso 4/4: URL Final...
[Worker-2] Intento 3: Popup no encontrado
[Worker-4] Intento 1: Page.click: Timeout 1000ms exceeded.
[Worker-4] Call log:
[Worker-4] - waiting for locator("button[class*='close']").locator("svg").locator("xpath=./ancestor::button")
[Worker-4] 
[Worker-6] Scroll INICIAL para activar contenido...
[Worker-2] No se pudo cerrar el popup de satisfaccin
[Worker-2] Popups manejados POST-scroll
[Worker-2] Scroll adicional de confirmacin...
[Worker-4] Intento 2: Page.click: Timeout 1000ms exceeded.
[Worker-4] Call log:
[Worker-4] - waiting for locator("button[class*='close']").locator("svg").locator("xpath=./ancestor::button")
[Worker-4] 
[Worker-3] Intento 3: Popup no encontrado
[Worker-3] No se pudo cerrar el popup de satisfaccin
[Worker-3] Popups manejados POST-scroll
[Worker-3] Scroll adicional de confirmacin...
[Worker-1] URL obtenida y bloqueada desde urls_autos_diarios: https://neoauto.com/auto/usado/hyundai-tucson-2018-1863568
[Worker-1] 
[Worker-1] Iniciando extraccin para: https://neoauto.com/auto/usado/hyundai-tucson-2018-1863568
[Worker-1] Iniciando navegacin...
[Worker-1] Marca extrada: 'hyundai'
[Worker-1] Camino elegido (4 pasos).
[Worker-1] Paso 1/4: Pgina Principal...
[Worker-2] Ttulo: Hyundai Elantra 2020
[Worker-2] Precio: S/ nan
[Worker-2] Kilometraje: inf km
[Worker-2] Ubicacin: Arranca tu ao sobre ruedas!
[Worker-2] Sbete a tu prximo seminuevo, el auto que mereces.
[Worker-2] Arranca tu ao sobre ruedas!
[Worker-2] Sbete a tu prximo seminuevo, el auto que mereces.
[Worker-2] Arranca tu ao sobre ruedas!
[Worker-2] Sbete a tu prximo seminuevo, el auto que mereces.
[Worker-2] Arranca tu ao sobre ruedas!
[Worker-2] Sbete a tu prximo seminuevo, el auto que mereces.
[Worker-2] Iniciar sesin
[Worker-2] Quiero vender
[Worker-2] Comprar
[Worker-2] Quiero vender
[Worker-2] Financiamiento
[Worker-2] Alquilar
[Worker-2] Nuevo
[Worker-2] Seguros
[Worker-2] Eventos
[Worker-2] Publicidad
[Worker-2] Autos usados
[Worker-2] Hyundai
[Worker-2] Elantra
[Worker-2] Hyundai Elantra 2020
[Worker-2] San Juan de Lurigancho, Lima, Lima
[Worker-2] Publicado hoy
[Worker-2] 33 vistas
[Worker-2] Reportar aviso
[Worker-2] Compartir
[Worker-2] Marcar como favorito
[Worker-2] Hyundai Elantra 2020
[Worker-2] Reportar aviso
[Worker-2] Compartir
[Worker-2] Marcar como favorito
[Worker-2] Ao modelo
[Worker-2] 2020
[Worker-2] Kilometraje
[Worker-2] 90,000 km
[Worker-2] Transmisin
[Worker-2] Automtica - Secuencial
[Worker-2] Descripcin
[Worker-2] Auto particular. 90km tiene algunos raspones pero lo dems ok mantenimiento al da automtico. Lunas elctricas aros polarizado
[Worker-2] Te recomendamos:
[Worker-2] 
[Worker-2] Te toca renovar tu SOAT?
[Worker-2] 
[Worker-2] Verifica el estado de tu SOAT aqu y evita multas.
[Worker-2] 
[Worker-2] Consultar SOAT
[Worker-2] 
[Worker-2] Alquila autos con Kinto Share
[Worker-2] 
[Worker-2] Que nada frene tus aventuras. Seguro,flexible y con garantia.
[Worker-2] 
[Worker-2] Ver ms
[Worker-2] 
[Worker-2] Blog & Noticias
[Worker-2] 
[Worker-2] Entrate de las ltimas novedades del sector automotriz.
[Worker-2] 
[Worker-2] Ver ms
[Worker-2] Especificaciones tcnicas
[Worker-2] Caractersticas
[Worker-2] Marca
[Worker-2] Hyundai
[Worker-2] Modelo
[Worker-2] ELANTRA
[Worker-2] Versin
[Worker-2] NEW ELANTRA
[Worker-2] Ao de fabricacin
[Worker-2] 2020
[Worker-2] Categora
[Worker-2] Sedn
[Worker-2] Combustible
[Worker-2] Dual
[Worker-2] Nmero de puertas
[Worker-2] 4
[Worker-2] Color
[Worker-2] Blanco
[Worker-2] Cilindrada
[Worker-2] 1,600 cc
[Worker-2] Equipamiento
[Worker-2] Retrovisores Elctricos
[Worker-2] Neblineros
[Worker-2] Aire Acondicionado
[Worker-2] Full Equipo
[Worker-2] Exterior
[Worker-2] Aros
[Worker-2] Aros de Aleacin
[Worker-2] Luces Halgenas
[Worker-2] Seguridad
[Worker-2] Airbag
[Worker-2] Lminas de Seguridad
[Worker-2] Faros antiniebla delantero
[Worker-2] Frenos ABS
[Worker-2] Extras
[Worker-2] Asientos de cuero
[Worker-2] Precios y costos
[Worker-2] 
[Worker-2] An no tenemos suficiente informacin para determinar un rango de precio para este vehculo.
[Worker-2] 
[Worker-2] Excelente
[Worker-2] Competitivo
[Worker-2] Premium
[Worker-2] 
[Worker-2] (*) Precio referencial
[Worker-2] 
[Worker-2] Cmo se calcula este rango?
[Worker-2] 
[Worker-2] Te toca renovar tu SOAT?
[Worker-2] 
[Worker-2] Verifica el estado de tu SOAT aqu y evita multas.
[Worker-2] 
[Worker-2] Consultar SOAT
[Worker-2] Precio
[Worker-2] US$15,000
[Worker-2] Dscto. por adquirir el Crdito Vehicular
[Worker-2] -US$1,000*
[Worker-2] *Aplica si financias tu auto con Santander Consumer
[Worker-2] Contctate con el anunciante
[Worker-2] Renzo Or
[Worker-2] 935 830...
[Worker-2] Ms informacin
[Worker-2] Beneficios adicionales para ti:
[Worker-2] La mejor opcin
[Worker-2] Financia tu auto con Santander Consumer
[Worker-2] 
[Worker-2] Paga desde:
[Worker-2] US$14,000 o
[Worker-2] US$457/mes*
[Worker-2] Simular crdito
[Worker-2] 
[Worker-2] (*) Cuota mensual referencial. Calculada a 48 meses, 20% de inicial y TEA de 20.99%. No incluye seguro vehicular.
[Worker-2] 
[Worker-2] Solicita tu Prstamo Personal hasta de S/45,000
[Worker-2] Me interesa
[Worker-2] Vehculos similares
[Worker-2] Ver todos los vehculos
[Worker-2] Premium
[Worker-2] Audi A4 2017
[Worker-2] 44,000km
[Worker-2] 2.0 TFSI STRONI...
[Worker-2] Automtica - Se...
[Worker-2] Gasolina
[Worker-2] Precio
[Worker-2] US$21,500
[Worker-2] Con Crdito Vehicular
[Worker-2] US$1,767/mes
[Worker-2] Ver detalle
[Worker-2] Vehculo de: Elio Espinoza
[Worker-2] Unico Dueo
[Worker-2] Subaru Impreza Sport 2014
[Worker-2] 95,000km
[Worker-2] AWD 2.0
[Worker-2] Automtica - Se...
[Worker-2] Gasolina
[Worker-2] Precio
[Worker-2] US$10,500
[Worker-2] Con Crdito Vehicular
[Worker-2] US$875/mes
[Worker-2] Ver detalle
[Worker-2] Vehculo de: Eduardo Yrigoyen Cook
[Worker-2] Ocasin
[Worker-2] Bmw 535igt 2013
[Worker-2] 95,000km
[Worker-2] Automtica - Se...
[Worker-2] Gasolina
[Worker-2] Precio
[Worker-2] US$15,000
[Worker-2] Ver detalle
[Worker-2] Vehculo de: Dario Dibos Herrera
[Worker-2] Toyota Avensis 2017
[Worker-2] 83,000km
[Worker-2] 2.0 A/T
[Worker-2] Automtica - Se...
[Worker-2] Gasolina
[Worker-2] Precio
[Worker-2] US$14,800
[Worker-2] Con Crdito Vehicular
[Worker-2] US$1,224/mes
[Worker-2] Ver detalle
[Worker-2] Vehculo de: Brian Morris
[Worker-2] Seminuevo
[Worker-2] Audi A3 Sedan 2017
[Worker-2] 45,500km
[Worker-2] 1.2 TFSI ATTRAC...
[Worker-2] Automtica - Se...
[Worker-2] Gasolina
[Worker-2] Precio
[Worker-2] US$16,700
[Worker-2] Con Crdito Vehicular
[Worker-2] US$15,700
[Worker-2] Ver detalle
[Worker-2] Vehculo de: Jorge Tirado Melgar
[Worker-2] Premium
[Worker-2] Volkswagen Jetta 2020
[Worker-2] 68,000km
[Worker-2] TSI 250 MOTOR ...
[Worker-2] Automtica - Se...
[Worker-2] Gasolina
[Worker-2] Precio
[Worker-2] US$16,800
[Worker-2] Con Crdito Vehicular
[Worker-2] US$15,800
[Worker-2] Ver detalle
[Worker-2] Vehculo de: Javi Pered
[Worker-2] Premium
[Worker-2] Bmw 318i 2018
[Worker-2] 65,000km
[Worker-2] SPORT
[Worker-2] Automtica - Se...
[Worker-2] Gasolina
[Worker-2] Precio
[Worker-2] US$17,200
[Worker-2] Con Crdito Vehicular
[Worker-2] US$620/mes
[Worker-2] Ver detalle
[Worker-2] Vehculo de: Alexander Del Campo
[Worker-2] Super equipado
[Worker-2] Mazda 6 2009
[Worker-2] 160,000km
[Worker-2] 2.0 AT SPORT
[Worker-2] Automtica - Se...
[Worker-2] Gasolina
[Worker-2] Precio
[Worker-2] US$8,800
[Worker-2] Ver detalle
[Worker-2] Vehculo de: Diego Salvador Goicochea Arevalo
[Worker-2] Seminuevos
[Worker-2] Autos
[Worker-2] Motos
[Worker-2] Camiones
[Worker-2] Usados
[Worker-2] Autos
[Worker-2] Motos
[Worker-2] Camiones
[Worker-2] Nuevos
[Worker-2] Autos
[Worker-2] Camiones
[Worker-2] Ayuda
[Worker-2] Trminos y condiciones
[Worker-2] Polticas de publicacin
[Worker-2] Cmo protegemos tus datos?
[Worker-2] Legales
[Worker-2] Sobre NeoAuto
[Worker-2] Noticias
[Worker-2] Tips y guas
[Worker-2] Ayuda en lnea
[Worker-2] 2024 NeoAuto Inc. Todos los derechos reservados
[Worker-2] Sguenos
[Worker-2] Descripcin: {"@context":"https://schema.org","@graph":[{"@type":"Organization","@id":"https://neoauto.com/#organ...
[Worker-2] nico dueo: S
[Worker-2] Datos guardados en: /home/richgutz/Scraper-Neoauto-ANTIGRAVITY/extractores/results_txt/diario_result_20260126_215730_273239.txt
[Worker-1] Navegacin rpida (sin acciones)
[Worker-1] Paso 2/4: Categora 'Usados'...
[Worker-1] Navegacin rpida (sin acciones)
[Worker-1] Paso 3/4: Filtro por Marca 'HYUNDAI'...
[Worker-3] Ttulo: Jeep Compass 2010
[Worker-3] Precio: S/ nan
[Worker-3] Kilometraje: 3.20020012345201e+295 km
[Worker-3] Ubicacin: Arranca tu ao sobre ruedas!
[Worker-3] Sbete a tu prximo seminuevo, el auto que mereces.
[Worker-3] Arranca tu ao sobre ruedas!
[Worker-3] Sbete a tu prximo seminuevo, el auto que mereces.
[Worker-3] Arranca tu ao sobre ruedas!
[Worker-3] Sbete a tu prximo seminuevo, el auto que mereces.
[Worker-3] Arranca tu ao sobre ruedas!
[Worker-3] Sbete a tu prximo seminuevo, el auto que mereces.
[Worker-3] Iniciar sesin
[Worker-3] Quiero vender
[Worker-3] Comprar
[Worker-3] Quiero vender
[Worker-3] Financiamiento
[Worker-3] Alquilar
[Worker-3] Nuevo
[Worker-3] Seguros
[Worker-3] Eventos
[Worker-3] Publicidad
[Worker-3] Ver fotos
[Worker-3] Autos usados
[Worker-3] Jeep
[Worker-3] Compass
[Worker-3] Jeep Compass 2010
[Worker-3] San Isidro, Lima, Lima
[Worker-3] Publicado ayer
[Worker-3] 15 vistas
[Worker-3] Reportar aviso
[Worker-3] Compartir
[Worker-3] Marcar como favorito
[Worker-3] Jeep Compass 2010
[Worker-3] Reportar aviso
[Worker-3] Compartir
[Worker-3] Marcar como favorito
[Worker-3] Ao modelo
[Worker-3] 2010
[Worker-3] Kilometraje
[Worker-3] 99,000 km
[Worker-3] Transmisin
[Worker-3] Automtica
[Worker-3] Descripcin
[Worker-3] Vendo por viaje urgente
[Worker-3] Jeep compass 2009
[Worker-3] Full, todo mecnicamente en perfectas condiciones
[Worker-3] 4x4
[Worker-3] Asientos de cuero
[Worker-3] Aire acondicionado 10/10
[Worker-3] Cmara 360 radio care playa
[Worker-3] 99k recorrido
[Worker-3] Asientos de cuero
[Worker-3] Seguro vigente
[Worker-3] Espejo interno con s...
[Worker-3] Seguir leyendo
[Worker-3] Te recomendamos:
[Worker-3] 
[Worker-3] Te toca renovar tu SOAT?
[Worker-3] 
[Worker-3] Verifica el estado de tu SOAT aqu y evita multas.
[Worker-3] 
[Worker-3] Consultar SOAT
[Worker-3] 
[Worker-3] Alquila autos con Kinto Share
[Worker-3] 
[Worker-3] Que nada frene tus aventuras. Seguro,flexible y con garantia.
[Worker-3] 
[Worker-3] Ver ms
[Worker-3] 
[Worker-3] Blog & Noticias
[Worker-3] 
[Worker-3] Entrate de las ltimas novedades del sector automotriz.
[Worker-3] 
[Worker-3] Ver ms
[Worker-3] Especificaciones tcnicas
[Worker-3] Caractersticas
[Worker-3] Marca
[Worker-3] Jeep
[Worker-3] Modelo
[Worker-3] COMPASS
[Worker-3] Versin
[Worker-3] 2.4 4X4 AT
[Worker-3] Versin
[Worker-3] 2.4 4X4 AT
[Worker-3] Ao de fabricacin
[Worker-3] 2009
[Worker-3] Categora
[Worker-3] Camioneta
[Worker-3] Combustible
[Worker-3] Gasolina
[Worker-3] Nmero de puertas
[Worker-3] 5
[Worker-3] Traccin
[Worker-3] 4x4
[Worker-3] Color
[Worker-3] Champagne
[Worker-3] Nmero cilindros
[Worker-3] 4
[Worker-3] Cilindrada
[Worker-3] 24 cc
[Worker-3] Equipamiento
[Worker-3] Neblineros
[Worker-3] Aire Acondicionado
[Worker-3] Full Equipo
[Worker-3] Computadora de abordo
[Worker-3] Parlantes/Bajos
[Worker-3] Radio CD
[Worker-3] Radio MP3
[Worker-3] Retrovisores Elctricos
[Worker-3] Exterior
[Worker-3] Luces Halgenas
[Worker-3] Parrilla
[Worker-3] Aros de Aleacin
[Worker-3] Seguridad
[Worker-3] Airbag
[Worker-3] Lminas de Seguridad
[Worker-3] Blindado
[Worker-3] Faros antiniebla delantero
[Worker-3] Faros antiniebla traseros
[Worker-3] Frenos ABS
[Worker-3] Alarma
[Worker-3] Extras
[Worker-3] Asientos de cuero
[Worker-3] Climatizador
[Worker-3] Precios y costos
[Worker-3] 
[Worker-3] An no tenemos suficiente informacin para determinar un rango de precio para este vehculo.
[Worker-3] 
[Worker-3] Excelente
[Worker-3] Competitivo
[Worker-3] Premium
[Worker-3] 
[Worker-3] (*) Precio referencial
[Worker-3] 
[Worker-3] Cmo se calcula este rango?
[Worker-3] 
[Worker-3] Te toca renovar tu SOAT?
[Worker-3] 
[Worker-3] Verifica el estado de tu SOAT aqu y evita multas.
[Worker-3] 
[Worker-3] Consultar SOAT
[Worker-3] Precio
[Worker-3] US$9,900
[Worker-3] Contctate con el anunciante
[Worker-3] Daniel Nino
[Worker-3] 992 079...
[Worker-3] Ms informacin
[Worker-3] Beneficios adicionales para ti:
[Worker-3] Solicita tu Prstamo Personal hasta de S/45,000
[Worker-3] Me interesa
[Worker-3] Seminuevos
[Worker-3] Autos
[Worker-3] Motos
[Worker-3] Camiones
[Worker-3] Usados
[Worker-3] Autos
[Worker-3] Motos
[Worker-3] Camiones
[Worker-3] Nuevos
[Worker-3] Autos
[Worker-3] Camiones
[Worker-3] Ayuda
[Worker-3] Trminos y condiciones
[Worker-3] Polticas de publicacin
[Worker-3] Cmo protegemos tus datos?
[Worker-3] Legales
[Worker-3] Sobre NeoAuto
[Worker-3] Noticias
[Worker-3] Tips y guas
[Worker-3] Ayuda en lnea
[Worker-3] 2024 NeoAuto Inc. Todos los derechos reservados
[Worker-3] Sguenos
[Worker-3] Descripcin: {"@context":"https://schema.org","@graph":[{"@type":"Organization","@id":"https://neoauto.com/#organ...
[Worker-3] nico dueo: S
[Worker-3] Datos guardados en: /home/richgutz/Scraper-Neoauto-ANTIGRAVITY/extractores/results_txt/diario_result_20260126_215733_675257.txt
[Worker-1] Navegacin rpida (sin acciones)
[Worker-1] Paso 4/4: URL Final...
[Worker-1] Scroll INICIAL para activar contenido...
[Worker-2] URL obtenida y bloqueada desde urls_autos_diarios: https://neoauto.com/auto/usado/nissan-sentra-2013-1863501
[Worker-2] 
[Worker-2] Iniciando extraccin para: https://neoauto.com/auto/usado/nissan-sentra-2013-1863501
[Worker-2] Iniciando navegacin...
[Worker-2] Marca extrada: 'nissan'
[Worker-2] Camino elegido (4 pasos).
[Worker-2] Paso 1/4: Pgina Principal...
[Worker-2] Navegacin rpida (sin acciones)
[Worker-2] Paso 2/4: Categora 'Usados'...
[Worker-3] URL obtenida y bloqueada desde urls_autos_diarios: https://neoauto.com/auto/usado/kia-sportage-2019-1863453
[Worker-3] 
[Worker-3] Iniciando extraccin para: https://neoauto.com/auto/usado/kia-sportage-2019-1863453
[Worker-3] Iniciando navegacin...
[Worker-3] Marca extrada: 'kia'
[Worker-3] Camino elegido (4 pasos).
[Worker-3] Paso 1/4: Pgina Principal...
[Worker-5] Intento 1: Popup no encontrado
[Worker-2] Navegacin rpida (sin acciones)
[Worker-2] Paso 3/4: Filtro por Marca 'NISSAN'...
[Worker-3] Navegacin rpida (sin acciones)
[Worker-3] Paso 2/4: Categora 'Usados'...
[Worker-2] Navegacin rpida (sin acciones)
[Worker-2] Paso 4/4: URL Final...
[Worker-6] No apareci popup de cookies
[Worker-2] Scroll INICIAL para activar contenido...
[Worker-3] Navegacin rpida (sin acciones)
[Worker-3] Paso 3/4: Filtro por Marca 'KIA'...
[Worker-6] Intento 1: Page.click: Timeout 1000ms exceeded.
[Worker-6] Call log:
[Worker-6] - waiting for locator("button[class*='close']").locator("svg").locator("xpath=./ancestor::button")
[Worker-6] 
[Worker-3] Navegacin rpida (sin acciones)
[Worker-3] Paso 4/4: URL Final...
[Worker-3] Scroll INICIAL para activar contenido...
[Worker-6] Intento 2: Page.click: Timeout 1000ms exceeded.
[Worker-6] Call log:
[Worker-6] - waiting for locator("button[class*='close']").locator("svg").locator("xpath=./ancestor::button")
[Worker-6] 
[Worker-5] Intento 2: Popup no encontrado
[Worker-1] No apareci popup de cookies
[Worker-5] Intento 3: Popup no encontrado
[Worker-4] Intento 1: Popup no encontrado
[Worker-1] Intento 1: Page.click: Timeout 1000ms exceeded.
[Worker-1] Call log:
[Worker-1] - waiting for locator("button[class*='close']").locator("svg").locator("xpath=./ancestor::button")
[Worker-1] 
[Worker-5] No se pudo cerrar el popup de satisfaccin
[Worker-5] Popups manejados POST-scroll
[Worker-5] Scroll adicional de confirmacin...
[Worker-1] Intento 2: Page.click: Timeout 1000ms exceeded.
[Worker-1] Call log:
[Worker-1] - waiting for locator("button[class*='close']").locator("svg").locator("xpath=./ancestor::button")
[Worker-1] 
[Worker-5] Ttulo: Chevrolet Tracker 2023
[Worker-5] Precio: S/ nan
[Worker-5] Kilometraje: inf km
[Worker-5] Ubicacin: Arranca tu ao sobre ruedas!
[Worker-5] Sbete a tu prximo seminuevo, el auto que mereces.
[Worker-5] Arranca tu ao sobre ruedas!
[Worker-5] Sbete a tu prximo seminuevo, el auto que mereces.
[Worker-5] Arranca tu ao sobre ruedas!
[Worker-5] Sbete a tu prximo seminuevo, el auto que mereces.
[Worker-5] Arranca tu ao sobre ruedas!
[Worker-5] Sbete a tu prximo seminuevo, el auto que mereces.
[Worker-5] Iniciar sesin
[Worker-5] Quiero vender
[Worker-5] Comprar
[Worker-5] Quiero vender
[Worker-5] Financiamiento
[Worker-5] Alquilar
[Worker-5] Nuevo
[Worker-5] Seguros
[Worker-5] Eventos
[Worker-5] Publicidad
[Worker-5] Autos usados
[Worker-5] Chevrolet
[Worker-5] Tracker
[Worker-5] Chevrolet Tracker 2023
[Worker-5] Yanahuara, Arequipa, Arequipa
[Worker-5] Publicado hoy
[Worker-5] 4 vistas
[Worker-5] Reportar aviso
[Worker-5] Compartir
[Worker-5] Marcar como favorito
[Worker-5] Chevrolet Tracker 2023
[Worker-5] Reportar aviso
[Worker-5] Compartir
[Worker-5] Marcar como favorito
[Worker-5] Ao modelo
[Worker-5] 2023
[Worker-5] Kilometraje
[Worker-5] 20,000 km
[Worker-5] Transmisin
[Worker-5] Automtica
[Worker-5] Descripcin
[Worker-5] Auto en excelente estado, nico dueo, full equipo, lunas y pestillos elctricos, poco recorrido en kilometraje. Todos los mantenimientos en el concesionario de la marca. Se vende por viaje.
[Worker-5] Te recomendamos:
[Worker-5] 
[Worker-5] Te toca renovar tu SOAT?
[Worker-5] 
[Worker-5] Verifica el estado de tu SOAT aqu y evita multas.
[Worker-5] 
[Worker-5] Consultar SOAT
[Worker-5] 
[Worker-5] Alquila autos con Kinto Share
[Worker-5] 
[Worker-5] Que nada frene tus aventuras. Seguro,flexible y con garantia.
[Worker-5] 
[Worker-5] Ver ms
[Worker-5] 
[Worker-5] Blog & Noticias
[Worker-5] 
[Worker-5] Entrate de las ltimas novedades del sector automotriz.
[Worker-5] 
[Worker-5] Ver ms
[Worker-5] Especificaciones tcnicas
[Worker-5] Caractersticas
[Worker-5] Marca
[Worker-5] Chevrolet
[Worker-5] Modelo
[Worker-5] TRACKER
[Worker-5] Ao de fabricacin
[Worker-5] 2023
[Worker-5] Categora
[Worker-5] Camioneta
[Worker-5] Combustible
[Worker-5] Gasolina
[Worker-5] Precios y costos
[Worker-5] 
[Worker-5] Este aviso
[Worker-5] 
[Worker-5] US$18,000
[Worker-5] 
[Worker-5] Precio de mercado
[Worker-5] 
[Worker-5] US$19,000*
[Worker-5] 
[Worker-5] Excelente
[Worker-5] Competitivo
[Worker-5] Premium
[Worker-5] 
[Worker-5] (*) Precio referencial
[Worker-5] 
[Worker-5] Cmo se calcula este rango?
[Worker-5] 
[Worker-5] Te toca renovar tu SOAT?
[Worker-5] 
[Worker-5] Verifica el estado de tu SOAT aqu y evita multas.
[Worker-5] 
[Worker-5] Consultar SOAT
[Worker-5] Precio
[Worker-5] US$18,000
[Worker-5] Dscto. por adquirir el Crdito Vehicular
[Worker-5] -US$1,000*
[Worker-5] *Aplica si financias tu auto con Santander Consumer
[Worker-5] Contctate con el anunciante
[Worker-5] Jaime Medina Hermoza
[Worker-5] 950 314...
[Worker-5] Ms informacin
[Worker-5] Beneficios adicionales para ti:
[Worker-5] La mejor opcin
[Worker-5] Financia tu auto con Santander Consumer
[Worker-5] 
[Worker-5] Paga desde:
[Worker-5] US$17,000 o
[Worker-5] US$487/mes*
[Worker-5] Simular crdito
[Worker-5] 
[Worker-5] (*) Cuota mensual referencial. Calculada a 60 meses, 20% de inicial y TEA de 20.99%. No incluye seguro vehicular.
[Worker-5] 
[Worker-5] Solicita tu Prstamo Personal hasta de S/45,000
[Worker-5] Me interesa
[Worker-5] Vehculos similares
[Worker-5] Ver todos los vehculos
[Worker-5] Unico Dueo
[Worker-5] Chevrolet Tracker 2023
[Worker-5] 32,000km
[Worker-5] 1.2 LTZ TURBO
[Worker-5] Mecnica
[Worker-5] Gasolina
[Worker-5] Precio
[Worker-5] US$15,900
[Worker-5] Con Crdito Vehicular
[Worker-5] US$14,900
[Worker-5] Ver detalle
[Worker-5] Vehculo de: Gustavo Orofino
[Worker-5] Chevrolet Tracker 2020
[Worker-5] 107,000km
[Worker-5] FULL EQUIPO
[Worker-5] Automtica - Se...
[Worker-5] Dual
[Worker-5] Precio
[Worker-5] US$12,000
[Worker-5] Con Crdito Vehicular
[Worker-5] US$368/mes
[Worker-5] Ver detalle
[Worker-5] Vehculo de: Miguel Villafana
[Worker-5] Premium
[Worker-5] Chevrolet Captiva 2021
[Worker-5] 121,842km
[Worker-5] MT SUV
[Worker-5] Mecnica
[Worker-5] Dual
[Worker-5] Precio
[Worker-5] US$14,000
[Worker-5] Ver detalle
[Worker-5] Vehculo de: DAVID RICARDO RIOS
[Worker-5] Chevrolet Orlando 2013
[Worker-5] 63,000km
[Worker-5] 2.4 LT AT
[Worker-5] Automtica
[Worker-5] Gasolina
[Worker-5] Precio
[Worker-5] US$11,500
[Worker-5] Ver detalle
[Worker-5] Vehculo de: Ivan Torres
[Worker-5] Auto verificado
[Worker-5] Vendo por viaje
[Worker-5] Subaru Forester 2024
[Worker-5] 19,000km
[Worker-5] 2.01 AWD CVT XS...
[Worker-5] Automtica - Se...
[Worker-5] Gasolina
[Worker-5] Precio
[Worker-5] US$33,000
[Worker-5] Con Crdito Vehicular
[Worker-5] US$884/mes
[Worker-5] Ver detalle
[Worker-5] Vehculo de: Tracy Gamarra
[Worker-5] Ocasin
[Worker-5] Bmw X5 35i 2016
[Worker-5] 56,000km
[Worker-5] Automtica - Se...
[Worker-5] Gasolina
[Worker-5] Precio
[Worker-5] US$27,500
[Worker-5] Con Crdito Vehicular
[Worker-5] US$26,500
[Worker-5] Ver detalle
[Worker-5] Vehculo de: DIEGO BERCKEMEYER
[Worker-5] Ford Edge Sel 2013
[Worker-5] 93,000km
[Worker-5] SEL
[Worker-5] Automtica
[Worker-5] Gasolina
[Worker-5] Precio
[Worker-5] US$11,300
[Worker-5] Con Crdito Vehicular
[Worker-5] US$10,300
[Worker-5] Ver detalle
[Worker-5] Vehculo de: Michael Cerquera
[Worker-5] Unico Dueo
[Worker-5] Toyota Corolla Cross 2023
[Worker-5] 61,000km
[Worker-5] D-LUX
[Worker-5] Automtica
[Worker-5] Gasolina-Hbrid...
[Worker-5] Precio
[Worker-5] US$22,500
[Worker-5] Con Crdito Vehicular
[Worker-5] US$606/mes
[Worker-5] Ver detalle
[Worker-5] Vehculo de: Milton Ikeda
[Worker-5] Seminuevos
[Worker-5] Autos
[Worker-5] Motos
[Worker-5] Camiones
[Worker-5] Usados
[Worker-5] Autos
[Worker-5] Motos
[Worker-5] Camiones
[Worker-5] Nuevos
[Worker-5] Autos
[Worker-5] Camiones
[Worker-5] Ayuda
[Worker-5] Trminos y condiciones
[Worker-5] Polticas de publicacin
[Worker-5] Cmo protegemos tus datos?
[Worker-5] Legales
[Worker-5] Sobre NeoAuto
[Worker-5] Noticias
[Worker-5] Tips y guas
[Worker-5] Ayuda en lnea
[Worker-5] 2024 NeoAuto Inc. Todos los derechos reservados
[Worker-5] Sguenos
[Worker-5] Descripcin: {"@context":"https://schema.org","@graph":[{"@type":"Organization","@id":"https://neoauto.com/#organ...
[Worker-5] nico dueo: S
[Worker-5] Datos guardados en: /home/richgutz/Scraper-Neoauto-ANTIGRAVITY/extractores/results_txt/diario_result_20260126_215751_979575.txt
[Worker-2] No apareci popup de cookies
[Worker-4] Intento 2: Popup no encontrado
[Worker-2] Intento 1: Page.click: Timeout 1000ms exceeded.
[Worker-2] Call log:
[Worker-2] - waiting for locator("button[class*='close']").locator("svg").locator("xpath=./ancestor::button")
[Worker-2] 
[Worker-3] No apareci popup de cookies
[Worker-3] Intento 1: Page.click: Timeout 1000ms exceeded.
[Worker-3] Call log:
[Worker-3] - waiting for locator("button[class*='close']").locator("svg").locator("xpath=./ancestor::button")
[Worker-3] 
[Worker-2] Intento 2: Page.click: Timeout 1000ms exceeded.
[Worker-2] Call log:
[Worker-2] - waiting for locator("button[class*='close']").locator("svg").locator("xpath=./ancestor::button")
[Worker-2] 
[Worker-5] URL obtenida y bloqueada desde urls_autos_diarios: https://neoauto.com/auto/usado/chevrolet-aveo-2010-1863471
[Worker-5] 
[Worker-5] Iniciando extraccin para: https://neoauto.com/auto/usado/chevrolet-aveo-2010-1863471
[Worker-5] Iniciando navegacin...
[Worker-5] Marca extrada: 'chevrolet'
[Worker-5] Camino elegido (4 pasos).
[Worker-5] Paso 1/4: Pgina Principal...
[Worker-5] Navegacin rpida (sin acciones)
[Worker-5] Paso 2/4: Categora 'Usados'...
[Worker-5] Navegacin rpida (sin acciones)
[Worker-5] Paso 3/4: Filtro por Marca 'CHEVROLET'...
[Worker-3] Intento 2: Page.click: Timeout 1000ms exceeded.
[Worker-3] Call log:
[Worker-3] - waiting for locator("button[class*='close']").locator("svg").locator("xpath=./ancestor::button")
[Worker-3] 
[Worker-5] Navegacin rpida (sin acciones)
[Worker-5] Paso 4/4: URL Final...
[Worker-4] Intento 3: Popup no encontrado
[Worker-5] Scroll INICIAL para activar contenido...
[Worker-4] No se pudo cerrar el popup de satisfaccin
[Worker-4] Popups manejados POST-scroll
[Worker-4] Scroll adicional de confirmacin...
[Worker-6] Intento 1: Popup no encontrado
[Worker-4] Ttulo: Suzuki Baleno 2023
[Worker-4] Precio: S/ nan
[Worker-4] Kilometraje: 3.200200123452023e+285 km
[Worker-4] Ubicacin: Arranca tu ao sobre ruedas!
[Worker-4] Sbete a tu prximo seminuevo, el auto que mereces.
[Worker-4] Arranca tu ao sobre ruedas!
[Worker-4] Sbete a tu prximo seminuevo, el auto que mereces.
[Worker-4] Arranca tu ao sobre ruedas!
[Worker-4] Sbete a tu prximo seminuevo, el auto que mereces.
[Worker-4] Arranca tu ao sobre ruedas!
[Worker-4] Sbete a tu prximo seminuevo, el auto que mereces.
[Worker-4] Iniciar sesin
[Worker-4] Quiero vender
[Worker-4] Comprar
[Worker-4] Quiero vender
[Worker-4] Financiamiento
[Worker-4] Alquilar
[Worker-4] Nuevo
[Worker-4] Seguros
[Worker-4] Eventos
[Worker-4] Publicidad
[Worker-4] Ver fotos
[Worker-4] Autos usados
[Worker-4] Suzuki
[Worker-4] Baleno
[Worker-4] Suzuki Baleno 2023
[Worker-4] Miraflores, Lima, Lima
[Worker-4] Publicado hoy
[Worker-4] 25 vistas
[Worker-4] Reportar aviso
[Worker-4] Compartir
[Worker-4] Marcar como favorito
[Worker-4] Suzuki Baleno 2023
[Worker-4] Reportar aviso
[Worker-4] Compartir
[Worker-4] Marcar como favorito
[Worker-4] Ao modelo
[Worker-4] 2023
[Worker-4] Kilometraje
[Worker-4] 24,600 km
[Worker-4] Transmisin
[Worker-4] Automtica
[Worker-4] Descripcin
[Worker-4] Vendo Suzuki Baleno 2023 automtico, en excelente estado, LIGERAMENTE NEGOCIABLE
[Worker-4] Solo Gasolina Premium
[Worker-4] Polarizado 50% (no requiere permiso)
[Worker-4] 
[Worker-4] Impuesto vehicular pagado los 3 aos
[Worker-4] 
[Worker-4] 
[Worker-4] Te recomendamos:
[Worker-4] 
[Worker-4] Te toca renovar tu SOAT?
[Worker-4] 
[Worker-4] Verifica el estado de tu SOAT aqu y evita multas.
[Worker-4] 
[Worker-4] Consultar SOAT
[Worker-4] 
[Worker-4] Alquila autos con Kinto Share
[Worker-4] 
[Worker-4] Que nada frene tus aventuras. Seguro,flexible y con garantia.
[Worker-4] 
[Worker-4] Ver ms
[Worker-4] 
[Worker-4] Blog & Noticias
[Worker-4] 
[Worker-4] Entrate de las ltimas novedades del sector automotriz.
[Worker-4] 
[Worker-4] Ver ms
[Worker-4] Especificaciones tcnicas
[Worker-4] Caractersticas
[Worker-4] Marca
[Worker-4] Suzuki
[Worker-4] Modelo
[Worker-4] BALENO
[Worker-4] Ao de fabricacin
[Worker-4] 2023
[Worker-4] Categora
[Worker-4] Hatchback
[Worker-4] Combustible
[Worker-4] Gasolina
[Worker-4] Nmero de puertas
[Worker-4] 5
[Worker-4] Traccin
[Worker-4] 4x2
[Worker-4] Color
[Worker-4] Gris Oscuro
[Worker-4] Equipamiento
[Worker-4] Aire Acondicionado
[Worker-4] Computadora de abordo
[Worker-4] Seguridad
[Worker-4] Airbag
[Worker-4] Lminas de Seguridad
[Worker-4] Extras
[Worker-4] Climatizador
[Worker-4] Precios y costos
[Worker-4] 
[Worker-4] Este aviso
[Worker-4] 
[Worker-4] US$14,200
[Worker-4] 
[Worker-4] Precio de mercado
[Worker-4] 
[Worker-4] US$14,900*
[Worker-4] 
[Worker-4] Excelente
[Worker-4] Competitivo
[Worker-4] Premium
[Worker-4] 
[Worker-4] (*) Precio referencial
[Worker-4] 
[Worker-4] Cmo se calcula este rango?
[Worker-4] 
[Worker-4] Te toca renovar tu SOAT?
[Worker-4] 
[Worker-4] Verifica el estado de tu SOAT aqu y evita multas.
[Worker-4] 
[Worker-4] Consultar SOAT
[Worker-4] Precio
[Worker-4] US$14,200
[Worker-4] Contctate con el anunciante
[Worker-4] Luis Campos Garcia
[Worker-4] 991 687...
[Worker-4] Ms informacin
[Worker-4] Beneficios adicionales para ti:
[Worker-4] La mejor opcin
[Worker-4] Financia tu auto con Santander Consumer
[Worker-4] 
[Worker-4] Paga desde:
[Worker-4] US$386/mes*
[Worker-4] Simular crdito
[Worker-4] 
[Worker-4] (*) Cuota mensual referencial. Calculada a 60 meses, 20% de inicial y TEA de 20.99%. No incluye seguro vehicular.
[Worker-4] 
[Worker-4] Solicita tu Prstamo Personal hasta de S/45,000
[Worker-4] Me interesa
[Worker-4] Seminuevos
[Worker-4] Autos
[Worker-4] Motos
[Worker-4] Camiones
[Worker-4] Usados
[Worker-4] Autos
[Worker-4] Motos
[Worker-4] Camiones
[Worker-4] Nuevos
[Worker-4] Autos
[Worker-4] Camiones
[Worker-4] Ayuda
[Worker-4] Trminos y condiciones
[Worker-4] Polticas de publicacin
[Worker-4] Cmo protegemos tus datos?
[Worker-4] Legales
[Worker-4] Sobre NeoAuto
[Worker-4] Noticias
[Worker-4] Tips y guas
[Worker-4] Ayuda en lnea
[Worker-4] 2024 NeoAuto Inc. Todos los derechos reservados
[Worker-4] Sguenos
[Worker-4] Descripcin: {"@context":"https://schema.org","@graph":[{"@type":"Organization","@id":"https://neoauto.com/#organ...
[Worker-4] nico dueo: No
[Worker-4] Datos guardados en: /home/richgutz/Scraper-Neoauto-ANTIGRAVITY/extractores/results_txt/diario_result_20260126_215802_71e74b.txt
[Worker-4] URL obtenida y bloqueada desde urls_autos_diarios: https://neoauto.com/auto/usado/toyota-land-cruiser-prado-2014-1863476
[Worker-4] 
[Worker-4] Iniciando extraccin para: https://neoauto.com/auto/usado/toyota-land-cruiser-prado-2014-1863476
[Worker-4] Iniciando navegacin...
[Worker-4] Marca extrada: 'toyota'
[Worker-4] Camino elegido (4 pasos).
[Worker-4] Paso 1/4: Pgina Principal...
[Worker-4] Navegacin rpida (sin acciones)
[Worker-4] Paso 2/4: Categora 'Usados'...
[Worker-4] Navegacin rpida (sin acciones)
[Worker-4] Paso 3/4: Filtro por Marca 'TOYOTA'...
[Worker-6] Intento 2: Popup no encontrado
[Worker-4] Navegacin rpida (sin acciones)
[Worker-4] Paso 4/4: URL Final...
[Worker-4] Scroll INICIAL para activar contenido...
[Worker-1] Intento 1: Popup no encontrado
[Worker-5] No apareci popup de cookies
[Worker-6] Intento 3: Popup no encontrado
[Worker-5] Intento 1: Page.click: Timeout 1000ms exceeded.
[Worker-5] Call log:
[Worker-5] - waiting for locator("button[class*='close']").locator("svg").locator("xpath=./ancestor::button")
[Worker-5] 
[Worker-6] No se pudo cerrar el popup de satisfaccin
[Worker-6] Popups manejados POST-scroll
[Worker-6] Scroll adicional de confirmacin...
[Worker-5] Intento 2: Page.click: Timeout 1000ms exceeded.
[Worker-5] Call log:
[Worker-5] - waiting for locator("button[class*='close']").locator("svg").locator("xpath=./ancestor::button")
[Worker-5] 
[Worker-1] Intento 2: Popup no encontrado
[Worker-2] Intento 1: Popup no encontrado
[Worker-6] Ttulo: Subaru Outback 2015
[Worker-6] Precio: S/ nan
[Worker-6] Kilometraje: inf km
[Worker-6] Ubicacin: Arranca tu ao sobre ruedas!
[Worker-6] Sbete a tu prximo seminuevo, el auto que mereces.
[Worker-6] Arranca tu ao sobre ruedas!
[Worker-6] Sbete a tu prximo seminuevo, el auto que mereces.
[Worker-6] Arranca tu ao sobre ruedas!
[Worker-6] Sbete a tu prximo seminuevo, el auto que mereces.
[Worker-6] Arranca tu ao sobre ruedas!
[Worker-6] Sbete a tu prximo seminuevo, el auto que mereces.
[Worker-6] Iniciar sesin
[Worker-6] Quiero vender
[Worker-6] Comprar
[Worker-6] Quiero vender
[Worker-6] Financiamiento
[Worker-6] Alquilar
[Worker-6] Nuevo
[Worker-6] Seguros
[Worker-6] Eventos
[Worker-6] Publicidad
[Worker-6] Ver fotos
[Worker-6] Autos usados
[Worker-6] Subaru
[Worker-6] Outback
[Worker-6] Subaru Outback 2015
[Worker-6] San Borja, Lima, Lima
[Worker-6] Publicado ayer
[Worker-6] 6 vistas
[Worker-6] Reportar aviso
[Worker-6] Compartir
[Worker-6] Marcar como favorito
[Worker-6] Subaru Outback 2015
[Worker-6] Reportar aviso
[Worker-6] Compartir
[Worker-6] Marcar como favorito
[Worker-6] Ao modelo
[Worker-6] 2015
[Worker-6] Kilometraje
[Worker-6] 104,000 km
[Worker-6] Transmisin
[Worker-6] Automtica - Secuencial
[Worker-6] Descripcin
[Worker-6] Excelente estado de conservacin. Lunas, pestillos, espejos y puerta trasera elctricos. Llantas nuevas.
[Worker-6] Te recomendamos:
[Worker-6] 
[Worker-6] Te toca renovar tu SOAT?
[Worker-6] 
[Worker-6] Verifica el estado de tu SOAT aqu y evita multas.
[Worker-6] 
[Worker-6] Consultar SOAT
[Worker-6] 
[Worker-6] Alquila autos con Kinto Share
[Worker-6] 
[Worker-6] Que nada frene tus aventuras. Seguro,flexible y con garantia.
[Worker-6] 
[Worker-6] Ver ms
[Worker-6] 
[Worker-6] Blog & Noticias
[Worker-6] 
[Worker-6] Entrate de las ltimas novedades del sector automotriz.
[Worker-6] 
[Worker-6] Ver ms
[Worker-6] Especificaciones tcnicas
[Worker-6] Caractersticas
[Worker-6] Marca
[Worker-6] Subaru
[Worker-6] Modelo
[Worker-6] OUTBACK
[Worker-6] Versin
[Worker-6] 2.5I AWD CVT XS PLUS
[Worker-6] Versin
[Worker-6] 2.5I AWD CVT XS PLUS
[Worker-6] Ao de fabricacin
[Worker-6] 2015
[Worker-6] Categora
[Worker-6] Camioneta
[Worker-6] Combustible
[Worker-6] Gasolina
[Worker-6] Nmero de puertas
[Worker-6] 5
[Worker-6] Traccin
[Worker-6] AWD
[Worker-6] Color
[Worker-6] Gris Oscuro
[Worker-6] Cilindrada
[Worker-6] 2,500 cc
[Worker-6] Equipamiento
[Worker-6] Retrovisores Elctricos
[Worker-6] Neblineros
[Worker-6] Aire Acondicionado
[Worker-6] Full Equipo
[Worker-6] Computadora de abordo
[Worker-6] Radio CD
[Worker-6] Exterior
[Worker-6] Aros
[Worker-6] Parrilla
[Worker-6] Seguridad
[Worker-6] Airbag
[Worker-6] Lminas de Seguridad
[Worker-6] Frenos ABS
[Worker-6] Alarma
[Worker-6] Precios y costos
[Worker-6] 
[Worker-6] Este aviso
[Worker-6] 
[Worker-6] US$17,000
[Worker-6] 
[Worker-6] Precio de mercado
[Worker-6] 
[Worker-6] US$14,950*
[Worker-6] 
[Worker-6] Excelente
[Worker-6] Competitivo
[Worker-6] Premium
[Worker-6] 
[Worker-6] (*) Precio referencial
[Worker-6] 
[Worker-6] Cmo se calcula este rango?
[Worker-6] 
[Worker-6] Te toca renovar tu SOAT?
[Worker-6] 
[Worker-6] Verifica el estado de tu SOAT aqu y evita multas.
[Worker-6] 
[Worker-6] Consultar SOAT
[Worker-6] Precio
[Worker-6] US$17,000
[Worker-6] Contctate con el anunciante
[Worker-6] Raphel Nolla
[Worker-6] 981 223...
[Worker-6] Ms informacin
[Worker-6] Beneficios adicionales para ti:
[Worker-6] La mejor opcin
[Worker-6] Financia tu auto con Santander Consumer
[Worker-6] 
[Worker-6] Paga desde:
[Worker-6] US$1,402/mes*
[Worker-6] Simular crdito
[Worker-6] 
[Worker-6] (*) Cuota mensual referencial. Calculada a 12 meses, 20% de inicial y TEA de 20.99%. No incluye seguro vehicular.
[Worker-6] 
[Worker-6] Solicita tu Prstamo Personal hasta de S/45,000
[Worker-6] Me interesa
[Worker-6] Vehculos similares
[Worker-6] Ver todos los vehculos
[Worker-6] Subaru Outback 2016
[Worker-6] 99,860km
[Worker-6] 2.5I-S AWD CVT ...
[Worker-6] Automtica - Se...
[Worker-6] Gasolina
[Worker-6] Precio
[Worker-6] US$17,000
[Worker-6] Con Crdito Vehicular
[Worker-6] US$16,000
[Worker-6] Ver detalle
[Worker-6] Vehculo de: MIGUEL ANGEL VALLES
[Worker-6] Subaru Xv 2022
[Worker-6] 59,500km
[Worker-6] DYNAMIC
[Worker-6] Automtica - Se...
[Worker-6] Gasolina
[Worker-6] Precio
[Worker-6] US$24,000
[Worker-6] Con Crdito Vehicular
[Worker-6] US$23,000
[Worker-6] Ver detalle
[Worker-6] Vehculo de: Javier Gonzales Valencia
[Worker-6] Auto verificado
[Worker-6] Vendo por viaje
[Worker-6] Subaru Forester 2024
[Worker-6] 19,000km
[Worker-6] 2.01 AWD CVT XS...
[Worker-6] Automtica - Se...
[Worker-6] Gasolina
[Worker-6] Precio
[Worker-6] US$33,000
[Worker-6] Con Crdito Vehicular
[Worker-6] US$884/mes
[Worker-6] Ver detalle
[Worker-6] Vehculo de: Tracy Gamarra
[Worker-6] Subaru Forester 2015
[Worker-6] 107,000km
[Worker-6] Automtica
[Worker-6] Gasolina
[Worker-6] Precio
[Worker-6] US$13,600
[Worker-6] Con Crdito Vehicular
[Worker-6] US$1,126/mes
[Worker-6] Ver detalle
[Worker-6] Vehculo de: SN SN
[Worker-6] Premium
[Worker-6] Subaru Xv 2018
[Worker-6] 67,000km
[Worker-6] Automtica
[Worker-6] Gasolina
[Worker-6] Precio
[Worker-6] US$16,000
[Worker-6] Con Crdito Vehicular
[Worker-6] US$15,000
[Worker-6] Ver detalle
[Worker-6] Vehculo de: rosario falcon
[Worker-6] Seminuevo
[Worker-6] Mazda Cx-30 2022
[Worker-6] 45,000km
[Worker-6] Mecnica
[Worker-6] Gasolina
[Worker-6] Precio
[Worker-6] US$18,500
[Worker-6] Con Crdito Vehicular
[Worker-6] US$17,500
[Worker-6] Ver detalle
[Worker-6] Vehculo de: wilman vera
[Worker-6] Como nuevo
[Worker-6] Volkswagen Taos 2025
[Worker-6] 8,400km
[Worker-6] HIGHLINE 250 TS...
[Worker-6] Automtica - Se...
[Worker-6] Gasolina
[Worker-6] Precio
[Worker-6] US$28,000
[Worker-6] Con Crdito Vehicular
[Worker-6] US$27,000
[Worker-6] Ver detalle
[Worker-6] Vehculo de: Manuel Anthony Ascarza
[Worker-6] Unico Dueo
[Worker-6] Chevrolet Tracker 2023
[Worker-6] 32,000km
[Worker-6] 1.2 LTZ TURBO
[Worker-6] Mecnica
[Worker-6] Gasolina
[Worker-6] Precio
[Worker-6] US$15,900
[Worker-6] Con Crdito Vehicular
[Worker-6] US$14,900
[Worker-6] Ver detalle
[Worker-6] Vehculo de: Gustavo Orofino
[Worker-6] Seminuevos
[Worker-6] Autos
[Worker-6] Motos
[Worker-6] Camiones
[Worker-6] Usados
[Worker-6] Autos
[Worker-6] Motos
[Worker-6] Camiones
[Worker-6] Nuevos
[Worker-6] Autos
[Worker-6] Camiones
[Worker-6] Ayuda
[Worker-6] Trminos y condiciones
[Worker-6] Polticas de publicacin
[Worker-6] Cmo protegemos tus datos?
[Worker-6] Legales
[Worker-6] Sobre NeoAuto
[Worker-6] Noticias
[Worker-6] Tips y guas
[Worker-6] Ayuda en lnea
[Worker-6] 2024 NeoAuto Inc. Todos los derechos reservados
[Worker-6] Sguenos
[Worker-6] Descripcin: {"@context":"https://schema.org","@graph":[{"@type":"Organization","@id":"https://neoauto.com/#organ...
[Worker-6] nico dueo: S
[Worker-6] Datos guardados en: /home/richgutz/Scraper-Neoauto-ANTIGRAVITY/extractores/results_txt/diario_result_20260126_215815_08c7d9.txt
[Worker-3] Intento 1: Popup no encontrado
[Worker-6] URL obtenida y bloqueada desde urls_autos_diarios: https://neoauto.com/auto/usado/toyota-raize-2021-1863458
[Worker-6] 
[Worker-6] Iniciando extraccin para: https://neoauto.com/auto/usado/toyota-raize-2021-1863458
[Worker-6] Iniciando navegacin...
[Worker-6] Marca extrada: 'toyota'
[Worker-6] Camino elegido (4 pasos).
[Worker-6] Paso 1/4: Pgina Principal...
[Worker-6] Navegacin rpida (sin acciones)
[Worker-6] Paso 2/4: Categora 'Usados'...
[Worker-6] Navegacin rpida (sin acciones)
[Worker-6] Paso 3/4: Filtro por Marca 'TOYOTA'...
[Worker-1] Intento 3: Popup no encontrado
[Worker-2] Intento 2: Popup no encontrado
[Worker-4] No apareci popup de cookies
[Worker-6] Navegacin rpida (sin acciones)
[Worker-6] Paso 4/4: URL Final...
[Worker-1] No se pudo cerrar el popup de satisfaccin
[Worker-1] Popups manejados POST-scroll
[Worker-1] Scroll adicional de confirmacin...
[Worker-4] Intento 1: Page.click: Timeout 1000ms exceeded.
[Worker-4] Call log:
[Worker-4] - waiting for locator("button[class*='close']").locator("svg").locator("xpath=./ancestor::button")
[Worker-4] 
[Worker-6] Scroll INICIAL para activar contenido...
[Worker-3] Intento 2: Popup no encontrado
[Worker-4] Intento 2: Page.click: Timeout 1000ms exceeded.
[Worker-4] Call log:
[Worker-4] - waiting for locator("button[class*='close']").locator("svg").locator("xpath=./ancestor::button")
[Worker-4] 
[Worker-1] Ttulo: Hyundai Tucson 2018
[Worker-1] Precio: S/ nan
[Worker-1] Kilometraje: inf km
[Worker-1] Ubicacin: Arranca tu ao sobre ruedas!
[Worker-1] Sbete a tu prximo seminuevo, el auto que mereces.
[Worker-1] Arranca tu ao sobre ruedas!
[Worker-1] Sbete a tu prximo seminuevo, el auto que mereces.
[Worker-1] Arranca tu ao sobre ruedas!
[Worker-1] Sbete a tu prximo seminuevo, el auto que mereces.
[Worker-1] Arranca tu ao sobre ruedas!
[Worker-1] Sbete a tu prximo seminuevo, el auto que mereces.
[Worker-1] Iniciar sesin
[Worker-1] Quiero vender
[Worker-1] Comprar
[Worker-1] Quiero vender
[Worker-1] Financiamiento
[Worker-1] Alquilar
[Worker-1] Nuevo
[Worker-1] Seguros
[Worker-1] Eventos
[Worker-1] Publicidad
[Worker-1] Autos usados
[Worker-1] Hyundai
[Worker-1] Tucson
[Worker-1] Hyundai Tucson 2018
[Worker-1] Chiclayo, Chiclayo, Lambayeque
[Worker-1] Publicado hoy
[Worker-1] 10 vistas
[Worker-1] Reportar aviso
[Worker-1] Compartir
[Worker-1] Marcar como favorito
[Worker-1] Hyundai Tucson 2018
[Worker-1] Reportar aviso
[Worker-1] Compartir
[Worker-1] Marcar como favorito
[Worker-1] Ao modelo
[Worker-1] 2018
[Worker-1] Kilometraje
[Worker-1] 94,000 km
[Worker-1] Transmisin
[Worker-1] Automtica
[Worker-1] Descripcin
[Worker-1] Auto en excelente estado, nico dueo, Full equipo, lunas y pestillos elctricos, poco recorrido de kilometraje, todos los mantenimientos en el concesionario de la marca, se vende por viaje.
[Worker-1] Te recomendamos:
[Worker-1] 
[Worker-1] Te toca renovar tu SOAT?
[Worker-1] 
[Worker-1] Verifica el estado de tu SOAT aqu y evita multas.
[Worker-1] 
[Worker-1] Consultar SOAT
[Worker-1] 
[Worker-1] Alquila autos con Kinto Share
[Worker-1] 
[Worker-1] Que nada frene tus aventuras. Seguro,flexible y con garantia.
[Worker-1] 
[Worker-1] Ver ms
[Worker-1] 
[Worker-1] Blog & Noticias
[Worker-1] 
[Worker-1] Entrate de las ltimas novedades del sector automotriz.
[Worker-1] 
[Worker-1] Ver ms
[Worker-1] Especificaciones tcnicas
[Worker-1] Caractersticas
[Worker-1] Marca
[Worker-1] Hyundai
[Worker-1] Modelo
[Worker-1] TUCSON
[Worker-1] Ao de fabricacin
[Worker-1] 2018
[Worker-1] Categora
[Worker-1] Camioneta
[Worker-1] Combustible
[Worker-1] Dual
[Worker-1] Precios y costos
[Worker-1] 
[Worker-1] An no tenemos suficiente informacin para determinar un rango de precio para este vehculo.
[Worker-1] 
[Worker-1] Excelente
[Worker-1] Competitivo
[Worker-1] Premium
[Worker-1] 
[Worker-1] (*) Precio referencial
[Worker-1] 
[Worker-1] Cmo se calcula este rango?
[Worker-1] 
[Worker-1] Te toca renovar tu SOAT?
[Worker-1] 
[Worker-1] Verifica el estado de tu SOAT aqu y evita multas.
[Worker-1] 
[Worker-1] Consultar SOAT
[Worker-1] Precio
[Worker-1] US$16,000
[Worker-1] Dscto. por adquirir el Crdito Vehicular
[Worker-1] -US$1,000*
[Worker-1] *Aplica si financias tu auto con Santander Consumer
[Worker-1] Contctate con el anunciante
[Worker-1] Rosario Constantino
[Worker-1] 979 338...
[Worker-1] Ms informacin
[Worker-1] Beneficios adicionales para ti:
[Worker-1] La mejor opcin
[Worker-1] Financia tu auto con Santander Consumer
[Worker-1] 
[Worker-1] Paga desde:
[Worker-1] US$15,000 o
[Worker-1] US$762/mes*
[Worker-1] Simular crdito
[Worker-1] 
[Worker-1] (*) Cuota mensual referencial. Calculada a 24 meses, 20% de inicial y TEA de 20.99%. No incluye seguro vehicular.
[Worker-1] 
[Worker-1] Solicita tu Prstamo Personal hasta de S/45,000
[Worker-1] Me interesa
[Worker-1] Vehculos similares
[Worker-1] Ver todos los vehculos
[Worker-1] Ocasin
[Worker-1] Hyundai Tucson 2008
[Worker-1] 153,981km
[Worker-1] GL 4WD MT
[Worker-1] Mecnica
[Worker-1] Gasolina
[Worker-1] Precio
[Worker-1] US$9,000
[Worker-1] Ver detalle
[Worker-1] Vehculo de: Lucia Cok
[Worker-1] Unico Dueo
[Worker-1] Hyundai Santa Fe 2011
[Worker-1] 123,000km
[Worker-1] GL 7S 2.4 4WD A...
[Worker-1] Automtica - Se...
[Worker-1] Gasolina
[Worker-1] Precio
[Worker-1] US$13,000
[Worker-1] Ver detalle
[Worker-1] Vehculo de: Andrea Hablutzel
[Worker-1] Auto verificado
[Worker-1] Hyundai Creta 2023
[Worker-1] 63,000km
[Worker-1] GL
[Worker-1] Mecnica
[Worker-1] Gasolina
[Worker-1] Precio
[Worker-1] US$18,500
[Worker-1] Con Crdito Vehicular
[Worker-1] US$17,500
[Worker-1] Ver detalle
[Worker-1] Vehculo de: Edgardo Zavaleta
[Worker-1] Unico Dueo
[Worker-1] Ford Territory 2023
[Worker-1] 35,000km
[Worker-1] TITTANIUM
[Worker-1] Automtica
[Worker-1] Gasolina
[Worker-1] Precio
[Worker-1] US$22,000
[Worker-1] Con Crdito Vehicular
[Worker-1] US$593/mes
[Worker-1] Ver detalle
[Worker-1] Vehculo de: Rosa Gonzalez
[Worker-1] Premium
[Worker-1] Bmw X5 35i 2016
[Worker-1] 89,900km
[Worker-1] XDRIVE35I
[Worker-1] Automtica
[Worker-1] Gasolina
[Worker-1] Precio
[Worker-1] US$27,000
[Worker-1] Con Crdito Vehicular
[Worker-1] US$2,214/mes
[Worker-1] Ver detalle
[Worker-1] Vehculo de: ANA PATRICIA CARDOZO
[Worker-1] Auto verificado
[Worker-1] Servicio Concesionario
[Worker-1] Mitsubishi Asx 2018
[Worker-1] 62,500km
[Worker-1] ASX XLS 2WD
[Worker-1] Automtica
[Worker-1] Gasolina
[Worker-1] Precio
[Worker-1] US$16,000
[Worker-1] Con Crdito Vehicular
[Worker-1] US$15,000
[Worker-1] Ver detalle
[Worker-1] Vehculo de: Giancarlo Morales
[Worker-1] Auto verificado
[Worker-1] Premium
[Worker-1] Haval Jolion 2023
[Worker-1] 26,000km
[Worker-1] JOLION 1.5T FL ...
[Worker-1] Automtica - Se...
[Worker-1] Gas GLP
[Worker-1] Precio
[Worker-1] US$18,600
[Worker-1] Con Crdito Vehicular
[Worker-1] US$17,600
[Worker-1] Ver detalle
[Worker-1] Vehculo de: DARIO SALAZAR MENDOZA
[Worker-1] Unico Dueo
[Worker-1] Mazda Cx-9 2024
[Worker-1] 24,000km
[Worker-1] Automtica - Se...
[Worker-1] Gasolina
[Worker-1] Precio
[Worker-1] US$33,500
[Worker-1] Con Crdito Vehicular
[Worker-1] US$32,500
[Worker-1] Ver detalle
[Worker-1] Vehculo de: MANUEL VELASQUEZ
[Worker-1] Seminuevos
[Worker-1] Autos
[Worker-1] Motos
[Worker-1] Camiones
[Worker-1] Usados
[Worker-1] Autos
[Worker-1] Motos
[Worker-1] Camiones
[Worker-1] Nuevos
[Worker-1] Autos
[Worker-1] Camiones
[Worker-1] Ayuda
[Worker-1] Trminos y condiciones
[Worker-1] Polticas de publicacin
[Worker-1] Cmo protegemos tus datos?
[Worker-1] Legales
[Worker-1] Sobre NeoAuto
[Worker-1] Noticias
[Worker-1] Tips y guas
[Worker-1] Ayuda en lnea
[Worker-1] 2024 NeoAuto Inc. Todos los derechos reservados
[Worker-1] Sguenos
[Worker-1] Descripcin: {"@context":"https://schema.org","@graph":[{"@type":"Organization","@id":"https://neoauto.com/#organ...
[Worker-1] nico dueo: S
[Worker-1] Datos guardados en: /home/richgutz/Scraper-Neoauto-ANTIGRAVITY/extractores/results_txt/diario_result_20260126_215823_8c65fa.txt
[Worker-2] Intento 3: Popup no encontrado
[Worker-2] No se pudo cerrar el popup de satisfaccin
[Worker-2] Popups manejados POST-scroll
[Worker-2] Scroll adicional de confirmacin...
[Worker-3] Intento 3: Popup no encontrado
[Worker-3] No se pudo cerrar el popup de satisfaccin
[Worker-3] Popups manejados POST-scroll
[Worker-3] Scroll adicional de confirmacin...
[Worker-2] Ttulo: Nissan Sentra 2013
[Worker-2] Precio: S/ nan
[Worker-2] Kilometraje: inf km
[Worker-2] Ubicacin: Arranca tu ao sobre ruedas!
[Worker-2] Sbete a tu prximo seminuevo, el auto que mereces.
[Worker-2] Arranca tu ao sobre ruedas!
[Worker-2] Sbete a tu prximo seminuevo, el auto que mereces.
[Worker-2] Arranca tu ao sobre ruedas!
[Worker-2] Sbete a tu prximo seminuevo, el auto que mereces.
[Worker-2] Arranca tu ao sobre ruedas!
[Worker-2] Sbete a tu prximo seminuevo, el auto que mereces.
[Worker-2] Iniciar sesin
[Worker-2] Quiero vender
[Worker-2] Comprar
[Worker-2] Quiero vender
[Worker-2] Financiamiento
[Worker-2] Alquilar
[Worker-2] Nuevo
[Worker-2] Seguros
[Worker-2] Eventos
[Worker-2] Publicidad
[Worker-2] Autos usados
[Worker-2] Nissan
[Worker-2] Sentra
[Worker-2] Nissan Sentra 2013
[Worker-2] La Molina, Lima, Lima
[Worker-2] Publicado hoy
[Worker-2] 3 vistas
[Worker-2] Reportar aviso
[Worker-2] Compartir
[Worker-2] Marcar como favorito
[Worker-2] Nissan Sentra 2013
[Worker-2] Reportar aviso
[Worker-2] Compartir
[Worker-2] Marcar como favorito
[Worker-2] Ao modelo
[Worker-2] 2013
[Worker-2] Kilometraje
[Worker-2] 92,000 km
[Worker-2] Transmisin
[Worker-2] Automtica
[Worker-2] Descripcin
[Worker-2] Auto en excelente estado, nico dueo, full equipo, lunas y pestillos elctricos, poco recorrido en kilometraje. Todos los mantenimientos en el concesionario de la marca. Se vende por viaje.
[Worker-2] Te recomendamos:
[Worker-2] 
[Worker-2] Te toca renovar tu SOAT?
[Worker-2] 
[Worker-2] Verifica el estado de tu SOAT aqu y evita multas.
[Worker-2] 
[Worker-2] Consultar SOAT
[Worker-2] 
[Worker-2] Alquila autos con Kinto Share
[Worker-2] 
[Worker-2] Que nada frene tus aventuras. Seguro,flexible y con garantia.
[Worker-2] 
[Worker-2] Ver ms
[Worker-2] 
[Worker-2] Blog & Noticias
[Worker-2] 
[Worker-2] Entrate de las ltimas novedades del sector automotriz.
[Worker-2] 
[Worker-2] Ver ms
[Worker-2] Especificaciones tcnicas
[Worker-2] Caractersticas
[Worker-2] Marca
[Worker-2] Nissan
[Worker-2] Modelo
[Worker-2] SENTRA
[Worker-2] Ao de fabricacin
[Worker-2] 2013
[Worker-2] Categora
[Worker-2] Sedn
[Worker-2] Combustible
[Worker-2] Gasolina
[Worker-2] Precios y costos
[Worker-2] 
[Worker-2] Este aviso
[Worker-2] 
[Worker-2] US$12,500
[Worker-2] 
[Worker-2] Precio de mercado
[Worker-2] 
[Worker-2] US$9,200*
[Worker-2] 
[Worker-2] Excelente
[Worker-2] Competitivo
[Worker-2] Premium
[Worker-2] 
[Worker-2] (*) Precio referencial
[Worker-2] 
[Worker-2] Cmo se calcula este rango?
[Worker-2] 
[Worker-2] Te toca renovar tu SOAT?
[Worker-2] 
[Worker-2] Verifica el estado de tu SOAT aqu y evita multas.
[Worker-2] 
[Worker-2] Consultar SOAT
[Worker-2] Precio
[Worker-2] US$12,500
[Worker-2] Contctate con el anunciante
[Worker-2] Alfredo Diaz
[Worker-2] 982 244...
[Worker-2] Ms informacin
[Worker-2] Beneficios adicionales para ti:
[Worker-2] Solicita tu Prstamo Personal hasta de S/45,000
[Worker-2] Me interesa
[Worker-2] Vehculos similares
[Worker-2] Ver todos los vehculos
[Worker-2] Premium
[Worker-2] Toyota Corolla 2022
[Worker-2] 54,000km
[Worker-2] Automtica - Se...
[Worker-2] Gasolina
[Worker-2] Precio
[Worker-2] US$20,000
[Worker-2] Con Crdito Vehicular
[Worker-2] US$19,000
[Worker-2] Ver detalle
[Worker-2] Vehculo de: Darwin Verde reyes
[Worker-2] Mercedes Benz 200 2008
[Worker-2] 123,000km
[Worker-2] Automtica - Se...
[Worker-2] Gasolina
[Worker-2] Precio
[Worker-2] US$8,900
[Worker-2] Ver detalle
[Worker-2] Vehculo de: Andry Uribe Gaona
[Worker-2] Suzuki Swift 1993
[Worker-2] 80,000km
[Worker-2] SF413NGL
[Worker-2] Mecnica
[Worker-2] Dual
[Worker-2] Precio
[Worker-2] US$2,600
[Worker-2] Ver detalle
[Worker-2] Vehculo de: Valentino Llerena
[Worker-2] Subaru Impreza 2014
[Worker-2] 119,000km
[Worker-2] Automtica - Se...
[Worker-2] Gasolina
[Worker-2] Precio
[Worker-2] US$10,200
[Worker-2] Con Crdito Vehicular
[Worker-2] US$850/mes
[Worker-2] Ver detalle
[Worker-2] Vehculo de: Miguel Martnez Almeyda
[Worker-2] Mazda 3 2018
[Worker-2] 61,800km
[Worker-2] Automtica
[Worker-2] Diesel
[Worker-2] Precio
[Worker-2] US$13,500
[Worker-2] Con Crdito Vehicular
[Worker-2] US$12,500
[Worker-2] Ver detalle
[Worker-2] Vehculo de: Cecilia Moscoso
[Worker-2] Auto verificado
[Worker-2] Bmw 318i 2017
[Worker-2] 48,300km
[Worker-2] 318I SPORT
[Worker-2] Automtica - Se...
[Worker-2] Gasolina
[Worker-2] Precio
[Worker-2] US$18,990
[Worker-2] Con Crdito Vehicular
[Worker-2] US$17,990
[Worker-2] Ver detalle
[Worker-2] Vehculo de: Rafael Torres
[Worker-2] Premium
[Worker-2] Subaru Legacy 2011
[Worker-2] 110,000km
[Worker-2] 2.5I 4D AWD CVT...
[Worker-2] Automtica - Se...
[Worker-2] Gasolina
[Worker-2] Precio
[Worker-2] US$9,800
[Worker-2] Ver detalle
[Worker-2] Vehculo de: Humberto SN
[Worker-2] De lujo
[Worker-2] Jaguar Xj 2017
[Worker-2] 67,000km
[Worker-2] PREMIUM LUXURY
[Worker-2] Automtica
[Worker-2] Gasolina
[Worker-2] Precio
[Worker-2] US$37,500
[Worker-2] Con Crdito Vehicular
[Worker-2] US$36,500
[Worker-2] Ver detalle
[Worker-2] Vehculo de: Diego Sandoval
[Worker-2] Seminuevos
[Worker-2] Autos
[Worker-2] Motos
[Worker-2] Camiones
[Worker-2] Usados
[Worker-2] Autos
[Worker-2] Motos
[Worker-2] Camiones
[Worker-2] Nuevos
[Worker-2] Autos
[Worker-2] Camiones
[Worker-2] Ayuda
[Worker-2] Trminos y condiciones
[Worker-2] Polticas de publicacin
[Worker-2] Cmo protegemos tus datos?
[Worker-2] Legales
[Worker-2] Sobre NeoAuto
[Worker-2] Noticias
[Worker-2] Tips y guas
[Worker-2] Ayuda en lnea
[Worker-2] 2024 NeoAuto Inc. Todos los derechos reservados
[Worker-2] Sguenos
[Worker-2] Descripcin: {"@context":"https://schema.org","@graph":[{"@type":"Organization","@id":"https://neoauto.com/#organ...
[Worker-2] nico dueo: S
[Worker-2] Datos guardados en: /home/richgutz/Scraper-Neoauto-ANTIGRAVITY/extractores/results_txt/diario_result_20260126_215828_87d29f.txt
[Worker-1] URL obtenida y bloqueada desde urls_autos_diarios: https://neoauto.com/auto/usado/jeep-compass-sport-2020-1863504
[Worker-1] 
[Worker-1] Iniciando extraccin para: https://neoauto.com/auto/usado/jeep-compass-sport-2020-1863504
[Worker-1] Iniciando navegacin...
[Worker-1] Marca extrada: 'jeep'
[Worker-1] Camino elegido (4 pasos).
[Worker-1] Paso 1/4: Pgina Principal...
[Worker-1] Navegacin rpida (sin acciones)
[Worker-1] Paso 2/4: Categora 'Usados'...
[Worker-3] Ttulo: Kia Sportage 2019
[Worker-3] Precio: S/ nan
[Worker-3] Kilometraje: 3.200200123452019e+287 km
[Worker-3] Ubicacin: Arranca tu ao sobre ruedas!
[Worker-3] Sbete a tu prximo seminuevo, el auto que mereces.
[Worker-3] Arranca tu ao sobre ruedas!
[Worker-3] Sbete a tu prximo seminuevo, el auto que mereces.
[Worker-3] Arranca tu ao sobre ruedas!
[Worker-3] Sbete a tu prximo seminuevo, el auto que mereces.
[Worker-3] Arranca tu ao sobre ruedas!
[Worker-3] Sbete a tu prximo seminuevo, el auto que mereces.
[Worker-3] Iniciar sesin
[Worker-3] Quiero vender
[Worker-3] Comprar
[Worker-3] Quiero vender
[Worker-3] Financiamiento
[Worker-3] Alquilar
[Worker-3] Nuevo
[Worker-3] Seguros
[Worker-3] Eventos
[Worker-3] Publicidad
[Worker-3] Ver fotos
[Worker-3] Autos usados
[Worker-3] Kia
[Worker-3] Sportage
[Worker-3] Kia Sportage 2019
[Worker-3] Puente Piedra, Lima, Lima
[Worker-3] Publicado ayer
[Worker-3] 29 vistas
[Worker-3] Reportar aviso
[Worker-3] Compartir
[Worker-3] Marcar como favorito
[Worker-3] Kia Sportage 2019
[Worker-3] Reportar aviso
[Worker-3] Compartir
[Worker-3] Marcar como favorito
[Worker-3] Ao modelo
[Worker-3] 2019
[Worker-3] Kilometraje
[Worker-3] 87,000 km
[Worker-3] Transmisin
[Worker-3] Automtica - Secuencial
[Worker-3] Descripcin
[Worker-3] Camioneta kia sportage 2019 con glp, automtica, 3 modos de manejo 2 llaves.
[Worker-3] Te recomendamos:
[Worker-3] 
[Worker-3] Te toca renovar tu SOAT?
[Worker-3] 
[Worker-3] Verifica el estado de tu SOAT aqu y evita multas.
[Worker-3] 
[Worker-3] Consultar SOAT
[Worker-3] 
[Worker-3] Alquila autos con Kinto Share
[Worker-3] 
[Worker-3] Que nada frene tus aventuras. Seguro,flexible y con garantia.
[Worker-3] 
[Worker-3] Ver ms
[Worker-3] 
[Worker-3] Blog & Noticias
[Worker-3] 
[Worker-3] Entrate de las ltimas novedades del sector automotriz.
[Worker-3] 
[Worker-3] Ver ms
[Worker-3] Especificaciones tcnicas
[Worker-3] Caractersticas
[Worker-3] Marca
[Worker-3] Kia
[Worker-3] Modelo
[Worker-3] SPORTAGE
[Worker-3] Versin
[Worker-3] AT 2.0
[Worker-3] Ao de fabricacin
[Worker-3] 2019
[Worker-3] Categora
[Worker-3] Camioneta
[Worker-3] Combustible
[Worker-3] Dual
[Worker-3] Nmero de puertas
[Worker-3] 5
[Worker-3] Traccin
[Worker-3] 4x2
[Worker-3] Color
[Worker-3] Plateado
[Worker-3] Nmero cilindros
[Worker-3] 2
[Worker-3] Cilindrada
[Worker-3] 2,000 cc
[Worker-3] Equipamiento
[Worker-3] Retrovisores Elctricos
[Worker-3] Aire Acondicionado
[Worker-3] Full Equipo
[Worker-3] Exterior
[Worker-3] Aros de Aleacin
[Worker-3] Seguridad
[Worker-3] Airbag
[Worker-3] Precios y costos
[Worker-3] 
[Worker-3] An no tenemos suficiente informacin para determinar un rango de precio para este vehculo.
[Worker-3] 
[Worker-3] Excelente
[Worker-3] Competitivo
[Worker-3] Premium
[Worker-3] 
[Worker-3] (*) Precio referencial
[Worker-3] 
[Worker-3] Cmo se calcula este rango?
[Worker-3] 
[Worker-3] Te toca renovar tu SOAT?
[Worker-3] 
[Worker-3] Verifica el estado de tu SOAT aqu y evita multas.
[Worker-3] 
[Worker-3] Consultar SOAT
[Worker-3] Precio
[Worker-3] US$17,500
[Worker-3] Contctate con el anunciante
[Worker-3] Mario Vicente Flores
[Worker-3] 951 962...
[Worker-3] Ms informacin
[Worker-3] Beneficios adicionales para ti:
[Worker-3] La mejor opcin
[Worker-3] Financia tu auto con Santander Consumer
[Worker-3] 
[Worker-3] Paga desde:
[Worker-3] US$630/mes*
[Worker-3] Simular crdito
[Worker-3] 
[Worker-3] (*) Cuota mensual referencial. Calculada a 36 meses, 20% de inicial y TEA de 20.99%. No incluye seguro vehicular.
[Worker-3] 
[Worker-3] Solicita tu Prstamo Personal hasta de S/45,000
[Worker-3] Me interesa
[Worker-3] Seminuevos
[Worker-3] Autos
[Worker-3] Motos
[Worker-3] Camiones
[Worker-3] Usados
[Worker-3] Autos
[Worker-3] Motos
[Worker-3] Camiones
[Worker-3] Nuevos
[Worker-3] Autos
[Worker-3] Camiones
[Worker-3] Ayuda
[Worker-3] Trminos y condiciones
[Worker-3] Polticas de publicacin
[Worker-3] Cmo protegemos tus datos?
[Worker-3] Legales
[Worker-3] Sobre NeoAuto
[Worker-3] Noticias
[Worker-3] Tips y guas
[Worker-3] Ayuda en lnea
[Worker-3] 2024 NeoAuto Inc. Todos los derechos reservados
[Worker-3] Sguenos
[Worker-3] Descripcin: {"@context":"https://schema.org","@graph":[{"@type":"Organization","@id":"https://neoauto.com/#organ...
[Worker-3] nico dueo: No
[Worker-3] Datos guardados en: /home/richgutz/Scraper-Neoauto-ANTIGRAVITY/extractores/results_txt/diario_result_20260126_215830_69f024.txt
[Worker-1] Navegacin rpida (sin acciones)
[Worker-1] Paso 3/4: Filtro por Marca 'JEEP'...
[Worker-1] Navegacin rpida (sin acciones)
[Worker-1] Paso 4/4: URL Final...
[Worker-2] URL obtenida y bloqueada desde urls_autos_diarios: https://neoauto.com/auto/usado/nissan-sentra-2008-1863570
[Worker-2] 
[Worker-2] Iniciando extraccin para: https://neoauto.com/auto/usado/nissan-sentra-2008-1863570
[Worker-2] Iniciando navegacin...
[Worker-2] Marca extrada: 'nissan'
[Worker-2] Camino elegido (4 pasos).
[Worker-2] Paso 1/4: Pgina Principal...
[Worker-6] No apareci popup de cookies
[Worker-2] Navegacin rpida (sin acciones)
[Worker-2] Paso 2/4: Categora 'Usados'...
[Worker-1] Scroll INICIAL para activar contenido...
[Worker-5] Intento 1: Popup no encontrado
[Worker-6] Intento 1: Page.click: Timeout 1000ms exceeded.
[Worker-6] Call log:
[Worker-6] - waiting for locator("button[class*='close']").locator("svg").locator("xpath=./ancestor::button")
[Worker-6] 
[Worker-2] Navegacin rpida (sin acciones)
[Worker-2] Paso 3/4: Filtro por Marca 'NISSAN'...
[Worker-6] Intento 2: Page.click: Timeout 1000ms exceeded.
[Worker-6] Call log:
[Worker-6] - waiting for locator("button[class*='close']").locator("svg").locator("xpath=./ancestor::button")
[Worker-6] 
[Worker-3] URL obtenida y bloqueada desde urls_autos_diarios: https://neoauto.com/auto/usado/mitsubishi-l200-dk-r-2020-1863518
[Worker-3] 
[Worker-3] Iniciando extraccin para: https://neoauto.com/auto/usado/mitsubishi-l200-dk-r-2020-1863518
[Worker-3] Iniciando navegacin...
[Worker-3] Marca extrada: 'mitsubishi'
[Worker-3] Camino elegido (4 pasos).
[Worker-3] Paso 1/4: Pgina Principal...
[Worker-2] Navegacin rpida (sin acciones)
[Worker-2] Paso 4/4: URL Final...
[Worker-3] Navegacin rpida (sin acciones)
[Worker-3] Paso 2/4: Categora 'Usados'...
[Worker-2] Scroll INICIAL para activar contenido...
[Worker-3] Navegacin rpida (sin acciones)
[Worker-3] Paso 3/4: Filtro por Marca 'MITSUBISHI'...
[Worker-5] Intento 2: Popup no encontrado
[Worker-3] Navegacin rpida (sin acciones)
[Worker-3] Paso 4/4: URL Final...
[Worker-3] Scroll INICIAL para activar contenido...
[Worker-4] Intento 1: Popup no encontrado
[Worker-5] Intento 3: Popup no encontrado
[Worker-5] No se pudo cerrar el popup de satisfaccin
[Worker-5] Popups manejados POST-scroll
[Worker-5] Scroll adicional de confirmacin...
[Worker-1] No apareci popup de cookies
[Worker-5] Ttulo: Chevrolet Aveo 2010
[Worker-5] Precio: S/ nan
[Worker-5] Kilometraje: inf km
[Worker-5] Ubicacin: Arranca tu ao sobre ruedas!
[Worker-5] Sbete a tu prximo seminuevo, el auto que mereces.
[Worker-5] Arranca tu ao sobre ruedas!
[Worker-5] Sbete a tu prximo seminuevo, el auto que mereces.
[Worker-5] Arranca tu ao sobre ruedas!
[Worker-5] Sbete a tu prximo seminuevo, el auto que mereces.
[Worker-5] Arranca tu ao sobre ruedas!
[Worker-5] Sbete a tu prximo seminuevo, el auto que mereces.
[Worker-5] Iniciar sesin
[Worker-5] Quiero vender
[Worker-5] Comprar
[Worker-5] Quiero vender
[Worker-5] Financiamiento
[Worker-5] Alquilar
[Worker-5] Nuevo
[Worker-5] Seguros
[Worker-5] Eventos
[Worker-5] Publicidad
[Worker-5] Ver fotos
[Worker-5] Autos usados
[Worker-5] Chevrolet
[Worker-5] Aveo
[Worker-5] Chevrolet Aveo 2010
[Worker-5] Santiago de Surco, Lima, Lima
[Worker-5] Publicado ayer
[Worker-5] 14 vistas
[Worker-5] Reportar aviso
[Worker-5] Compartir
[Worker-5] Marcar como favorito
[Worker-5] Chevrolet Aveo 2010
[Worker-5] Reportar aviso
[Worker-5] Compartir
[Worker-5] Marcar como favorito
[Worker-5] Ao modelo
[Worker-5] 2010
[Worker-5] Kilometraje
[Worker-5] 299,000 km
[Worker-5] Transmisin
[Worker-5] Mecnica
[Worker-5] Descripcin
[Worker-5] Venta de Auto
[Worker-5] 
[Worker-5] Te recomendamos:
[Worker-5] 
[Worker-5] Te toca renovar tu SOAT?
[Worker-5] 
[Worker-5] Verifica el estado de tu SOAT aqu y evita multas.
[Worker-5] 
[Worker-5] Consultar SOAT
[Worker-5] 
[Worker-5] Alquila autos con Kinto Share
[Worker-5] 
[Worker-5] Que nada frene tus aventuras. Seguro,flexible y con garantia.
[Worker-5] 
[Worker-5] Ver ms
[Worker-5] 
[Worker-5] Blog & Noticias
[Worker-5] 
[Worker-5] Entrate de las ltimas novedades del sector automotriz.
[Worker-5] 
[Worker-5] Ver ms
[Worker-5] Especificaciones tcnicas
[Worker-5] Caractersticas
[Worker-5] Marca
[Worker-5] Chevrolet
[Worker-5] Modelo
[Worker-5] AVEO
[Worker-5] Versin
[Worker-5] CHEVROLET M1 AVEO
[Worker-5] Ao de fabricacin
[Worker-5] 2010
[Worker-5] Categora
[Worker-5] Sedn
[Worker-5] Combustible
[Worker-5] Gasolina-Hbrido
[Worker-5] Nmero de puertas
[Worker-5] 4
[Worker-5] Color
[Worker-5] Rojo
[Worker-5] Equipamiento
[Worker-5] Full Equipo
[Worker-5] Exterior
[Worker-5] Aros
[Worker-5] Seguridad
[Worker-5] Airbag
[Worker-5] Alarma
[Worker-5] Precios y costos
[Worker-5] 
[Worker-5] An no tenemos suficiente informacin para determinar un rango de precio para este vehculo.
[Worker-5] 
[Worker-5] Excelente
[Worker-5] Competitivo
[Worker-5] Premium
[Worker-5] 
[Worker-5] (*) Precio referencial
[Worker-5] 
[Worker-5] Cmo se calcula este rango?
[Worker-5] 
[Worker-5] Te toca renovar tu SOAT?
[Worker-5] 
[Worker-5] Verifica el estado de tu SOAT aqu y evita multas.
[Worker-5] 
[Worker-5] Consultar SOAT
[Worker-5] Precio
[Worker-5] US$6,000
[Worker-5] Contctate con el anunciante
[Worker-5] Gladys Marin Zamata
[Worker-5] 990 363...
[Worker-5] Ms informacin
[Worker-5] Beneficios adicionales para ti:
[Worker-5] Solicita tu Prstamo Personal hasta de S/45,000
[Worker-5] Me interesa
[Worker-5] Vehculos similares
[Worker-5] Ver todos los vehculos
[Worker-5] Toyota Corolla 2015
[Worker-5] 75,000km
[Worker-5] Automtica
[Worker-5] Gasolina
[Worker-5] Precio
[Worker-5] US$13,000
[Worker-5] Con Crdito Vehicular
[Worker-5] US$12,000
[Worker-5] Ver detalle
[Worker-5] Vehculo de: Walter Carhuas
[Worker-5] Premium
[Worker-5] Toyota Corolla 2022
[Worker-5] 54,000km
[Worker-5] Automtica - Se...
[Worker-5] Gasolina
[Worker-5] Precio
[Worker-5] US$20,000
[Worker-5] Con Crdito Vehicular
[Worker-5] US$19,000
[Worker-5] Ver detalle
[Worker-5] Vehculo de: Darwin Verde reyes
[Worker-5] Bmw 320i 2020
[Worker-5] 30,000km
[Worker-5] Automtica - Se...
[Worker-5] Gasolina
[Worker-5] Precio
[Worker-5] US$29,490
[Worker-5] Con Crdito Vehicular
[Worker-5] US$888/mes
[Worker-5] Ver detalle
[Worker-5] Vehculo de: Lucho Jac
[Worker-5] Auto verificado
[Worker-5] Volkswagen Gol 2023
[Worker-5] 72,000km
[Worker-5] Mecnica
[Worker-5] Dual
[Worker-5] Precio
[Worker-5] US$11,500
[Worker-5] Con Crdito Vehicular
[Worker-5] US$10,500
[Worker-5] Ver detalle
[Worker-5] Vehculo de: Diego Franco Silva
[Worker-5] Toyota Camry 1994
[Worker-5] 355,540km
[Worker-5] Automtica
[Worker-5] Diesel
[Worker-5] Precio
[Worker-5] US$3,500
[Worker-5] Ver detalle
[Worker-5] Vehculo de: SN SN
[Worker-5] Super equipado
[Worker-5] Mazda 6 2009
[Worker-5] 160,000km
[Worker-5] 2.0 AT SPORT
[Worker-5] Automtica - Se...
[Worker-5] Gasolina
[Worker-5] Precio
[Worker-5] US$8,800
[Worker-5] Ver detalle
[Worker-5] Vehculo de: Diego Salvador Goicochea Arevalo
[Worker-5] Auto verificado
[Worker-5] Servicio Concesionario
[Worker-5] Mercedes Benz A 200 2023
[Worker-5] 13,604km
[Worker-5] A200 SEDAN
[Worker-5] Automtica - Se...
[Worker-5] Gasolina
[Worker-5] Precio
[Worker-5] US$33,900
[Worker-5] Con Crdito Vehicular
[Worker-5] US$908/mes
[Worker-5] Ver detalle
[Worker-5] Vehculo de: Martin Lazarte Laos
[Worker-5] Nunca piques
[Worker-5] Subaru Impreza Wrx 2019
[Worker-5] 73,200km
[Worker-5] Mecnica
[Worker-5] Gasolina
[Worker-5] Precio
[Worker-5] US$22,000
[Worker-5] Con Crdito Vehicular
[Worker-5] US$21,000
[Worker-5] Ver detalle
[Worker-5] Vehculo de: Felipe Ramos
[Worker-5] Seminuevos
[Worker-5] Autos
[Worker-5] Motos
[Worker-5] Camiones
[Worker-5] Usados
[Worker-5] Autos
[Worker-5] Motos
[Worker-5] Camiones
[Worker-5] Nuevos
[Worker-5] Autos
[Worker-5] Camiones
[Worker-5] Ayuda
[Worker-5] Trminos y condiciones
[Worker-5] Polticas de publicacin
[Worker-5] Cmo protegemos tus datos?
[Worker-5] Legales
[Worker-5] Sobre NeoAuto
[Worker-5] Noticias
[Worker-5] Tips y guas
[Worker-5] Ayuda en lnea
[Worker-5] 2024 NeoAuto Inc. Todos los derechos reservados
[Worker-1] Intento 1: Page.click: Timeout 1000ms exceeded.
[Worker-1] Call log:
[Worker-1] - waiting for locator("button[class*='close']").locator("svg").locator("xpath=./ancestor::button")
[Worker-1] 
[Worker-5] Sguenos
[Worker-5] Descripcin: {"@context":"https://schema.org","@graph":[{"@type":"Organization","@id":"https://neoauto.com/#organ...
[Worker-5] nico dueo: No
[Worker-5] Datos guardados en: /home/richgutz/Scraper-Neoauto-ANTIGRAVITY/extractores/results_txt/diario_result_20260126_215846_945791.txt
[Worker-4] Intento 2: Popup no encontrado
[Worker-1] Intento 2: Page.click: Timeout 1000ms exceeded.
[Worker-1] Call log:
[Worker-1] - waiting for locator("button[class*='close']").locator("svg").locator("xpath=./ancestor::button")
[Worker-1] 
[Worker-5] URL obtenida y bloqueada desde urls_autos_diarios: https://neoauto.com/auto/usado/toyota-yaris-2017-1863556
[Worker-5] 
[Worker-5] Iniciando extraccin para: https://neoauto.com/auto/usado/toyota-yaris-2017-1863556
[Worker-5] Iniciando navegacin...
[Worker-5] Marca extrada: 'toyota'
[Worker-5] Camino elegido (4 pasos).
[Worker-5] Paso 1/4: Pgina Principal...
[Worker-2] No apareci popup de cookies
[Worker-5] Navegacin rpida (sin acciones)
[Worker-5] Paso 2/4: Categora 'Usados'...
[Worker-2] Intento 1: Page.click: Timeout 1000ms exceeded.
[Worker-2] Call log:
[Worker-2] - waiting for locator("button[class*='close']").locator("svg").locator("xpath=./ancestor::button")
[Worker-2] 
[Worker-5] Navegacin rpida (sin acciones)
[Worker-5] Paso 3/4: Filtro por Marca 'TOYOTA'...
[Worker-4] Intento 3: Popup no encontrado
[Worker-5] Navegacin rpida (sin acciones)
[Worker-5] Paso 4/4: URL Final...
[Worker-4] No se pudo cerrar el popup de satisfaccin
[Worker-4] Popups manejados POST-scroll
[Worker-4] Scroll adicional de confirmacin...
[Worker-3] No apareci popup de cookies
[Worker-2] Intento 2: Page.click: Timeout 1000ms exceeded.
[Worker-2] Call log:
[Worker-2] - waiting for locator("button[class*='close']").locator("svg").locator("xpath=./ancestor::button")
[Worker-2] 
[Worker-5] Scroll INICIAL para activar contenido...
[Worker-3] Intento 1: Page.click: Timeout 1000ms exceeded.
[Worker-3] Call log:
[Worker-3] - waiting for locator("button[class*='close']").locator("svg").locator("xpath=./ancestor::button")
[Worker-3] 
[Worker-6] Intento 1: Popup no encontrado
[Worker-4] Ttulo: Toyota Land Cruiser Prado 2014
[Worker-4] Precio: S/ nan
[Worker-4] Kilometraje: 3.200200123452014e+298 km
[Worker-4] Ubicacin: Arranca tu ao sobre ruedas!
[Worker-4] Sbete a tu prximo seminuevo, el auto que mereces.
[Worker-4] Arranca tu ao sobre ruedas!
[Worker-4] Sbete a tu prximo seminuevo, el auto que mereces.
[Worker-4] Arranca tu ao sobre ruedas!
[Worker-4] Sbete a tu prximo seminuevo, el auto que mereces.
[Worker-4] Arranca tu ao sobre ruedas!
[Worker-4] Sbete a tu prximo seminuevo, el auto que mereces.
[Worker-4] Iniciar sesin
[Worker-4] Quiero vender
[Worker-4] Comprar
[Worker-4] Quiero vender
[Worker-4] Financiamiento
[Worker-4] Alquilar
[Worker-4] Nuevo
[Worker-4] Seguros
[Worker-4] Eventos
[Worker-4] Publicidad
[Worker-4] Ver fotos
[Worker-4] Autos usados
[Worker-4] Toyota
[Worker-4] Land Cruiser Prado
[Worker-4] Toyota Land Cruiser Prado 2014
[Worker-4] San Isidro, Lima, Lima
[Worker-4] Publicado ayer
[Worker-4] 16 vistas
[Worker-4] Reportar aviso
[Worker-4] Compartir
[Worker-4] Marcar como favorito
[Worker-4] Toyota Land Cruiser Prado 2014
[Worker-4] Reportar aviso
[Worker-4] Compartir
[Worker-4] Marcar como favorito
[Worker-4] Ao modelo
[Worker-4] 2014
[Worker-4] Kilometraje
[Worker-4] 231,708 km
[Worker-4] Transmisin
[Worker-4] Automtica
[Worker-4] Descripcin
[Worker-4] Vendo camioneta Toyota Prado uso nico propietario en excelente estado de conservacin. Es la versin TX-L con caja automtica y traccin 4x4, ideal tanto para la ciudad como para rutas exigentes. Mantenimientos: Realizados estrictamente en el conces...
[Worker-4] Seguir leyendo
[Worker-4] Te recomendamos:
[Worker-4] 
[Worker-4] Te toca renovar tu SOAT?
[Worker-4] 
[Worker-4] Verifica el estado de tu SOAT aqu y evita multas.
[Worker-4] 
[Worker-4] Consultar SOAT
[Worker-4] 
[Worker-4] Alquila autos con Kinto Share
[Worker-4] 
[Worker-4] Que nada frene tus aventuras. Seguro,flexible y con garantia.
[Worker-4] 
[Worker-4] Ver ms
[Worker-4] 
[Worker-4] Blog & Noticias
[Worker-4] 
[Worker-4] Entrate de las ltimas novedades del sector automotriz.
[Worker-4] 
[Worker-4] Ver ms
[Worker-4] Especificaciones tcnicas
[Worker-4] Caractersticas
[Worker-4] Marca
[Worker-4] Toyota
[Worker-4] Modelo
[Worker-4] LAND CRUISER PRADO
[Worker-4] Versin
[Worker-4] 2.7 TX-L AT
[Worker-4] Versin
[Worker-4] 2.7 TX-L AT
[Worker-4] Ao de fabricacin
[Worker-4] 2013
[Worker-4] Categora
[Worker-4] Camioneta
[Worker-4] Combustible
[Worker-4] Gasolina
[Worker-4] Nmero de puertas
[Worker-4] 5
[Worker-4] Traccin
[Worker-4] 4x4
[Worker-4] Color
[Worker-4] Azul
[Worker-4] Nmero cilindros
[Worker-4] 4
[Worker-4] Cilindrada
[Worker-4] 2,694 cc
[Worker-4] Equipamiento
[Worker-4] Retrovisores Elctricos
[Worker-4] Neblineros
[Worker-4] Aire Acondicionado
[Worker-4] Full Equipo
[Worker-4] Parlantes/Bajos
[Worker-4] Radio CD
[Worker-4] Radio MP3
[Worker-4] Exterior
[Worker-4] Aros
[Worker-4] Aros de Aleacin
[Worker-4] Luces Halgenas
[Worker-4] Seguridad
[Worker-4] Airbag
[Worker-4] Lminas de Seguridad
[Worker-4] Faros antiniebla delantero
[Worker-4] Frenos ABS
[Worker-4] Alarma
[Worker-4] Precios y costos
[Worker-4] 
[Worker-4] An no tenemos suficiente informacin para determinar un rango de precio para este vehculo.
[Worker-4] 
[Worker-4] Excelente
[Worker-4] Competitivo
[Worker-4] Premium
[Worker-4] 
[Worker-4] (*) Precio referencial
[Worker-4] 
[Worker-4] Cmo se calcula este rango?
[Worker-4] 
[Worker-4] Te toca renovar tu SOAT?
[Worker-4] 
[Worker-4] Verifica el estado de tu SOAT aqu y evita multas.
[Worker-4] 
[Worker-4] Consultar SOAT
[Worker-4] Precio
[Worker-4] US$26,000
[Worker-4] Contctate con el anunciante
[Worker-4] Alexander Acosta Martnez
[Worker-4] 922 225...
[Worker-4] Ms informacin
[Worker-4] Beneficios adicionales para ti:
[Worker-4] Solicita tu Prstamo Personal hasta de S/45,000
[Worker-4] Me interesa
[Worker-4] Seminuevos
[Worker-4] Autos
[Worker-4] Motos
[Worker-4] Camiones
[Worker-4] Usados
[Worker-4] Autos
[Worker-4] Motos
[Worker-4] Camiones
[Worker-4] Nuevos
[Worker-4] Autos
[Worker-4] Camiones
[Worker-4] Ayuda
[Worker-4] Trminos y condiciones
[Worker-4] Polticas de publicacin
[Worker-4] Cmo protegemos tus datos?
[Worker-4] Legales
[Worker-4] Sobre NeoAuto
[Worker-4] Noticias
[Worker-4] Tips y guas
[Worker-4] Ayuda en lnea
[Worker-4] 2024 NeoAuto Inc. Todos los derechos reservados
[Worker-4] Sguenos
[Worker-4] Descripcin: {"@context":"https://schema.org","@graph":[{"@type":"Organization","@id":"https://neoauto.com/#organ...
[Worker-4] nico dueo: No
[Worker-4] Datos guardados en: /home/richgutz/Scraper-Neoauto-ANTIGRAVITY/extractores/results_txt/diario_result_20260126_215855_7be286.txt
[Worker-3] Intento 2: Page.click: Timeout 1000ms exceeded.
[Worker-3] Call log:
[Worker-3] - waiting for locator("button[class*='close']").locator("svg").locator("xpath=./ancestor::button")
[Worker-3] 
[Worker-4] URL obtenida y bloqueada desde urls_autos_diarios: https://neoauto.com/auto/usado/nissan-sentra-2016-1863554
[Worker-4] 
[Worker-4] Iniciando extraccin para: https://neoauto.com/auto/usado/nissan-sentra-2016-1863554
[Worker-4] Iniciando navegacin...
[Worker-4] Marca extrada: 'nissan'
[Worker-4] Camino elegido (4 pasos).
[Worker-4] Paso 1/4: Pgina Principal...
[Worker-6] Intento 2: Popup no encontrado
[Worker-4] Navegacin rpida (sin acciones)
[Worker-4] Paso 2/4: Categora 'Usados'...
[Worker-4] Navegacin rpida (sin acciones)
[Worker-4] Paso 3/4: Filtro por Marca 'NISSAN'...
[Worker-4] Navegacin rpida (sin acciones)
[Worker-4] Paso 4/4: URL Final...
[Worker-4] Scroll INICIAL para activar contenido...
[Worker-6] Intento 3: Popup no encontrado
[Worker-6] No se pudo cerrar el popup de satisfaccin
[Worker-6] Popups manejados POST-scroll
[Worker-6] Scroll adicional de confirmacin...
[Worker-5] No apareci popup de cookies
[Worker-5] Intento 1: Page.click: Timeout 1000ms exceeded.
[Worker-5] Call log:
[Worker-5] - waiting for locator("button[class*='close']").locator("svg").locator("xpath=./ancestor::button")
[Worker-5] 
[Worker-1] Intento 1: Popup no encontrado
[Worker-6] Ttulo: Toyota Raize 2021
[Worker-6] Precio: S/ nan
[Worker-6] Kilometraje: inf km
[Worker-6] Ubicacin: Arranca tu ao sobre ruedas!
[Worker-6] Sbete a tu prximo seminuevo, el auto que mereces.
[Worker-6] Arranca tu ao sobre ruedas!
[Worker-6] Sbete a tu prximo seminuevo, el auto que mereces.
[Worker-6] Arranca tu ao sobre ruedas!
[Worker-6] Sbete a tu prximo seminuevo, el auto que mereces.
[Worker-6] Arranca tu ao sobre ruedas!
[Worker-6] Sbete a tu prximo seminuevo, el auto que mereces.
[Worker-6] Iniciar sesin
[Worker-6] Quiero vender
[Worker-6] Comprar
[Worker-6] Quiero vender
[Worker-6] Financiamiento
[Worker-6] Alquilar
[Worker-6] Nuevo
[Worker-6] Seguros
[Worker-6] Eventos
[Worker-6] Publicidad
[Worker-6] Ver fotos
[Worker-6] Autos usados
[Worker-6] Toyota
[Worker-6] Raize
[Worker-6] Toyota Raize 2021
[Worker-6] Lima, Lima, Lima
[Worker-6] Publicado ayer
[Worker-6] 144 vistas
[Worker-6] Reportar aviso
[Worker-6] Compartir
[Worker-6] Marcar como favorito
[Worker-6] Toyota Raize 2021
[Worker-6] Reportar aviso
[Worker-6] Compartir
[Worker-6] Marcar como favorito
[Worker-6] Ao modelo
[Worker-6] 2021
[Worker-6] Kilometraje
[Worker-6] 33 km
[Worker-6] Transmisin
[Worker-6] Automtica
[Worker-6] Descripcin
[Worker-6] Venta de unidades por renovacion de flotilla por inicio de ao, Uso gerencial, Coorporativo y presidencial, Soat vigente, Revision tecnica al dia, Cero papeletas, impuestos pagados, libre de gravamenes y prendas, Mantenimientos hechos en su concesion...
[Worker-6] Seguir leyendo
[Worker-6] Te recomendamos:
[Worker-6] 
[Worker-6] Te toca renovar tu SOAT?
[Worker-6] 
[Worker-6] Verifica el estado de tu SOAT aqu y evita multas.
[Worker-6] 
[Worker-6] Consultar SOAT
[Worker-6] 
[Worker-6] Alquila autos con Kinto Share
[Worker-6] 
[Worker-6] Que nada frene tus aventuras. Seguro,flexible y con garantia.
[Worker-6] 
[Worker-6] Ver ms
[Worker-6] 
[Worker-6] Blog & Noticias
[Worker-6] 
[Worker-6] Entrate de las ltimas novedades del sector automotriz.
[Worker-6] 
[Worker-6] Ver ms
[Worker-6] Especificaciones tcnicas
[Worker-6] Caractersticas
[Worker-6] Marca
[Worker-6] Toyota
[Worker-6] Modelo
[Worker-6] RAIZE
[Worker-6] Ao de fabricacin
[Worker-6] 2021
[Worker-6] Categora
[Worker-6] Camioneta
[Worker-6] Combustible
[Worker-6] Gasolina
[Worker-6] Precios y costos
[Worker-6] 
[Worker-6] An no tenemos suficiente informacin para determinar un rango de precio para este vehculo.
[Worker-6] 
[Worker-6] Excelente
[Worker-6] Competitivo
[Worker-6] Premium
[Worker-6] 
[Worker-6] (*) Precio referencial
[Worker-6] 
[Worker-6] Cmo se calcula este rango?
[Worker-6] 
[Worker-6] Te toca renovar tu SOAT?
[Worker-6] 
[Worker-6] Verifica el estado de tu SOAT aqu y evita multas.
[Worker-6] 
[Worker-6] Consultar SOAT
[Worker-6] Precio
[Worker-6] US$10,000
[Worker-6] Contctate con el anunciante
[Worker-6] Wtyryre Antonio Rfgrtyreyry
[Worker-6] 929 000...
[Worker-6] Ms informacin
[Worker-6] Beneficios adicionales para ti:
[Worker-6] La mejor opcin
[Worker-6] Financia tu auto con Santander Consumer
[Worker-6] 
[Worker-6] Paga desde:
[Worker-6] US$275/mes*
[Worker-6] Simular crdito
[Worker-6] 
[Worker-6] (*) Cuota mensual referencial. Calculada a 60 meses, 20% de inicial y TEA de 20.99%. No incluye seguro vehicular.
[Worker-6] 
[Worker-6] Solicita tu Prstamo Personal hasta de S/45,000
[Worker-6] Me interesa
[Worker-6] Vehculos similares
[Worker-6] Ver todos los vehculos
[Worker-6] Blindada
[Worker-6] Toyota 4runner 2010
[Worker-6] 180,000km
[Worker-6] V6 4.0 A/T SR5
[Worker-6] Automtica
[Worker-6] Gasolina
[Worker-6] Precio
[Worker-6] US$35,000
[Worker-6] Ver detalle
[Worker-6] Vehculo de: Antonella Zecchinato Sindelar
[Worker-6] Unico Dueo
[Worker-6] Toyota Corolla Cross 2023
[Worker-6] 61,000km
[Worker-6] D-LUX
[Worker-6] Automtica
[Worker-6] Gasolina-Hbrid...
[Worker-6] Precio
[Worker-6] US$22,500
[Worker-6] Con Crdito Vehicular
[Worker-6] US$606/mes
[Worker-6] Ver detalle
[Worker-6] Vehculo de: Milton Ikeda
[Worker-6] Como nuevo
[Worker-6] Toyota Land Cruiser 2013
[Worker-6] 160,000km
[Worker-6] Mecnica
[Worker-6] Diesel
[Worker-6] Precio
[Worker-6] US$29,900
[Worker-6] Ver detalle
[Worker-6] Vehculo de: Matias Vargas PAstor
[Worker-6] Toyota Land Cruiser Prado 2018
[Worker-6] 83,000km
[Worker-6] 4.0 TX-L MT
[Worker-6] Mecnica
[Worker-6] Gasolina
[Worker-6] Precio
[Worker-6] US$38,000
[Worker-6] Con Crdito Vehicular
[Worker-6] US$37,000
[Worker-6] Ver detalle
[Worker-6] Vehculo de: Norman Corazao rozas
[Worker-6] Unico Dueo
[Worker-6] Toyota 4runner 2016
[Worker-6] 35,297km
[Worker-6] V6 4.0 A/T LTD
[Worker-6] Automtica - Se...
[Worker-6] Gasolina
[Worker-6] Precio
[Worker-6] US$40,900
[Worker-6] Con Crdito Vehicular
[Worker-6] US$39,900
[Worker-6] Ver detalle
[Worker-6] Vehculo de: Aldo Juan Avila Novoa
[Worker-6] Uso dama
[Worker-6] Toyota Land Cruiser Prado 2014
[Worker-6] 78,700km
[Worker-6] 2.7 TX-L AT
[Worker-6] Automtica
[Worker-6] Gasolina
[Worker-6] Precio
[Worker-6] US$26,000
[Worker-6] Con Crdito Vehicular
[Worker-6] US$25,000
[Worker-6] Ver detalle
[Worker-6] Vehculo de: SN SN
[Worker-6] Premium
[Worker-6] Toyota Land Cruiser Prado 2022
[Worker-6] 36,000km
[Worker-6] 4.0 TX-L AT
[Worker-6] Automtica - Se...
[Worker-6] Gasolina
[Worker-6] Precio
[Worker-6] US$58,000
[Worker-6] Con Crdito Vehicular
[Worker-6] US$57,000
[Worker-6] Ver detalle
[Worker-6] Vehculo de: Yanira lvarez varas
[Worker-6] De lujo
[Worker-6] Bmw X5 35i 2013
[Worker-6] 118,500km
[Worker-6] 35I
[Worker-6] Automtica - Se...
[Worker-6] Gasolina
[Worker-6] Precio
[Worker-6] US$13,500
[Worker-6] Con Crdito Vehicular
[Worker-6] US$12,500
[Worker-6] Ver detalle
[Worker-6] Vehculo de: Rogelio Fernandez
[Worker-6] Seminuevos
[Worker-6] Autos
[Worker-6] Motos
[Worker-6] Camiones
[Worker-6] Usados
[Worker-6] Autos
[Worker-6] Motos
[Worker-6] Camiones
[Worker-6] Nuevos
[Worker-6] Autos
[Worker-6] Camiones
[Worker-6] Ayuda
[Worker-6] Trminos y condiciones
[Worker-6] Polticas de publicacin
[Worker-6] Cmo protegemos tus datos?
[Worker-6] Legales
[Worker-6] Sobre NeoAuto
[Worker-6] Noticias
[Worker-6] Tips y guas
[Worker-6] Ayuda en lnea
[Worker-6] 2024 NeoAuto Inc. Todos los derechos reservados
[Worker-6] Sguenos
[Worker-6] Descripcin: {"@context":"https://schema.org","@graph":[{"@type":"Organization","@id":"https://neoauto.com/#organ...
[Worker-6] nico dueo: S
[Worker-6] Datos guardados en: /home/richgutz/Scraper-Neoauto-ANTIGRAVITY/extractores/results_txt/diario_result_20260126_215908_d3eed9.txt
[Worker-5] Intento 2: Page.click: Timeout 1000ms exceeded.
[Worker-5] Call log:
[Worker-5] - waiting for locator("button[class*='close']").locator("svg").locator("xpath=./ancestor::button")
[Worker-5] 
[Worker-6] URL obtenida y bloqueada desde urls_autos_diarios: https://neoauto.com/auto/usado/nissan-kicks-2025-1863575
[Worker-6] 
[Worker-6] Iniciando extraccin para: https://neoauto.com/auto/usado/nissan-kicks-2025-1863575
[Worker-6] Iniciando navegacin...
[Worker-6] Marca extrada: 'nissan'
[Worker-6] Camino elegido (4 pasos).
[Worker-6] Paso 1/4: Pgina Principal...
[Worker-6] Navegacin rpida (sin acciones)
[Worker-6] Paso 2/4: Categora 'Usados'...
[Worker-2] Intento 1: Popup no encontrado
[Worker-1] Intento 2: Popup no encontrado
[Worker-6] Navegacin rpida (sin acciones)
[Worker-6] Paso 3/4: Filtro por Marca 'NISSAN'...
[Worker-6] Navegacin rpida (sin acciones)
[Worker-6] Paso 4/4: URL Final...
[Worker-4] No apareci popup de cookies
[Worker-6] Scroll INICIAL para activar contenido...
[Worker-3] Intento 1: Popup no encontrado
[Worker-4] Intento 1: Page.click: Timeout 1000ms exceeded.
[Worker-4] Call log:
[Worker-4] - waiting for locator("button[class*='close']").locator("svg").locator("xpath=./ancestor::button")
[Worker-4] 
[Worker-4] Intento 2: Page.click: Timeout 1000ms exceeded.
[Worker-4] Call log:
[Worker-4] - waiting for locator("button[class*='close']").locator("svg").locator("xpath=./ancestor::button")
[Worker-4] 
[Worker-2] Intento 2: Popup no encontrado
[Worker-1] Intento 3: Popup no encontrado
[Worker-1] No se pudo cerrar el popup de satisfaccin
[Worker-1] Popups manejados POST-scroll
[Worker-1] Scroll adicional de confirmacin...
[Worker-3] Intento 2: Popup no encontrado
[Worker-1] Ttulo: Jeep Compass Sport 2020
[Worker-1] Precio: S/ nan
[Worker-1] Kilometraje: inf km
[Worker-1] Ubicacin: Arranca tu ao sobre ruedas!
[Worker-1] Sbete a tu prximo seminuevo, el auto que mereces.
[Worker-1] Arranca tu ao sobre ruedas!
[Worker-1] Sbete a tu prximo seminuevo, el auto que mereces.
[Worker-1] Arranca tu ao sobre ruedas!
[Worker-1] Sbete a tu prximo seminuevo, el auto que mereces.
[Worker-1] Arranca tu ao sobre ruedas!
[Worker-1] Sbete a tu prximo seminuevo, el auto que mereces.
[Worker-1] Iniciar sesin
[Worker-1] Quiero vender
[Worker-1] Comprar
[Worker-1] Quiero vender
[Worker-1] Financiamiento
[Worker-1] Alquilar
[Worker-1] Nuevo
[Worker-1] Seguros
[Worker-1] Eventos
[Worker-1] Publicidad
[Worker-1] Ver fotos
[Worker-1] Autos usados
[Worker-1] Jeep
[Worker-1] Compass Sport
[Worker-1] Jeep Compass Sport 2020
[Worker-1] Huancayo, Huancayo, Junin
[Worker-1] Publicado hoy
[Worker-1] 10 vistas
[Worker-1] Reportar aviso
[Worker-1] Compartir
[Worker-1] Marcar como favorito
[Worker-1] Jeep Compass Sport 2020
[Worker-1] Reportar aviso
[Worker-1] Compartir
[Worker-1] Marcar como favorito
[Worker-1] Ao modelo
[Worker-1] 2020
[Worker-1] Kilometraje
[Worker-1] 74,000 km
[Worker-1] Transmisin
[Worker-1] Automtica - Secuencial
[Worker-1] Descripcin
[Worker-1] Jeep Compass, con lunas polarizadas, buen estado, todos sus mantenimientos en Concesionaria
[Worker-1] Te recomendamos:
[Worker-1] 
[Worker-1] Te toca renovar tu SOAT?
[Worker-1] 
[Worker-1] Verifica el estado de tu SOAT aqu y evita multas.
[Worker-1] 
[Worker-1] Consultar SOAT
[Worker-1] 
[Worker-1] Alquila autos con Kinto Share
[Worker-1] 
[Worker-1] Que nada frene tus aventuras. Seguro,flexible y con garantia.
[Worker-1] 
[Worker-1] Ver ms
[Worker-1] 
[Worker-1] Blog & Noticias
[Worker-1] 
[Worker-1] Entrate de las ltimas novedades del sector automotriz.
[Worker-1] 
[Worker-1] Ver ms
[Worker-1] Especificaciones tcnicas
[Worker-1] Caractersticas
[Worker-1] Marca
[Worker-1] Jeep
[Worker-1] Modelo
[Worker-1] COMPASS SPORT
[Worker-1] Ao de fabricacin
[Worker-1] 2020
[Worker-1] Categora
[Worker-1] Camioneta
[Worker-1] Combustible
[Worker-1] Dual
[Worker-1] Nmero de puertas
[Worker-1] 5
[Worker-1] Traccin
[Worker-1] 4x2
[Worker-1] Color
[Worker-1] Blanco
[Worker-1] Cilindrada
[Worker-1] 24 cc
[Worker-1] Equipamiento
[Worker-1] Retrovisores Elctricos
[Worker-1] Neblineros
[Worker-1] Aire Acondicionado
[Worker-1] Computadora de abordo
[Worker-1] Parlantes/Bajos
[Worker-1] Seguridad
[Worker-1] Airbag
[Worker-1] Lminas de Seguridad
[Worker-1] Extras
[Worker-1] Climatizador
[Worker-1] Precios y costos
[Worker-1] 
[Worker-1] An no tenemos suficiente informacin para determinar un rango de precio para este vehculo.
[Worker-1] 
[Worker-1] Excelente
[Worker-1] Competitivo
[Worker-1] Premium
[Worker-1] 
[Worker-1] (*) Precio referencial
[Worker-1] 
[Worker-1] Cmo se calcula este rango?
[Worker-1] 
[Worker-1] Te toca renovar tu SOAT?
[Worker-1] 
[Worker-1] Verifica el estado de tu SOAT aqu y evita multas.
[Worker-1] 
[Worker-1] Consultar SOAT
[Worker-1] Precio
[Worker-1] US$20,000
[Worker-1] Dscto. por adquirir el Crdito Vehicular
[Worker-1] -US$1,000*
[Worker-1] *Aplica si financias tu auto con Santander Consumer
[Worker-1] Contctate con el anunciante
[Worker-1] Patricia Cuba
[Worker-1] 970 784...
[Worker-1] Ms informacin
[Worker-1] Beneficios adicionales para ti:
[Worker-1] La mejor opcin
[Worker-1] Financia tu auto con Santander Consumer
[Worker-1] 
[Worker-1] Paga desde:
[Worker-1] US$19,000 o
[Worker-1] US$606/mes*
[Worker-1] Simular crdito
[Worker-1] 
[Worker-1] (*) Cuota mensual referencial. Calculada a 48 meses, 20% de inicial y TEA de 20.99%. No incluye seguro vehicular.
[Worker-1] 
[Worker-1] Solicita tu Prstamo Personal hasta de S/45,000
[Worker-1] Me interesa
[Worker-1] Vehculos similares
[Worker-1] Ver todos los vehculos
[Worker-1] Seminuevo
[Worker-1] Jeep Cherokee Longitude 2019
[Worker-1] 48,000km
[Worker-1] Automtica - Se...
[Worker-1] Gasolina
[Worker-1] Precio
[Worker-1] US$16,800
[Worker-1] Con Crdito Vehicular
[Worker-1] US$15,800
[Worker-1] Ver detalle
[Worker-1] Vehculo de: Jordan Dubois
[Worker-1] Unico Dueo
[Worker-1] Jeep Grand Cherokee Laredo 2018
[Worker-1] 79,800km
[Worker-1] Automtica
[Worker-1] Gasolina
[Worker-1] Precio
[Worker-1] US$22,200
[Worker-1] Con Crdito Vehicular
[Worker-1] US$796/mes
[Worker-1] Ver detalle
[Worker-1] Vehculo de: Rodrigo Valverde
[Worker-1] Sin papeletas
[Worker-1] Jeep Liberty 2003
[Worker-1] 224,067km
[Worker-1] Automtica
[Worker-1] Gas GNV
[Worker-1] Precio
[Worker-1] US$6,000
[Worker-1] Ver detalle
[Worker-1] Vehculo de: Carlos Villavicencio
[Worker-1] Ocasin
[Worker-1] Jeep Grand Cherokee Srt 2021
[Worker-1] 63,000km
[Worker-1] Automtica - Se...
[Worker-1] Gasolina
[Worker-1] Precio
[Worker-1] US$43,000
[Worker-1] Con Crdito Vehicular
[Worker-1] US$42,000
[Worker-1] Ver detalle
[Worker-1] Vehculo de: SN SN
[Worker-1] Jeep Grand Cherokee Laredo 2017
[Worker-1] 63,950km
[Worker-1] LAREDO
[Worker-1] Automtica - Se...
[Worker-1] Gasolina
[Worker-1] Precio
[Worker-1] US$21,950
[Worker-1] Con Crdito Vehicular
[Worker-1] US$20,950
[Worker-1] Ver detalle
[Worker-1] Vehculo de: Rocio Barrientos
[Worker-1] Ocasin
[Worker-1] Jeep Compass 2013
[Worker-1] 53,000km
[Worker-1] 2.4 4X4 LTD
[Worker-1] Automtica - Se...
[Worker-1] Gasolina
[Worker-1] Precio
[Worker-1] US$12,200
[Worker-1] Ver detalle
[Worker-1] Vehculo de: Willyans Quispe medina
[Worker-1] Jeep Grand Cherokee Overland 2011
[Worker-1] 110,000km
[Worker-1] Automtica
[Worker-1] Gasolina
[Worker-1] Precio
[Worker-1] US$17,900
[Worker-1] Ver detalle
[Worker-1] Vehculo de: Erika Arrasco
[Worker-1] Jeep Cherokee Longitude 2017
[Worker-1] 52,000km
[Worker-1] Automtica - Se...
[Worker-1] Gasolina
[Worker-1] Precio
[Worker-1] US$17,500
[Worker-1] Con Crdito Vehicular
[Worker-1] US$1,443/mes
[Worker-1] Ver detalle
[Worker-1] Vehculo de: Patricia Vargas Roca
[Worker-1] Seminuevos
[Worker-1] Autos
[Worker-1] Motos
[Worker-1] Camiones
[Worker-1] Usados
[Worker-1] Autos
[Worker-1] Motos
[Worker-1] Camiones
[Worker-1] Nuevos
[Worker-1] Autos
[Worker-1] Camiones
[Worker-1] Ayuda
[Worker-1] Trminos y condiciones
[Worker-1] Polticas de publicacin
[Worker-1] Cmo protegemos tus datos?
[Worker-1] Legales
[Worker-1] Sobre NeoAuto
[Worker-1] Noticias
[Worker-1] Tips y guas
[Worker-1] Ayuda en lnea
[Worker-1] 2024 NeoAuto Inc. Todos los derechos reservados
[Worker-1] Sguenos
[Worker-1] Descripcin: {"@context":"https://schema.org","@graph":[{"@type":"Organization","@id":"https://neoauto.com/#organ...
[Worker-1] nico dueo: S
[Worker-1] Datos guardados en: /home/richgutz/Scraper-Neoauto-ANTIGRAVITY/extractores/results_txt/diario_result_20260126_215921_deeaa1.txt
[Worker-2] Intento 3: Popup no encontrado
[Worker-2] No se pudo cerrar el popup de satisfaccin
[Worker-2] Popups manejados POST-scroll
[Worker-2] Scroll adicional de confirmacin...
[Worker-3] Intento 3: Popup no encontrado
[Worker-1] URL obtenida y bloqueada desde urls_autos_diarios: https://neoauto.com/auto/usado/honda-cr-v-2008-1863503
[Worker-1] 
[Worker-1] Iniciando extraccin para: https://neoauto.com/auto/usado/honda-cr-v-2008-1863503
[Worker-1] Iniciando navegacin...
[Worker-1] Marca extrada: 'honda'
[Worker-1] Camino elegido (4 pasos).
[Worker-1] Paso 1/4: Pgina Principal...
[Worker-2] Ttulo: Nissan Sentra 2008
[Worker-2] Precio: S/ nan
[Worker-2] Kilometraje: inf km
[Worker-2] Ubicacin: Arranca tu ao sobre ruedas!
[Worker-2] Sbete a tu prximo seminuevo, el auto que mereces.
[Worker-2] Arranca tu ao sobre ruedas!
[Worker-2] Sbete a tu prximo seminuevo, el auto que mereces.
[Worker-2] Arranca tu ao sobre ruedas!
[Worker-2] Sbete a tu prximo seminuevo, el auto que mereces.
[Worker-2] Arranca tu ao sobre ruedas!
[Worker-2] Sbete a tu prximo seminuevo, el auto que mereces.
[Worker-2] Iniciar sesin
[Worker-2] Quiero vender
[Worker-2] Comprar
[Worker-2] Quiero vender
[Worker-2] Financiamiento
[Worker-2] Alquilar
[Worker-2] Nuevo
[Worker-2] Seguros
[Worker-2] Eventos
[Worker-2] Publicidad
[Worker-2] Autos usados
[Worker-2] Nissan
[Worker-2] Sentra
[Worker-2] Nissan Sentra 2008
[Worker-2] Huancayo, Huancayo, Junin
[Worker-2] Publicado hoy
[Worker-2] 10 vistas
[Worker-2] Reportar aviso
[Worker-2] Compartir
[Worker-2] Marcar como favorito
[Worker-2] Nissan Sentra 2008
[Worker-2] Reportar aviso
[Worker-2] Compartir
[Worker-2] Marcar como favorito
[Worker-2] Ao modelo
[Worker-2] 2008
[Worker-2] Kilometraje
[Worker-2] 75,000 km
[Worker-2] Transmisin
[Worker-2] Mecnica
[Worker-2] Descripcin
[Worker-2] Auto en excelente estado, nico dueo, Full equipo, lunas y pestillos elctricos, poco recorrido de kilometraje, todos los mantenimientos en el concesionario de la marca, se vende por viaje.
[Worker-2] Te recomendamos:
[Worker-2] 
[Worker-2] Te toca renovar tu SOAT?
[Worker-2] 
[Worker-2] Verifica el estado de tu SOAT aqu y evita multas.
[Worker-2] 
[Worker-2] Consultar SOAT
[Worker-2] 
[Worker-2] Alquila autos con Kinto Share
[Worker-2] 
[Worker-2] Que nada frene tus aventuras. Seguro,flexible y con garantia.
[Worker-2] 
[Worker-2] Ver ms
[Worker-2] 
[Worker-2] Blog & Noticias
[Worker-2] 
[Worker-2] Entrate de las ltimas novedades del sector automotriz.
[Worker-2] 
[Worker-2] Ver ms
[Worker-2] Especificaciones tcnicas
[Worker-2] Caractersticas
[Worker-2] Marca
[Worker-2] Nissan
[Worker-2] Modelo
[Worker-2] SENTRA
[Worker-2] Ao de fabricacin
[Worker-2] 2008
[Worker-2] Categora
[Worker-2] Sedn
[Worker-2] Combustible
[Worker-2] Gasolina
[Worker-2] Precios y costos
[Worker-2] 
[Worker-2] An no tenemos suficiente informacin para determinar un rango de precio para este vehculo.
[Worker-2] 
[Worker-2] Excelente
[Worker-2] Competitivo
[Worker-2] Premium
[Worker-2] 
[Worker-2] (*) Precio referencial
[Worker-2] 
[Worker-2] Cmo se calcula este rango?
[Worker-2] 
[Worker-2] Te toca renovar tu SOAT?
[Worker-2] 
[Worker-2] Verifica el estado de tu SOAT aqu y evita multas.
[Worker-2] 
[Worker-2] Consultar SOAT
[Worker-2] Precio
[Worker-2] US$5,700
[Worker-2] Contctate con el anunciante
[Worker-2] Rigoberto Riveros
[Worker-2] 910 545...
[Worker-2] Ms informacin
[Worker-2] Beneficios adicionales para ti:
[Worker-2] Solicita tu Prstamo Personal hasta de S/45,000
[Worker-2] Me interesa
[Worker-2] Vehculos similares
[Worker-2] Ver todos los vehculos
[Worker-2] Seminuevo
[Worker-2] Audi A3 Sedan 2017
[Worker-2] 45,500km
[Worker-2] 1.2 TFSI ATTRAC...
[Worker-2] Automtica - Se...
[Worker-2] Gasolina
[Worker-2] Precio
[Worker-2] US$16,700
[Worker-2] Con Crdito Vehicular
[Worker-2] US$15,700
[Worker-2] Ver detalle
[Worker-2] Vehculo de: Jorge Tirado Melgar
[Worker-2] Bmw 318i 2017
[Worker-2] 73,000km
[Worker-2] Automtica - Se...
[Worker-2] Gasolina
[Worker-2] Precio
[Worker-2] US$16,900
[Worker-2] Con Crdito Vehicular
[Worker-2] US$15,900
[Worker-2] Ver detalle
[Worker-2] Vehculo de: Javier Ruiz
[Worker-2] Premium
[Worker-2] Audi A4 2017
[Worker-2] 44,000km
[Worker-2] 2.0 TFSI STRONI...
[Worker-2] Automtica - Se...
[Worker-2] Gasolina
[Worker-2] Precio
[Worker-2] US$21,500
[Worker-2] Con Crdito Vehicular
[Worker-2] US$1,767/mes
[Worker-2] Ver detalle
[Worker-2] Vehculo de: Elio Espinoza
[Worker-2] Auto verificado
[Worker-2] Premium
[Worker-2] Volkswagen Jetta 2021
[Worker-2] 55,500km
[Worker-2] Mecnica
[Worker-2] Gasolina
[Worker-2] Precio
[Worker-2] US$16,500
[Worker-2] Con Crdito Vehicular
[Worker-2] US$15,500
[Worker-2] Ver detalle
[Worker-2] Vehculo de: Raisa J
[Worker-2] Auto verificado
[Worker-2] Premium
[Worker-2] Bmw 520-I 2014
[Worker-2] 90,000km
[Worker-2] SEDAN AT 2.0
[Worker-2] Automtica - Se...
[Worker-2] Gasolina
[Worker-2] Precio
[Worker-2] US$15,000
[Worker-2] Con Crdito Vehicular
[Worker-2] US$14,000
[Worker-2] Ver detalle
[Worker-2] Vehculo de: Diego Herrera
[Worker-2] Mg 6 2020
[Worker-2] 76,784km
[Worker-2] TURBO
[Worker-2] Automtica - Se...
[Worker-2] Gasolina
[Worker-2] Precio
[Worker-2] US$10,900
[Worker-2] Con Crdito Vehicular
[Worker-2] US$335/mes
[Worker-2] Ver detalle
[Worker-2] Vehculo de: SN SN
[Worker-2] Unico Dueo
[Worker-2] Kia Soluto 2024
[Worker-2] 34,450km
[Worker-2] LX-PLUS
[Worker-2] Mecnica
[Worker-2] Dual
[Worker-2] Precio
[Worker-2] US$12,000
[Worker-2] Con Crdito Vehicular
[Worker-2] US$328/mes
[Worker-2] Ver detalle
[Worker-2] Vehculo de: LUIS ENRIQUE ARIAS RAMIREZ
[Worker-2] Bmw 320i 2020
[Worker-2] 30,000km
[Worker-2] Automtica - Se...
[Worker-2] Gasolina
[Worker-2] Precio
[Worker-2] US$29,490
[Worker-2] Con Crdito Vehicular
[Worker-2] US$888/mes
[Worker-2] Ver detalle
[Worker-2] Vehculo de: Lucho Jac
[Worker-2] Seminuevos
[Worker-2] Autos
[Worker-2] Motos
[Worker-2] Camiones
[Worker-2] Usados
[Worker-2] Autos
[Worker-2] Motos
[Worker-2] Camiones
[Worker-2] Nuevos
[Worker-2] Autos
[Worker-2] Camiones
[Worker-2] Ayuda
[Worker-2] Trminos y condiciones
[Worker-2] Polticas de publicacin
[Worker-2] Cmo protegemos tus datos?
[Worker-2] Legales
[Worker-2] Sobre NeoAuto
[Worker-2] Noticias
[Worker-2] Tips y guas
[Worker-2] Ayuda en lnea
[Worker-2] 2024 NeoAuto Inc. Todos los derechos reservados
[Worker-2] Sguenos
[Worker-2] Descripcin: {"@context":"https://schema.org","@graph":[{"@type":"Organization","@id":"https://neoauto.com/#organ...
[Worker-2] nico dueo: S
[Worker-2] Datos guardados en: /home/richgutz/Scraper-Neoauto-ANTIGRAVITY/extractores/results_txt/diario_result_20260126_215926_60e88d.txt
[Worker-3] No se pudo cerrar el popup de satisfaccin
[Worker-3] Popups manejados POST-scroll
[Worker-3] Scroll adicional de confirmacin...
[Worker-1] Navegacin rpida (sin acciones)
[Worker-1] Paso 2/4: Categora 'Usados'...
[Worker-6] No apareci popup de cookies
[Worker-1] Navegacin rpida (sin acciones)
[Worker-1] Paso 3/4: Filtro por Marca 'HONDA'...
[Worker-5] Intento 1: Popup no encontrado
[Worker-6] Intento 1: Page.click: Timeout 1000ms exceeded.
[Worker-6] Call log:
[Worker-6] - waiting for locator("button[class*='close']").locator("svg").locator("xpath=./ancestor::button")
[Worker-6] 
[Worker-1] Navegacin rpida (sin acciones)
[Worker-1] Paso 4/4: URL Final...
[Worker-3] Ttulo: Mitsubishi L200 Dk-r 2020
[Worker-3] Precio: S/ nan
[Worker-3] Kilometraje: inf km
[Worker-3] Ubicacin: Arranca tu ao sobre ruedas!
[Worker-3] Sbete a tu prximo seminuevo, el auto que mereces.
[Worker-3] Arranca tu ao sobre ruedas!
[Worker-3] Sbete a tu prximo seminuevo, el auto que mereces.
[Worker-3] Arranca tu ao sobre ruedas!
[Worker-3] Sbete a tu prximo seminuevo, el auto que mereces.
[Worker-3] Arranca tu ao sobre ruedas!
[Worker-3] Sbete a tu prximo seminuevo, el auto que mereces.
[Worker-3] Iniciar sesin
[Worker-3] Quiero vender
[Worker-3] Comprar
[Worker-3] Quiero vender
[Worker-3] Financiamiento
[Worker-3] Alquilar
[Worker-3] Nuevo
[Worker-3] Seguros
[Worker-3] Eventos
[Worker-3] Publicidad
[Worker-3] Ver fotos
[Worker-3] Autos usados
[Worker-3] Mitsubishi
[Worker-3] L200 Dk-r
[Worker-3] Mitsubishi L200 Dk-r 2020
[Worker-3] Cerro Colorado, Arequipa, Arequipa
[Worker-3] Publicado hoy
[Worker-3] 6 vistas
[Worker-3] Reportar aviso
[Worker-3] Compartir
[Worker-3] Marcar como favorito
[Worker-3] Mitsubishi L200 Dk-r 2020
[Worker-3] Reportar aviso
[Worker-3] Compartir
[Worker-3] Marcar como favorito
[Worker-3] Ao modelo
[Worker-3] 2020
[Worker-3] Kilometraje
[Worker-3] 177,000 km
[Worker-3] Transmisin
[Worker-3] Mecnica
[Worker-3] Descripcin
[Worker-3] REMATO MI CAMIONETA MITSUBISHI L200DKR PERFECTO ESTADO SIN CHOQUES SOAT NUEVO MANTENIMIENTO RENCIEN REALIZADO AREQUIPA
[Worker-3] Te recomendamos:
[Worker-3] 
[Worker-3] Te toca renovar tu SOAT?
[Worker-3] 
[Worker-3] Verifica el estado de tu SOAT aqu y evita multas.
[Worker-3] 
[Worker-3] Consultar SOAT
[Worker-3] 
[Worker-3] Alquila autos con Kinto Share
[Worker-3] 
[Worker-3] Que nada frene tus aventuras. Seguro,flexible y con garantia.
[Worker-3] 
[Worker-3] Ver ms
[Worker-3] 
[Worker-3] Blog & Noticias
[Worker-3] 
[Worker-3] Entrate de las ltimas novedades del sector automotriz.
[Worker-3] 
[Worker-3] Ver ms
[Worker-3] Especificaciones tcnicas
[Worker-3] Caractersticas
[Worker-3] Marca
[Worker-3] Mitsubishi
[Worker-3] Modelo
[Worker-3] L200 DK-R
[Worker-3] Versin
[Worker-3] FULL 201
[Worker-3] Ao de fabricacin
[Worker-3] 2019
[Worker-3] Categora
[Worker-3] Camioneta
[Worker-3] Combustible
[Worker-3] Diesel
[Worker-3] Nmero de puertas
[Worker-3] 4
[Worker-3] Traccin
[Worker-3] 4x4
[Worker-3] Color
[Worker-3] Blanco
[Worker-3] Nmero cilindros
[Worker-3] 4
[Worker-3] Cilindrada
[Worker-3] 2,500 cc
[Worker-3] Equipamiento
[Worker-3] Retrovisores Elctricos
[Worker-3] Full Equipo
[Worker-3] Seguridad
[Worker-3] Airbag
[Worker-3] Precios y costos
[Worker-3] 
[Worker-3] An no tenemos suficiente informacin para determinar un rango de precio para este vehculo.
[Worker-3] 
[Worker-3] Excelente
[Worker-3] Competitivo
[Worker-3] Premium
[Worker-3] 
[Worker-3] (*) Precio referencial
[Worker-3] 
[Worker-3] Cmo se calcula este rango?
[Worker-3] 
[Worker-3] Te toca renovar tu SOAT?
[Worker-3] 
[Worker-3] Verifica el estado de tu SOAT aqu y evita multas.
[Worker-3] 
[Worker-3] Consultar SOAT
[Worker-3] Precio
[Worker-3] US$20,000
[Worker-3] Contctate con el anunciante
[Worker-3] Cesar Llerena Benavente
[Worker-3] 966 427...
[Worker-3] Ms informacin
[Worker-3] Beneficios adicionales para ti:
[Worker-3] Solicita tu Prstamo Personal hasta de S/45,000
[Worker-3] Me interesa
[Worker-3] Vehculos similares
[Worker-3] Ver todos los vehculos
[Worker-3] Mitsubishi Asx 2022
[Worker-3] 6,900km
[Worker-3] SEMIFULL
[Worker-3] Mecnica
[Worker-3] Gasolina
[Worker-3] Precio
[Worker-3] US$25,000
[Worker-3] Con Crdito Vehicular
[Worker-3] US$672/mes
[Worker-3] Ver detalle
[Worker-3] Vehculo de: Fernando Alonso Fuentes Ortiz
[Worker-3] Unico Dueo
[Worker-3] Mitsubishi Montero Sport 2023
[Worker-3] 40,500km
[Worker-3] Automtica - Se...
[Worker-3] Gasolina
[Worker-3] Precio
[Worker-3] US$31,900
[Worker-3] Con Crdito Vehicular
[Worker-3] US$30,900
[Worker-3] Ver detalle
[Worker-3] Vehculo de: SN SN
[Worker-3] Premium
[Worker-3] Mitsubishi Montero Sport 2019
[Worker-3] 45,000km
[Worker-3] 2.4 HP TDI GLS ...
[Worker-3] Automtica - Se...
[Worker-3] Diesel
[Worker-3] Precio
[Worker-3] US$38,000
[Worker-3] Con Crdito Vehicular
[Worker-3] US$37,000
[Worker-3] Ver detalle
[Worker-3] Vehculo de: Guillermo Snchez Hernndez
[Worker-3] Mitsubishi Outlander 2017
[Worker-3] 85,000km
[Worker-3] 4WD 75 2.4 GLS ...
[Worker-3] Automtica - Se...
[Worker-3] Gasolina
[Worker-3] Precio
[Worker-3] US$15,900
[Worker-3] Con Crdito Vehicular
[Worker-3] US$14,900
[Worker-3] Ver detalle
[Worker-3] Vehculo de: Francisco Neira
[Worker-3] Auto verificado
[Worker-3] Servicio Concesionario
[Worker-3] Mitsubishi Asx 2018
[Worker-3] 62,500km
[Worker-3] ASX XLS 2WD
[Worker-3] Automtica
[Worker-3] Gasolina
[Worker-3] Precio
[Worker-3] US$16,000
[Worker-3] Con Crdito Vehicular
[Worker-3] US$15,000
[Worker-3] Ver detalle
[Worker-3] Vehculo de: Giancarlo Morales
[Worker-3] Mitsubishi Montero Sport 2018
[Worker-3] 80,000km
[Worker-3] 3.0 GLS AT 4X4
[Worker-3] Automtica
[Worker-3] Gasolina
[Worker-3] Precio
[Worker-3] US$36,000
[Worker-3] Con Crdito Vehicular
[Worker-3] US$35,000
[Worker-3] Ver detalle
[Worker-3] Vehculo de: Fernanda Jaramillo
[Worker-3] Mitsubishi Montero 2005
[Worker-3] 185,000km
[Worker-3] Automtica - Se...
[Worker-3] Diesel
[Worker-3] Precio
[Worker-3] US$10,500
[Worker-3] Ver detalle
[Worker-3] Vehculo de: Giovana Bravo
[Worker-3] Mitsubishi Outlander 2018
[Worker-3] 60,000km
[Worker-3] OUTLANDER GLX 2...
[Worker-3] Automtica - Se...
[Worker-3] Gasolina
[Worker-3] Precio
[Worker-3] US$16,500
[Worker-3] Con Crdito Vehicular
[Worker-3] US$15,500
[Worker-3] Ver detalle
[Worker-3] Vehculo de: Javier Estrella
[Worker-3] Seminuevos
[Worker-3] Autos
[Worker-3] Motos
[Worker-3] Camiones
[Worker-3] Usados
[Worker-3] Autos
[Worker-3] Motos
[Worker-3] Camiones
[Worker-3] Nuevos
[Worker-3] Autos
[Worker-3] Camiones
[Worker-3] Ayuda
[Worker-3] Trminos y condiciones
[Worker-3] Polticas de publicacin
[Worker-3] Cmo protegemos tus datos?
[Worker-3] Legales
[Worker-3] Sobre NeoAuto
[Worker-3] Noticias
[Worker-3] Tips y guas
[Worker-3] Ayuda en lnea
[Worker-3] 2024 NeoAuto Inc. Todos los derechos reservados
[Worker-3] Sguenos
[Worker-3] Descripcin: {"@context":"https://schema.org","@graph":[{"@type":"Organization","@id":"https://neoauto.com/#organ...
[Worker-3] nico dueo: S
[Worker-3] Datos guardados en: /home/richgutz/Scraper-Neoauto-ANTIGRAVITY/extractores/results_txt/diario_result_20260126_215929_66de4d.txt
[Worker-1] Scroll INICIAL para activar contenido...
[Worker-6] Intento 2: Page.click: Timeout 1000ms exceeded.
[Worker-6] Call log:
[Worker-6] - waiting for locator("button[class*='close']").locator("svg").locator("xpath=./ancestor::button")
[Worker-6] 
[Worker-2] URL obtenida y bloqueada desde urls_autos_diarios: https://neoauto.com/auto/usado/toyota-4runner-2018-1863560
[Worker-2] 
[Worker-2] Iniciando extraccin para: https://neoauto.com/auto/usado/toyota-4runner-2018-1863560
[Worker-2] Iniciando navegacin...
[Worker-2] Marca extrada: 'toyota'
[Worker-2] Camino elegido (4 pasos).
[Worker-2] Paso 1/4: Pgina Principal...
[Worker-2] Navegacin rpida (sin acciones)
[Worker-2] Paso 2/4: Categora 'Usados'...
[Worker-5] Intento 2: Popup no encontrado
[Worker-3] URL obtenida y bloqueada desde urls_autos_diarios: https://neoauto.com/auto/usado/nissan-versa-2015-1863505
[Worker-3] 
[Worker-3] Iniciando extraccin para: https://neoauto.com/auto/usado/nissan-versa-2015-1863505
[Worker-3] Iniciando navegacin...
[Worker-3] Marca extrada: 'nissan'
[Worker-3] Camino elegido (4 pasos).
[Worker-3] Paso 1/4: Pgina Principal...
[Worker-2] Navegacin rpida (sin acciones)
[Worker-2] Paso 3/4: Filtro por Marca 'TOYOTA'...
[Worker-3] Navegacin rpida (sin acciones)
[Worker-3] Paso 2/4: Categora 'Usados'...
[Worker-2] Navegacin rpida (sin acciones)
[Worker-2] Paso 4/4: URL Final...
[Worker-2] Scroll INICIAL para activar contenido...
[Worker-3] Navegacin rpida (sin acciones)
[Worker-3] Paso 3/4: Filtro por Marca 'NISSAN'...
[Worker-3] Navegacin rpida (sin acciones)
[Worker-3] Paso 4/4: URL Final...
[Worker-4] Intento 1: Popup no encontrado
[Worker-3] Scroll INICIAL para activar contenido...
[Worker-5] Intento 3: Popup no encontrado
[Worker-5] No se pudo cerrar el popup de satisfaccin
[Worker-5] Popups manejados POST-scroll
[Worker-5] Scroll adicional de confirmacin...
[Worker-4] Intento 2: Popup no encontrado
[Worker-5] Ttulo: Toyota Yaris 2017
[Worker-5] Precio: S/ nan
[Worker-5] Kilometraje: inf km
[Worker-5] Ubicacin: Arranca tu ao sobre ruedas!
[Worker-5] Sbete a tu prximo seminuevo, el auto que mereces.
[Worker-5] Arranca tu ao sobre ruedas!
[Worker-5] Sbete a tu prximo seminuevo, el auto que mereces.
[Worker-5] Arranca tu ao sobre ruedas!
[Worker-5] Sbete a tu prximo seminuevo, el auto que mereces.
[Worker-5] Arranca tu ao sobre ruedas!
[Worker-5] Sbete a tu prximo seminuevo, el auto que mereces.
[Worker-5] Iniciar sesin
[Worker-5] Quiero vender
[Worker-5] Comprar
[Worker-5] Quiero vender
[Worker-5] Financiamiento
[Worker-5] Alquilar
[Worker-5] Nuevo
[Worker-5] Seguros
[Worker-5] Eventos
[Worker-5] Publicidad
[Worker-5] Autos usados
[Worker-5] Toyota
[Worker-5] Yaris
[Worker-5] Toyota Yaris 2017
[Worker-5] Magdalena del Mar, Lima, Lima
[Worker-5] Publicado hoy
[Worker-5] 19 vistas
[Worker-5] Reportar aviso
[Worker-5] Compartir
[Worker-5] Marcar como favorito
[Worker-5] Toyota Yaris 2017
[Worker-5] Reportar aviso
[Worker-5] Compartir
[Worker-5] Marcar como favorito
[Worker-5] Ao modelo
[Worker-5] 2017
[Worker-5] Kilometraje
[Worker-5] 30,050 km
[Worker-5] Transmisin
[Worker-5] Automtica
[Worker-5] Descripcin
[Worker-5] Auto en excelente estado, nico dueo, Full equipo, lunas y pestillos elctricos, poco recorrido de kilometraje, todos los mantenimientos en el concesionario de la marca, se vende por viaje.
[Worker-5] Te recomendamos:
[Worker-5] 
[Worker-5] Te toca renovar tu SOAT?
[Worker-5] 
[Worker-5] Verifica el estado de tu SOAT aqu y evita multas.
[Worker-5] 
[Worker-5] Consultar SOAT
[Worker-5] 
[Worker-5] Alquila autos con Kinto Share
[Worker-5] 
[Worker-5] Que nada frene tus aventuras. Seguro,flexible y con garantia.
[Worker-5] 
[Worker-5] Ver ms
[Worker-5] 
[Worker-5] Blog & Noticias
[Worker-5] 
[Worker-5] Entrate de las ltimas novedades del sector automotriz.
[Worker-5] 
[Worker-5] Ver ms
[Worker-5] Especificaciones tcnicas
[Worker-5] Caractersticas
[Worker-5] Marca
[Worker-5] Toyota
[Worker-5] Modelo
[Worker-5] YARIS
[Worker-5] Ao de fabricacin
[Worker-5] 2017
[Worker-5] Categora
[Worker-5] Hatchback
[Worker-5] Combustible
[Worker-5] Gasolina
[Worker-5] Precios y costos
[Worker-5] 
[Worker-5] An no tenemos suficiente informacin para determinar un rango de precio para este vehculo.
[Worker-5] 
[Worker-5] Excelente
[Worker-5] Competitivo
[Worker-5] Premium
[Worker-5] 
[Worker-5] (*) Precio referencial
[Worker-5] 
[Worker-5] Cmo se calcula este rango?
[Worker-5] 
[Worker-5] Te toca renovar tu SOAT?
[Worker-5] 
[Worker-5] Verifica el estado de tu SOAT aqu y evita multas.
[Worker-5] 
[Worker-5] Consultar SOAT
[Worker-5] Precio
[Worker-5] US$10,590
[Worker-5] Dscto. por adquirir el Crdito Vehicular
[Worker-5] -US$1,000*
[Worker-5] *Aplica si financias tu auto con Santander Consumer
[Worker-5] Contctate con el anunciante
[Worker-5] Ral Gil Yufra
[Worker-5] 943 350...
[Worker-5] Ms informacin
[Worker-5] Beneficios adicionales para ti:
[Worker-5] La mejor opcin
[Worker-5] Financia tu auto con Santander Consumer
[Worker-5] 
[Worker-5] Paga desde:
[Worker-5] US$9,590 o
[Worker-5] US$882/mes*
[Worker-5] Simular crdito
[Worker-5] 
[Worker-5] (*) Cuota mensual referencial. Calculada a 12 meses, 20% de inicial y TEA de 20.99%. No incluye seguro vehicular.
[Worker-5] 
[Worker-5] Solicita tu Prstamo Personal hasta de S/45,000
[Worker-5] Me interesa
[Worker-5] Vehculos similares
[Worker-5] Ver todos los vehculos
[Worker-5] Auto verificado
[Worker-5] Como nuevo
[Worker-5] Toyota Yaris 2019
[Worker-5] 80,000km
[Worker-5] GLS 1.3 CVT
[Worker-5] Automtica - Se...
[Worker-5] Gasolina
[Worker-5] Precio
[Worker-5] US$14,000
[Worker-5] Con Crdito Vehicular
[Worker-5] US$13,000
[Worker-5] Ver detalle
[Worker-5] Vehculo de: Fernando Aspajo Hidalgo
[Worker-5] Toyota Yaris 2019
[Worker-5] 53,000km
[Worker-5] Automtica - Se...
[Worker-5] Gasolina
[Worker-5] Precio
[Worker-5] US$13,900
[Worker-5] Con Crdito Vehicular
[Worker-5] US$503/mes
[Worker-5] Ver detalle
[Worker-5] Vehculo de: Jhonathan ayala loayza
[Worker-5] Toyota Corolla 2021
[Worker-5] 40,000km
[Worker-5] 1.2 TURBO CVT
[Worker-5] Automtica - Se...
[Worker-5] Gasolina
[Worker-5] Precio
[Worker-5] US$20,000
[Worker-5] Con Crdito Vehicular
[Worker-5] US$540/mes
[Worker-5] Ver detalle
[Worker-5] Vehculo de: Rodolfo Gonzales Berrocal
[Worker-5] Bmw 320gt 2015
[Worker-5] 140,000km
[Worker-5] Automtica - Se...
[Worker-5] Gasolina
[Worker-5] Precio
[Worker-5] US$18,000
[Worker-5] Ver detalle
[Worker-5] Vehculo de: Jorge Sarmiento
[Worker-5] Auto verificado
[Worker-5] Unico Dueo
[Worker-5] Chevrolet Onix 2019
[Worker-5] 25,722km
[Worker-5] 1.4L LTZ MT
[Worker-5] Mecnica
[Worker-5] Gasolina
[Worker-5] Precio
[Worker-5] US$10,500
[Worker-5] Con Crdito Vehicular
[Worker-5] US$383/mes
[Worker-5] Ver detalle
[Worker-5] Vehculo de: MARITA CORREA CACERES
[Worker-5] Audi A7 Sportback Hb 2012
[Worker-5] 81,300km
[Worker-5] 3.0 TFSI QUATTR...
[Worker-5] Automtica - Se...
[Worker-5] Gasolina
[Worker-5] Precio
[Worker-5] US$19,500
[Worker-5] Ver detalle
[Worker-5] Vehculo de: INVERSIONES GIRALDO DEL PORTA INVERSIONES GIRALDO DEL PORTA
[Worker-5] Audi A3 Sportback 2017
[Worker-5] 52,870km
[Worker-5] 1.2 TFSI S TRON...
[Worker-5] Automtica - Se...
[Worker-5] Gasolina
[Worker-5] Precio
[Worker-5] US$17,400
[Worker-5] Con Crdito Vehicular
[Worker-5] US$827/mes
[Worker-5] Ver detalle
[Worker-5] Vehculo de: Andrs Ayres
[Worker-5] Chevrolet Onix 2025
[Worker-5] 2,300km
[Worker-5] Automtica
[Worker-5] Gasolina
[Worker-5] Precio
[Worker-5] US$14,850
[Worker-5] Con Crdito Vehicular
[Worker-5] US$403/mes
[Worker-5] Ver detalle
[Worker-5] Vehculo de: Walter Rabanal Atalaya
[Worker-5] Seminuevos
[Worker-5] Autos
[Worker-5] Motos
[Worker-5] Camiones
[Worker-5] Usados
[Worker-5] Autos
[Worker-5] Motos
[Worker-5] Camiones
[Worker-5] Nuevos
[Worker-5] Autos
[Worker-5] Camiones
[Worker-5] Ayuda
[Worker-5] Trminos y condiciones
[Worker-5] Polticas de publicacin
[Worker-5] Cmo protegemos tus datos?
[Worker-5] Legales
[Worker-5] Sobre NeoAuto
[Worker-5] Noticias
[Worker-5] Tips y guas
[Worker-5] Ayuda en lnea
[Worker-5] 2024 NeoAuto Inc. Todos los derechos reservados
[Worker-5] Sguenos
[Worker-5] Descripcin: {"@context":"https://schema.org","@graph":[{"@type":"Organization","@id":"https://neoauto.com/#organ...
[Worker-5] nico dueo: S
[Worker-5] Datos guardados en: /home/richgutz/Scraper-Neoauto-ANTIGRAVITY/extractores/results_txt/diario_result_20260126_215941_45e03d.txt
[Worker-1] No apareci popup de cookies
[Worker-1] Intento 1: Page.click: Timeout 1000ms exceeded.
[Worker-1] Call log:
[Worker-1] - waiting for locator("button[class*='close']").locator("svg").locator("xpath=./ancestor::button")
[Worker-1] 
[Worker-1] Intento 2: Page.click: Timeout 1000ms exceeded.
[Worker-1] Call log:
[Worker-1] - waiting for locator("button[class*='close']").locator("svg").locator("xpath=./ancestor::button")
[Worker-1] 
[Worker-5] URLs restantes en urls_autos_diarios: 8 | Procesadas en sesin: 15
[Worker-5] URL obtenida y bloqueada desde urls_autos_diarios: https://neoauto.com/auto/usado/chevrolet-cruze-2013-1863540
[Worker-5] 
[Worker-5] Iniciando extraccin para: https://neoauto.com/auto/usado/chevrolet-cruze-2013-1863540
[Worker-5] Iniciando navegacin...
[Worker-5] Marca extrada: 'chevrolet'
[Worker-5] Camino elegido (4 pasos).
[Worker-5] Paso 1/4: Pgina Principal...
[Worker-4] Intento 3: Popup no encontrado
[Worker-5] Navegacin rpida (sin acciones)
[Worker-5] Paso 2/4: Categora 'Usados'...
[Worker-5] Navegacin rpida (sin acciones)
[Worker-5] Paso 3/4: Filtro por Marca 'CHEVROLET'...
[Worker-4] No se pudo cerrar el popup de satisfaccin
[Worker-4] Popups manejados POST-scroll
[Worker-4] Scroll adicional de confirmacin...
[Worker-2] No apareci popup de cookies
[Worker-2] Intento 1: Page.click: Timeout 1000ms exceeded.
[Worker-2] Call log:
[Worker-2] - waiting for locator("button[class*='close']").locator("svg").locator("xpath=./ancestor::button")
[Worker-2] 
[Worker-5] Navegacin rpida (sin acciones)
[Worker-5] Paso 4/4: URL Final...
[Worker-6] Intento 1: Popup no encontrado
[Worker-3] No apareci popup de cookies
[Worker-5] Scroll INICIAL para activar contenido...
[Worker-4] Ttulo: Nissan Sentra 2016
[Worker-4] Precio: S/ nan
[Worker-4] Kilometraje: inf km
[Worker-4] Ubicacin: Arranca tu ao sobre ruedas!
[Worker-4] Sbete a tu prximo seminuevo, el auto que mereces.
[Worker-4] Arranca tu ao sobre ruedas!
[Worker-4] Sbete a tu prximo seminuevo, el auto que mereces.
[Worker-4] Arranca tu ao sobre ruedas!
[Worker-4] Sbete a tu prximo seminuevo, el auto que mereces.
[Worker-4] Arranca tu ao sobre ruedas!
[Worker-4] Sbete a tu prximo seminuevo, el auto que mereces.
[Worker-4] Iniciar sesin
[Worker-4] Quiero vender
[Worker-4] Comprar
[Worker-4] Quiero vender
[Worker-4] Financiamiento
[Worker-4] Alquilar
[Worker-4] Nuevo
[Worker-4] Seguros
[Worker-4] Eventos
[Worker-4] Publicidad
[Worker-4] Autos usados
[Worker-4] Nissan
[Worker-4] Sentra
[Worker-4] Nissan Sentra 2016
[Worker-4] Los Olivos, Lima, Lima
[Worker-4] Publicado hoy
[Worker-4] 23 vistas
[Worker-4] Reportar aviso
[Worker-4] Compartir
[Worker-4] Marcar como favorito
[Worker-4] Nissan Sentra 2016
[Worker-4] Reportar aviso
[Worker-4] Compartir
[Worker-4] Marcar como favorito
[Worker-4] Ao modelo
[Worker-4] 2016
[Worker-4] Kilometraje
[Worker-4] 10,000 km
[Worker-4] Transmisin
[Worker-4] Mecnica
[Worker-4] Descripcin
[Worker-4] Auto en excelente estado, nico dueo, Full equipo, lunas y pestillos elctricos, poco recorrido de kilometraje, todos los mantenimientos en el concesionario de la marca, se vende por viaje.
[Worker-4] Te recomendamos:
[Worker-4] 
[Worker-4] Te toca renovar tu SOAT?
[Worker-4] 
[Worker-4] Verifica el estado de tu SOAT aqu y evita multas.
[Worker-4] 
[Worker-4] Consultar SOAT
[Worker-4] 
[Worker-4] Alquila autos con Kinto Share
[Worker-4] 
[Worker-4] Que nada frene tus aventuras. Seguro,flexible y con garantia.
[Worker-4] 
[Worker-4] Ver ms
[Worker-4] 
[Worker-4] Blog & Noticias
[Worker-4] 
[Worker-4] Entrate de las ltimas novedades del sector automotriz.
[Worker-4] 
[Worker-4] Ver ms
[Worker-4] Especificaciones tcnicas
[Worker-4] Caractersticas
[Worker-4] Marca
[Worker-4] Nissan
[Worker-4] Modelo
[Worker-4] SENTRA
[Worker-4] Ao de fabricacin
[Worker-4] 2016
[Worker-4] Categora
[Worker-4] Sedn
[Worker-4] Combustible
[Worker-4] Dual
[Worker-4] Precios y costos
[Worker-4] 
[Worker-4] An no tenemos suficiente informacin para determinar un rango de precio para este vehculo.
[Worker-4] 
[Worker-4] Excelente
[Worker-4] Competitivo
[Worker-4] Premium
[Worker-4] 
[Worker-4] (*) Precio referencial
[Worker-4] 
[Worker-4] Cmo se calcula este rango?
[Worker-4] 
[Worker-4] Te toca renovar tu SOAT?
[Worker-4] 
[Worker-4] Verifica el estado de tu SOAT aqu y evita multas.
[Worker-4] 
[Worker-4] Consultar SOAT
[Worker-4] Precio
[Worker-4] US$8,000
[Worker-4] Dscto. por adquirir el Crdito Vehicular
[Worker-4] -US$1,000*
[Worker-4] *Aplica si financias tu auto con Santander Consumer
[Worker-4] Contctate con el anunciante
[Worker-4] Jorge Bazalar Watson
[Worker-4] 978 851...
[Worker-4] Ms informacin
[Worker-4] Beneficios adicionales para ti:
[Worker-4] La mejor opcin
[Worker-4] Financia tu auto con Santander Consumer
[Worker-4] 
[Worker-4] Paga desde:
[Worker-4] US$7,000 o
[Worker-4] US$672/mes*
[Worker-4] Simular crdito
[Worker-4] 
[Worker-4] (*) Cuota mensual referencial. Calculada a 12 meses, 20% de inicial y TEA de 20.99%. No incluye seguro vehicular.
[Worker-4] 
[Worker-4] Solicita tu Prstamo Personal hasta de S/45,000
[Worker-4] Me interesa
[Worker-4] Vehculos similares
[Worker-4] Ver todos los vehculos
[Worker-4] Toyota Avensis 2017
[Worker-4] 83,000km
[Worker-4] 2.0 A/T
[Worker-4] Automtica - Se...
[Worker-4] Gasolina
[Worker-4] Precio
[Worker-4] US$14,800
[Worker-4] Con Crdito Vehicular
[Worker-4] US$1,224/mes
[Worker-4] Ver detalle
[Worker-4] Vehculo de: Brian Morris
[Worker-4] Audi A3 Sedan 2015
[Worker-4] 58,000km
[Worker-4] 1.2 TFSI ATTRAC...
[Worker-4] Automtica - Se...
[Worker-4] Gasolina
[Worker-4] Precio
[Worker-4] US$13,750
[Worker-4] Con Crdito Vehicular
[Worker-4] US$12,750
[Worker-4] Ver detalle
[Worker-4] Vehculo de: JUAN ESCUD
[Worker-4] Toyota Corolla 2015
[Worker-4] 75,000km
[Worker-4] Automtica
[Worker-4] Gasolina
[Worker-4] Precio
[Worker-4] US$13,000
[Worker-4] Con Crdito Vehicular
[Worker-4] US$12,000
[Worker-4] Ver detalle
[Worker-4] Vehculo de: Walter Carhuas
[Worker-4] Unico Dueo
[Worker-4] Subaru Impreza Sport 2014
[Worker-4] 95,000km
[Worker-4] AWD 2.0
[Worker-4] Automtica - Se...
[Worker-4] Gasolina
[Worker-4] Precio
[Worker-4] US$10,500
[Worker-4] Con Crdito Vehicular
[Worker-4] US$875/mes
[Worker-4] Ver detalle
[Worker-4] Vehculo de: Eduardo Yrigoyen Cook
[Worker-4] Bmw 318i 2017
[Worker-4] 73,000km
[Worker-4] Automtica - Se...
[Worker-4] Gasolina
[Worker-4] Precio
[Worker-4] US$16,900
[Worker-4] Con Crdito Vehicular
[Worker-4] US$15,900
[Worker-4] Ver detalle
[Worker-4] Vehculo de: Javier Ruiz
[Worker-4] Mercedes Benz 200 2008
[Worker-4] 123,000km
[Worker-4] Automtica - Se...
[Worker-4] Gasolina
[Worker-4] Precio
[Worker-4] US$8,900
[Worker-4] Ver detalle
[Worker-4] Vehculo de: Andry Uribe Gaona
[Worker-4] Subaru Impreza 2014
[Worker-4] 119,000km
[Worker-4] Automtica - Se...
[Worker-4] Gasolina
[Worker-4] Precio
[Worker-4] US$10,200
[Worker-4] Con Crdito Vehicular
[Worker-4] US$850/mes
[Worker-4] Ver detalle
[Worker-4] Vehculo de: Miguel Martnez Almeyda
[Worker-4] Volkswagen Virtus 2022
[Worker-4] 7,850km
[Worker-4] Mecnica
[Worker-4] Gasolina-Hbrid...
[Worker-4] Precio
[Worker-4] US$15,300
[Worker-4] Con Crdito Vehicular
[Worker-4] US$14,300
[Worker-4] Ver detalle
[Worker-4] Vehculo de: Johanna Reyes Mlaga
[Worker-4] Seminuevos
[Worker-4] Autos
[Worker-4] Motos
[Worker-4] Camiones
[Worker-4] Usados
[Worker-4] Autos
[Worker-4] Motos
[Worker-4] Camiones
[Worker-4] Nuevos
[Worker-4] Autos
[Worker-4] Camiones
[Worker-4] Ayuda
[Worker-4] Trminos y condiciones
[Worker-4] Polticas de publicacin
[Worker-4] Cmo protegemos tus datos?
[Worker-4] Legales
[Worker-4] Sobre NeoAuto
[Worker-4] Noticias
[Worker-4] Tips y guas
[Worker-4] Ayuda en lnea
[Worker-4] 2024 NeoAuto Inc. Todos los derechos reservados
[Worker-4] Sguenos
[Worker-4] Descripcin: {"@context":"https://schema.org","@graph":[{"@type":"Organization","@id":"https://neoauto.com/#organ...
[Worker-4] nico dueo: S
[Worker-4] Datos guardados en: /home/richgutz/Scraper-Neoauto-ANTIGRAVITY/extractores/results_txt/diario_result_20260126_215950_ec184b.txt
[Worker-3] Intento 1: Page.click: Timeout 1000ms exceeded.
[Worker-3] Call log:
[Worker-3] - waiting for locator("button[class*='close']").locator("svg").locator("xpath=./ancestor::button")
[Worker-3] 
[Worker-2] Intento 2: Page.click: Timeout 1000ms exceeded.
[Worker-2] Call log:
[Worker-2] - waiting for locator("button[class*='close']").locator("svg").locator("xpath=./ancestor::button")
[Worker-2] 
[Worker-3] Intento 2: Page.click: Timeout 1000ms exceeded.
[Worker-3] Call log:
[Worker-3] - waiting for locator("button[class*='close']").locator("svg").locator("xpath=./ancestor::button")
[Worker-3] 
[Worker-4] URLs restantes en urls_autos_diarios: 7 | Procesadas en sesin: 15
[Worker-6] Intento 2: Popup no encontrado
[Worker-4] URL obtenida y bloqueada desde urls_autos_diarios: https://neoauto.com/auto/usado/chevrolet-onix-2021-1863545
[Worker-4] 
[Worker-4] Iniciando extraccin para: https://neoauto.com/auto/usado/chevrolet-onix-2021-1863545
[Worker-4] Iniciando navegacin...
[Worker-4] Marca extrada: 'chevrolet'
[Worker-4] Camino elegido (4 pasos).
[Worker-4] Paso 1/4: Pgina Principal...
[Worker-4] Navegacin rpida (sin acciones)
[Worker-4] Paso 2/4: Categora 'Usados'...
[Worker-4] Navegacin rpida (sin acciones)
[Worker-4] Paso 3/4: Filtro por Marca 'CHEVROLET'...
[Worker-4] Navegacin rpida (sin acciones)
[Worker-4] Paso 4/4: URL Final...
[Worker-4] Scroll INICIAL para activar contenido...
[Worker-6] Intento 3: Popup no encontrado
[Worker-6] No se pudo cerrar el popup de satisfaccin
[Worker-6] Popups manejados POST-scroll
[Worker-6] Scroll adicional de confirmacin...
[Worker-5] No apareci popup de cookies
[Worker-5] Intento 1: Page.click: Timeout 1000ms exceeded.
[Worker-5] Call log:
[Worker-5] - waiting for locator("button[class*='close']").locator("svg").locator("xpath=./ancestor::button")
[Worker-5] 
[Worker-6] Ttulo: Nissan Kicks 2025
[Worker-6] Precio: S/ nan
[Worker-6] Kilometraje: inf km
[Worker-6] Ubicacin: Arranca tu ao sobre ruedas!
[Worker-6] Sbete a tu prximo seminuevo, el auto que mereces.
[Worker-6] Arranca tu ao sobre ruedas!
[Worker-6] Sbete a tu prximo seminuevo, el auto que mereces.
[Worker-6] Arranca tu ao sobre ruedas!
[Worker-6] Sbete a tu prximo seminuevo, el auto que mereces.
[Worker-6] Arranca tu ao sobre ruedas!
[Worker-6] Sbete a tu prximo seminuevo, el auto que mereces.
[Worker-6] Iniciar sesin
[Worker-6] Quiero vender
[Worker-6] Comprar
[Worker-6] Quiero vender
[Worker-6] Financiamiento
[Worker-6] Alquilar
[Worker-6] Nuevo
[Worker-6] Seguros
[Worker-6] Eventos
[Worker-6] Publicidad
[Worker-6] Autos usados
[Worker-6] Nissan
[Worker-6] Kicks
[Worker-6] Nissan Kicks 2025
[Worker-6] Santiago de Surco, Lima, Lima
[Worker-6] Publicado hoy
[Worker-6] 11 vistas
[Worker-6] Reportar aviso
[Worker-6] Compartir
[Worker-6] Marcar como favorito
[Worker-6] Nissan Kicks 2025
[Worker-6] Reportar aviso
[Worker-6] Compartir
[Worker-6] Marcar como favorito
[Worker-6] Ao modelo
[Worker-6] 2025
[Worker-6] Kilometraje
[Worker-6] 11,000 km
[Worker-6] Transmisin
[Worker-6] Automtica
[Worker-6] Descripcin
[Worker-6] Auto en excelente estado, nico dueo, Full equipo, lunas y pestillos elctricos, poco recorrido de kilometraje, todos los mantenimientos en el concesionario de la marca, se vende por viaje.
[Worker-6] Te recomendamos:
[Worker-6] 
[Worker-6] Te toca renovar tu SOAT?
[Worker-6] 
[Worker-6] Verifica el estado de tu SOAT aqu y evita multas.
[Worker-6] 
[Worker-6] Consultar SOAT
[Worker-6] 
[Worker-6] Alquila autos con Kinto Share
[Worker-6] 
[Worker-6] Que nada frene tus aventuras. Seguro,flexible y con garantia.
[Worker-6] 
[Worker-6] Ver ms
[Worker-6] 
[Worker-6] Blog & Noticias
[Worker-6] 
[Worker-6] Entrate de las ltimas novedades del sector automotriz.
[Worker-6] 
[Worker-6] Ver ms
[Worker-6] Especificaciones tcnicas
[Worker-6] Caractersticas
[Worker-6] Marca
[Worker-6] Nissan
[Worker-6] Modelo
[Worker-6] KICKS
[Worker-6] Ao de fabricacin
[Worker-6] 2025
[Worker-6] Categora
[Worker-6] Camioneta
[Worker-6] Combustible
[Worker-6] Gasolina
[Worker-6] Precios y costos
[Worker-6] 
[Worker-6] An no tenemos suficiente informacin para determinar un rango de precio para este vehculo.
[Worker-6] 
[Worker-6] Excelente
[Worker-6] Competitivo
[Worker-6] Premium
[Worker-6] 
[Worker-6] (*) Precio referencial
[Worker-6] 
[Worker-6] Cmo se calcula este rango?
[Worker-6] 
[Worker-6] Te toca renovar tu SOAT?
[Worker-6] 
[Worker-6] Verifica el estado de tu SOAT aqu y evita multas.
[Worker-6] 
[Worker-6] Consultar SOAT
[Worker-6] Precio
[Worker-6] US$17,600
[Worker-6] Dscto. por adquirir el Crdito Vehicular
[Worker-6] -US$1,000*
[Worker-6] *Aplica si financias tu auto con Santander Consumer
[Worker-6] Contctate con el anunciante
[Worker-6] Elizabeth Hummel Grados
[Worker-6] 955 132...
[Worker-6] Ms informacin
[Worker-6] Beneficios adicionales para ti:
[Worker-6] La mejor opcin
[Worker-6] Financia tu auto con Santander Consumer
[Worker-6] 
[Worker-6] Paga desde:
[Worker-6] US$16,600 o
[Worker-6] US$476/mes*
[Worker-6] Simular crdito
[Worker-6] 
[Worker-6] (*) Cuota mensual referencial. Calculada a 60 meses, 20% de inicial y TEA de 20.99%. No incluye seguro vehicular.
[Worker-6] 
[Worker-6] Solicita tu Prstamo Personal hasta de S/45,000
[Worker-6] Me interesa
[Worker-6] Vehculos similares
[Worker-6] Ver todos los vehculos
[Worker-6] Auto verificado
[Worker-6] Unico Dueo
[Worker-6] Nissan Pathfinder 2015
[Worker-6] 175,000km
[Worker-6] EXCLUSIVE CVT
[Worker-6] Automtica
[Worker-6] Gasolina
[Worker-6] Precio
[Worker-6] US$15,000
[Worker-6] Ver detalle
[Worker-6] Vehculo de: AVIBIOL SAC
[Worker-6] Premium
[Worker-6] Nissan Pathfinder 2012
[Worker-6] 210,000km
[Worker-6] Automtica - Se...
[Worker-6] Diesel
[Worker-6] Precio
[Worker-6] US$15,900
[Worker-6] Ver detalle
[Worker-6] Vehculo de: CARLES MANUEL FARFAN NAVARRO
[Worker-6] Premium
[Worker-6] Nissan Pathfinder 2005
[Worker-6] 350,000km
[Worker-6] SE LUX 3.5
[Worker-6] Automtica
[Worker-6] Gas GLP
[Worker-6] Precio
[Worker-6] US$7,500
[Worker-6] Ver detalle
[Worker-6] Vehculo de: Alfredo Ponte Palma
[Worker-6] Nissan Qashqai 2025
[Worker-6] 21,000km
[Worker-6] SENSE 4X2
[Worker-6] Mecnica
[Worker-6] Gasolina
[Worker-6] Precio
[Worker-6] US$25,700
[Worker-6] Con Crdito Vehicular
[Worker-6] US$691/mes
[Worker-6] Ver detalle
[Worker-6] Vehculo de: Cristhian Campos
[Worker-6] Como nuevo
[Worker-6] Nissan Qashqai 2021
[Worker-6] 97,000km
[Worker-6] ADVANCE MODELO ...
[Worker-6] Automtica - Se...
[Worker-6] Gasolina
[Worker-6] Precio
[Worker-6] US$19,000
[Worker-6] Con Crdito Vehicular
[Worker-6] US$18,000
[Worker-6] Ver detalle
[Worker-6] Vehculo de: Dwight Guillermo Garca Lizrraga
[Worker-6] Como nuevo
[Worker-6] Haval All New H6 2023
[Worker-6] 18,000km
[Worker-6] AT SUPREME 4X4
[Worker-6] Automtica - Se...
[Worker-6] Gasolina
[Worker-6] Precio
[Worker-6] US$20,000
[Worker-6] Con Crdito Vehicular
[Worker-6] US$540/mes
[Worker-6] Ver detalle
[Worker-6] Vehculo de: EYNER MALAVER CACERES
[Worker-6] Unico Dueo
[Worker-6] Honda Pilot 2022
[Worker-6] 61,000km
[Worker-6] TOURING
[Worker-6] Automtica - Se...
[Worker-6] Gasolina
[Worker-6] Precio
[Worker-6] US$35,000
[Worker-6] Con Crdito Vehicular
[Worker-6] US$34,000
[Worker-6] Ver detalle
[Worker-6] Vehculo de: Dante felices yupa
[Worker-6] Subaru Outback 2016
[Worker-6] 99,860km
[Worker-6] 2.5I-S AWD CVT ...
[Worker-6] Automtica - Se...
[Worker-6] Gasolina
[Worker-6] Precio
[Worker-6] US$17,000
[Worker-6] Con Crdito Vehicular
[Worker-6] US$16,000
[Worker-6] Ver detalle
[Worker-6] Vehculo de: MIGUEL ANGEL VALLES
[Worker-6] Seminuevos
[Worker-6] Autos
[Worker-6] Motos
[Worker-6] Camiones
[Worker-6] Usados
[Worker-6] Autos
[Worker-6] Motos
[Worker-6] Camiones
[Worker-6] Nuevos
[Worker-6] Autos
[Worker-6] Camiones
[Worker-6] Ayuda
[Worker-6] Trminos y condiciones
[Worker-6] Polticas de publicacin
[Worker-6] Cmo protegemos tus datos?
[Worker-6] Legales
[Worker-6] Sobre NeoAuto
[Worker-6] Noticias
[Worker-6] Tips y guas
[Worker-6] Ayuda en lnea
[Worker-6] 2024 NeoAuto Inc. Todos los derechos reservados
[Worker-6] Sguenos
[Worker-6] Descripcin: {"@context":"https://schema.org","@graph":[{"@type":"Organization","@id":"https://neoauto.com/#organ...
[Worker-6] nico dueo: S
[Worker-6] Datos guardados en: /home/richgutz/Scraper-Neoauto-ANTIGRAVITY/extractores/results_txt/diario_result_20260126_220003_93eb53.txt
[Worker-1] Intento 1: Popup no encontrado
[Worker-5] Intento 2: Page.click: Timeout 1000ms exceeded.
[Worker-5] Call log:
[Worker-5] - waiting for locator("button[class*='close']").locator("svg").locator("xpath=./ancestor::button")
[Worker-5] 
[Worker-6] URLs restantes en urls_autos_diarios: 6 | Procesadas en sesin: 15
[Worker-6] URL obtenida y bloqueada desde urls_autos_diarios: https://neoauto.com/auto/usado/nissan-versa-2022-1863565
[Worker-6] 
[Worker-6] Iniciando extraccin para: https://neoauto.com/auto/usado/nissan-versa-2022-1863565
[Worker-6] Iniciando navegacin...
[Worker-6] Marca extrada: 'nissan'
[Worker-6] Camino elegido (4 pasos).
[Worker-6] Paso 1/4: Pgina Principal...
[Worker-6] Navegacin rpida (sin acciones)
[Worker-6] Paso 2/4: Categora 'Usados'...
[Worker-6] Navegacin rpida (sin acciones)
[Worker-6] Paso 3/4: Filtro por Marca 'NISSAN'...
[Worker-6] Navegacin rpida (sin acciones)
[Worker-6] Paso 4/4: URL Final...
[Worker-1] Intento 2: Popup no encontrado
[Worker-6] Scroll INICIAL para activar contenido...
[Worker-4] No apareci popup de cookies
[Worker-2] Intento 1: Popup no encontrado
[Worker-4] Intento 1: Page.click: Timeout 1000ms exceeded.
[Worker-4] Call log:
[Worker-4] - waiting for locator("button[class*='close']").locator("svg").locator("xpath=./ancestor::button")
[Worker-4] 
[Worker-3] Intento 1: Popup no encontrado
[Worker-4] Intento 2: Page.click: Timeout 1000ms exceeded.
[Worker-4] Call log:
[Worker-4] - waiting for locator("button[class*='close']").locator("svg").locator("xpath=./ancestor::button")
[Worker-4] 
[Worker-1] Intento 3: Popup no encontrado
[Worker-1] No se pudo cerrar el popup de satisfaccin
[Worker-1] Popups manejados POST-scroll
[Worker-1] Scroll adicional de confirmacin...
[Worker-2] Intento 2: Popup no encontrado
[Worker-3] Intento 2: Popup no encontrado
[Worker-1] Ttulo: Honda Cr-v 2008
[Worker-1] Precio: S/ nan
[Worker-1] Kilometraje: 3.200200123452008e+304 km
[Worker-1] Ubicacin: Arranca tu ao sobre ruedas!
[Worker-1] Sbete a tu prximo seminuevo, el auto que mereces.
[Worker-1] Arranca tu ao sobre ruedas!
[Worker-1] Sbete a tu prximo seminuevo, el auto que mereces.
[Worker-1] Arranca tu ao sobre ruedas!
[Worker-1] Sbete a tu prximo seminuevo, el auto que mereces.
[Worker-1] Arranca tu ao sobre ruedas!
[Worker-1] Sbete a tu prximo seminuevo, el auto que mereces.
[Worker-1] Iniciar sesin
[Worker-1] Quiero vender
[Worker-1] Comprar
[Worker-1] Quiero vender
[Worker-1] Financiamiento
[Worker-1] Alquilar
[Worker-1] Nuevo
[Worker-1] Seguros
[Worker-1] Eventos
[Worker-1] Publicidad
[Worker-1] Autos usados
[Worker-1] Honda
[Worker-1] Cr-v
[Worker-1] Honda Cr-v 2008
[Worker-1] Ate, Lima, Lima
[Worker-1] Publicado hoy
[Worker-1] 37 vistas
[Worker-1] Reportar aviso
[Worker-1] Compartir
[Worker-1] Marcar como favorito
[Worker-1] Honda Cr-v 2008
[Worker-1] Reportar aviso
[Worker-1] Compartir
[Worker-1] Marcar como favorito
[Worker-1] Ao modelo
[Worker-1] 2008
[Worker-1] Kilometraje
[Worker-1] 12,720 km
[Worker-1] Transmisin
[Worker-1] Automtica
[Worker-1] Descripcin
[Worker-1] Auto en excelente estado, nico dueo, full equipo, lunas y pestillos elctricos, poco recorrido en kilometraje. Todos los mantenimientos en el concesionario de la marca. Se vende por viaje.
[Worker-1] Te recomendamos:
[Worker-1] 
[Worker-1] Te toca renovar tu SOAT?
[Worker-1] 
[Worker-1] Verifica el estado de tu SOAT aqu y evita multas.
[Worker-1] 
[Worker-1] Consultar SOAT
[Worker-1] 
[Worker-1] Alquila autos con Kinto Share
[Worker-1] 
[Worker-1] Que nada frene tus aventuras. Seguro,flexible y con garantia.
[Worker-1] 
[Worker-1] Ver ms
[Worker-1] 
[Worker-1] Blog & Noticias
[Worker-1] 
[Worker-1] Entrate de las ltimas novedades del sector automotriz.
[Worker-1] 
[Worker-1] Ver ms
[Worker-1] Especificaciones tcnicas
[Worker-1] Caractersticas
[Worker-1] Marca
[Worker-1] Honda
[Worker-1] Modelo
[Worker-1] CR-V
[Worker-1] Ao de fabricacin
[Worker-1] 2008
[Worker-1] Categora
[Worker-1] Camioneta
[Worker-1] Combustible
[Worker-1] Dual
[Worker-1] Precios y costos
[Worker-1] 
[Worker-1] An no tenemos suficiente informacin para determinar un rango de precio para este vehculo.
[Worker-1] 
[Worker-1] Excelente
[Worker-1] Competitivo
[Worker-1] Premium
[Worker-1] 
[Worker-1] (*) Precio referencial
[Worker-1] 
[Worker-1] Cmo se calcula este rango?
[Worker-1] 
[Worker-1] Te toca renovar tu SOAT?
[Worker-1] 
[Worker-1] Verifica el estado de tu SOAT aqu y evita multas.
[Worker-1] 
[Worker-1] Consultar SOAT
[Worker-1] Precio
[Worker-1] US$8,500
[Worker-1] Contctate con el anunciante
[Worker-1] Miguel Avelino
[Worker-1] 979 295...
[Worker-1] Ms informacin
[Worker-1] Beneficios adicionales para ti:
[Worker-1] Solicita tu Prstamo Personal hasta de S/45,000
[Worker-1] Me interesa
[Worker-1] Vehculos similares
[Worker-1] Ver todos los vehculos
[Worker-1] Honda Cr-V 2023
[Worker-1] 44,000km
[Worker-1] EXL
[Worker-1] Automtica
[Worker-1] Gasolina
[Worker-1] Precio
[Worker-1] US$36,300
[Worker-1] Con Crdito Vehicular
[Worker-1] US$35,300
[Worker-1] Ver detalle
[Worker-1] Vehculo de: EDWARD ZEGARRA
[Worker-1] De lujo
[Worker-1] Honda Cr-V 2019
[Worker-1] 62,000km
[Worker-1] EXL-T 4X4 AT
[Worker-1] Automtica
[Worker-1] Gasolina
[Worker-1] Precio
[Worker-1] US$23,000
[Worker-1] Con Crdito Vehicular
[Worker-1] US$22,000
[Worker-1] Ver detalle
[Worker-1] Vehculo de: Luis Pretell
[Worker-1] Honda Hrv 2022
[Worker-1] 17,500km
[Worker-1] Automtica
[Worker-1] Gasolina
[Worker-1] Precio
[Worker-1] US$20,500
[Worker-1] Con Crdito Vehicular
[Worker-1] US$553/mes
[Worker-1] Ver detalle
[Worker-1] Vehculo de: Julie Vergara Sols
[Worker-1] Honda Wr-V 2019
[Worker-1] 40,300km
[Worker-1] Mecnica
[Worker-1] Gasolina
[Worker-1] Precio
[Worker-1] US$14,000
[Worker-1] Con Crdito Vehicular
[Worker-1] US$507/mes
[Worker-1] Ver detalle
[Worker-1] Vehculo de: Heydin Retegui
[Worker-1] Unico Dueo
[Worker-1] Honda Pilot 2022
[Worker-1] 61,000km
[Worker-1] TOURING
[Worker-1] Automtica - Se...
[Worker-1] Gasolina
[Worker-1] Precio
[Worker-1] US$35,000
[Worker-1] Con Crdito Vehicular
[Worker-1] US$34,000
[Worker-1] Ver detalle
[Worker-1] Vehculo de: Dante felices yupa
[Worker-1] Unico Dueo
[Worker-1] Honda Hrv 2019
[Worker-1] 45,500km
[Worker-1] MT
[Worker-1] Mecnica
[Worker-1] Gasolina
[Worker-1] Precio
[Worker-1] US$18,000
[Worker-1] Con Crdito Vehicular
[Worker-1] US$17,000
[Worker-1] Ver detalle
[Worker-1] Vehculo de: Karen Garcia
[Worker-1] Honda Wr-V 2019
[Worker-1] 79,982km
[Worker-1] EX CVT
[Worker-1] Mecnica
[Worker-1] Gasolina
[Worker-1] Precio
[Worker-1] US$13,500
[Worker-1] Con Crdito Vehicular
[Worker-1] US$12,500
[Worker-1] Ver detalle
[Worker-1] Vehculo de: pedro bloombergg
[Worker-1] Auto verificado
[Worker-1] Premium
[Worker-1] Honda Wr-V 2018
[Worker-1] 83,000km
[Worker-1] EX CVT
[Worker-1] Automtica
[Worker-1] Gasolina
[Worker-1] Precio
[Worker-1] US$11,900
[Worker-1] Con Crdito Vehicular
[Worker-1] US$10,900
[Worker-1] Ver detalle
[Worker-1] Vehculo de: Magda Llaja Lpez
[Worker-1] Seminuevos
[Worker-1] Autos
[Worker-1] Motos
[Worker-1] Camiones
[Worker-1] Usados
[Worker-1] Autos
[Worker-1] Motos
[Worker-1] Camiones
[Worker-1] Nuevos
[Worker-1] Autos
[Worker-1] Camiones
[Worker-1] Ayuda
[Worker-1] Trminos y condiciones
[Worker-1] Polticas de publicacin
[Worker-1] Cmo protegemos tus datos?
[Worker-1] Legales
[Worker-1] Sobre NeoAuto
[Worker-1] Noticias
[Worker-1] Tips y guas
[Worker-1] Ayuda en lnea
[Worker-1] 2024 NeoAuto Inc. Todos los derechos reservados
[Worker-1] Sguenos
[Worker-1] Descripcin: {"@context":"https://schema.org","@graph":[{"@type":"Organization","@id":"https://neoauto.com/#organ...
[Worker-1] nico dueo: S
[Worker-1] Datos guardados en: /home/richgutz/Scraper-Neoauto-ANTIGRAVITY/extractores/results_txt/diario_result_20260126_220017_4b0495.txt
[Worker-2] Intento 3: Popup no encontrado
[Worker-6] No apareci popup de cookies
[Worker-2] No se pudo cerrar el popup de satisfaccin
[Worker-2] Popups manejados POST-scroll
[Worker-2] Scroll adicional de confirmacin...
[Worker-1] URLs restantes en urls_autos_diarios: 5 | Procesadas en sesin: 15
[Worker-1] URL obtenida y bloqueada desde urls_autos_diarios: https://neoauto.com/auto/usado/toyota-corolla-2015-1863574
[Worker-1] 
[Worker-1] Iniciando extraccin para: https://neoauto.com/auto/usado/toyota-corolla-2015-1863574
[Worker-1] Iniciando navegacin...
[Worker-1] Marca extrada: 'toyota'
[Worker-1] Camino elegido (4 pasos).
[Worker-1] Paso 1/4: Pgina Principal...
[Worker-6] Intento 1: Page.click: Timeout 1000ms exceeded.
[Worker-6] Call log:
[Worker-6] - waiting for locator("button[class*='close']").locator("svg").locator("xpath=./ancestor::button")
[Worker-6] 
[Worker-3] Intento 3: Popup no encontrado
[Worker-1] Navegacin rpida (sin acciones)
[Worker-1] Paso 2/4: Categora 'Usados'...
[Worker-1] Navegacin rpida (sin acciones)
[Worker-1] Paso 3/4: Filtro por Marca 'TOYOTA'...
[Worker-3] No se pudo cerrar el popup de satisfaccin
[Worker-3] Popups manejados POST-scroll
[Worker-3] Scroll adicional de confirmacin...
[Worker-5] Intento 1: Popup no encontrado
[Worker-2] Ttulo: Toyota 4runner 2018
[Worker-2] Precio: S/ nan
[Worker-2] Kilometraje: inf km
[Worker-2] Ubicacin: Arranca tu ao sobre ruedas!
[Worker-2] Sbete a tu prximo seminuevo, el auto que mereces.
[Worker-2] Arranca tu ao sobre ruedas!
[Worker-2] Sbete a tu prximo seminuevo, el auto que mereces.
[Worker-2] Arranca tu ao sobre ruedas!
[Worker-2] Sbete a tu prximo seminuevo, el auto que mereces.
[Worker-2] Arranca tu ao sobre ruedas!
[Worker-2] Sbete a tu prximo seminuevo, el auto que mereces.
[Worker-2] Iniciar sesin
[Worker-2] Quiero vender
[Worker-2] Comprar
[Worker-2] Quiero vender
[Worker-2] Financiamiento
[Worker-2] Alquilar
[Worker-2] Nuevo
[Worker-2] Seguros
[Worker-2] Eventos
[Worker-2] Publicidad
[Worker-2] Autos usados
[Worker-2] Toyota
[Worker-2] 4runner
[Worker-2] Toyota 4runner 2018
[Worker-2] Santiago de Surco, Lima, Lima
[Worker-2] Publicado hoy
[Worker-2] 9 vistas
[Worker-2] Reportar aviso
[Worker-2] Compartir
[Worker-2] Marcar como favorito
[Worker-2] Toyota 4runner 2018
[Worker-2] Reportar aviso
[Worker-2] Compartir
[Worker-2] Marcar como favorito
[Worker-2] Ao modelo
[Worker-2] 2018
[Worker-2] Kilometraje
[Worker-2] 70,000 km
[Worker-2] Transmisin
[Worker-2] Automtica
[Worker-2] Descripcin
[Worker-2] Auto en excelente estado, nico dueo, Full equipo, lunas y pestillos elctricos, poco recorrido de kilometraje, todos los mantenimientos en el concesionario de la marca, se vende por viaje.
[Worker-2] Te recomendamos:
[Worker-2] 
[Worker-2] Te toca renovar tu SOAT?
[Worker-2] 
[Worker-2] Verifica el estado de tu SOAT aqu y evita multas.
[Worker-2] 
[Worker-2] Consultar SOAT
[Worker-2] 
[Worker-2] Alquila autos con Kinto Share
[Worker-2] 
[Worker-2] Que nada frene tus aventuras. Seguro,flexible y con garantia.
[Worker-2] 
[Worker-2] Ver ms
[Worker-2] 
[Worker-2] Blog & Noticias
[Worker-2] 
[Worker-2] Entrate de las ltimas novedades del sector automotriz.
[Worker-2] 
[Worker-2] Ver ms
[Worker-2] Especificaciones tcnicas
[Worker-2] Caractersticas
[Worker-2] Marca
[Worker-2] Toyota
[Worker-2] Modelo
[Worker-2] 4RUNNER
[Worker-2] Ao de fabricacin
[Worker-2] 2018
[Worker-2] Categora
[Worker-2] Camioneta
[Worker-2] Combustible
[Worker-2] Gasolina
[Worker-2] Precios y costos
[Worker-2] 
[Worker-2] An no tenemos suficiente informacin para determinar un rango de precio para este vehculo.
[Worker-2] 
[Worker-2] Excelente
[Worker-2] Competitivo
[Worker-2] Premium
[Worker-2] 
[Worker-2] (*) Precio referencial
[Worker-2] 
[Worker-2] Cmo se calcula este rango?
[Worker-2] 
[Worker-2] Te toca renovar tu SOAT?
[Worker-2] 
[Worker-2] Verifica el estado de tu SOAT aqu y evita multas.
[Worker-2] 
[Worker-2] Consultar SOAT
[Worker-2] Precio
[Worker-2] US$39,000
[Worker-2] Dscto. por adquirir el Crdito Vehicular
[Worker-2] -US$1,000*
[Worker-2] *Aplica si financias tu auto con Santander Consumer
[Worker-2] Contctate con el anunciante
[Worker-2] Yenson Almeyda
[Worker-2] 998 127...
[Worker-2] Ms informacin
[Worker-2] Beneficios adicionales para ti:
[Worker-2] La mejor opcin
[Worker-2] Financia tu auto con Santander Consumer
[Worker-2] 
[Worker-2] Paga desde:
[Worker-2] US$38,000 o
[Worker-2] US$1,836/mes*
[Worker-2] Simular crdito
[Worker-2] 
[Worker-2] (*) Cuota mensual referencial. Calculada a 24 meses, 20% de inicial y TEA de 20.99%. No incluye seguro vehicular.
[Worker-2] 
[Worker-2] Solicita tu Prstamo Personal hasta de S/45,000
[Worker-2] Me interesa
[Worker-2] Vehculos similares
[Worker-2] Ver todos los vehculos
[Worker-2] Unico Dueo
[Worker-2] Toyota 4runner 2016
[Worker-2] 35,297km
[Worker-2] V6 4.0 A/T LTD
[Worker-2] Automtica - Se...
[Worker-2] Gasolina
[Worker-2] Precio
[Worker-2] US$40,900
[Worker-2] Con Crdito Vehicular
[Worker-2] US$39,900
[Worker-2] Ver detalle
[Worker-2] Vehculo de: Aldo Juan Avila Novoa
[Worker-2] Blindada
[Worker-2] Toyota 4runner 2010
[Worker-2] 180,000km
[Worker-2] V6 4.0 A/T SR5
[Worker-2] Automtica
[Worker-2] Gasolina
[Worker-2] Precio
[Worker-2] US$35,000
[Worker-2] Ver detalle
[Worker-2] Vehculo de: Antonella Zecchinato Sindelar
[Worker-2] Toyota Land Cruiser Prado 2018
[Worker-2] 83,000km
[Worker-2] 4.0 TX-L MT
[Worker-2] Mecnica
[Worker-2] Gasolina
[Worker-2] Precio
[Worker-2] US$38,000
[Worker-2] Con Crdito Vehicular
[Worker-2] US$37,000
[Worker-2] Ver detalle
[Worker-2] Vehculo de: Norman Corazao rozas
[Worker-2] Premium
[Worker-2] Toyota Land Cruiser Prado 2022
[Worker-2] 36,000km
[Worker-2] 4.0 TX-L AT
[Worker-2] Automtica - Se...
[Worker-2] Gasolina
[Worker-2] Precio
[Worker-2] US$58,000
[Worker-2] Con Crdito Vehicular
[Worker-2] US$57,000
[Worker-2] Ver detalle
[Worker-2] Vehculo de: Yanira lvarez varas
[Worker-2] Unico Dueo
[Worker-2] Toyota Corolla Cross 2023
[Worker-2] 61,000km
[Worker-2] D-LUX
[Worker-2] Automtica
[Worker-2] Gasolina-Hbrid...
[Worker-2] Precio
[Worker-2] US$22,500
[Worker-2] Con Crdito Vehicular
[Worker-2] US$606/mes
[Worker-2] Ver detalle
[Worker-2] Vehculo de: Milton Ikeda
[Worker-2] Uso dama
[Worker-2] Toyota Land Cruiser Prado 2014
[Worker-2] 78,700km
[Worker-2] 2.7 TX-L AT
[Worker-2] Automtica
[Worker-2] Gasolina
[Worker-2] Precio
[Worker-2] US$26,000
[Worker-2] Con Crdito Vehicular
[Worker-2] US$25,000
[Worker-2] Ver detalle
[Worker-2] Vehculo de: SN SN
[Worker-2] Como nuevo
[Worker-2] Toyota Land Cruiser 2013
[Worker-2] 160,000km
[Worker-2] Mecnica
[Worker-2] Diesel
[Worker-2] Precio
[Worker-2] US$29,900
[Worker-2] Ver detalle
[Worker-2] Vehculo de: Matias Vargas PAstor
[Worker-2] Honda Wr-V 2019
[Worker-2] 79,982km
[Worker-2] EX CVT
[Worker-2] Mecnica
[Worker-2] Gasolina
[Worker-2] Precio
[Worker-2] US$13,500
[Worker-2] Con Crdito Vehicular
[Worker-2] US$12,500
[Worker-2] Ver detalle
[Worker-2] Vehculo de: pedro bloombergg
[Worker-2] Seminuevos
[Worker-2] Autos
[Worker-2] Motos
[Worker-2] Camiones
[Worker-2] Usados
[Worker-2] Autos
[Worker-2] Motos
[Worker-2] Camiones
[Worker-2] Nuevos
[Worker-2] Autos
[Worker-2] Camiones
[Worker-2] Ayuda
[Worker-2] Trminos y condiciones
[Worker-2] Polticas de publicacin
[Worker-2] Cmo protegemos tus datos?
[Worker-2] Legales
[Worker-2] Sobre NeoAuto
[Worker-2] Noticias
[Worker-2] Tips y guas
[Worker-2] Ayuda en lnea
[Worker-2] 2024 NeoAuto Inc. Todos los derechos reservados
[Worker-2] Sguenos
[Worker-2] Descripcin: {"@context":"https://schema.org","@graph":[{"@type":"Organization","@id":"https://neoauto.com/#organ...
[Worker-2] nico dueo: S
[Worker-2] Datos guardados en: /home/richgutz/Scraper-Neoauto-ANTIGRAVITY/extractores/results_txt/diario_result_20260126_220023_d81108.txt
[Worker-6] Intento 2: Page.click: Timeout 1000ms exceeded.
[Worker-6] Call log:
[Worker-6] - waiting for locator("button[class*='close']").locator("svg").locator("xpath=./ancestor::button")
[Worker-6] 
[Worker-1] Navegacin rpida (sin acciones)
[Worker-1] Paso 4/4: URL Final...
[Worker-1] Scroll INICIAL para activar contenido...
[Worker-3] Ttulo: Nissan Versa 2015
[Worker-3] Precio: S/ nan
[Worker-3] Kilometraje: 3.200200123452015e+298 km
[Worker-3] Ubicacin: Arranca tu ao sobre ruedas!
[Worker-3] Sbete a tu prximo seminuevo, el auto que mereces.
[Worker-3] Arranca tu ao sobre ruedas!
[Worker-3] Sbete a tu prximo seminuevo, el auto que mereces.
[Worker-3] Arranca tu ao sobre ruedas!
[Worker-3] Sbete a tu prximo seminuevo, el auto que mereces.
[Worker-3] Arranca tu ao sobre ruedas!
[Worker-3] Sbete a tu prximo seminuevo, el auto que mereces.
[Worker-3] Iniciar sesin
[Worker-3] Quiero vender
[Worker-3] Comprar
[Worker-3] Quiero vender
[Worker-3] Financiamiento
[Worker-3] Alquilar
[Worker-3] Nuevo
[Worker-3] Seguros
[Worker-3] Eventos
[Worker-3] Publicidad
[Worker-3] Autos usados
[Worker-3] Nissan
[Worker-3] Versa
[Worker-3] Nissan Versa 2015
[Worker-3] Los Olivos, Lima, Lima
[Worker-3] Publicado hoy
[Worker-3] 11 vistas
[Worker-3] Reportar aviso
[Worker-3] Compartir
[Worker-3] Marcar como favorito
[Worker-3] Nissan Versa 2015
[Worker-3] Reportar aviso
[Worker-3] Compartir
[Worker-3] Marcar como favorito
[Worker-3] Ao modelo
[Worker-3] 2015
[Worker-3] Kilometraje
[Worker-3] 130,000 km
[Worker-3] Transmisin
[Worker-3] Mecnica
[Worker-3] Descripcin
[Worker-3] Auto en excelente estado, nico dueo, full equipo, lunas y pestillos elctricos, poco recorrido en kilometraje. Todos los mantenimientos en el concesionario de la marca. Se vende por viaje.
[Worker-3] Te recomendamos:
[Worker-3] 
[Worker-3] Te toca renovar tu SOAT?
[Worker-3] 
[Worker-3] Verifica el estado de tu SOAT aqu y evita multas.
[Worker-3] 
[Worker-3] Consultar SOAT
[Worker-3] 
[Worker-3] Alquila autos con Kinto Share
[Worker-3] 
[Worker-3] Que nada frene tus aventuras. Seguro,flexible y con garantia.
[Worker-3] 
[Worker-3] Ver ms
[Worker-3] 
[Worker-3] Blog & Noticias
[Worker-3] 
[Worker-3] Entrate de las ltimas novedades del sector automotriz.
[Worker-3] 
[Worker-3] Ver ms
[Worker-3] Especificaciones tcnicas
[Worker-3] Caractersticas
[Worker-3] Marca
[Worker-3] Nissan
[Worker-3] Modelo
[Worker-3] VERSA
[Worker-3] Ao de fabricacin
[Worker-3] 2015
[Worker-3] Categora
[Worker-3] Sedn
[Worker-3] Combustible
[Worker-3] Dual
[Worker-3] Precios y costos
[Worker-3] 
[Worker-3] An no tenemos suficiente informacin para determinar un rango de precio para este vehculo.
[Worker-3] 
[Worker-3] Excelente
[Worker-3] Competitivo
[Worker-3] Premium
[Worker-3] 
[Worker-3] (*) Precio referencial
[Worker-3] 
[Worker-3] Cmo se calcula este rango?
[Worker-3] 
[Worker-3] Te toca renovar tu SOAT?
[Worker-3] 
[Worker-3] Verifica el estado de tu SOAT aqu y evita multas.
[Worker-3] 
[Worker-3] Consultar SOAT
[Worker-3] Precio
[Worker-3] US$8,000
[Worker-3] Contctate con el anunciante
[Worker-3] Luis Leyva
[Worker-3] 987 833...
[Worker-3] Ms informacin
[Worker-3] Beneficios adicionales para ti:
[Worker-3] Solicita tu Prstamo Personal hasta de S/45,000
[Worker-3] Me interesa
[Worker-3] Vehculos similares
[Worker-3] Ver todos los vehculos
[Worker-3] Remato
[Worker-3] Bmw 535-I 2012
[Worker-3] 99,000km
[Worker-3] I
[Worker-3] Automtica
[Worker-3] Gasolina
[Worker-3] Precio
[Worker-3] US$13,900
[Worker-3] Ver detalle
[Worker-3] Vehculo de: Karim Kahatt
[Worker-3] Premium
[Worker-3] Toyota Camry 2008
[Worker-3] 175,000km
[Worker-3] GX 3.5 A/T
[Worker-3] Automtica - Se...
[Worker-3] Gasolina
[Worker-3] Precio
[Worker-3] US$8,171
[Worker-3] Ver detalle
[Worker-3] Vehculo de: Luis Seminario Molina
[Worker-3] Super equipado
[Worker-3] Mazda 6 2009
[Worker-3] 160,000km
[Worker-3] 2.0 AT SPORT
[Worker-3] Automtica - Se...
[Worker-3] Gasolina
[Worker-3] Precio
[Worker-3] US$8,800
[Worker-3] Ver detalle
[Worker-3] Vehculo de: Diego Salvador Goicochea Arevalo
[Worker-3] Unico Dueo
[Worker-3] Kia Soluto 2024
[Worker-3] 34,450km
[Worker-3] LX-PLUS
[Worker-3] Mecnica
[Worker-3] Dual
[Worker-3] Precio
[Worker-3] US$12,000
[Worker-3] Con Crdito Vehicular
[Worker-3] US$328/mes
[Worker-3] Ver detalle
[Worker-3] Vehculo de: LUIS ENRIQUE ARIAS RAMIREZ
[Worker-3] Suzuki Swift 1993
[Worker-3] 80,000km
[Worker-3] SF413NGL
[Worker-3] Mecnica
[Worker-3] Dual
[Worker-3] Precio
[Worker-3] US$2,600
[Worker-3] Ver detalle
[Worker-3] Vehculo de: Valentino Llerena
[Worker-3] Mazda 3 2018
[Worker-3] 61,800km
[Worker-3] Automtica
[Worker-3] Diesel
[Worker-3] Precio
[Worker-3] US$13,500
[Worker-3] Con Crdito Vehicular
[Worker-3] US$12,500
[Worker-3] Ver detalle
[Worker-3] Vehculo de: Cecilia Moscoso
[Worker-3] Audi A3 Sedan 2015
[Worker-3] 58,000km
[Worker-3] 1.2 TFSI ATTRAC...
[Worker-3] Automtica - Se...
[Worker-3] Gasolina
[Worker-3] Precio
[Worker-3] US$13,750
[Worker-3] Con Crdito Vehicular
[Worker-3] US$12,750
[Worker-3] Ver detalle
[Worker-3] Vehculo de: JUAN ESCUD
[Worker-3] Mercedes Benz 200 2008
[Worker-3] 123,000km
[Worker-3] Automtica - Se...
[Worker-3] Gasolina
[Worker-3] Precio
[Worker-3] US$8,900
[Worker-3] Ver detalle
[Worker-3] Vehculo de: Andry Uribe Gaona
[Worker-3] Seminuevos
[Worker-3] Autos
[Worker-3] Motos
[Worker-3] Camiones
[Worker-3] Usados
[Worker-3] Autos
[Worker-3] Motos
[Worker-3] Camiones
[Worker-3] Nuevos
[Worker-3] Autos
[Worker-3] Camiones
[Worker-3] Ayuda
[Worker-3] Trminos y condiciones
[Worker-3] Polticas de publicacin
[Worker-3] Cmo protegemos tus datos?
[Worker-3] Legales
[Worker-3] Sobre NeoAuto
[Worker-3] Noticias
[Worker-3] Tips y guas
[Worker-3] Ayuda en lnea
[Worker-3] 2024 NeoAuto Inc. Todos los derechos reservados
[Worker-3] Sguenos
[Worker-3] Descripcin: {"@context":"https://schema.org","@graph":[{"@type":"Organization","@id":"https://neoauto.com/#organ...
[Worker-3] nico dueo: S
[Worker-3] Datos guardados en: /home/richgutz/Scraper-Neoauto-ANTIGRAVITY/extractores/results_txt/diario_result_20260126_220025_3dddcf.txt
[Worker-2] URLs restantes en urls_autos_diarios: 4 | Procesadas en sesin: 15
[Worker-2] URL obtenida y bloqueada desde urls_autos_diarios: https://neoauto.com/auto/usado/ford-windstar-1998-1863551
[Worker-2] 
[Worker-2] Iniciando extraccin para: https://neoauto.com/auto/usado/ford-windstar-1998-1863551
[Worker-2] Iniciando navegacin...
[Worker-2] Marca extrada: 'ford'
[Worker-2] Camino elegido (4 pasos).
[Worker-2] Paso 1/4: Pgina Principal...
[Worker-2] Navegacin rpida (sin acciones)
[Worker-2] Paso 2/4: Categora 'Usados'...
[Worker-5] Intento 2: Popup no encontrado
[Worker-2] Navegacin rpida (sin acciones)
[Worker-2] Paso 3/4: Filtro por Marca 'FORD'...
[Worker-3] URLs restantes en urls_autos_diarios: 3 | Procesadas en sesin: 15
[Worker-2] Navegacin rpida (sin acciones)
[Worker-2] Paso 4/4: URL Final...
[Worker-3] URL obtenida y bloqueada desde urls_autos_diarios: https://neoauto.com/auto/usado/ford-focus-2018-1863496
[Worker-3] 
[Worker-3] Iniciando extraccin para: https://neoauto.com/auto/usado/ford-focus-2018-1863496
[Worker-3] Iniciando navegacin...
[Worker-3] Marca extrada: 'ford'
[Worker-3] Camino elegido (4 pasos).
[Worker-3] Paso 1/4: Pgina Principal...
[Worker-2] Scroll INICIAL para activar contenido...
[Worker-3] Navegacin rpida (sin acciones)
[Worker-3] Paso 2/4: Categora 'Usados'...
[Worker-4] Intento 1: Popup no encontrado
[Worker-3] Navegacin rpida (sin acciones)
[Worker-3] Paso 3/4: Filtro por Marca 'FORD'...
[Worker-3] Navegacin rpida (sin acciones)
[Worker-3] Paso 4/4: URL Final...
[Worker-5] Intento 3: Popup no encontrado
[Worker-3] Scroll INICIAL para activar contenido...
[Worker-5] No se pudo cerrar el popup de satisfaccin
[Worker-5] Popups manejados POST-scroll
[Worker-5] Scroll adicional de confirmacin...
[Worker-1] No apareci popup de cookies
[Worker-4] Intento 2: Popup no encontrado
[Worker-5] Ttulo: Chevrolet Cruze 2013
[Worker-5] Precio: S/ nan
[Worker-5] Kilometraje: 3.200200123452013e+301 km
[Worker-5] Ubicacin: Arranca tu ao sobre ruedas!
[Worker-5] Sbete a tu prximo seminuevo, el auto que mereces.
[Worker-5] Arranca tu ao sobre ruedas!
[Worker-5] Sbete a tu prximo seminuevo, el auto que mereces.
[Worker-5] Arranca tu ao sobre ruedas!
[Worker-5] Sbete a tu prximo seminuevo, el auto que mereces.
[Worker-5] Arranca tu ao sobre ruedas!
[Worker-5] Sbete a tu prximo seminuevo, el auto que mereces.
[Worker-5] Iniciar sesin
[Worker-5] Quiero vender
[Worker-5] Comprar
[Worker-5] Quiero vender
[Worker-5] Financiamiento
[Worker-5] Alquilar
[Worker-5] Nuevo
[Worker-5] Seguros
[Worker-5] Eventos
[Worker-5] Publicidad
[Worker-5] Autos usados
[Worker-5] Chevrolet
[Worker-5] Cruze
[Worker-5] Chevrolet Cruze 2013
[Worker-5] Pimentel, Chiclayo, Lambayeque
[Worker-5] Publicado hoy
[Worker-5] 7 vistas
[Worker-5] Reportar aviso
[Worker-5] Compartir
[Worker-5] Marcar como favorito
[Worker-5] Chevrolet Cruze 2013
[Worker-5] Reportar aviso
[Worker-5] Compartir
[Worker-5] Marcar como favorito
[Worker-5] Ao modelo
[Worker-5] 2013
[Worker-5] Kilometraje
[Worker-5] 168,000 km
[Worker-5] Transmisin
[Worker-5] Automtica - Secuencial
[Worker-5] Descripcin
[Worker-5] 
[Worker-5] Auto en excelente estado, nico dueo, full equipo, lunas y pestillos elctricos, poco recorrido en kilometraje. Todos los mantenimientos en el concesionario de la marca. Se vende por viaje.
[Worker-5] Te recomendamos:
[Worker-5] 
[Worker-5] Te toca renovar tu SOAT?
[Worker-5] 
[Worker-5] Verifica el estado de tu SOAT aqu y evita multas.
[Worker-5] 
[Worker-5] Consultar SOAT
[Worker-5] 
[Worker-5] Alquila autos con Kinto Share
[Worker-5] 
[Worker-5] Que nada frene tus aventuras. Seguro,flexible y con garantia.
[Worker-5] 
[Worker-5] Ver ms
[Worker-5] 
[Worker-5] Blog & Noticias
[Worker-5] 
[Worker-5] Entrate de las ltimas novedades del sector automotriz.
[Worker-5] 
[Worker-5] Ver ms
[Worker-5] Especificaciones tcnicas
[Worker-5] Caractersticas
[Worker-5] Marca
[Worker-5] Chevrolet
[Worker-5] Modelo
[Worker-5] CRUZE
[Worker-5] Ao de fabricacin
[Worker-5] 2013
[Worker-5] Categora
[Worker-5] Sedn
[Worker-5] Combustible
[Worker-5] Dual
[Worker-5] Precios y costos
[Worker-5] 
[Worker-5] An no tenemos suficiente informacin para determinar un rango de precio para este vehculo.
[Worker-5] 
[Worker-5] Excelente
[Worker-5] Competitivo
[Worker-5] Premium
[Worker-5] 
[Worker-5] (*) Precio referencial
[Worker-5] 
[Worker-5] Cmo se calcula este rango?
[Worker-5] 
[Worker-5] Te toca renovar tu SOAT?
[Worker-5] 
[Worker-5] Verifica el estado de tu SOAT aqu y evita multas.
[Worker-5] 
[Worker-5] Consultar SOAT
[Worker-5] Precio
[Worker-5] US$7,299
[Worker-5] Contctate con el anunciante
[Worker-5] Jhino Saldaa
[Worker-5] 905 504...
[Worker-5] Ms informacin
[Worker-5] Beneficios adicionales para ti:
[Worker-5] Solicita tu Prstamo Personal hasta de S/45,000
[Worker-5] Me interesa
[Worker-5] Vehculos similares
[Worker-5] Ver todos los vehculos
[Worker-5] Suzuki Swift 1993
[Worker-5] 80,000km
[Worker-5] SF413NGL
[Worker-5] Mecnica
[Worker-5] Dual
[Worker-5] Precio
[Worker-5] US$2,600
[Worker-5] Ver detalle
[Worker-5] Vehculo de: Valentino Llerena
[Worker-5] Bmw 318i 2017
[Worker-5] 73,000km
[Worker-5] Automtica - Se...
[Worker-5] Gasolina
[Worker-5] Precio
[Worker-5] US$16,900
[Worker-5] Con Crdito Vehicular
[Worker-5] US$15,900
[Worker-5] Ver detalle
[Worker-5] Vehculo de: Javier Ruiz
[Worker-5] Bmw 320i 2020
[Worker-5] 30,000km
[Worker-5] Automtica - Se...
[Worker-5] Gasolina
[Worker-5] Precio
[Worker-5] US$29,490
[Worker-5] Con Crdito Vehicular
[Worker-5] US$888/mes
[Worker-5] Ver detalle
[Worker-5] Vehculo de: Lucho Jac
[Worker-5] Mazda 2 2021
[Worker-5] 72,000km
[Worker-5] Automtica
[Worker-5] Gasolina
[Worker-5] Precio
[Worker-5] US$13,000
[Worker-5] Con Crdito Vehicular
[Worker-5] US$12,000
[Worker-5] Ver detalle
[Worker-5] Vehculo de: Jorge Andujar
[Worker-5] De lujo
[Worker-5] Jaguar Xj 2017
[Worker-5] 67,000km
[Worker-5] PREMIUM LUXURY
[Worker-5] Automtica
[Worker-5] Gasolina
[Worker-5] Precio
[Worker-5] US$37,500
[Worker-5] Con Crdito Vehicular
[Worker-5] US$36,500
[Worker-5] Ver detalle
[Worker-5] Vehculo de: Diego Sandoval
[Worker-5] Toyota Camry 1994
[Worker-5] 355,540km
[Worker-5] Automtica
[Worker-5] Diesel
[Worker-5] Precio
[Worker-5] US$3,500
[Worker-5] Ver detalle
[Worker-5] Vehculo de: SN SN
[Worker-5] Auto verificado
[Worker-5] Premium
[Worker-5] Volkswagen Jetta 2021
[Worker-5] 55,500km
[Worker-5] Mecnica
[Worker-5] Gasolina
[Worker-5] Precio
[Worker-5] US$16,500
[Worker-5] Con Crdito Vehicular
[Worker-5] US$15,500
[Worker-5] Ver detalle
[Worker-5] Vehculo de: Raisa J
[Worker-5] Premium
[Worker-5] Toyota Camry 2008
[Worker-5] 175,000km
[Worker-5] GX 3.5 A/T
[Worker-5] Automtica - Se...
[Worker-5] Gasolina
[Worker-5] Precio
[Worker-5] US$8,171
[Worker-5] Ver detalle
[Worker-5] Vehculo de: Luis Seminario Molina
[Worker-5] Seminuevos
[Worker-5] Autos
[Worker-5] Motos
[Worker-5] Camiones
[Worker-5] Usados
[Worker-5] Autos
[Worker-5] Motos
[Worker-5] Camiones
[Worker-5] Nuevos
[Worker-5] Autos
[Worker-5] Camiones
[Worker-5] Ayuda
[Worker-5] Trminos y condiciones
[Worker-5] Polticas de publicacin
[Worker-5] Cmo protegemos tus datos?
[Worker-5] Legales
[Worker-5] Sobre NeoAuto
[Worker-5] Noticias
[Worker-5] Tips y guas
[Worker-5] Ayuda en lnea
[Worker-5] 2024 NeoAuto Inc. Todos los derechos reservados
[Worker-5] Sguenos
[Worker-5] Descripcin: {"@context":"https://schema.org","@graph":[{"@type":"Organization","@id":"https://neoauto.com/#organ...
[Worker-5] nico dueo: S
[Worker-5] Datos guardados en: /home/richgutz/Scraper-Neoauto-ANTIGRAVITY/extractores/results_txt/diario_result_20260126_220037_285b78.txt
[Worker-1] Intento 1: Page.click: Timeout 1000ms exceeded.
[Worker-1] Call log:
[Worker-1] - waiting for locator("button[class*='close']").locator("svg").locator("xpath=./ancestor::button")
[Worker-1] 
[Worker-1] Intento 2: Page.click: Timeout 1000ms exceeded.
[Worker-1] Call log:
[Worker-1] - waiting for locator("button[class*='close']").locator("svg").locator("xpath=./ancestor::button")
[Worker-1] 
[Worker-5] URL obtenida y bloqueada desde urls_autos_diarios: https://neoauto.com/auto/usado/hyundai-accent-2019-1863580
[Worker-5] 
[Worker-5] Iniciando extraccin para: https://neoauto.com/auto/usado/hyundai-accent-2019-1863580
[Worker-5] Iniciando navegacin...
[Worker-5] Marca extrada: 'hyundai'
[Worker-5] Camino elegido (4 pasos).
[Worker-5] Paso 1/4: Pgina Principal...
[Worker-4] Intento 3: Popup no encontrado
[Worker-5] Navegacin rpida (sin acciones)
[Worker-5] Paso 2/4: Categora 'Usados'...
[Worker-4] No se pudo cerrar el popup de satisfaccin
[Worker-4] Popups manejados POST-scroll
[Worker-4] Scroll adicional de confirmacin...
[Worker-6] Intento 1: Popup no encontrado
[Worker-5] Navegacin rpida (sin acciones)
[Worker-5] Paso 3/4: Filtro por Marca 'HYUNDAI'...
[Worker-2] No apareci popup de cookies
[Worker-5] Navegacin rpida (sin acciones)
[Worker-5] Paso 4/4: URL Final...
[Worker-2] Intento 1: Page.click: Timeout 1000ms exceeded.
[Worker-2] Call log:
[Worker-2] - waiting for locator("button[class*='close']").locator("svg").locator("xpath=./ancestor::button")
[Worker-2] 
[Worker-4] Ttulo: Chevrolet Onix 2021
[Worker-4] Precio: S/ nan
[Worker-4] Kilometraje: inf km
[Worker-4] Ubicacin: Arranca tu ao sobre ruedas!
[Worker-4] Sbete a tu prximo seminuevo, el auto que mereces.
[Worker-4] Arranca tu ao sobre ruedas!
[Worker-4] Sbete a tu prximo seminuevo, el auto que mereces.
[Worker-4] Arranca tu ao sobre ruedas!
[Worker-4] Sbete a tu prximo seminuevo, el auto que mereces.
[Worker-4] Arranca tu ao sobre ruedas!
[Worker-4] Sbete a tu prximo seminuevo, el auto que mereces.
[Worker-4] Iniciar sesin
[Worker-4] Quiero vender
[Worker-4] Comprar
[Worker-4] Quiero vender
[Worker-4] Financiamiento
[Worker-4] Alquilar
[Worker-4] Nuevo
[Worker-4] Seguros
[Worker-4] Eventos
[Worker-4] Publicidad
[Worker-4] Autos usados
[Worker-4] Chevrolet
[Worker-4] Onix
[Worker-4] Chevrolet Onix 2021
[Worker-4] Callao, Callao, Callao
[Worker-4] Publicado hoy
[Worker-4] 5 vistas
[Worker-4] Reportar aviso
[Worker-4] Compartir
[Worker-4] Marcar como favorito
[Worker-4] Chevrolet Onix 2021
[Worker-4] Reportar aviso
[Worker-4] Compartir
[Worker-4] Marcar como favorito
[Worker-4] Ao modelo
[Worker-4] 2021
[Worker-4] Kilometraje
[Worker-4] 49,000 km
[Worker-4] Transmisin
[Worker-4] Mecnica
[Worker-4] Descripcin
[Worker-4] Auto en excelente estado, nico dueo, full equipo, lunas y pestillos elctricos, poco recorrido en kilometraje. Todos los mantenimientos en el concesionario de la marca. Se vende por viaje.
[Worker-4] Te recomendamos:
[Worker-4] 
[Worker-4] Te toca renovar tu SOAT?
[Worker-4] 
[Worker-4] Verifica el estado de tu SOAT aqu y evita multas.
[Worker-4] 
[Worker-4] Consultar SOAT
[Worker-4] 
[Worker-4] Alquila autos con Kinto Share
[Worker-4] 
[Worker-4] Que nada frene tus aventuras. Seguro,flexible y con garantia.
[Worker-4] 
[Worker-4] Ver ms
[Worker-4] 
[Worker-4] Blog & Noticias
[Worker-4] 
[Worker-4] Entrate de las ltimas novedades del sector automotriz.
[Worker-4] 
[Worker-4] Ver ms
[Worker-4] Especificaciones tcnicas
[Worker-4] Caractersticas
[Worker-4] Marca
[Worker-4] Chevrolet
[Worker-4] Modelo
[Worker-4] ONIX
[Worker-4] Ao de fabricacin
[Worker-4] 2021
[Worker-4] Categora
[Worker-4] Hatchback
[Worker-4] Combustible
[Worker-4] Dual
[Worker-4] Precios y costos
[Worker-4] 
[Worker-4] An no tenemos suficiente informacin para determinar un rango de precio para este vehculo.
[Worker-4] 
[Worker-4] Excelente
[Worker-4] Competitivo
[Worker-4] Premium
[Worker-4] 
[Worker-4] (*) Precio referencial
[Worker-4] 
[Worker-4] Cmo se calcula este rango?
[Worker-4] 
[Worker-4] Te toca renovar tu SOAT?
[Worker-4] 
[Worker-4] Verifica el estado de tu SOAT aqu y evita multas.
[Worker-4] 
[Worker-4] Consultar SOAT
[Worker-4] Precio
[Worker-4] US$11,300
[Worker-4] Dscto. por adquirir el Crdito Vehicular
[Worker-4] -US$1,000*
[Worker-4] *Aplica si financias tu auto con Santander Consumer
[Worker-4] Contctate con el anunciante
[Worker-4] Angelito Bizkit
[Worker-4] 941 388...
[Worker-4] Ms informacin
[Worker-4] Beneficios adicionales para ti:
[Worker-4] La mejor opcin
[Worker-4] Financia tu auto con Santander Consumer
[Worker-4] 
[Worker-4] Paga desde:
[Worker-4] US$10,300 o
[Worker-4] US$309/mes*
[Worker-4] Simular crdito
[Worker-4] 
[Worker-4] (*) Cuota mensual referencial. Calculada a 60 meses, 20% de inicial y TEA de 20.99%. No incluye seguro vehicular.
[Worker-4] 
[Worker-4] Solicita tu Prstamo Personal hasta de S/45,000
[Worker-4] Me interesa
[Worker-4] Vehculos similares
[Worker-4] Ver todos los vehculos
[Worker-4] Chevrolet Onix 2025
[Worker-4] 2,300km
[Worker-4] Automtica
[Worker-4] Gasolina
[Worker-4] Precio
[Worker-4] US$14,850
[Worker-4] Con Crdito Vehicular
[Worker-4] US$403/mes
[Worker-4] Ver detalle
[Worker-4] Vehculo de: Walter Rabanal Atalaya
[Worker-4] Auto verificado
[Worker-4] Unico Dueo
[Worker-4] Chevrolet Onix 2019
[Worker-4] 25,722km
[Worker-4] 1.4L LTZ MT
[Worker-4] Mecnica
[Worker-4] Gasolina
[Worker-4] Precio
[Worker-4] US$10,500
[Worker-4] Con Crdito Vehicular
[Worker-4] US$383/mes
[Worker-4] Ver detalle
[Worker-4] Vehculo de: MARITA CORREA CACERES
[Worker-4] Seat Ibiza Style 2023
[Worker-4] 44,000km
[Worker-4] STYLE 1.6 MT
[Worker-4] Mecnica
[Worker-4] Gasolina
[Worker-4] Precio
[Worker-4] US$14,900
[Worker-4] Con Crdito Vehicular
[Worker-4] US$13,900
[Worker-4] Ver detalle
[Worker-4] Vehculo de: Martin Leyton Matto
[Worker-4] Premium
[Worker-4] Mercedes Benz B180 2012
[Worker-4] 69,100km
[Worker-4] B200
[Worker-4] Automtica
[Worker-4] Gasolina
[Worker-4] Precio
[Worker-4] US$13,800
[Worker-4] Ver detalle
[Worker-4] Vehculo de: edwin avila rojas
[Worker-4] Auto verificado
[Worker-4] Papeles en regla
[Worker-4] Bmw 118i 2019
[Worker-4] 52,000km
[Worker-4] MILLENNIAL
[Worker-4] Automtica - Se...
[Worker-4] Gasolina
[Worker-4] Precio
[Worker-4] US$17,800
[Worker-4] Con Crdito Vehicular
[Worker-4] US$540/mes
[Worker-4] Ver detalle
[Worker-4] Vehculo de: Renato Valdizan
[Worker-4] Volkswagen Gol Comfort 1.6 2014
[Worker-4] 45,000km
[Worker-4] Mecnica
[Worker-4] Gasolina
[Worker-4] Precio
[Worker-4] US$9,000
[Worker-4] Con Crdito Vehicular
[Worker-4] US$753/mes
[Worker-4] Ver detalle
[Worker-4] Vehculo de: Guillermo Martn mardon zarate
[Worker-4] Auto verificado
[Worker-4] Como nuevo
[Worker-4] Toyota Yaris 2019
[Worker-4] 80,000km
[Worker-4] GLS 1.3 CVT
[Worker-4] Automtica - Se...
[Worker-4] Gasolina
[Worker-4] Precio
[Worker-4] US$14,000
[Worker-4] Con Crdito Vehicular
[Worker-4] US$13,000
[Worker-4] Ver detalle
[Worker-4] Vehculo de: Fernando Aspajo Hidalgo
[Worker-4] Bmw 120i 2017
[Worker-4] 47,500km
[Worker-4] 5 PUERTAS
[Worker-4] Automtica - Se...
[Worker-4] Gasolina
[Worker-4] Precio
[Worker-4] US$18,900
[Worker-4] Con Crdito Vehicular
[Worker-4] US$1,556/mes
[Worker-4] Ver detalle
[Worker-4] Vehculo de: Joel Benavides
[Worker-4] Seminuevos
[Worker-4] Autos
[Worker-4] Motos
[Worker-4] Camiones
[Worker-4] Usados
[Worker-4] Autos
[Worker-4] Motos
[Worker-4] Camiones
[Worker-4] Nuevos
[Worker-4] Autos
[Worker-4] Camiones
[Worker-4] Ayuda
[Worker-4] Trminos y condiciones
[Worker-4] Polticas de publicacin
[Worker-4] Cmo protegemos tus datos?
[Worker-4] Legales
[Worker-4] Sobre NeoAuto
[Worker-4] Noticias
[Worker-4] Tips y guas
[Worker-4] Ayuda en lnea
[Worker-4] 2024 NeoAuto Inc. Todos los derechos reservados
[Worker-4] Sguenos
[Worker-4] Descripcin: {"@context":"https://schema.org","@graph":[{"@type":"Organization","@id":"https://neoauto.com/#organ...
[Worker-4] nico dueo: S
[Worker-4] Datos guardados en: /home/richgutz/Scraper-Neoauto-ANTIGRAVITY/extractores/results_txt/diario_result_20260126_220045_605110.txt
[Worker-5] Scroll INICIAL para activar contenido...
[Worker-2] Intento 2: Page.click: Timeout 1000ms exceeded.
[Worker-2] Call log:
[Worker-2] - waiting for locator("button[class*='close']").locator("svg").locator("xpath=./ancestor::button")
[Worker-2] 
[Worker-3] No apareci popup de cookies
[Worker-6] Intento 2: Popup no encontrado
[Worker-3] Intento 1: Page.click: Timeout 1000ms exceeded.
[Worker-3] Call log:
[Worker-3] - waiting for locator("button[class*='close']").locator("svg").locator("xpath=./ancestor::button")
[Worker-3] 
[Worker-4] URL obtenida y bloqueada desde urls_autos_diarios: https://neoauto.com/auto/usado/nissan-qashqai-2012-1863548
[Worker-4] 
[Worker-4] Iniciando extraccin para: https://neoauto.com/auto/usado/nissan-qashqai-2012-1863548
[Worker-4] Iniciando navegacin...
[Worker-4] Marca extrada: 'nissan'
[Worker-4] Camino elegido (4 pasos).
[Worker-4] Paso 1/4: Pgina Principal...
[Worker-4] Navegacin rpida (sin acciones)
[Worker-4] Paso 2/4: Categora 'Usados'...
[Worker-3] Intento 2: Page.click: Timeout 1000ms exceeded.
[Worker-3] Call log:
[Worker-3] - waiting for locator("button[class*='close']").locator("svg").locator("xpath=./ancestor::button")
[Worker-3] 
[Worker-4] Navegacin rpida (sin acciones)
[Worker-4] Paso 3/4: Filtro por Marca 'NISSAN'...
[Worker-4] Navegacin rpida (sin acciones)
[Worker-4] Paso 4/4: URL Final...
[Worker-6] Intento 3: Popup no encontrado
[Worker-4] Scroll INICIAL para activar contenido...
[Worker-6] No se pudo cerrar el popup de satisfaccin
[Worker-6] Popups manejados POST-scroll
[Worker-6] Scroll adicional de confirmacin...
[Worker-6] Ttulo: Nissan Versa 2022
[Worker-6] Precio: S/ nan
[Worker-6] Kilometraje: inf km
[Worker-6] Ubicacin: Arranca tu ao sobre ruedas!
[Worker-6] Sbete a tu prximo seminuevo, el auto que mereces.
[Worker-6] Arranca tu ao sobre ruedas!
[Worker-6] Sbete a tu prximo seminuevo, el auto que mereces.
[Worker-6] Arranca tu ao sobre ruedas!
[Worker-6] Sbete a tu prximo seminuevo, el auto que mereces.
[Worker-6] Arranca tu ao sobre ruedas!
[Worker-6] Sbete a tu prximo seminuevo, el auto que mereces.
[Worker-6] Iniciar sesin
[Worker-6] Quiero vender
[Worker-6] Comprar
[Worker-6] Quiero vender
[Worker-6] Financiamiento
[Worker-6] Alquilar
[Worker-6] Nuevo
[Worker-6] Seguros
[Worker-6] Eventos
[Worker-6] Publicidad
[Worker-6] Autos usados
[Worker-6] Nissan
[Worker-6] Versa
[Worker-6] Nissan Versa 2022
[Worker-6] Chiclayo, Chiclayo, Lambayeque
[Worker-6] Publicado hoy
[Worker-6] 6 vistas
[Worker-6] Reportar aviso
[Worker-6] Compartir
[Worker-6] Marcar como favorito
[Worker-6] Nissan Versa 2022
[Worker-6] Reportar aviso
[Worker-6] Compartir
[Worker-6] Marcar como favorito
[Worker-6] Ao modelo
[Worker-6] 2022
[Worker-6] Kilometraje
[Worker-6] 190,000 km
[Worker-6] Transmisin
[Worker-6] Mecnica
[Worker-6] Descripcin
[Worker-6] Auto en excelente estado, nico dueo, Full equipo, lunas y pestillos elctricos, poco recorrido de kilometraje, todos los mantenimientos en el concesionario de la marca, se vende por viaje.
[Worker-6] Te recomendamos:
[Worker-6] 
[Worker-6] Te toca renovar tu SOAT?
[Worker-6] 
[Worker-6] Verifica el estado de tu SOAT aqu y evita multas.
[Worker-6] 
[Worker-6] Consultar SOAT
[Worker-6] 
[Worker-6] Alquila autos con Kinto Share
[Worker-6] 
[Worker-6] Que nada frene tus aventuras. Seguro,flexible y con garantia.
[Worker-6] 
[Worker-6] Ver ms
[Worker-6] 
[Worker-6] Blog & Noticias
[Worker-6] 
[Worker-6] Entrate de las ltimas novedades del sector automotriz.
[Worker-6] 
[Worker-6] Ver ms
[Worker-6] Especificaciones tcnicas
[Worker-6] Caractersticas
[Worker-6] Marca
[Worker-6] Nissan
[Worker-6] Modelo
[Worker-6] VERSA
[Worker-6] Ao de fabricacin
[Worker-6] 2021
[Worker-6] Categora
[Worker-6] Sedn
[Worker-6] Combustible
[Worker-6] Dual
[Worker-6] Precios y costos
[Worker-6] 
[Worker-6] An no tenemos suficiente informacin para determinar un rango de precio para este vehculo.
[Worker-6] 
[Worker-6] Excelente
[Worker-6] Competitivo
[Worker-6] Premium
[Worker-6] 
[Worker-6] (*) Precio referencial
[Worker-6] 
[Worker-6] Cmo se calcula este rango?
[Worker-6] 
[Worker-6] Te toca renovar tu SOAT?
[Worker-6] 
[Worker-6] Verifica el estado de tu SOAT aqu y evita multas.
[Worker-6] 
[Worker-6] Consultar SOAT
[Worker-6] Precio
[Worker-6] US$10,000
[Worker-6] Contctate con el anunciante
[Worker-6] Janett Raquel Garca Mimbela
[Worker-6] 942 464...
[Worker-6] Ms informacin
[Worker-6] Beneficios adicionales para ti:
[Worker-6] Solicita tu Prstamo Personal hasta de S/45,000
[Worker-6] Me interesa
[Worker-6] Vehculos similares
[Worker-6] Ver todos los vehculos
[Worker-6] Premium
[Worker-6] Bmw 318i 2018
[Worker-6] 65,000km
[Worker-6] SPORT
[Worker-6] Automtica - Se...
[Worker-6] Gasolina
[Worker-6] Precio
[Worker-6] US$17,200
[Worker-6] Con Crdito Vehicular
[Worker-6] US$620/mes
[Worker-6] Ver detalle
[Worker-6] Vehculo de: Alexander Del Campo
[Worker-6] Remato
[Worker-6] Bmw 535-I 2012
[Worker-6] 99,000km
[Worker-6] I
[Worker-6] Automtica
[Worker-6] Gasolina
[Worker-6] Precio
[Worker-6] US$13,900
[Worker-6] Ver detalle
[Worker-6] Vehculo de: Karim Kahatt
[Worker-6] Unico Dueo
[Worker-6] Kia Soluto 2024
[Worker-6] 34,450km
[Worker-6] LX-PLUS
[Worker-6] Mecnica
[Worker-6] Dual
[Worker-6] Precio
[Worker-6] US$12,000
[Worker-6] Con Crdito Vehicular
[Worker-6] US$328/mes
[Worker-6] Ver detalle
[Worker-6] Vehculo de: LUIS ENRIQUE ARIAS RAMIREZ
[Worker-6] Auto verificado
[Worker-6] Premium
[Worker-6] Volkswagen Jetta 2021
[Worker-6] 55,500km
[Worker-6] Mecnica
[Worker-6] Gasolina
[Worker-6] Precio
[Worker-6] US$16,500
[Worker-6] Con Crdito Vehicular
[Worker-6] US$15,500
[Worker-6] Ver detalle
[Worker-6] Vehculo de: Raisa J
[Worker-6] Mazda 3 2018
[Worker-6] 61,800km
[Worker-6] Automtica
[Worker-6] Diesel
[Worker-6] Precio
[Worker-6] US$13,500
[Worker-6] Con Crdito Vehicular
[Worker-6] US$12,500
[Worker-6] Ver detalle
[Worker-6] Vehculo de: Cecilia Moscoso
[Worker-6] Mazda 2 2021
[Worker-6] 72,000km
[Worker-6] Automtica
[Worker-6] Gasolina
[Worker-6] Precio
[Worker-6] US$13,000
[Worker-6] Con Crdito Vehicular
[Worker-6] US$12,000
[Worker-6] Ver detalle
[Worker-6] Vehculo de: Jorge Andujar
[Worker-6] Bmw 318i 2017
[Worker-6] 73,000km
[Worker-6] Automtica - Se...
[Worker-6] Gasolina
[Worker-6] Precio
[Worker-6] US$16,900
[Worker-6] Con Crdito Vehicular
[Worker-6] US$15,900
[Worker-6] Ver detalle
[Worker-6] Vehculo de: Javier Ruiz
[Worker-6] Auto verificado
[Worker-6] Bmw 318i 2017
[Worker-6] 48,300km
[Worker-6] 318I SPORT
[Worker-6] Automtica - Se...
[Worker-6] Gasolina
[Worker-6] Precio
[Worker-6] US$18,990
[Worker-6] Con Crdito Vehicular
[Worker-6] US$17,990
[Worker-6] Ver detalle
[Worker-6] Vehculo de: Rafael Torres
[Worker-6] Seminuevos
[Worker-6] Autos
[Worker-6] Motos
[Worker-6] Camiones
[Worker-6] Usados
[Worker-6] Autos
[Worker-6] Motos
[Worker-6] Camiones
[Worker-6] Nuevos
[Worker-6] Autos
[Worker-6] Camiones
[Worker-6] Ayuda
[Worker-6] Trminos y condiciones
[Worker-6] Polticas de publicacin
[Worker-6] Cmo protegemos tus datos?
[Worker-6] Legales
[Worker-6] Sobre NeoAuto
[Worker-6] Noticias
[Worker-6] Tips y guas
[Worker-6] Ayuda en lnea
[Worker-6] 2024 NeoAuto Inc. Todos los derechos reservados
[Worker-6] Sguenos
[Worker-6] Descripcin: {"@context":"https://schema.org","@graph":[{"@type":"Organization","@id":"https://neoauto.com/#organ...
[Worker-6] nico dueo: S
[Worker-6] Datos guardados en: /home/richgutz/Scraper-Neoauto-ANTIGRAVITY/extractores/results_txt/diario_result_20260126_220056_8d7cab.txt
[Worker-5] No apareci popup de cookies
[Worker-5] Intento 1: Page.click: Timeout 1000ms exceeded.
[Worker-5] Call log:
[Worker-5] - waiting for locator("button[class*='close']").locator("svg").locator("xpath=./ancestor::button")
[Worker-5] 
[Worker-1] Intento 1: Popup no encontrado
[Worker-6] No hay ms URLs para procesar en urls_autos_diarios. Finalizando.
[Worker-6] Finalizado procesamiento completo de urls_autos_diarios
[Worker-6] 
[Worker-6] >>> Procesando URLs SEMANALES <<<
[Worker-6] 
[Worker-6] [Sesin] Iniciando ciclo de navegador (Intento 1)
[Worker-5] Intento 2: Page.click: Timeout 1000ms exceeded.
[Worker-5] Call log:
[Worker-5] - waiting for locator("button[class*='close']").locator("svg").locator("xpath=./ancestor::button")
[Worker-5] 
[Worker-6] 
[Worker-6] -------------------- REFRESCANDO CONTEXTO DEL NAVEGADOR --------------------
[Worker-6] Nuevo User-Agent: Mozilla/5.0 (Windows NT 10.0; Win64; x64; rv:91.0...)
[Worker-6] ------------------------------------------------------------------
[Worker-6] 
[Worker-6] URLs restantes en urls_autos_random: 0 | Procesadas en sesin: 0
[Worker-6] No hay ms URLs para procesar en urls_autos_random. Finalizando.
[Worker-6] Finalizado procesamiento completo de urls_autos_random
[Worker-6] 
[Worker-6] ==================================================
[Worker-6] Proceso completado exitosamente
[Worker-6] ==================================================
[Worker-6] 
[Worker-1] Intento 2: Popup no encontrado
[Worker-4] No apareci popup de cookies
[Worker-4] Intento 1: Page.click: Timeout 1000ms exceeded.
[Worker-4] Call log:
[Worker-4] - waiting for locator("button[class*='close']").locator("svg").locator("xpath=./ancestor::button")
[Worker-4] 
[Worker-2] Intento 1: Popup no encontrado
[Worker-4] Intento 2: Page.click: Timeout 1000ms exceeded.
[Worker-4] Call log:
[Worker-4] - waiting for locator("button[class*='close']").locator("svg").locator("xpath=./ancestor::button")
[Worker-4] 
[Worker-1] Intento 3: Popup no encontrado
[Worker-3] Intento 1: Popup no encontrado
[Worker-1] No se pudo cerrar el popup de satisfaccin
[Worker-1] Popups manejados POST-scroll
[Worker-1] Scroll adicional de confirmacin...
[Worker-2] Intento 2: Popup no encontrado
[Worker-1] Ttulo: Toyota Corolla 2015
[Worker-1] Precio: S/ nan
[Worker-1] Kilometraje: inf km
[Worker-1] Ubicacin: Arranca tu ao sobre ruedas!
[Worker-1] Sbete a tu prximo seminuevo, el auto que mereces.
[Worker-1] Arranca tu ao sobre ruedas!
[Worker-1] Sbete a tu prximo seminuevo, el auto que mereces.
[Worker-1] Arranca tu ao sobre ruedas!
[Worker-1] Sbete a tu prximo seminuevo, el auto que mereces.
[Worker-1] Arranca tu ao sobre ruedas!
[Worker-1] Sbete a tu prximo seminuevo, el auto que mereces.
[Worker-1] Iniciar sesin
[Worker-1] Quiero vender
[Worker-1] Comprar
[Worker-1] Quiero vender
[Worker-1] Financiamiento
[Worker-1] Alquilar
[Worker-1] Nuevo
[Worker-1] Seguros
[Worker-1] Eventos
[Worker-1] Publicidad
[Worker-1] Autos usados
[Worker-1] Toyota
[Worker-1] Corolla
[Worker-1] Toyota Corolla 2015
[Worker-1] Nuevo Chimbote, Santa, Ancash
[Worker-1] Publicado hoy
[Worker-1] 4 vistas
[Worker-1] Reportar aviso
[Worker-1] Compartir
[Worker-1] Marcar como favorito
[Worker-1] Toyota Corolla 2015
[Worker-1] Reportar aviso
[Worker-1] Compartir
[Worker-1] Marcar como favorito
[Worker-1] Ao modelo
[Worker-1] 2015
[Worker-1] Kilometraje
[Worker-1] 98,000 km
[Worker-1] Transmisin
[Worker-1] Mecnica
[Worker-1] Descripcin
[Worker-1] Auto en excelente estado, nico dueo, Full equipo, lunas y pestillos elctricos, poco recorrido de kilometraje, todos los mantenimientos en el concesionario de la marca, se vende por viaje.
[Worker-1] Te recomendamos:
[Worker-1] 
[Worker-1] Te toca renovar tu SOAT?
[Worker-1] 
[Worker-1] Verifica el estado de tu SOAT aqu y evita multas.
[Worker-1] 
[Worker-1] Consultar SOAT
[Worker-1] 
[Worker-1] Alquila autos con Kinto Share
[Worker-1] 
[Worker-1] Que nada frene tus aventuras. Seguro,flexible y con garantia.
[Worker-1] 
[Worker-1] Ver ms
[Worker-1] 
[Worker-1] Blog & Noticias
[Worker-1] 
[Worker-1] Entrate de las ltimas novedades del sector automotriz.
[Worker-1] 
[Worker-1] Ver ms
[Worker-1] Especificaciones tcnicas
[Worker-1] Caractersticas
[Worker-1] Marca
[Worker-1] Toyota
[Worker-1] Modelo
[Worker-1] COROLLA
[Worker-1] Ao de fabricacin
[Worker-1] 2015
[Worker-1] Categora
[Worker-1] Sedn
[Worker-1] Combustible
[Worker-1] Dual
[Worker-1] Precios y costos
[Worker-1] 
[Worker-1] An no tenemos suficiente informacin para determinar un rango de precio para este vehculo.
[Worker-1] 
[Worker-1] Excelente
[Worker-1] Competitivo
[Worker-1] Premium
[Worker-1] 
[Worker-1] (*) Precio referencial
[Worker-1] 
[Worker-1] Cmo se calcula este rango?
[Worker-1] 
[Worker-1] Te toca renovar tu SOAT?
[Worker-1] 
[Worker-1] Verifica el estado de tu SOAT aqu y evita multas.
[Worker-1] 
[Worker-1] Consultar SOAT
[Worker-1] Precio
[Worker-1] US$47,000
[Worker-1] Dscto. por adquirir el Crdito Vehicular
[Worker-1] -US$1,000*
[Worker-1] *Aplica si financias tu auto con Santander Consumer
[Worker-1] Contctate con el anunciante
[Worker-1] Eduardo Velasquez
[Worker-1] 935 997...
[Worker-1] Ms informacin
[Worker-1] Beneficios adicionales para ti:
[Worker-1] La mejor opcin
[Worker-1] Financia tu auto con Santander Consumer
[Worker-1] 
[Worker-1] Paga desde:
[Worker-1] US$46,000 o
[Worker-1] US$3,837/mes*
[Worker-1] Simular crdito
[Worker-1] 
[Worker-1] (*) Cuota mensual referencial. Calculada a 12 meses, 20% de inicial y TEA de 20.99%. No incluye seguro vehicular.
[Worker-1] 
[Worker-1] Solicita tu Prstamo Personal hasta de S/45,000
[Worker-1] Me interesa
[Worker-1] Vehculos similares
[Worker-1] Ver todos los vehculos
[Worker-1] Toyota Corolla 2015
[Worker-1] 75,000km
[Worker-1] Automtica
[Worker-1] Gasolina
[Worker-1] Precio
[Worker-1] US$13,000
[Worker-1] Con Crdito Vehicular
[Worker-1] US$12,000
[Worker-1] Ver detalle
[Worker-1] Vehculo de: Walter Carhuas
[Worker-1] Premium
[Worker-1] Toyota Corolla 2022
[Worker-1] 54,000km
[Worker-1] Automtica - Se...
[Worker-1] Gasolina
[Worker-1] Precio
[Worker-1] US$20,000
[Worker-1] Con Crdito Vehicular
[Worker-1] US$19,000
[Worker-1] Ver detalle
[Worker-1] Vehculo de: Darwin Verde reyes
[Worker-1] Premium
[Worker-1] Toyota Camry 2008
[Worker-1] 175,000km
[Worker-1] GX 3.5 A/T
[Worker-1] Automtica - Se...
[Worker-1] Gasolina
[Worker-1] Precio
[Worker-1] US$8,171
[Worker-1] Ver detalle
[Worker-1] Vehculo de: Luis Seminario Molina
[Worker-1] Toyota Avensis 2017
[Worker-1] 83,000km
[Worker-1] 2.0 A/T
[Worker-1] Automtica - Se...
[Worker-1] Gasolina
[Worker-1] Precio
[Worker-1] US$14,800
[Worker-1] Con Crdito Vehicular
[Worker-1] US$1,224/mes
[Worker-1] Ver detalle
[Worker-1] Vehculo de: Brian Morris
[Worker-1] Toyota Camry 1994
[Worker-1] 355,540km
[Worker-1] Automtica
[Worker-1] Diesel
[Worker-1] Precio
[Worker-1] US$3,500
[Worker-1] Ver detalle
[Worker-1] Vehculo de: SN SN
[Worker-1] Nunca piques
[Worker-1] Subaru Impreza Wrx 2019
[Worker-1] 73,200km
[Worker-1] Mecnica
[Worker-1] Gasolina
[Worker-1] Precio
[Worker-1] US$22,000
[Worker-1] Con Crdito Vehicular
[Worker-1] US$21,000
[Worker-1] Ver detalle
[Worker-1] Vehculo de: Felipe Ramos
[Worker-1] Premium
[Worker-1] Bmw 318i 2018
[Worker-1] 65,000km
[Worker-1] SPORT
[Worker-1] Automtica - Se...
[Worker-1] Gasolina
[Worker-1] Precio
[Worker-1] US$17,200
[Worker-1] Con Crdito Vehicular
[Worker-1] US$620/mes
[Worker-1] Ver detalle
[Worker-1] Vehculo de: Alexander Del Campo
[Worker-1] Volkswagen Virtus 2022
[Worker-1] 7,850km
[Worker-1] Mecnica
[Worker-1] Gasolina-Hbrid...
[Worker-1] Precio
[Worker-1] US$15,300
[Worker-1] Con Crdito Vehicular
[Worker-1] US$14,300
[Worker-1] Ver detalle
[Worker-1] Vehculo de: Johanna Reyes Mlaga
[Worker-1] Seminuevos
[Worker-1] Autos
[Worker-1] Motos
[Worker-1] Camiones
[Worker-1] Usados
[Worker-1] Autos
[Worker-1] Motos
[Worker-1] Camiones
[Worker-1] Nuevos
[Worker-1] Autos
[Worker-1] Camiones
[Worker-1] Ayuda
[Worker-1] Trminos y condiciones
[Worker-1] Polticas de publicacin
[Worker-1] Cmo protegemos tus datos?
[Worker-1] Legales
[Worker-1] Sobre NeoAuto
[Worker-1] Noticias
[Worker-1] Tips y guas
[Worker-1] Ayuda en lnea
[Worker-1] 2024 NeoAuto Inc. Todos los derechos reservados
[Worker-1] Sguenos
[Worker-1] Descripcin: {"@context":"https://schema.org","@graph":[{"@type":"Organization","@id":"https://neoauto.com/#organ...
[Worker-1] nico dueo: S
[Worker-1] Datos guardados en: /home/richgutz/Scraper-Neoauto-ANTIGRAVITY/extractores/results_txt/diario_result_20260126_220112_784d87.txt
[Worker-3] Intento 2: Popup no encontrado
[Worker-1] No hay ms URLs para procesar en urls_autos_diarios. Finalizando.
[Worker-1] Finalizado procesamiento completo de urls_autos_diarios
[Worker-1] 
[Worker-1] >>> Procesando URLs SEMANALES <<<
[Worker-1] 
[Worker-1] [Sesin] Iniciando ciclo de navegador (Intento 1)
[Worker-1] 
[Worker-1] -------------------- REFRESCANDO CONTEXTO DEL NAVEGADOR --------------------
[Worker-1] Nuevo User-Agent: Mozilla/5.0 (Windows NT 10.0; Win64; x64; rv:91.0...)
[Worker-1] ------------------------------------------------------------------
[Worker-1] 
[Worker-2] Intento 3: Popup no encontrado
[Worker-1] URLs restantes en urls_autos_random: 0 | Procesadas en sesin: 0
[Worker-1] No hay ms URLs para procesar en urls_autos_random. Finalizando.
[Worker-1] Finalizado procesamiento completo de urls_autos_random
[Worker-1] 
[Worker-1] ==================================================
[Worker-1] Proceso completado exitosamente
[Worker-1] ==================================================
[Worker-1] 
[Worker-2] No se pudo cerrar el popup de satisfaccin
[Worker-2] Popups manejados POST-scroll
[Worker-2] Scroll adicional de confirmacin...
[Worker-5] Intento 1: Popup no encontrado
[Worker-2] Ttulo: Ford Windstar 1998
[Worker-3] Intento 3: Popup no encontrado
[Worker-2] Precio: S/ nan
[Worker-2] Kilometraje: 3.200200123451998e+278 km
[Worker-2] Ubicacin: Arranca tu ao sobre ruedas!
[Worker-2] Sbete a tu prximo seminuevo, el auto que mereces.
[Worker-2] Arranca tu ao sobre ruedas!
[Worker-2] Sbete a tu prximo seminuevo, el auto que mereces.
[Worker-2] Arranca tu ao sobre ruedas!
[Worker-2] Sbete a tu prximo seminuevo, el auto que mereces.
[Worker-2] Arranca tu ao sobre ruedas!
[Worker-2] Sbete a tu prximo seminuevo, el auto que mereces.
[Worker-2] Iniciar sesin
[Worker-2] Quiero vender
[Worker-2] Comprar
[Worker-2] Quiero vender
[Worker-2] Financiamiento
[Worker-2] Alquilar
[Worker-2] Nuevo
[Worker-2] Seguros
[Worker-2] Eventos
[Worker-2] Publicidad
[Worker-2] Autos usados
[Worker-2] Ford
[Worker-2] Windstar
[Worker-2] Ford Windstar 1998
[Worker-2] San Luis, Lima, Lima
[Worker-2] Publicado hoy
[Worker-2] 22 vistas
[Worker-2] Reportar aviso
[Worker-2] Compartir
[Worker-2] Marcar como favorito
[Worker-2] Ford Windstar 1998
[Worker-2] Reportar aviso
[Worker-2] Compartir
[Worker-2] Marcar como favorito
[Worker-2] Ao modelo
[Worker-2] 1998
[Worker-2] Kilometraje
[Worker-2] 90,000 km
[Worker-2] Transmisin
[Worker-2] Automtica
[Worker-2] Descripcin
[Worker-2] Auto en excelente estado, nico dueo, full equipo, lunas y pestillos elctricos, poco recorrido en kilometraje. Todos los mantenimientos en el concesionario de la marca. Se vende por viaje.
[Worker-2] Te recomendamos:
[Worker-2] 
[Worker-2] Te toca renovar tu SOAT?
[Worker-2] 
[Worker-2] Verifica el estado de tu SOAT aqu y evita multas.
[Worker-2] 
[Worker-2] Consultar SOAT
[Worker-2] 
[Worker-2] Alquila autos con Kinto Share
[Worker-2] 
[Worker-2] Que nada frene tus aventuras. Seguro,flexible y con garantia.
[Worker-2] 
[Worker-2] Ver ms
[Worker-2] 
[Worker-2] Blog & Noticias
[Worker-2] 
[Worker-2] Entrate de las ltimas novedades del sector automotriz.
[Worker-2] 
[Worker-2] Ver ms
[Worker-2] Especificaciones tcnicas
[Worker-2] Caractersticas
[Worker-2] Marca
[Worker-2] Ford
[Worker-2] Modelo
[Worker-2] WINDSTAR
[Worker-2] Ao de fabricacin
[Worker-2] 1998
[Worker-2] Categora
[Worker-2] Vans
[Worker-2] Combustible
[Worker-2] Dual
[Worker-2] Precios y costos
[Worker-2] 
[Worker-2] An no tenemos suficiente informacin para determinar un rango de precio para este vehculo.
[Worker-2] 
[Worker-2] Excelente
[Worker-2] Competitivo
[Worker-2] Premium
[Worker-2] 
[Worker-2] (*) Precio referencial
[Worker-2] 
[Worker-2] Cmo se calcula este rango?
[Worker-2] 
[Worker-2] Te toca renovar tu SOAT?
[Worker-2] 
[Worker-2] Verifica el estado de tu SOAT aqu y evita multas.
[Worker-2] 
[Worker-2] Consultar SOAT
[Worker-2] Precio
[Worker-2] US$2,300
[Worker-2] Contctate con el anunciante
[Worker-2] Gavilan Rodriguez
[Worker-2] 999 100...
[Worker-2] Ms informacin
[Worker-2] Beneficios adicionales para ti:
[Worker-2] Solicita tu Prstamo Personal hasta de S/45,000
[Worker-2] Me interesa
[Worker-2] Vehculos similares
[Worker-2] Ver todos los vehculos
[Worker-2] Auto verificado
[Worker-2] Motor Econmico
[Worker-2] Hyundai H-1 2019
[Worker-2] 245,200km
[Worker-2] GL
[Worker-2] Mecnica
[Worker-2] Dual
[Worker-2] Precio
[Worker-2] US$23,000
[Worker-2] Ver detalle
[Worker-2] Vehculo de: Javier Salas
[Worker-2] Premium
[Worker-2] Ram V700 2019
[Worker-2] 105,000km
[Worker-2] Mecnica
[Worker-2] Dual
[Worker-2] Precio
[Worker-2] US$5,800
[Worker-2] Ver detalle
[Worker-2] Vehculo de: Raul Bedoya Carcamo
[Worker-2] Dfsk K07s 2020
[Worker-2] 80,000km
[Worker-2] DSFK K
[Worker-2] Mecnica
[Worker-2] Gas GLP
[Worker-2] Precio
[Worker-2] US$7,000
[Worker-2] Ver detalle
[Worker-2] Vehculo de: gonzalo castellanos pinto
[Worker-2] Foton Van Px 2021
[Worker-2] 1,850km
[Worker-2] Mecnica
[Worker-2] Gasolina
[Worker-2] Precio
[Worker-2] US$14,800
[Worker-2] Con Crdito Vehicular
[Worker-2] US$402/mes
[Worker-2] Ver detalle
[Worker-2] Vehculo de: Hernan Cainicela
[Worker-2] Ford Windstar 2004
[Worker-2] 122,000km
[Worker-2] SE
[Worker-2] Automtica
[Worker-2] Gasolina
[Worker-2] Precio
[Worker-2] US$6,000
[Worker-2] Ver detalle
[Worker-2] Vehculo de: JOSE ENRIQUE LANDA
[Worker-2] Peugeot Partner 2020
[Worker-2] 167,300km
[Worker-2] Mecnica
[Worker-2] Dual
[Worker-2] Precio
[Worker-2] US$6,900
[Worker-2] Ver detalle
[Worker-2] Vehculo de: Orlando Rivera
[Worker-2] Hyundai Staria 2024
[Worker-2] 25,000km
[Worker-2] 2.2
[Worker-2] Mecnica
[Worker-2] Diesel
[Worker-2] Precio
[Worker-2] US$36,500
[Worker-2] Con Crdito Vehicular
[Worker-2] US$977/mes
[Worker-2] Ver detalle
[Worker-2] Vehculo de: Jean Diaz Tarazona
[Worker-2] Dongfeng Succe 2015
[Worker-2] 78,000km
[Worker-2] PANEL
[Worker-2] Mecnica
[Worker-2] Gas GNV
[Worker-2] Precio
[Worker-2] US$6,800
[Worker-2] Ver detalle
[Worker-2] Vehculo de: Kamikaze Peru
[Worker-2] Seminuevos
[Worker-2] Autos
[Worker-2] Motos
[Worker-2] Camiones
[Worker-2] Usados
[Worker-2] Autos
[Worker-2] Motos
[Worker-2] Camiones
[Worker-2] Nuevos
[Worker-2] Autos
[Worker-2] Camiones
[Worker-2] Ayuda
[Worker-2] Trminos y condiciones
[Worker-2] Polticas de publicacin
[Worker-2] Cmo protegemos tus datos?
[Worker-2] Legales
[Worker-2] Sobre NeoAuto
[Worker-2] Noticias
[Worker-2] Tips y guas
[Worker-2] Ayuda en lnea
[Worker-2] 2024 NeoAuto Inc. Todos los derechos reservados
[Worker-2] Sguenos
[Worker-2] Descripcin: {"@context":"https://schema.org","@graph":[{"@type":"Organization","@id":"https://neoauto.com/#organ...
[Worker-2] nico dueo: S
[Worker-2] Datos guardados en: /home/richgutz/Scraper-Neoauto-ANTIGRAVITY/extractores/results_txt/diario_result_20260126_220119_e9e2e4.txt
[Worker-3] No se pudo cerrar el popup de satisfaccin
[Worker-3] Popups manejados POST-scroll
[Worker-3] Scroll adicional de confirmacin...
[Worker-3] Ttulo: Ford Focus 2018
[Worker-3] Precio: S/ nan
[Worker-3] Kilometraje: inf km
[Worker-3] Ubicacin: Arranca tu ao sobre ruedas!
[Worker-3] Sbete a tu prximo seminuevo, el auto que mereces.
[Worker-3] Arranca tu ao sobre ruedas!
[Worker-3] Sbete a tu prximo seminuevo, el auto que mereces.
[Worker-3] Arranca tu ao sobre ruedas!
[Worker-3] Sbete a tu prximo seminuevo, el auto que mereces.
[Worker-3] Arranca tu ao sobre ruedas!
[Worker-3] Sbete a tu prximo seminuevo, el auto que mereces.
[Worker-3] Iniciar sesin
[Worker-3] Quiero vender
[Worker-3] Comprar
[Worker-3] Quiero vender
[Worker-3] Financiamiento
[Worker-3] Alquilar
[Worker-3] Nuevo
[Worker-3] Seguros
[Worker-3] Eventos
[Worker-3] Publicidad
[Worker-3] Autos usados
[Worker-3] Ford
[Worker-3] Focus
[Worker-3] Ford Focus 2018
[Worker-3] San Martin de Porres, Lima, Lima
[Worker-3] Publicado hoy
[Worker-3] 11 vistas
[Worker-3] Reportar aviso
[Worker-3] Compartir
[Worker-3] Marcar como favorito
[Worker-3] Ford Focus 2018
[Worker-3] Reportar aviso
[Worker-3] Compartir
[Worker-3] Marcar como favorito
[Worker-3] Ao modelo
[Worker-3] 2018
[Worker-3] Kilometraje
[Worker-3] 68,600 km
[Worker-3] Transmisin
[Worker-3] Automtica
[Worker-3] Descripcin
[Worker-3] Auto en excelente estado, nico dueo, full equipo, lunas y pestillos elctricos, poco recorrido en kilometraje. Todos los mantenimientos en el concesionario de la marca. Se vende por viaje.
[Worker-3] Te recomendamos:
[Worker-3] 
[Worker-3] Te toca renovar tu SOAT?
[Worker-3] 
[Worker-3] Verifica el estado de tu SOAT aqu y evita multas.
[Worker-3] 
[Worker-3] Consultar SOAT
[Worker-3] 
[Worker-3] Alquila autos con Kinto Share
[Worker-3] 
[Worker-3] Que nada frene tus aventuras. Seguro,flexible y con garantia.
[Worker-3] 
[Worker-3] Ver ms
[Worker-3] 
[Worker-3] Blog & Noticias
[Worker-3] 
[Worker-3] Entrate de las ltimas novedades del sector automotriz.
[Worker-3] 
[Worker-3] Ver ms
[Worker-3] Especificaciones tcnicas
[Worker-3] Caractersticas
[Worker-3] Marca
[Worker-3] Ford
[Worker-3] Modelo
[Worker-3] FOCUS
[Worker-3] Versin
[Worker-3] TITANIUM - AT
[Worker-3] Versin
[Worker-3] TITANIUM - AT
[Worker-3] Ao de fabricacin
[Worker-3] 2018
[Worker-3] Categora
[Worker-3] Hatchback
[Worker-3] Combustible
[Worker-3] Gasolina
[Worker-3] Precios y costos
[Worker-3] 
[Worker-3] An no tenemos suficiente informacin para determinar un rango de precio para este vehculo.
[Worker-3] 
[Worker-3] Excelente
[Worker-3] Competitivo
[Worker-3] Premium
[Worker-3] 
[Worker-3] (*) Precio referencial
[Worker-3] 
[Worker-3] Cmo se calcula este rango?
[Worker-3] 
[Worker-3] Te toca renovar tu SOAT?
[Worker-3] 
[Worker-3] Verifica el estado de tu SOAT aqu y evita multas.
[Worker-3] 
[Worker-3] Consultar SOAT
[Worker-3] Precio
[Worker-3] US$10,000
[Worker-3] Dscto. por adquirir el Crdito Vehicular
[Worker-3] -US$1,000*
[Worker-3] *Aplica si financias tu auto con Santander Consumer
[Worker-3] Contctate con el anunciante
[Worker-3] Javier Manuel Castro
[Worker-3] 986 911...
[Worker-3] Ms informacin
[Worker-3] Beneficios adicionales para ti:
[Worker-3] La mejor opcin
[Worker-3] Financia tu auto con Santander Consumer
[Worker-3] 
[Worker-3] Paga desde:
[Worker-3] US$9,000 o
[Worker-3] US$481/mes*
[Worker-3] Simular crdito
[Worker-3] 
[Worker-3] (*) Cuota mensual referencial. Calculada a 24 meses, 20% de inicial y TEA de 20.99%. No incluye seguro vehicular.
[Worker-3] 
[Worker-3] Solicita tu Prstamo Personal hasta de S/45,000
[Worker-3] Me interesa
[Worker-3] Vehculos similares
[Worker-3] Ver todos los vehculos
[Worker-3] Chevrolet Onix 2025
[Worker-3] 2,300km
[Worker-3] Automtica
[Worker-3] Gasolina
[Worker-3] Precio
[Worker-3] US$14,850
[Worker-3] Con Crdito Vehicular
[Worker-3] US$403/mes
[Worker-3] Ver detalle
[Worker-3] Vehculo de: Walter Rabanal Atalaya
[Worker-3] Unico Dueo
[Worker-3] Subaru Xv 2022
[Worker-3] 28,100km
[Worker-3] 1.6I AWD CVT
[Worker-3] Automtica
[Worker-3] Gasolina
[Worker-3] Precio
[Worker-3] US$22,000
[Worker-3] Con Crdito Vehicular
[Worker-3] US$21,000
[Worker-3] Ver detalle
[Worker-3] Vehculo de: roxana ching achahui
[Worker-3] Audi A7 Sportback Hb 2012
[Worker-3] 81,300km
[Worker-3] 3.0 TFSI QUATTR...
[Worker-3] Automtica - Se...
[Worker-3] Gasolina
[Worker-3] Precio
[Worker-3] US$19,500
[Worker-3] Ver detalle
[Worker-3] Vehculo de: INVERSIONES GIRALDO DEL PORTA INVERSIONES GIRALDO DEL PORTA
[Worker-3] Premium
[Worker-3] Mercedes Benz B180 2012
[Worker-3] 69,100km
[Worker-3] B200
[Worker-3] Automtica
[Worker-3] Gasolina
[Worker-3] Precio
[Worker-3] US$13,800
[Worker-3] Ver detalle
[Worker-3] Vehculo de: edwin avila rojas
[Worker-3] Como nuevo
[Worker-3] Suzuki Swift 2022
[Worker-3] 2,000km
[Worker-3] SWIFT GLS 1.2 M...
[Worker-3] Mecnica
[Worker-3] Gasolina
[Worker-3] Precio
[Worker-3] US$13,100
[Worker-3] Con Crdito Vehicular
[Worker-3] US$12,100
[Worker-3] Ver detalle
[Worker-3] Vehculo de: Luis Charca
[Worker-3] Volvo V40 2016
[Worker-3] 85,000km
[Worker-3] R-DESIGN
[Worker-3] Automtica - Se...
[Worker-3] Gasolina
[Worker-3] Precio
[Worker-3] US$14,500
[Worker-3] Con Crdito Vehicular
[Worker-3] US$13,500
[Worker-3] Ver detalle
[Worker-3] Vehculo de: pamela gamarra mateo
[Worker-3] Toyota Corolla 2021
[Worker-3] 40,000km
[Worker-3] 1.2 TURBO CVT
[Worker-3] Automtica - Se...
[Worker-3] Gasolina
[Worker-3] Precio
[Worker-3] US$20,000
[Worker-3] Con Crdito Vehicular
[Worker-3] US$540/mes
[Worker-3] Ver detalle
[Worker-3] Vehculo de: Rodolfo Gonzales Berrocal
[Worker-3] Auto verificado
[Worker-3] Como nuevo
[Worker-3] Toyota Yaris 2019
[Worker-3] 80,000km
[Worker-3] GLS 1.3 CVT
[Worker-3] Automtica - Se...
[Worker-3] Gasolina
[Worker-3] Precio
[Worker-3] US$14,000
[Worker-3] Con Crdito Vehicular
[Worker-3] US$13,000
[Worker-3] Ver detalle
[Worker-3] Vehculo de: Fernando Aspajo Hidalgo
[Worker-3] Seminuevos
[Worker-3] Autos
[Worker-3] Motos
[Worker-3] Camiones
[Worker-3] Usados
[Worker-3] Autos
[Worker-3] Motos
[Worker-3] Camiones
[Worker-3] Nuevos
[Worker-3] Autos
[Worker-3] Camiones
[Worker-3] Ayuda
[Worker-3] Trminos y condiciones
[Worker-3] Polticas de publicacin
[Worker-3] Cmo protegemos tus datos?
[Worker-3] Legales
[Worker-3] Sobre NeoAuto
[Worker-3] Noticias
[Worker-3] Tips y guas
[Worker-3] Ayuda en lnea
[Worker-3] 2024 NeoAuto Inc. Todos los derechos reservados
[Worker-3] Sguenos
[Worker-3] Descripcin: {"@context":"https://schema.org","@graph":[{"@type":"Organization","@id":"https://neoauto.com/#organ...
[Worker-3] nico dueo: S
[Worker-3] Datos guardados en: /home/richgutz/Scraper-Neoauto-ANTIGRAVITY/extractores/results_txt/diario_result_20260126_220122_6ff979.txt
[Worker-2] No hay ms URLs para procesar en urls_autos_diarios. Finalizando.
[Worker-2] Finalizado procesamiento completo de urls_autos_diarios
[Worker-2] 
[Worker-2] >>> Procesando URLs SEMANALES <<<
[Worker-2] 
[Worker-2] [Sesin] Iniciando ciclo de navegador (Intento 1)
[Worker-5] Intento 2: Popup no encontrado
[Worker-2] 
[Worker-2] -------------------- REFRESCANDO CONTEXTO DEL NAVEGADOR --------------------
[Worker-2] Nuevo User-Agent: Mozilla/5.0 (Macintosh; Intel Mac OS X 10_15_7...)
[Worker-2] ------------------------------------------------------------------
[Worker-2] 
[Worker-2] URLs restantes en urls_autos_random: 0 | Procesadas en sesin: 0
[Worker-2] No hay ms URLs para procesar en urls_autos_random. Finalizando.
[Worker-2] Finalizado procesamiento completo de urls_autos_random
[Worker-2] 
[Worker-2] ==================================================
[Worker-2] Proceso completado exitosamente
[Worker-2] ==================================================
[Worker-2] 
[Worker-3] No hay ms URLs para procesar en urls_autos_diarios. Finalizando.
[Worker-3] Finalizado procesamiento completo de urls_autos_diarios
[Worker-3] 
[Worker-3] >>> Procesando URLs SEMANALES <<<
[Worker-3] 
[Worker-3] [Sesin] Iniciando ciclo de navegador (Intento 1)
[Worker-4] Intento 1: Popup no encontrado
[Worker-3] 
[Worker-3] -------------------- REFRESCANDO CONTEXTO DEL NAVEGADOR --------------------
[Worker-3] Nuevo User-Agent: Mozilla/5.0 (Windows NT 10.0; Win64; x64; rv:91.0...)
[Worker-3] ------------------------------------------------------------------
[Worker-3] 
[Worker-3] URLs restantes en urls_autos_random: 0 | Procesadas en sesin: 0
[Worker-3] No hay ms URLs para procesar en urls_autos_random. Finalizando.
[Worker-3] Finalizado procesamiento completo de urls_autos_random
[Worker-3] 
[Worker-3] ==================================================
[Worker-3] Proceso completado exitosamente
[Worker-3] ==================================================
[Worker-3] 
[Worker-5] Intento 3: Popup no encontrado
[Worker-5] No se pudo cerrar el popup de satisfaccin
[Worker-5] Popups manejados POST-scroll
[Worker-5] Scroll adicional de confirmacin...
[Worker-4] Intento 2: Popup no encontrado
[Worker-5] Ttulo: Hyundai Accent 2019
[Worker-5] Precio: S/ nan
[Worker-5] Kilometraje: 3.2002001234520194e+307 km
[Worker-5] Ubicacin: Arranca tu ao sobre ruedas!
[Worker-5] Sbete a tu prximo seminuevo, el auto que mereces.
[Worker-5] Arranca tu ao sobre ruedas!
[Worker-5] Sbete a tu prximo seminuevo, el auto que mereces.
[Worker-5] Arranca tu ao sobre ruedas!
[Worker-5] Sbete a tu prximo seminuevo, el auto que mereces.
[Worker-5] Arranca tu ao sobre ruedas!
[Worker-5] Sbete a tu prximo seminuevo, el auto que mereces.
[Worker-5] Iniciar sesin
[Worker-5] Quiero vender
[Worker-5] Comprar
[Worker-5] Quiero vender
[Worker-5] Financiamiento
[Worker-5] Alquilar
[Worker-5] Nuevo
[Worker-5] Seguros
[Worker-5] Eventos
[Worker-5] Publicidad
[Worker-5] Autos usados
[Worker-5] Hyundai
[Worker-5] Accent
[Worker-5] Hyundai Accent 2019
[Worker-5] La Molina, Lima, Lima
[Worker-5] Publicado hoy
[Worker-5] 20 vistas
[Worker-5] Reportar aviso
[Worker-5] Compartir
[Worker-5] Marcar como favorito
[Worker-5] Hyundai Accent 2019
[Worker-5] Reportar aviso
[Worker-5] Compartir
[Worker-5] Marcar como favorito
[Worker-5] Ao modelo
[Worker-5] 2019
[Worker-5] Kilometraje
[Worker-5] 250,000 km
[Worker-5] Transmisin
[Worker-5] Mecnica
[Worker-5] Descripcin
[Worker-5] Auto en excelente estado, nico dueo, Full equipo, lunas y pestillos elctricos, poco recorrido de kilometraje, todos los mantenimientos en el concesionario de la marca, se vende por viaje.
[Worker-5] Te recomendamos:
[Worker-5] 
[Worker-5] Te toca renovar tu SOAT?
[Worker-5] 
[Worker-5] Verifica el estado de tu SOAT aqu y evita multas.
[Worker-5] 
[Worker-5] Consultar SOAT
[Worker-5] 
[Worker-5] Alquila autos con Kinto Share
[Worker-5] 
[Worker-5] Que nada frene tus aventuras. Seguro,flexible y con garantia.
[Worker-5] 
[Worker-5] Ver ms
[Worker-5] 
[Worker-5] Blog & Noticias
[Worker-5] 
[Worker-5] Entrate de las ltimas novedades del sector automotriz.
[Worker-5] 
[Worker-5] Ver ms
[Worker-5] Especificaciones tcnicas
[Worker-5] Caractersticas
[Worker-5] Marca
[Worker-5] Hyundai
[Worker-5] Modelo
[Worker-5] ACCENT
[Worker-5] Ao de fabricacin
[Worker-5] 2019
[Worker-5] Categora
[Worker-5] Hatchback
[Worker-5] Combustible
[Worker-5] Gas GNV
[Worker-5] Precios y costos
[Worker-5] 
[Worker-5] An no tenemos suficiente informacin para determinar un rango de precio para este vehculo.
[Worker-5] 
[Worker-5] Excelente
[Worker-5] Competitivo
[Worker-5] Premium
[Worker-5] 
[Worker-5] (*) Precio referencial
[Worker-5] 
[Worker-5] Cmo se calcula este rango?
[Worker-5] 
[Worker-5] Te toca renovar tu SOAT?
[Worker-5] 
[Worker-5] Verifica el estado de tu SOAT aqu y evita multas.
[Worker-5] 
[Worker-5] Consultar SOAT
[Worker-5] Precio
[Worker-5] US$8,500
[Worker-5] Contctate con el anunciante
[Worker-5] Jimy Gustavo Garma Guzmn
[Worker-5] 958 036...
[Worker-5] Ms informacin
[Worker-5] Beneficios adicionales para ti:
[Worker-5] Solicita tu Prstamo Personal hasta de S/45,000
[Worker-5] Me interesa
[Worker-5] Vehculos similares
[Worker-5] Ver todos los vehculos
[Worker-5] Audi A3 Sportback 2017
[Worker-5] 52,870km
[Worker-5] 1.2 TFSI S TRON...
[Worker-5] Automtica - Se...
[Worker-5] Gasolina
[Worker-5] Precio
[Worker-5] US$17,400
[Worker-5] Con Crdito Vehicular
[Worker-5] US$827/mes
[Worker-5] Ver detalle
[Worker-5] Vehculo de: Andrs Ayres
[Worker-5] Auto verificado
[Worker-5] Como nuevo
[Worker-5] Toyota Yaris 2019
[Worker-5] 80,000km
[Worker-5] GLS 1.3 CVT
[Worker-5] Automtica - Se...
[Worker-5] Gasolina
[Worker-5] Precio
[Worker-5] US$14,000
[Worker-5] Con Crdito Vehicular
[Worker-5] US$13,000
[Worker-5] Ver detalle
[Worker-5] Vehculo de: Fernando Aspajo Hidalgo
[Worker-5] Toyota Yaris 2019
[Worker-5] 53,000km
[Worker-5] Automtica - Se...
[Worker-5] Gasolina
[Worker-5] Precio
[Worker-5] US$13,900
[Worker-5] Con Crdito Vehicular
[Worker-5] US$503/mes
[Worker-5] Ver detalle
[Worker-5] Vehculo de: Jhonathan ayala loayza
[Worker-5] Toyota Corolla 2021
[Worker-5] 40,000km
[Worker-5] 1.2 TURBO CVT
[Worker-5] Automtica - Se...
[Worker-5] Gasolina
[Worker-5] Precio
[Worker-5] US$20,000
[Worker-5] Con Crdito Vehicular
[Worker-5] US$540/mes
[Worker-5] Ver detalle
[Worker-5] Vehculo de: Rodolfo Gonzales Berrocal
[Worker-5] Seat Ibiza Style 2023
[Worker-5] 44,000km
[Worker-5] STYLE 1.6 MT
[Worker-5] Mecnica
[Worker-5] Gasolina
[Worker-5] Precio
[Worker-5] US$14,900
[Worker-5] Con Crdito Vehicular
[Worker-5] US$13,900
[Worker-5] Ver detalle
[Worker-5] Vehculo de: Martin Leyton Matto
[Worker-5] Premium
[Worker-5] Nissan Tiida 2012
[Worker-5] 54,000km
[Worker-5] S 1.6 MT
[Worker-5] Mecnica
[Worker-5] Gasolina
[Worker-5] Precio
[Worker-5] US$8,900
[Worker-5] Ver detalle
[Worker-5] Vehculo de: Juan Manuel Diaz Amesquita
[Worker-5] De lujo
[Worker-5] Mini 3 Puertas 2018
[Worker-5] 51,200km
[Worker-5] HATCHBACK HARDT...
[Worker-5] Automtica
[Worker-5] Gasolina
[Worker-5] Precio
[Worker-5] US$19,000
[Worker-5] Con Crdito Vehicular
[Worker-5] US$18,000
[Worker-5] Ver detalle
[Worker-5] Vehculo de: Carlos O
[Worker-5] Bmw 320gt 2015
[Worker-5] 140,000km
[Worker-5] Automtica - Se...
[Worker-5] Gasolina
[Worker-5] Precio
[Worker-5] US$18,000
[Worker-5] Ver detalle
[Worker-5] Vehculo de: Jorge Sarmiento
[Worker-5] Seminuevos
[Worker-5] Autos
[Worker-5] Motos
[Worker-5] Camiones
[Worker-5] Usados
[Worker-5] Autos
[Worker-5] Motos
[Worker-5] Camiones
[Worker-5] Nuevos
[Worker-5] Autos
[Worker-5] Camiones
[Worker-5] Ayuda
[Worker-5] Trminos y condiciones
[Worker-5] Polticas de publicacin
[Worker-5] Cmo protegemos tus datos?
[Worker-5] Legales
[Worker-5] Sobre NeoAuto
[Worker-5] Noticias
[Worker-5] Tips y guas
[Worker-5] Ayuda en lnea
[Worker-5] 2024 NeoAuto Inc. Todos los derechos reservados
[Worker-5] Sguenos
[Worker-5] Descripcin: {"@context":"https://schema.org","@graph":[{"@type":"Organization","@id":"https://neoauto.com/#organ...
[Worker-5] nico dueo: S
[Worker-5] Datos guardados en: /home/richgutz/Scraper-Neoauto-ANTIGRAVITY/extractores/results_txt/diario_result_20260126_220132_45c4df.txt
[Worker-5] No hay ms URLs para procesar en urls_autos_diarios. Finalizando.
[Worker-5] Finalizado procesamiento completo de urls_autos_diarios
[Worker-5] 
[Worker-5] >>> Procesando URLs SEMANALES <<<
[Worker-5] 
[Worker-5] [Sesin] Iniciando ciclo de navegador (Intento 1)
[Worker-5] 
[Worker-5] -------------------- REFRESCANDO CONTEXTO DEL NAVEGADOR --------------------
[Worker-5] Nuevo User-Agent: Mozilla/5.0 (Windows NT 10.0; Win64; x64; rv:91.0...)
[Worker-5] ------------------------------------------------------------------
[Worker-5] 
[Worker-4] Intento 3: Popup no encontrado
[Worker-5] URLs restantes en urls_autos_random: 0 | Procesadas en sesin: 0
[Worker-5] No hay ms URLs para procesar en urls_autos_random. Finalizando.
[Worker-5] Finalizado procesamiento completo de urls_autos_random
[Worker-5] 
[Worker-5] ==================================================
[Worker-5] Proceso completado exitosamente
[Worker-5] ==================================================
[Worker-5] 
[Worker-4] No se pudo cerrar el popup de satisfaccin
[Worker-4] Popups manejados POST-scroll
[Worker-4] Scroll adicional de confirmacin...
[Worker-4] Ttulo: Nissan Qashqai 2012
[Worker-4] Precio: S/ nan
[Worker-4] Kilometraje: 3.200200123452012e+304 km
[Worker-4] Ubicacin: Arranca tu ao sobre ruedas!
[Worker-4] Sbete a tu prximo seminuevo, el auto que mereces.
[Worker-4] Arranca tu ao sobre ruedas!
[Worker-4] Sbete a tu prximo seminuevo, el auto que mereces.
[Worker-4] Arranca tu ao sobre ruedas!
[Worker-4] Sbete a tu prximo seminuevo, el auto que mereces.
[Worker-4] Arranca tu ao sobre ruedas!
[Worker-4] Sbete a tu prximo seminuevo, el auto que mereces.
[Worker-4] Iniciar sesin
[Worker-4] Quiero vender
[Worker-4] Comprar
[Worker-4] Quiero vender
[Worker-4] Financiamiento
[Worker-4] Alquilar
[Worker-4] Nuevo
[Worker-4] Seguros
[Worker-4] Eventos
[Worker-4] Publicidad
[Worker-4] Autos usados
[Worker-4] Nissan
[Worker-4] Qashqai
[Worker-4] Nissan Qashqai 2012
[Worker-4] Brea, Lima, Lima
[Worker-4] Publicado hoy
[Worker-4] 8 vistas
[Worker-4] Reportar aviso
[Worker-4] Compartir
[Worker-4] Marcar como favorito
[Worker-4] Nissan Qashqai 2012
[Worker-4] Reportar aviso
[Worker-4] Compartir
[Worker-4] Marcar como favorito
[Worker-4] Ao modelo
[Worker-4] 2012
[Worker-4] Kilometraje
[Worker-4] 94,500 km
[Worker-4] Transmisin
[Worker-4] Automtica
[Worker-4] Descripcin
[Worker-4] Auto en excelente estado, nico dueo, full equipo, lunas y pestillos elctricos, poco recorrido en kilometraje. Todos los mantenimientos en el concesionario de la marca. Se vende por viaje.
[Worker-4] Te recomendamos:
[Worker-4] 
[Worker-4] Te toca renovar tu SOAT?
[Worker-4] 
[Worker-4] Verifica el estado de tu SOAT aqu y evita multas.
[Worker-4] 
[Worker-4] Consultar SOAT
[Worker-4] 
[Worker-4] Alquila autos con Kinto Share
[Worker-4] 
[Worker-4] Que nada frene tus aventuras. Seguro,flexible y con garantia.
[Worker-4] 
[Worker-4] Ver ms
[Worker-4] 
[Worker-4] Blog & Noticias
[Worker-4] 
[Worker-4] Entrate de las ltimas novedades del sector automotriz.
[Worker-4] 
[Worker-4] Ver ms
[Worker-4] Especificaciones tcnicas
[Worker-4] Caractersticas
[Worker-4] Marca
[Worker-4] Nissan
[Worker-4] Modelo
[Worker-4] QASHQAI
[Worker-4] Ao de fabricacin
[Worker-4] 2012
[Worker-4] Categora
[Worker-4] Camioneta
[Worker-4] Combustible
[Worker-4] Dual
[Worker-4] Precios y costos
[Worker-4] 
[Worker-4] An no tenemos suficiente informacin para determinar un rango de precio para este vehculo.
[Worker-4] 
[Worker-4] Excelente
[Worker-4] Competitivo
[Worker-4] Premium
[Worker-4] 
[Worker-4] (*) Precio referencial
[Worker-4] 
[Worker-4] Cmo se calcula este rango?
[Worker-4] 
[Worker-4] Te toca renovar tu SOAT?
[Worker-4] 
[Worker-4] Verifica el estado de tu SOAT aqu y evita multas.
[Worker-4] 
[Worker-4] Consultar SOAT
[Worker-4] Precio
[Worker-4] US$11,500
[Worker-4] Contctate con el anunciante
[Worker-4] Hctor Eduardo Zerpa Valencia
[Worker-4] 989 161...
[Worker-4] Ms informacin
[Worker-4] Beneficios adicionales para ti:
[Worker-4] Solicita tu Prstamo Personal hasta de S/45,000
[Worker-4] Me interesa
[Worker-4] Vehculos similares
[Worker-4] Ver todos los vehculos
[Worker-4] Como nuevo
[Worker-4] Nissan Qashqai 2021
[Worker-4] 97,000km
[Worker-4] ADVANCE MODELO ...
[Worker-4] Automtica - Se...
[Worker-4] Gasolina
[Worker-4] Precio
[Worker-4] US$19,000
[Worker-4] Con Crdito Vehicular
[Worker-4] US$18,000
[Worker-4] Ver detalle
[Worker-4] Vehculo de: Dwight Guillermo Garca Lizrraga
[Worker-4] Nissan Qashqai 2025
[Worker-4] 21,000km
[Worker-4] SENSE 4X2
[Worker-4] Mecnica
[Worker-4] Gasolina
[Worker-4] Precio
[Worker-4] US$25,700
[Worker-4] Con Crdito Vehicular
[Worker-4] US$691/mes
[Worker-4] Ver detalle
[Worker-4] Vehculo de: Cristhian Campos
[Worker-4] Auto verificado
[Worker-4] Unico Dueo
[Worker-4] Nissan Pathfinder 2015
[Worker-4] 175,000km
[Worker-4] EXCLUSIVE CVT
[Worker-4] Automtica
[Worker-4] Gasolina
[Worker-4] Precio
[Worker-4] US$15,000
[Worker-4] Ver detalle
[Worker-4] Vehculo de: AVIBIOL SAC
[Worker-4] Premium
[Worker-4] Nissan Pathfinder 2012
[Worker-4] 210,000km
[Worker-4] Automtica - Se...
[Worker-4] Diesel
[Worker-4] Precio
[Worker-4] US$15,900
[Worker-4] Ver detalle
[Worker-4] Vehculo de: CARLES MANUEL FARFAN NAVARRO
[Worker-4] Premium
[Worker-4] Nissan Pathfinder 2005
[Worker-4] 350,000km
[Worker-4] SE LUX 3.5
[Worker-4] Automtica
[Worker-4] Gas GLP
[Worker-4] Precio
[Worker-4] US$7,500
[Worker-4] Ver detalle
[Worker-4] Vehculo de: Alfredo Ponte Palma
[Worker-4] Premium
[Worker-4] Chery New Tiggo 7 2024
[Worker-4] 17,924km
[Worker-4] Automtica - Se...
[Worker-4] Gasolina
[Worker-4] Precio
[Worker-4] US$15,800
[Worker-4] Con Crdito Vehicular
[Worker-4] US$14,800
[Worker-4] Ver detalle
[Worker-4] Vehculo de: Jos Daniel Rebatta pea
[Worker-4] Subaru Forester 2015
[Worker-4] 107,000km
[Worker-4] Automtica
[Worker-4] Gasolina
[Worker-4] Precio
[Worker-4] US$13,600
[Worker-4] Con Crdito Vehicular
[Worker-4] US$1,126/mes
[Worker-4] Ver detalle
[Worker-4] Vehculo de: SN SN
[Worker-4] Mitsubishi Outlander 2017
[Worker-4] 85,000km
[Worker-4] 4WD 75 2.4 GLS ...
[Worker-4] Automtica - Se...
[Worker-4] Gasolina
[Worker-4] Precio
[Worker-4] US$15,900
[Worker-4] Con Crdito Vehicular
[Worker-4] US$14,900
[Worker-4] Ver detalle
[Worker-4] Vehculo de: Francisco Neira
[Worker-4] Seminuevos
[Worker-4] Autos
[Worker-4] Motos
[Worker-4] Camiones
[Worker-4] Usados
[Worker-4] Autos
[Worker-4] Motos
[Worker-4] Camiones
[Worker-4] Nuevos
[Worker-4] Autos
[Worker-4] Camiones
[Worker-4] Ayuda
[Worker-4] Trminos y condiciones
[Worker-4] Polticas de publicacin
[Worker-4] Cmo protegemos tus datos?
[Worker-4] Legales
[Worker-4] Sobre NeoAuto
[Worker-4] Noticias
[Worker-4] Tips y guas
[Worker-4] Ayuda en lnea
[Worker-4] 2024 NeoAuto Inc. Todos los derechos reservados
[Worker-4] Sguenos
[Worker-4] Descripcin: {"@context":"https://schema.org","@graph":[{"@type":"Organization","@id":"https://neoauto.com/#organ...
[Worker-4] nico dueo: S
[Worker-4] Datos guardados en: /home/richgutz/Scraper-Neoauto-ANTIGRAVITY/extractores/results_txt/diario_result_20260126_220140_30a634.txt
[Worker-4] No hay ms URLs para procesar en urls_autos_diarios. Finalizando.
[Worker-4] Finalizado procesamiento completo de urls_autos_diarios
[Worker-4] 
[Worker-4] >>> Procesando URLs SEMANALES <<<
[Worker-4] 
[Worker-4] [Sesin] Iniciando ciclo de navegador (Intento 1)
[Worker-4] 
[Worker-4] -------------------- REFRESCANDO CONTEXTO DEL NAVEGADOR --------------------
[Worker-4] Nuevo User-Agent: Mozilla/5.0 (Windows NT 10.0; Win64; x64...)
[Worker-4] ------------------------------------------------------------------
[Worker-4] 
[Worker-4] URLs restantes en urls_autos_random: 0 | Procesadas en sesin: 0
[Worker-4] No hay ms URLs para procesar en urls_autos_random. Finalizando.
[Worker-4] Finalizado procesamiento completo de urls_autos_random
[Worker-4] 
[Worker-4] ==================================================
[Worker-4] Proceso completado exitosamente
[Worker-4] ==================================================
[Worker-4] 
--- Todas las instancias han finalizado ---
--> Scrapers finalizados.
--> Procesando JSONs...
--- Extractor Automático de Datos de Vehículos (VERSIÓN FORENSE FINAL) ---

==================================================
Se consumirán datos de: /home/richgutz/Scraper-Neoauto-ANTIGRAVITY/extractores/results_txt
Los resultados se guardarán en: /home/richgutz/Scraper-Neoauto-ANTIGRAVITY/extractores/results_json
==================================================

Buscando archivos .txt en la carpeta: '/home/richgutz/Scraper-Neoauto-ANTIGRAVITY/extractores/results_txt'
Se encontraron 98 archivo(s) nuevos. Iniciando procesamiento...
UBIGEO encontrado (Distrito, Lima, Lima) mediante búsqueda por línea y contexto: {'distrito': 'San Miguel', 'provincia': 'Lima', 'departamento': 'Lima'}
Resultados guardados en: /home/richgutz/Scraper-Neoauto-ANTIGRAVITY/extractores/results_json/diario_result_20260126_215124_d73317.json
Archivo de texto de origen renombrado a: diario_result_20260126_215124_d73317_procesado.txt

------------------------------------------------------------
UBIGEO encontrado (Distrito, Lima, Lima) mediante búsqueda por línea y contexto: {'distrito': 'Santiago de Surco', 'provincia': 'Lima', 'departamento': 'Lima'}
Resultados guardados en: /home/richgutz/Scraper-Neoauto-ANTIGRAVITY/extractores/results_json/diario_result_20260126_214822_f33676.json
Archivo de texto de origen renombrado a: diario_result_20260126_214822_f33676_procesado.txt

------------------------------------------------------------
UBIGEO encontrado (Distrito, Lima, Lima) mediante búsqueda por línea y contexto: {'distrito': 'Jesús María', 'provincia': 'Lima', 'departamento': 'Lima'}
Resultados guardados en: /home/richgutz/Scraper-Neoauto-ANTIGRAVITY/extractores/results_json/diario_result_20260126_215601_0ccddb.json
Archivo de texto de origen renombrado a: diario_result_20260126_215601_0ccddb_procesado.txt

------------------------------------------------------------
UBIGEO encontrado (Distrito, Lima, Lima) mediante búsqueda por línea y contexto: {'distrito': 'San Borja', 'provincia': 'Lima', 'departamento': 'Lima'}
Resultados guardados en: /home/richgutz/Scraper-Neoauto-ANTIGRAVITY/extractores/results_json/diario_result_20260126_214923_f638ed.json
Archivo de texto de origen renombrado a: diario_result_20260126_214923_f638ed_procesado.txt

------------------------------------------------------------
No se encontró UBIGEO detallado en el texto.
Resultados guardados en: /home/richgutz/Scraper-Neoauto-ANTIGRAVITY/extractores/results_json/diario_result_20260126_220056_8d7cab.json
Archivo de texto de origen renombrado a: diario_result_20260126_220056_8d7cab_procesado.txt

------------------------------------------------------------
UBIGEO encontrado (Distrito, Lima, Lima) mediante búsqueda por línea y contexto: {'distrito': 'La Molina', 'provincia': 'Lima', 'departamento': 'Lima'}
Resultados guardados en: /home/richgutz/Scraper-Neoauto-ANTIGRAVITY/extractores/results_json/diario_result_20260126_215828_87d29f.json
Archivo de texto de origen renombrado a: diario_result_20260126_215828_87d29f_procesado.txt

------------------------------------------------------------
UBIGEO encontrado (Distrito, Lima, Lima) mediante búsqueda por línea y contexto: {'distrito': 'Miraflores', 'provincia': 'Lima', 'departamento': 'Lima'}
Resultados guardados en: /home/richgutz/Scraper-Neoauto-ANTIGRAVITY/extractores/results_json/diario_result_20260126_214821_eba6b2.json
Archivo de texto de origen renombrado a: diario_result_20260126_214821_eba6b2_procesado.txt

------------------------------------------------------------
UBIGEO encontrado (Distrito, Lima, Lima) mediante búsqueda por línea y contexto: {'distrito': 'San Borja', 'provincia': 'Lima', 'departamento': 'Lima'}
Resultados guardados en: /home/richgutz/Scraper-Neoauto-ANTIGRAVITY/extractores/results_json/diario_result_20260126_215529_652270.json
Archivo de texto de origen renombrado a: diario_result_20260126_215529_652270_procesado.txt

------------------------------------------------------------
UBIGEO encontrado (Distrito, Lima, Lima) mediante búsqueda por línea y contexto: {'distrito': 'Santiago de Surco', 'provincia': 'Lima', 'departamento': 'Lima'}
Resultados guardados en: /home/richgutz/Scraper-Neoauto-ANTIGRAVITY/extractores/results_json/diario_result_20260126_215846_945791.json
Archivo de texto de origen renombrado a: diario_result_20260126_215846_945791_procesado.txt

------------------------------------------------------------
No se encontró UBIGEO detallado en el texto.
Resultados guardados en: /home/richgutz/Scraper-Neoauto-ANTIGRAVITY/extractores/results_json/diario_result_20260126_220045_605110.json
Archivo de texto de origen renombrado a: diario_result_20260126_220045_605110_procesado.txt

------------------------------------------------------------
UBIGEO encontrado (Distrito, Lima, Lima) mediante búsqueda por línea y contexto: {'distrito': 'Ate', 'provincia': 'Lima', 'departamento': 'Lima'}
Resultados guardados en: /home/richgutz/Scraper-Neoauto-ANTIGRAVITY/extractores/results_json/diario_result_20260126_215622_d732a5.json
Archivo de texto de origen renombrado a: diario_result_20260126_215622_d732a5_procesado.txt

------------------------------------------------------------
UBIGEO encontrado (Distrito, Lima, Lima) mediante búsqueda por línea y contexto: {'distrito': 'Los Olivos', 'provincia': 'Lima', 'departamento': 'Lima'}
Resultados guardados en: /home/richgutz/Scraper-Neoauto-ANTIGRAVITY/extractores/results_json/diario_result_20260126_215632_50bb0a.json
Archivo de texto de origen renombrado a: diario_result_20260126_215632_50bb0a_procesado.txt

------------------------------------------------------------
UBIGEO encontrado (Distrito, Lima, Lima) mediante búsqueda por línea y contexto: {'distrito': 'Lima', 'provincia': 'Lima', 'departamento': 'Lima'}
Resultados guardados en: /home/richgutz/Scraper-Neoauto-ANTIGRAVITY/extractores/results_json/diario_result_20260126_215908_d3eed9.json
Archivo de texto de origen renombrado a: diario_result_20260126_215908_d3eed9_procesado.txt

------------------------------------------------------------
No se encontró UBIGEO detallado en el texto.
Resultados guardados en: /home/richgutz/Scraper-Neoauto-ANTIGRAVITY/extractores/results_json/diario_result_20260126_215751_979575.json
Archivo de texto de origen renombrado a: diario_result_20260126_215751_979575_procesado.txt

------------------------------------------------------------
UBIGEO encontrado (Distrito, Lima, Lima) mediante búsqueda por línea y contexto: {'distrito': 'San Isidro', 'provincia': 'Lima', 'departamento': 'Lima'}
Resultados guardados en: /home/richgutz/Scraper-Neoauto-ANTIGRAVITY/extractores/results_json/diario_result_20260126_215117_2bf31e.json
Archivo de texto de origen renombrado a: diario_result_20260126_215117_2bf31e_procesado.txt

------------------------------------------------------------
No se encontró UBIGEO detallado en el texto.
Resultados guardados en: /home/richgutz/Scraper-Neoauto-ANTIGRAVITY/extractores/results_json/diario_result_20260126_220037_285b78.json
Archivo de texto de origen renombrado a: diario_result_20260126_220037_285b78_procesado.txt

------------------------------------------------------------
No se encontró UBIGEO detallado en el texto.
Resultados guardados en: /home/richgutz/Scraper-Neoauto-ANTIGRAVITY/extractores/results_json/diario_result_20260126_220112_784d87.json
Archivo de texto de origen renombrado a: diario_result_20260126_220112_784d87_procesado.txt

------------------------------------------------------------
No se encontró UBIGEO detallado en el texto.
Resultados guardados en: /home/richgutz/Scraper-Neoauto-ANTIGRAVITY/extractores/results_json/diario_result_20260126_215629_db5ce5.json
Archivo de texto de origen renombrado a: diario_result_20260126_215629_db5ce5_procesado.txt

------------------------------------------------------------
UBIGEO encontrado (Distrito, Lima, Lima) mediante búsqueda por línea y contexto: {'distrito': 'San Luis', 'provincia': 'Lima', 'departamento': 'Lima'}
Resultados guardados en: /home/richgutz/Scraper-Neoauto-ANTIGRAVITY/extractores/results_json/diario_result_20260126_220119_e9e2e4.json
Archivo de texto de origen renombrado a: diario_result_20260126_220119_e9e2e4_procesado.txt

------------------------------------------------------------
UBIGEO encontrado (Distrito, Lima, Lima) mediante búsqueda por línea y contexto: {'distrito': 'La Molina', 'provincia': 'Lima', 'departamento': 'Lima'}
Resultados guardados en: /home/richgutz/Scraper-Neoauto-ANTIGRAVITY/extractores/results_json/diario_result_20260126_214725_4f9e1b.json
Archivo de texto de origen renombrado a: diario_result_20260126_214725_4f9e1b_procesado.txt

------------------------------------------------------------
UBIGEO encontrado (Distrito, Lima, Lima) mediante búsqueda por línea y contexto: {'distrito': 'Magdalena del Mar', 'provincia': 'Lima', 'departamento': 'Lima'}
Resultados guardados en: /home/richgutz/Scraper-Neoauto-ANTIGRAVITY/extractores/results_json/diario_result_20260126_215656_982b29.json
Archivo de texto de origen renombrado a: diario_result_20260126_215656_982b29_procesado.txt

------------------------------------------------------------
No se encontró UBIGEO detallado en el texto.
Resultados guardados en: /home/richgutz/Scraper-Neoauto-ANTIGRAVITY/extractores/results_json/diario_result_20260126_215235_84442e.json
Archivo de texto de origen renombrado a: diario_result_20260126_215235_84442e_procesado.txt

------------------------------------------------------------
UBIGEO encontrado (Distrito, Lima, Lima) mediante búsqueda por línea y contexto: {'distrito': 'Lince', 'provincia': 'Lima', 'departamento': 'Lima'}
Resultados guardados en: /home/richgutz/Scraper-Neoauto-ANTIGRAVITY/extractores/results_json/diario_result_20260126_215025_fadacf.json
Archivo de texto de origen renombrado a: diario_result_20260126_215025_fadacf_procesado.txt

------------------------------------------------------------
UBIGEO encontrado (Distrito, Lima, Lima) mediante búsqueda por línea y contexto: {'distrito': 'Santiago de Surco', 'provincia': 'Lima', 'departamento': 'Lima'}
Resultados guardados en: /home/richgutz/Scraper-Neoauto-ANTIGRAVITY/extractores/results_json/diario_result_20260126_215611_cb1d41.json
Archivo de texto de origen renombrado a: diario_result_20260126_215611_cb1d41_procesado.txt

------------------------------------------------------------
UBIGEO encontrado (Distrito, Lima, Lima) mediante búsqueda por línea y contexto: {'distrito': 'San Borja', 'provincia': 'Lima', 'departamento': 'Lima'}
Resultados guardados en: /home/richgutz/Scraper-Neoauto-ANTIGRAVITY/extractores/results_json/diario_result_20260126_215425_6278ff.json
Archivo de texto de origen renombrado a: diario_result_20260126_215425_6278ff_procesado.txt

------------------------------------------------------------
UBIGEO encontrado (Distrito, Lima, Lima) mediante búsqueda por línea y contexto: {'distrito': 'Santiago de Surco', 'provincia': 'Lima', 'departamento': 'Lima'}
Resultados guardados en: /home/richgutz/Scraper-Neoauto-ANTIGRAVITY/extractores/results_json/diario_result_20260126_215514_41fada.json
Archivo de texto de origen renombrado a: diario_result_20260126_215514_41fada_procesado.txt

------------------------------------------------------------
No se encontró UBIGEO detallado en el texto.
Resultados guardados en: /home/richgutz/Scraper-Neoauto-ANTIGRAVITY/extractores/results_json/diario_result_20260126_215429_ad5131.json
Archivo de texto de origen renombrado a: diario_result_20260126_215429_ad5131_procesado.txt

------------------------------------------------------------
UBIGEO encontrado (Distrito, Lima, Lima) mediante búsqueda por línea y contexto: {'distrito': 'La Molina', 'provincia': 'Lima', 'departamento': 'Lima'}
Resultados guardados en: /home/richgutz/Scraper-Neoauto-ANTIGRAVITY/extractores/results_json/diario_result_20260126_215025_e0b100.json
Archivo de texto de origen renombrado a: diario_result_20260126_215025_e0b100_procesado.txt

------------------------------------------------------------
No se encontró UBIGEO detallado en el texto.
Resultados guardados en: /home/richgutz/Scraper-Neoauto-ANTIGRAVITY/extractores/results_json/diario_result_20260126_215921_deeaa1.json
Archivo de texto de origen renombrado a: diario_result_20260126_215921_deeaa1_procesado.txt

------------------------------------------------------------
UBIGEO encontrado (Distrito, Lima, Lima) mediante búsqueda por línea y contexto: {'distrito': 'La Molina', 'provincia': 'Lima', 'departamento': 'Lima'}
Resultados guardados en: /home/richgutz/Scraper-Neoauto-ANTIGRAVITY/extractores/results_json/diario_result_20260126_214817_4f6ad5.json
Archivo de texto de origen renombrado a: diario_result_20260126_214817_4f6ad5_procesado.txt

------------------------------------------------------------
UBIGEO encontrado (Distrito, Lima, Lima) mediante búsqueda por línea y contexto: {'distrito': 'Ate', 'provincia': 'Lima', 'departamento': 'Lima'}
Resultados guardados en: /home/richgutz/Scraper-Neoauto-ANTIGRAVITY/extractores/results_json/diario_result_20260126_220017_4b0495.json
Archivo de texto de origen renombrado a: diario_result_20260126_220017_4b0495_procesado.txt

------------------------------------------------------------
UBIGEO encontrado (Distrito, Lima, Lima) mediante búsqueda por línea y contexto: {'distrito': 'San Borja', 'provincia': 'Lima', 'departamento': 'Lima'}
Resultados guardados en: /home/richgutz/Scraper-Neoauto-ANTIGRAVITY/extractores/results_json/diario_result_20260126_215135_ef52af.json
Archivo de texto de origen renombrado a: diario_result_20260126_215135_ef52af_procesado.txt

------------------------------------------------------------
UBIGEO encontrado (Distrito, Lima, Lima) mediante búsqueda por línea y contexto: {'distrito': 'Magdalena del Mar', 'provincia': 'Lima', 'departamento': 'Lima'}
Resultados guardados en: /home/richgutz/Scraper-Neoauto-ANTIGRAVITY/extractores/results_json/diario_result_20260126_215941_45e03d.json
Archivo de texto de origen renombrado a: diario_result_20260126_215941_45e03d_procesado.txt

------------------------------------------------------------
UBIGEO encontrado (Distrito, Lima, Lima) mediante búsqueda por línea y contexto: {'distrito': 'Santiago de Surco', 'provincia': 'Lima', 'departamento': 'Lima'}
Resultados guardados en: /home/richgutz/Scraper-Neoauto-ANTIGRAVITY/extractores/results_json/diario_result_20260126_220003_93eb53.json
Archivo de texto de origen renombrado a: diario_result_20260126_220003_93eb53_procesado.txt

------------------------------------------------------------
UBIGEO encontrado (Distrito, Lima, Lima) mediante búsqueda por línea y contexto: {'distrito': 'La Molina', 'provincia': 'Lima', 'departamento': 'Lima'}
Resultados guardados en: /home/richgutz/Scraper-Neoauto-ANTIGRAVITY/extractores/results_json/diario_result_20260126_214924_c07eb3.json
Archivo de texto de origen renombrado a: diario_result_20260126_214924_c07eb3_procesado.txt

------------------------------------------------------------
UBIGEO encontrado (Distrito, Lima, Lima) mediante búsqueda por línea y contexto: {'distrito': 'Ate', 'provincia': 'Lima', 'departamento': 'Lima'}
Resultados guardados en: /home/richgutz/Scraper-Neoauto-ANTIGRAVITY/extractores/results_json/diario_result_20260126_215123_b5b7de.json
Archivo de texto de origen renombrado a: diario_result_20260126_215123_b5b7de_procesado.txt

------------------------------------------------------------
UBIGEO encontrado (Distrito, Lima, Lima) mediante búsqueda por línea y contexto: {'distrito': 'Puente Piedra', 'provincia': 'Lima', 'departamento': 'Lima'}
Resultados guardados en: /home/richgutz/Scraper-Neoauto-ANTIGRAVITY/extractores/results_json/diario_result_20260126_215532_3931f9.json
Archivo de texto de origen renombrado a: diario_result_20260126_215532_3931f9_procesado.txt

------------------------------------------------------------
UBIGEO encontrado (Distrito, Lima, Lima) mediante búsqueda por línea y contexto: {'distrito': 'La Molina', 'provincia': 'Lima', 'departamento': 'Lima'}
Resultados guardados en: /home/richgutz/Scraper-Neoauto-ANTIGRAVITY/extractores/results_json/diario_result_20260126_214617_c8d9b7.json
Archivo de texto de origen renombrado a: diario_result_20260126_214617_c8d9b7_procesado.txt

------------------------------------------------------------
UBIGEO encontrado (Distrito, Lima, Lima) mediante búsqueda por línea y contexto: {'distrito': 'Los Olivos', 'provincia': 'Lima', 'departamento': 'Lima'}
Resultados guardados en: /home/richgutz/Scraper-Neoauto-ANTIGRAVITY/extractores/results_json/diario_result_20260126_215950_ec184b.json
Archivo de texto de origen renombrado a: diario_result_20260126_215950_ec184b_procesado.txt

------------------------------------------------------------
UBIGEO encontrado (Distrito, Lima, Lima) mediante búsqueda por línea y contexto: {'distrito': 'Comas', 'provincia': 'Lima', 'departamento': 'Lima'}
Resultados guardados en: /home/richgutz/Scraper-Neoauto-ANTIGRAVITY/extractores/results_json/diario_result_20260126_215523_d99d3c.json
Archivo de texto de origen renombrado a: diario_result_20260126_215523_d99d3c_procesado.txt

------------------------------------------------------------
UBIGEO encontrado (Distrito, Lima, Lima) mediante búsqueda por línea y contexto: {'distrito': 'Lima', 'provincia': 'Lima', 'departamento': 'Lima'}
Resultados guardados en: /home/richgutz/Scraper-Neoauto-ANTIGRAVITY/extractores/results_json/diario_result_20260126_215505_a52227.json
Archivo de texto de origen renombrado a: diario_result_20260126_215505_a52227_procesado.txt

------------------------------------------------------------
UBIGEO encontrado (Distrito, Lima, Lima) mediante búsqueda por línea y contexto: {'distrito': 'San Borja', 'provincia': 'Lima', 'departamento': 'Lima'}
Resultados guardados en: /home/richgutz/Scraper-Neoauto-ANTIGRAVITY/extractores/results_json/diario_result_20260126_214925_909703.json
Archivo de texto de origen renombrado a: diario_result_20260126_214925_909703_procesado.txt

------------------------------------------------------------
UBIGEO encontrado (Distrito, Lima, Lima) mediante búsqueda por línea y contexto: {'distrito': 'Breña', 'provincia': 'Lima', 'departamento': 'Lima'}
Resultados guardados en: /home/richgutz/Scraper-Neoauto-ANTIGRAVITY/extractores/results_json/diario_result_20260126_220140_30a634.json
Archivo de texto de origen renombrado a: diario_result_20260126_220140_30a634_procesado.txt

------------------------------------------------------------
UBIGEO encontrado (Distrito, Lima, Lima) mediante búsqueda por línea y contexto: {'distrito': 'La Molina', 'provincia': 'Lima', 'departamento': 'Lima'}
Resultados guardados en: /home/richgutz/Scraper-Neoauto-ANTIGRAVITY/extractores/results_json/diario_result_20260126_214920_41695f.json
Archivo de texto de origen renombrado a: diario_result_20260126_214920_41695f_procesado.txt

------------------------------------------------------------
UBIGEO encontrado (Distrito, Lima, Lima) mediante búsqueda por línea y contexto: {'distrito': 'Villa María del Triunfo', 'provincia': 'Lima', 'departamento': 'Lima'}
Resultados guardados en: /home/richgutz/Scraper-Neoauto-ANTIGRAVITY/extractores/results_json/diario_result_20260126_215634_9f93f1.json
Archivo de texto de origen renombrado a: diario_result_20260126_215634_9f93f1_procesado.txt

------------------------------------------------------------
No se encontró UBIGEO detallado en el texto.
Resultados guardados en: /home/richgutz/Scraper-Neoauto-ANTIGRAVITY/extractores/results_json/diario_result_20260126_215242_100b40.json
Archivo de texto de origen renombrado a: diario_result_20260126_215242_100b40_procesado.txt

------------------------------------------------------------
UBIGEO encontrado (Distrito, Lima, Lima) mediante búsqueda por línea y contexto: {'distrito': 'Miraflores', 'provincia': 'Lima', 'departamento': 'Lima'}
Resultados guardados en: /home/richgutz/Scraper-Neoauto-ANTIGRAVITY/extractores/results_json/diario_result_20260126_215802_71e74b.json
Archivo de texto de origen renombrado a: diario_result_20260126_215802_71e74b_procesado.txt

------------------------------------------------------------
UBIGEO encontrado (Distrito, Lima, Lima) mediante búsqueda por línea y contexto: {'distrito': 'Lima', 'provincia': 'Lima', 'departamento': 'Lima'}
Resultados guardados en: /home/richgutz/Scraper-Neoauto-ANTIGRAVITY/extractores/results_json/diario_result_20260126_215340_c82422.json
Archivo de texto de origen renombrado a: diario_result_20260126_215340_c82422_procesado.txt

------------------------------------------------------------
UBIGEO encontrado (Distrito, Lima, Lima) mediante búsqueda por línea y contexto: {'distrito': 'San Juan de Lurigancho', 'provincia': 'Lima', 'departamento': 'Lima'}
Resultados guardados en: /home/richgutz/Scraper-Neoauto-ANTIGRAVITY/extractores/results_json/diario_result_20260126_215730_273239.json
Archivo de texto de origen renombrado a: diario_result_20260126_215730_273239_procesado.txt

------------------------------------------------------------
UBIGEO encontrado (Distrito, Lima, Lima) mediante búsqueda por línea y contexto: {'distrito': 'Lima', 'provincia': 'Lima', 'departamento': 'Lima'}
Resultados guardados en: /home/richgutz/Scraper-Neoauto-ANTIGRAVITY/extractores/results_json/diario_result_20260126_215415_c2ba4d.json
Archivo de texto de origen renombrado a: diario_result_20260126_215415_c2ba4d_procesado.txt

------------------------------------------------------------
UBIGEO encontrado (Distrito, Lima, Lima) mediante búsqueda por línea y contexto: {'distrito': 'Santiago de Surco', 'provincia': 'Lima', 'departamento': 'Lima'}
Resultados guardados en: /home/richgutz/Scraper-Neoauto-ANTIGRAVITY/extractores/results_json/diario_result_20260126_215719_7b7fdf.json
Archivo de texto de origen renombrado a: diario_result_20260126_215719_7b7fdf_procesado.txt

------------------------------------------------------------
UBIGEO encontrado (Distrito, Lima, Lima) mediante búsqueda por línea y contexto: {'distrito': 'San Isidro', 'provincia': 'Lima', 'departamento': 'Lima'}
Resultados guardados en: /home/richgutz/Scraper-Neoauto-ANTIGRAVITY/extractores/results_json/diario_result_20260126_215855_7be286.json
Archivo de texto de origen renombrado a: diario_result_20260126_215855_7be286_procesado.txt

------------------------------------------------------------
UBIGEO encontrado (Distrito, Lima, Lima) mediante búsqueda por línea y contexto: {'distrito': 'Santa Anita', 'provincia': 'Lima', 'departamento': 'Lima'}
Resultados guardados en: /home/richgutz/Scraper-Neoauto-ANTIGRAVITY/extractores/results_json/diario_result_20260126_215535_b7ddfd.json
Archivo de texto de origen renombrado a: diario_result_20260126_215535_b7ddfd_procesado.txt

------------------------------------------------------------
UBIGEO encontrado (Distrito, Lima, Lima) mediante búsqueda por línea y contexto: {'distrito': 'Miraflores', 'provincia': 'Lima', 'departamento': 'Lima'}
Resultados guardados en: /home/richgutz/Scraper-Neoauto-ANTIGRAVITY/extractores/results_json/diario_result_20260126_214824_d74d04.json
Archivo de texto de origen renombrado a: diario_result_20260126_214824_d74d04_procesado.txt

------------------------------------------------------------
No se encontró UBIGEO detallado en el texto.
Resultados guardados en: /home/richgutz/Scraper-Neoauto-ANTIGRAVITY/extractores/results_json/diario_result_20260126_214828_91eb76.json
Archivo de texto de origen renombrado a: diario_result_20260126_214828_91eb76_procesado.txt

------------------------------------------------------------
UBIGEO encontrado (Distrito, Lima, Lima) mediante búsqueda por línea y contexto: {'distrito': 'Miraflores', 'provincia': 'Lima', 'departamento': 'Lima'}
Resultados guardados en: /home/richgutz/Scraper-Neoauto-ANTIGRAVITY/extractores/results_json/diario_result_20260126_215225_64781d.json
Archivo de texto de origen renombrado a: diario_result_20260126_215225_64781d_procesado.txt

------------------------------------------------------------
UBIGEO encontrado (Distrito, Lima, Lima) mediante búsqueda por línea y contexto: {'distrito': 'Santiago de Surco', 'provincia': 'Lima', 'departamento': 'Lima'}
Resultados guardados en: /home/richgutz/Scraper-Neoauto-ANTIGRAVITY/extractores/results_json/diario_result_20260126_214827_21ca31.json
Archivo de texto de origen renombrado a: diario_result_20260126_214827_21ca31_procesado.txt

------------------------------------------------------------
UBIGEO encontrado (Distrito, Lima, Lima) mediante búsqueda por línea y contexto: {'distrito': 'Santiago de Surco', 'provincia': 'Lima', 'departamento': 'Lima'}
Resultados guardados en: /home/richgutz/Scraper-Neoauto-ANTIGRAVITY/extractores/results_json/diario_result_20260126_220023_d81108.json
Archivo de texto de origen renombrado a: diario_result_20260126_220023_d81108_procesado.txt

------------------------------------------------------------
UBIGEO encontrado (Distrito, Lima, Lima) mediante búsqueda por línea y contexto: {'distrito': 'Santiago de Surco', 'provincia': 'Lima', 'departamento': 'Lima'}
Resultados guardados en: /home/richgutz/Scraper-Neoauto-ANTIGRAVITY/extractores/results_json/diario_result_20260126_214720_f03ced.json
Archivo de texto de origen renombrado a: diario_result_20260126_214720_f03ced_procesado.txt

------------------------------------------------------------
UBIGEO encontrado (Distrito, Lima, Lima) mediante búsqueda por línea y contexto: {'distrito': 'Lima', 'provincia': 'Lima', 'departamento': 'Lima'}
Resultados guardados en: /home/richgutz/Scraper-Neoauto-ANTIGRAVITY/extractores/results_json/diario_result_20260126_215436_301776.json
Archivo de texto de origen renombrado a: diario_result_20260126_215436_301776_procesado.txt

------------------------------------------------------------
UBIGEO encontrado (Distrito, Lima, Lima) mediante búsqueda por línea y contexto: {'distrito': 'San Isidro', 'provincia': 'Lima', 'departamento': 'Lima'}
Resultados guardados en: /home/richgutz/Scraper-Neoauto-ANTIGRAVITY/extractores/results_json/diario_result_20260126_215335_699fbf.json
Archivo de texto de origen renombrado a: diario_result_20260126_215335_699fbf_procesado.txt

------------------------------------------------------------
UBIGEO encontrado (Distrito, Lima, Lima) mediante búsqueda por línea y contexto: {'distrito': 'San Isidro', 'provincia': 'Lima', 'departamento': 'Lima'}
Resultados guardados en: /home/richgutz/Scraper-Neoauto-ANTIGRAVITY/extractores/results_json/diario_result_20260126_214618_c1b99d.json
Archivo de texto de origen renombrado a: diario_result_20260126_214618_c1b99d_procesado.txt

------------------------------------------------------------
UBIGEO encontrado (Distrito, Lima, Lima) mediante búsqueda por línea y contexto: {'distrito': 'Surquillo', 'provincia': 'Lima', 'departamento': 'Lima'}
Resultados guardados en: /home/richgutz/Scraper-Neoauto-ANTIGRAVITY/extractores/results_json/diario_result_20260126_215020_0e95ed.json
Archivo de texto de origen renombrado a: diario_result_20260126_215020_0e95ed_procesado.txt

------------------------------------------------------------
UBIGEO encontrado (Distrito, Lima, Lima) mediante búsqueda por línea y contexto: {'distrito': 'La Molina', 'provincia': 'Lima', 'departamento': 'Lima'}
Resultados guardados en: /home/richgutz/Scraper-Neoauto-ANTIGRAVITY/extractores/results_json/diario_result_20260126_214721_e6b453.json
Archivo de texto de origen renombrado a: diario_result_20260126_214721_e6b453_procesado.txt

------------------------------------------------------------
UBIGEO encontrado (Distrito, Lima, Lima) mediante búsqueda por línea y contexto: {'distrito': 'Miraflores', 'provincia': 'Lima', 'departamento': 'Lima'}
Resultados guardados en: /home/richgutz/Scraper-Neoauto-ANTIGRAVITY/extractores/results_json/diario_result_20260126_214929_37399e.json
Archivo de texto de origen renombrado a: diario_result_20260126_214929_37399e_procesado.txt

------------------------------------------------------------
UBIGEO encontrado (Distrito, Lima, Lima) mediante búsqueda por línea y contexto: {'distrito': 'La Molina', 'provincia': 'Lima', 'departamento': 'Lima'}
Resultados guardados en: /home/richgutz/Scraper-Neoauto-ANTIGRAVITY/extractores/results_json/diario_result_20260126_220132_45c4df.json
Archivo de texto de origen renombrado a: diario_result_20260126_220132_45c4df_procesado.txt

------------------------------------------------------------
UBIGEO encontrado (Distrito, Lima, Lima) mediante búsqueda por línea y contexto: {'distrito': 'Lima', 'provincia': 'Lima', 'departamento': 'Lima'}
Resultados guardados en: /home/richgutz/Scraper-Neoauto-ANTIGRAVITY/extractores/results_json/diario_result_20260126_215726_2eee54.json
Archivo de texto de origen renombrado a: diario_result_20260126_215726_2eee54_procesado.txt

------------------------------------------------------------
UBIGEO encontrado (Distrito, Lima, Lima) mediante búsqueda por línea y contexto: {'distrito': 'San Borja', 'provincia': 'Lima', 'departamento': 'Lima'}
Resultados guardados en: /home/richgutz/Scraper-Neoauto-ANTIGRAVITY/extractores/results_json/diario_result_20260126_215815_08c7d9.json
Archivo de texto de origen renombrado a: diario_result_20260126_215815_08c7d9_procesado.txt

------------------------------------------------------------
No se encontró UBIGEO detallado en el texto.
Resultados guardados en: /home/richgutz/Scraper-Neoauto-ANTIGRAVITY/extractores/results_json/diario_result_20260126_215929_66de4d.json
Archivo de texto de origen renombrado a: diario_result_20260126_215929_66de4d_procesado.txt

------------------------------------------------------------
UBIGEO encontrado (Distrito, Lima, Lima) mediante búsqueda por línea y contexto: {'distrito': 'San Borja', 'provincia': 'Lima', 'departamento': 'Lima'}
Resultados guardados en: /home/richgutz/Scraper-Neoauto-ANTIGRAVITY/extractores/results_json/diario_result_20260126_214932_7b7759.json
Archivo de texto de origen renombrado a: diario_result_20260126_214932_7b7759_procesado.txt

------------------------------------------------------------
UBIGEO encontrado (Distrito, Lima, Lima) mediante búsqueda por línea y contexto: {'distrito': 'San Martín de Porres', 'provincia': 'Lima', 'departamento': 'Lima'}
Resultados guardados en: /home/richgutz/Scraper-Neoauto-ANTIGRAVITY/extractores/results_json/diario_result_20260126_220122_6ff979.json
Archivo de texto de origen renombrado a: diario_result_20260126_220122_6ff979_procesado.txt

------------------------------------------------------------
UBIGEO encontrado (Distrito, Lima, Lima) mediante búsqueda por línea y contexto: {'distrito': 'San Isidro', 'provincia': 'Lima', 'departamento': 'Lima'}
Resultados guardados en: /home/richgutz/Scraper-Neoauto-ANTIGRAVITY/extractores/results_json/diario_result_20260126_214722_767536.json
Archivo de texto de origen renombrado a: diario_result_20260126_214722_767536_procesado.txt

------------------------------------------------------------
UBIGEO encontrado (Distrito, Lima, Lima) mediante búsqueda por línea y contexto: {'distrito': 'San Borja', 'provincia': 'Lima', 'departamento': 'Lima'}
Resultados guardados en: /home/richgutz/Scraper-Neoauto-ANTIGRAVITY/extractores/results_json/diario_result_20260126_215227_c201c6.json
Archivo de texto de origen renombrado a: diario_result_20260126_215227_c201c6_procesado.txt

------------------------------------------------------------
UBIGEO encontrado (Distrito, Lima, Lima) mediante búsqueda por línea y contexto: {'distrito': 'San Isidro', 'provincia': 'Lima', 'departamento': 'Lima'}
Resultados guardados en: /home/richgutz/Scraper-Neoauto-ANTIGRAVITY/extractores/results_json/diario_result_20260126_214618_627869.json
Archivo de texto de origen renombrado a: diario_result_20260126_214618_627869_procesado.txt

------------------------------------------------------------
UBIGEO encontrado (Distrito, Lima, Lima) mediante búsqueda por línea y contexto: {'distrito': 'Santiago de Surco', 'provincia': 'Lima', 'departamento': 'Lima'}
Resultados guardados en: /home/richgutz/Scraper-Neoauto-ANTIGRAVITY/extractores/results_json/diario_result_20260126_214724_193428.json
Archivo de texto de origen renombrado a: diario_result_20260126_214724_193428_procesado.txt

------------------------------------------------------------
UBIGEO encontrado (Distrito, Lima, Lima) mediante búsqueda por línea y contexto: {'distrito': 'La Molina', 'provincia': 'Lima', 'departamento': 'Lima'}
Resultados guardados en: /home/richgutz/Scraper-Neoauto-ANTIGRAVITY/extractores/results_json/diario_result_20260126_215409_af085b.json
Archivo de texto de origen renombrado a: diario_result_20260126_215409_af085b_procesado.txt

------------------------------------------------------------
UBIGEO encontrado (Distrito, Lima, Lima) mediante búsqueda por línea y contexto: {'distrito': 'San Isidro', 'provincia': 'Lima', 'departamento': 'Lima'}
Resultados guardados en: /home/richgutz/Scraper-Neoauto-ANTIGRAVITY/extractores/results_json/diario_result_20260126_215733_675257.json
Archivo de texto de origen renombrado a: diario_result_20260126_215733_675257_procesado.txt

------------------------------------------------------------
No se encontró UBIGEO detallado en el texto.
Resultados guardados en: /home/richgutz/Scraper-Neoauto-ANTIGRAVITY/extractores/results_json/diario_result_20260126_215140_3b89dc.json
Archivo de texto de origen renombrado a: diario_result_20260126_215140_3b89dc_procesado.txt

------------------------------------------------------------
No se encontró UBIGEO detallado en el texto.
Resultados guardados en: /home/richgutz/Scraper-Neoauto-ANTIGRAVITY/extractores/results_json/diario_result_20260126_215823_8c65fa.json
Archivo de texto de origen renombrado a: diario_result_20260126_215823_8c65fa_procesado.txt

------------------------------------------------------------
UBIGEO encontrado (Distrito, Lima, Lima) mediante búsqueda por línea y contexto: {'distrito': 'San Isidro', 'provincia': 'Lima', 'departamento': 'Lima'}
Resultados guardados en: /home/richgutz/Scraper-Neoauto-ANTIGRAVITY/extractores/results_json/diario_result_20260126_215038_ca503e.json
Archivo de texto de origen renombrado a: diario_result_20260126_215038_ca503e_procesado.txt

------------------------------------------------------------
UBIGEO encontrado (Distrito, Lima, Lima) mediante búsqueda por línea y contexto: {'distrito': 'San Borja', 'provincia': 'Lima', 'departamento': 'Lima'}
Resultados guardados en: /home/richgutz/Scraper-Neoauto-ANTIGRAVITY/extractores/results_json/diario_result_20260126_215320_5ccbe1.json
Archivo de texto de origen renombrado a: diario_result_20260126_215320_5ccbe1_procesado.txt

------------------------------------------------------------
UBIGEO encontrado (Distrito, Lima, Lima) mediante búsqueda por línea y contexto: {'distrito': 'Miraflores', 'provincia': 'Lima', 'departamento': 'Lima'}
Resultados guardados en: /home/richgutz/Scraper-Neoauto-ANTIGRAVITY/extractores/results_json/diario_result_20260126_215217_2f99cc.json
Archivo de texto de origen renombrado a: diario_result_20260126_215217_2f99cc_procesado.txt

------------------------------------------------------------
No se encontró UBIGEO detallado en el texto.
Resultados guardados en: /home/richgutz/Scraper-Neoauto-ANTIGRAVITY/extractores/results_json/diario_result_20260126_215926_60e88d.json
Archivo de texto de origen renombrado a: diario_result_20260126_215926_60e88d_procesado.txt

------------------------------------------------------------
UBIGEO encontrado (Distrito, Lima, Lima) mediante búsqueda por línea y contexto: {'distrito': 'Los Olivos', 'provincia': 'Lima', 'departamento': 'Lima'}
Resultados guardados en: /home/richgutz/Scraper-Neoauto-ANTIGRAVITY/extractores/results_json/diario_result_20260126_220025_3dddcf.json
Archivo de texto de origen renombrado a: diario_result_20260126_220025_3dddcf_procesado.txt

------------------------------------------------------------
UBIGEO encontrado (Distrito, Lima, Lima) mediante búsqueda por línea y contexto: {'distrito': 'Chorrillos', 'provincia': 'Lima', 'departamento': 'Lima'}
Resultados guardados en: /home/richgutz/Scraper-Neoauto-ANTIGRAVITY/extractores/results_json/diario_result_20260126_214624_5280de.json
Archivo de texto de origen renombrado a: diario_result_20260126_214624_5280de_procesado.txt

------------------------------------------------------------
No se encontró UBIGEO detallado en el texto.
Resultados guardados en: /home/richgutz/Scraper-Neoauto-ANTIGRAVITY/extractores/results_json/diario_result_20260126_215435_71a72f.json
Archivo de texto de origen renombrado a: diario_result_20260126_215435_71a72f_procesado.txt

------------------------------------------------------------
UBIGEO encontrado (Distrito, Lima, Lima) mediante búsqueda por línea y contexto: {'distrito': 'Santiago de Surco', 'provincia': 'Lima', 'departamento': 'Lima'}
Resultados guardados en: /home/richgutz/Scraper-Neoauto-ANTIGRAVITY/extractores/results_json/diario_result_20260126_214720_168920.json
Archivo de texto de origen renombrado a: diario_result_20260126_214720_168920_procesado.txt

------------------------------------------------------------
UBIGEO encontrado (Distrito, Lima, Lima) mediante búsqueda por línea y contexto: {'distrito': 'San Juan de Lurigancho', 'provincia': 'Lima', 'departamento': 'Lima'}
Resultados guardados en: /home/richgutz/Scraper-Neoauto-ANTIGRAVITY/extractores/results_json/diario_result_20260126_215328_b4b198.json
Archivo de texto de origen renombrado a: diario_result_20260126_215328_b4b198_procesado.txt

------------------------------------------------------------
UBIGEO encontrado (Distrito, Lima, Lima) mediante búsqueda por línea y contexto: {'distrito': 'Santiago de Surco', 'provincia': 'Lima', 'departamento': 'Lima'}
Resultados guardados en: /home/richgutz/Scraper-Neoauto-ANTIGRAVITY/extractores/results_json/diario_result_20260126_214620_3522b5.json
Archivo de texto de origen renombrado a: diario_result_20260126_214620_3522b5_procesado.txt

------------------------------------------------------------
UBIGEO encontrado (Distrito, Lima, Lima) mediante búsqueda por línea y contexto: {'distrito': 'Lince', 'provincia': 'Lima', 'departamento': 'Lima'}
Resultados guardados en: /home/richgutz/Scraper-Neoauto-ANTIGRAVITY/extractores/results_json/diario_result_20260126_215223_a451f7.json
Archivo de texto de origen renombrado a: diario_result_20260126_215223_a451f7_procesado.txt

------------------------------------------------------------
UBIGEO encontrado (Distrito, Lima, Lima) mediante búsqueda por línea y contexto: {'distrito': 'Miraflores', 'provincia': 'Lima', 'departamento': 'Lima'}
Resultados guardados en: /home/richgutz/Scraper-Neoauto-ANTIGRAVITY/extractores/results_json/diario_result_20260126_215314_344909.json
Archivo de texto de origen renombrado a: diario_result_20260126_215314_344909_procesado.txt

------------------------------------------------------------
UBIGEO encontrado (Distrito, Lima, Lima) mediante búsqueda por línea y contexto: {'distrito': 'Puente Piedra', 'provincia': 'Lima', 'departamento': 'Lima'}
Resultados guardados en: /home/richgutz/Scraper-Neoauto-ANTIGRAVITY/extractores/results_json/diario_result_20260126_215830_69f024.json
Archivo de texto de origen renombrado a: diario_result_20260126_215830_69f024_procesado.txt

------------------------------------------------------------
UBIGEO encontrado (Distrito, Lima, Lima) mediante búsqueda por línea y contexto: {'distrito': 'Breña', 'provincia': 'Lima', 'departamento': 'Lima'}
Resultados guardados en: /home/richgutz/Scraper-Neoauto-ANTIGRAVITY/extractores/results_json/diario_result_20260126_215326_6be3a5.json
Archivo de texto de origen renombrado a: diario_result_20260126_215326_6be3a5_procesado.txt

------------------------------------------------------------
No se encontró UBIGEO detallado en el texto.
Resultados guardados en: /home/richgutz/Scraper-Neoauto-ANTIGRAVITY/extractores/results_json/diario_result_20260126_215025_9a13cb.json
Archivo de texto de origen renombrado a: diario_result_20260126_215025_9a13cb_procesado.txt

------------------------------------------------------------
UBIGEO encontrado (Distrito, Lima, Lima) mediante búsqueda por línea y contexto: {'distrito': 'Santiago de Surco', 'provincia': 'Lima', 'departamento': 'Lima'}
Resultados guardados en: /home/richgutz/Scraper-Neoauto-ANTIGRAVITY/extractores/results_json/diario_result_20260126_215126_8d330a.json
Archivo de texto de origen renombrado a: diario_result_20260126_215126_8d330a_procesado.txt

------------------------------------------------------------
UBIGEO encontrado (Distrito, Lima, Lima) mediante búsqueda por línea y contexto: {'distrito': 'Santiago de Surco', 'provincia': 'Lima', 'departamento': 'Lima'}
Resultados guardados en: /home/richgutz/Scraper-Neoauto-ANTIGRAVITY/extractores/results_json/diario_result_20260126_215032_540fca.json
Archivo de texto de origen renombrado a: diario_result_20260126_215032_540fca_procesado.txt

------------------------------------------------------------
UBIGEO encontrado (Distrito, Lima, Lima) mediante búsqueda por línea y contexto: {'distrito': 'Miraflores', 'provincia': 'Lima', 'departamento': 'Lima'}
Resultados guardados en: /home/richgutz/Scraper-Neoauto-ANTIGRAVITY/extractores/results_json/diario_result_20260126_215706_aef38b.json
Archivo de texto de origen renombrado a: diario_result_20260126_215706_aef38b_procesado.txt

------------------------------------------------------------
UBIGEO encontrado (Distrito, Lima, Lima) mediante búsqueda por línea y contexto: {'distrito': 'Lima', 'provincia': 'Lima', 'departamento': 'Lima'}
Resultados guardados en: /home/richgutz/Scraper-Neoauto-ANTIGRAVITY/extractores/results_json/diario_result_20260126_214619_20659c.json
Archivo de texto de origen renombrado a: diario_result_20260126_214619_20659c_procesado.txt
Conexión con Supabase establecida exitosamente.
Se encontraron 98 archivo(s) JSON nuevos. Iniciando importación...
--- Iniciando procesamiento para: diario_result_20260126_215941_45e03d.json ---
Datos de 'diario_result_20260126_215941_45e03d.json' insertados exitosamente.
Archivo 'diario_result_20260126_215941_45e03d.json' movido a '/home/richgutz/Scraper-Neoauto-ANTIGRAVITY/extractores/results_json/PROCESADO/diario_result_20260126_215941_45e03d.json'
--- Fin del procesamiento para: diario_result_20260126_215941_45e03d.json ---
--- Iniciando procesamiento para: diario_result_20260126_214932_7b7759.json ---
URL 'https://neoauto.com/auto/usado/chevrolet-n400-2023-1863479' ya existe en Supabase. Omitiendo inserción.
Archivo 'diario_result_20260126_214932_7b7759.json' movido a '/home/richgutz/Scraper-Neoauto-ANTIGRAVITY/extractores/results_json/PROCESADO/diario_result_20260126_214932_7b7759.json'
--- Fin del procesamiento para: diario_result_20260126_214932_7b7759.json ---
--- Iniciando procesamiento para: diario_result_20260126_215025_fadacf.json ---
URL 'https://neoauto.com/auto/usado/audi-q5-2013-1863472' ya existe en Supabase. Omitiendo inserción.
Archivo 'diario_result_20260126_215025_fadacf.json' movido a '/home/richgutz/Scraper-Neoauto-ANTIGRAVITY/extractores/results_json/PROCESADO/diario_result_20260126_215025_fadacf.json'
--- Fin del procesamiento para: diario_result_20260126_215025_fadacf.json ---
--- Iniciando procesamiento para: diario_result_20260126_215855_7be286.json ---
URL 'https://neoauto.com/auto/usado/toyota-land-cruiser-prado-2014-1863476' ya existe en Supabase. Omitiendo inserción.
Archivo 'diario_result_20260126_215855_7be286.json' movido a '/home/richgutz/Scraper-Neoauto-ANTIGRAVITY/extractores/results_json/PROCESADO/diario_result_20260126_215855_7be286.json'
--- Fin del procesamiento para: diario_result_20260126_215855_7be286.json ---
--- Iniciando procesamiento para: diario_result_20260126_220023_d81108.json ---
Datos de 'diario_result_20260126_220023_d81108.json' insertados exitosamente.
Archivo 'diario_result_20260126_220023_d81108.json' movido a '/home/richgutz/Scraper-Neoauto-ANTIGRAVITY/extractores/results_json/PROCESADO/diario_result_20260126_220023_d81108.json'
--- Fin del procesamiento para: diario_result_20260126_220023_d81108.json ---
--- Iniciando procesamiento para: diario_result_20260126_215656_982b29.json ---
URL 'https://neoauto.com/auto/usado/volvo-s60-2016-1863483' ya existe en Supabase. Omitiendo inserción.
Archivo 'diario_result_20260126_215656_982b29.json' movido a '/home/richgutz/Scraper-Neoauto-ANTIGRAVITY/extractores/results_json/PROCESADO/diario_result_20260126_215656_982b29.json'
--- Fin del procesamiento para: diario_result_20260126_215656_982b29.json ---
--- Iniciando procesamiento para: diario_result_20260126_214824_d74d04.json ---
Datos de 'diario_result_20260126_214824_d74d04.json' insertados exitosamente.
Archivo 'diario_result_20260126_214824_d74d04.json' movido a '/home/richgutz/Scraper-Neoauto-ANTIGRAVITY/extractores/results_json/PROCESADO/diario_result_20260126_214824_d74d04.json'
--- Fin del procesamiento para: diario_result_20260126_214824_d74d04.json ---
--- Iniciando procesamiento para: diario_result_20260126_215135_ef52af.json ---
URL 'https://neoauto.com/auto/usado/hyundai-staria-2023-1863490' ya existe en Supabase. Omitiendo inserción.
Archivo 'diario_result_20260126_215135_ef52af.json' movido a '/home/richgutz/Scraper-Neoauto-ANTIGRAVITY/extractores/results_json/PROCESADO/diario_result_20260126_215135_ef52af.json'
--- Fin del procesamiento para: diario_result_20260126_215135_ef52af.json ---
--- Iniciando procesamiento para: diario_result_20260126_214923_f638ed.json ---
URL 'https://neoauto.com/auto/usado/mazda-cx-30-2022-1857691' ya existe en Supabase. Omitiendo inserción.
Archivo 'diario_result_20260126_214923_f638ed.json' movido a '/home/richgutz/Scraper-Neoauto-ANTIGRAVITY/extractores/results_json/PROCESADO/diario_result_20260126_214923_f638ed.json'
--- Fin del procesamiento para: diario_result_20260126_214923_f638ed.json ---
--- Iniciando procesamiento para: diario_result_20260126_215038_ca503e.json ---
Datos de 'diario_result_20260126_215038_ca503e.json' insertados exitosamente.
Archivo 'diario_result_20260126_215038_ca503e.json' movido a '/home/richgutz/Scraper-Neoauto-ANTIGRAVITY/extractores/results_json/PROCESADO/diario_result_20260126_215038_ca503e.json'
--- Fin del procesamiento para: diario_result_20260126_215038_ca503e.json ---
--- Iniciando procesamiento para: diario_result_20260126_215409_af085b.json ---
Datos de 'diario_result_20260126_215409_af085b.json' insertados exitosamente.
Archivo 'diario_result_20260126_215409_af085b.json' movido a '/home/richgutz/Scraper-Neoauto-ANTIGRAVITY/extractores/results_json/PROCESADO/diario_result_20260126_215409_af085b.json'
--- Fin del procesamiento para: diario_result_20260126_215409_af085b.json ---
--- Iniciando procesamiento para: diario_result_20260126_215435_71a72f.json ---
Datos de 'diario_result_20260126_215435_71a72f.json' insertados exitosamente.
Archivo 'diario_result_20260126_215435_71a72f.json' movido a '/home/richgutz/Scraper-Neoauto-ANTIGRAVITY/extractores/results_json/PROCESADO/diario_result_20260126_215435_71a72f.json'
--- Fin del procesamiento para: diario_result_20260126_215435_71a72f.json ---
--- Iniciando procesamiento para: diario_result_20260126_215025_9a13cb.json ---
Datos de 'diario_result_20260126_215025_9a13cb.json' insertados exitosamente.
Archivo 'diario_result_20260126_215025_9a13cb.json' movido a '/home/richgutz/Scraper-Neoauto-ANTIGRAVITY/extractores/results_json/PROCESADO/diario_result_20260126_215025_9a13cb.json'
--- Fin del procesamiento para: diario_result_20260126_215025_9a13cb.json ---
--- Iniciando procesamiento para: diario_result_20260126_215529_652270.json ---
URL 'https://neoauto.com/auto/usado/nissan-x-trail-2015-1863500' ya existe en Supabase. Omitiendo inserción.
Archivo 'diario_result_20260126_215529_652270.json' movido a '/home/richgutz/Scraper-Neoauto-ANTIGRAVITY/extractores/results_json/PROCESADO/diario_result_20260126_215529_652270.json'
--- Fin del procesamiento para: diario_result_20260126_215529_652270.json ---
--- Iniciando procesamiento para: diario_result_20260126_214617_c8d9b7.json ---
URL 'https://neoauto.com/auto/usado/hyundai-santa-fe-2012-1863508' ya existe en Supabase. Omitiendo inserción.
Archivo 'diario_result_20260126_214617_c8d9b7.json' movido a '/home/richgutz/Scraper-Neoauto-ANTIGRAVITY/extractores/results_json/PROCESADO/diario_result_20260126_214617_c8d9b7.json'
--- Fin del procesamiento para: diario_result_20260126_214617_c8d9b7.json ---
--- Iniciando procesamiento para: diario_result_20260126_215242_100b40.json ---
URL 'https://neoauto.com/auto/usado/mazda-bt-50-2020-1863514' ya existe en Supabase. Omitiendo inserción.
Archivo 'diario_result_20260126_215242_100b40.json' movido a '/home/richgutz/Scraper-Neoauto-ANTIGRAVITY/extractores/results_json/PROCESADO/diario_result_20260126_215242_100b40.json'
--- Fin del procesamiento para: diario_result_20260126_215242_100b40.json ---
--- Iniciando procesamiento para: diario_result_20260126_215523_d99d3c.json ---
URL 'https://neoauto.com/auto/usado/mazda-3-2018-1859576' ya existe en Supabase. Omitiendo inserción.
Archivo 'diario_result_20260126_215523_d99d3c.json' movido a '/home/richgutz/Scraper-Neoauto-ANTIGRAVITY/extractores/results_json/PROCESADO/diario_result_20260126_215523_d99d3c.json'
--- Fin del procesamiento para: diario_result_20260126_215523_d99d3c.json ---
--- Iniciando procesamiento para: diario_result_20260126_215929_66de4d.json ---
URL 'https://neoauto.com/auto/usado/mitsubishi-l200-dk-r-2020-1863518' ya existe en Supabase. Omitiendo inserción.
Archivo 'diario_result_20260126_215929_66de4d.json' movido a '/home/richgutz/Scraper-Neoauto-ANTIGRAVITY/extractores/results_json/PROCESADO/diario_result_20260126_215929_66de4d.json'
--- Fin del procesamiento para: diario_result_20260126_215929_66de4d.json ---
--- Iniciando procesamiento para: diario_result_20260126_220017_4b0495.json ---
URL 'https://neoauto.com/auto/usado/honda-cr-v-2008-1863503' ya existe en Supabase. Omitiendo inserción.
Archivo 'diario_result_20260126_220017_4b0495.json' movido a '/home/richgutz/Scraper-Neoauto-ANTIGRAVITY/extractores/results_json/PROCESADO/diario_result_20260126_220017_4b0495.json'
--- Fin del procesamiento para: diario_result_20260126_220017_4b0495.json ---
--- Iniciando procesamiento para: diario_result_20260126_215706_aef38b.json ---
URL 'https://neoauto.com/auto/usado/kia-cerato-2019-1863497' ya existe en Supabase. Omitiendo inserción.
Archivo 'diario_result_20260126_215706_aef38b.json' movido a '/home/richgutz/Scraper-Neoauto-ANTIGRAVITY/extractores/results_json/PROCESADO/diario_result_20260126_215706_aef38b.json'
--- Fin del procesamiento para: diario_result_20260126_215706_aef38b.json ---
--- Iniciando procesamiento para: diario_result_20260126_215340_c82422.json ---
URL 'https://neoauto.com/auto/usado/hyundai-creta-2019-1863462' ya existe en Supabase. Omitiendo inserción.
Archivo 'diario_result_20260126_215340_c82422.json' movido a '/home/richgutz/Scraper-Neoauto-ANTIGRAVITY/extractores/results_json/PROCESADO/diario_result_20260126_215340_c82422.json'
--- Fin del procesamiento para: diario_result_20260126_215340_c82422.json ---
--- Iniciando procesamiento para: diario_result_20260126_214618_c1b99d.json ---
URL 'https://neoauto.com/auto/usado/bmw-x1-20i-2017-1863485' ya existe en Supabase. Omitiendo inserción.
Archivo 'diario_result_20260126_214618_c1b99d.json' movido a '/home/richgutz/Scraper-Neoauto-ANTIGRAVITY/extractores/results_json/PROCESADO/diario_result_20260126_214618_c1b99d.json'
--- Fin del procesamiento para: diario_result_20260126_214618_c1b99d.json ---
--- Iniciando procesamiento para: diario_result_20260126_215815_08c7d9.json ---
URL 'https://neoauto.com/auto/usado/subaru-outback-2015-1863459' ya existe en Supabase. Omitiendo inserción.
Archivo 'diario_result_20260126_215815_08c7d9.json' movido a '/home/richgutz/Scraper-Neoauto-ANTIGRAVITY/extractores/results_json/PROCESADO/diario_result_20260126_215815_08c7d9.json'
--- Fin del procesamiento para: diario_result_20260126_215815_08c7d9.json ---
--- Iniciando procesamiento para: diario_result_20260126_215429_ad5131.json ---
Datos de 'diario_result_20260126_215429_ad5131.json' insertados exitosamente.
Archivo 'diario_result_20260126_215429_ad5131.json' movido a '/home/richgutz/Scraper-Neoauto-ANTIGRAVITY/extractores/results_json/PROCESADO/diario_result_20260126_215429_ad5131.json'
--- Fin del procesamiento para: diario_result_20260126_215429_ad5131.json ---
--- Iniciando procesamiento para: diario_result_20260126_215830_69f024.json ---
URL 'https://neoauto.com/auto/usado/kia-sportage-2019-1863453' ya existe en Supabase. Omitiendo inserción.
Archivo 'diario_result_20260126_215830_69f024.json' movido a '/home/richgutz/Scraper-Neoauto-ANTIGRAVITY/extractores/results_json/PROCESADO/diario_result_20260126_215830_69f024.json'
--- Fin del procesamiento para: diario_result_20260126_215830_69f024.json ---
--- Iniciando procesamiento para: diario_result_20260126_214821_eba6b2.json ---
URL 'https://neoauto.com/auto/usado/suzuki-swift-2010-1863532' ya existe en Supabase. Omitiendo inserción.
Archivo 'diario_result_20260126_214821_eba6b2.json' movido a '/home/richgutz/Scraper-Neoauto-ANTIGRAVITY/extractores/results_json/PROCESADO/diario_result_20260126_214821_eba6b2.json'
--- Fin del procesamiento para: diario_result_20260126_214821_eba6b2.json ---
--- Iniciando procesamiento para: diario_result_20260126_215622_d732a5.json ---
URL 'https://neoauto.com/auto/usado/honda-pilot-2015-1863473' ya existe en Supabase. Omitiendo inserción.
Archivo 'diario_result_20260126_215622_d732a5.json' movido a '/home/richgutz/Scraper-Neoauto-ANTIGRAVITY/extractores/results_json/PROCESADO/diario_result_20260126_215622_d732a5.json'
--- Fin del procesamiento para: diario_result_20260126_215622_d732a5.json ---
--- Iniciando procesamiento para: diario_result_20260126_214925_909703.json ---
URL 'https://neoauto.com/auto/usado/honda-cr-v-2017-1863513' ya existe en Supabase. Omitiendo inserción.
Archivo 'diario_result_20260126_214925_909703.json' movido a '/home/richgutz/Scraper-Neoauto-ANTIGRAVITY/extractores/results_json/PROCESADO/diario_result_20260126_214925_909703.json'
--- Fin del procesamiento para: diario_result_20260126_214925_909703.json ---
--- Iniciando procesamiento para: diario_result_20260126_215326_6be3a5.json ---
URL 'https://neoauto.com/auto/usado/subaru-xv-2020-1863502' ya existe en Supabase. Omitiendo inserción.
Archivo 'diario_result_20260126_215326_6be3a5.json' movido a '/home/richgutz/Scraper-Neoauto-ANTIGRAVITY/extractores/results_json/PROCESADO/diario_result_20260126_215326_6be3a5.json'
--- Fin del procesamiento para: diario_result_20260126_215326_6be3a5.json ---
--- Iniciando procesamiento para: diario_result_20260126_214725_4f9e1b.json ---
URL 'https://neoauto.com/auto/usado/mazda-cx-5-2023-1863481' ya existe en Supabase. Omitiendo inserción.
Archivo 'diario_result_20260126_214725_4f9e1b.json' movido a '/home/richgutz/Scraper-Neoauto-ANTIGRAVITY/extractores/results_json/PROCESADO/diario_result_20260126_214725_4f9e1b.json'
--- Fin del procesamiento para: diario_result_20260126_214725_4f9e1b.json ---
--- Iniciando procesamiento para: diario_result_20260126_215415_c2ba4d.json ---
Datos de 'diario_result_20260126_215415_c2ba4d.json' insertados exitosamente.
Archivo 'diario_result_20260126_215415_c2ba4d.json' movido a '/home/richgutz/Scraper-Neoauto-ANTIGRAVITY/extractores/results_json/PROCESADO/diario_result_20260126_215415_c2ba4d.json'
--- Fin del procesamiento para: diario_result_20260126_215415_c2ba4d.json ---
--- Iniciando procesamiento para: diario_result_20260126_220045_605110.json ---
Datos de 'diario_result_20260126_220045_605110.json' insertados exitosamente.
Archivo 'diario_result_20260126_220045_605110.json' movido a '/home/richgutz/Scraper-Neoauto-ANTIGRAVITY/extractores/results_json/PROCESADO/diario_result_20260126_220045_605110.json'
--- Fin del procesamiento para: diario_result_20260126_220045_605110.json ---
--- Iniciando procesamiento para: diario_result_20260126_215225_64781d.json ---
Datos de 'diario_result_20260126_215225_64781d.json' insertados exitosamente.
Archivo 'diario_result_20260126_215225_64781d.json' movido a '/home/richgutz/Scraper-Neoauto-ANTIGRAVITY/extractores/results_json/PROCESADO/diario_result_20260126_215225_64781d.json'
--- Fin del procesamiento para: diario_result_20260126_215225_64781d.json ---
--- Iniciando procesamiento para: diario_result_20260126_214817_4f6ad5.json ---
URL 'https://neoauto.com/auto/usado/kia-cerato-2019-1863455' ya existe en Supabase. Omitiendo inserción.
Archivo 'diario_result_20260126_214817_4f6ad5.json' movido a '/home/richgutz/Scraper-Neoauto-ANTIGRAVITY/extractores/results_json/PROCESADO/diario_result_20260126_214817_4f6ad5.json'
--- Fin del procesamiento para: diario_result_20260126_214817_4f6ad5.json ---
--- Iniciando procesamiento para: diario_result_20260126_215726_2eee54.json ---
URL 'https://neoauto.com/auto/usado/kia-picanto-2021-1863466' ya existe en Supabase. Omitiendo inserción.
Archivo 'diario_result_20260126_215726_2eee54.json' movido a '/home/richgutz/Scraper-Neoauto-ANTIGRAVITY/extractores/results_json/PROCESADO/diario_result_20260126_215726_2eee54.json'
--- Fin del procesamiento para: diario_result_20260126_215726_2eee54.json ---
--- Iniciando procesamiento para: diario_result_20260126_214619_20659c.json ---
URL 'https://neoauto.com/auto/usado/toyota-camry-2013-1863515' ya existe en Supabase. Omitiendo inserción.
Archivo 'diario_result_20260126_214619_20659c.json' movido a '/home/richgutz/Scraper-Neoauto-ANTIGRAVITY/extractores/results_json/PROCESADO/diario_result_20260126_214619_20659c.json'
--- Fin del procesamiento para: diario_result_20260126_214619_20659c.json ---
--- Iniciando procesamiento para: diario_result_20260126_214624_5280de.json ---
URL 'https://neoauto.com/auto/usado/bmw-x1-18i-2024-1863486' ya existe en Supabase. Omitiendo inserción.
Archivo 'diario_result_20260126_214624_5280de.json' movido a '/home/richgutz/Scraper-Neoauto-ANTIGRAVITY/extractores/results_json/PROCESADO/diario_result_20260126_214624_5280de.json'
--- Fin del procesamiento para: diario_result_20260126_214624_5280de.json ---
--- Iniciando procesamiento para: diario_result_20260126_214924_c07eb3.json ---
URL 'https://neoauto.com/auto/usado/toyota-hilux-2022-1863482' ya existe en Supabase. Omitiendo inserción.
Archivo 'diario_result_20260126_214924_c07eb3.json' movido a '/home/richgutz/Scraper-Neoauto-ANTIGRAVITY/extractores/results_json/PROCESADO/diario_result_20260126_214924_c07eb3.json'
--- Fin del procesamiento para: diario_result_20260126_214924_c07eb3.json ---
--- Iniciando procesamiento para: diario_result_20260126_214722_767536.json ---
URL 'https://neoauto.com/auto/usado/volvo-s60-2018-1863470' ya existe en Supabase. Omitiendo inserción.
Archivo 'diario_result_20260126_214722_767536.json' movido a '/home/richgutz/Scraper-Neoauto-ANTIGRAVITY/extractores/results_json/PROCESADO/diario_result_20260126_214722_767536.json'
--- Fin del procesamiento para: diario_result_20260126_214722_767536.json ---
--- Iniciando procesamiento para: diario_result_20260126_215632_50bb0a.json ---
Datos de 'diario_result_20260126_215632_50bb0a.json' insertados exitosamente.
Archivo 'diario_result_20260126_215632_50bb0a.json' movido a '/home/richgutz/Scraper-Neoauto-ANTIGRAVITY/extractores/results_json/PROCESADO/diario_result_20260126_215632_50bb0a.json'
--- Fin del procesamiento para: diario_result_20260126_215632_50bb0a.json ---
--- Iniciando procesamiento para: diario_result_20260126_214828_91eb76.json ---
Datos de 'diario_result_20260126_214828_91eb76.json' insertados exitosamente.
Archivo 'diario_result_20260126_214828_91eb76.json' movido a '/home/richgutz/Scraper-Neoauto-ANTIGRAVITY/extractores/results_json/PROCESADO/diario_result_20260126_214828_91eb76.json'
--- Fin del procesamiento para: diario_result_20260126_214828_91eb76.json ---
--- Iniciando procesamiento para: diario_result_20260126_220037_285b78.json ---
URL 'https://neoauto.com/auto/usado/chevrolet-cruze-2013-1863540' ya existe en Supabase. Omitiendo inserción.
Archivo 'diario_result_20260126_220037_285b78.json' movido a '/home/richgutz/Scraper-Neoauto-ANTIGRAVITY/extractores/results_json/PROCESADO/diario_result_20260126_220037_285b78.json'
--- Fin del procesamiento para: diario_result_20260126_220037_285b78.json ---
--- Iniciando procesamiento para: diario_result_20260126_215908_d3eed9.json ---
URL 'https://neoauto.com/auto/usado/toyota-raize-2021-1863458' ya existe en Supabase. Omitiendo inserción.
Archivo 'diario_result_20260126_215908_d3eed9.json' movido a '/home/richgutz/Scraper-Neoauto-ANTIGRAVITY/extractores/results_json/PROCESADO/diario_result_20260126_215908_d3eed9.json'
--- Fin del procesamiento para: diario_result_20260126_215908_d3eed9.json ---
--- Iniciando procesamiento para: diario_result_20260126_214920_41695f.json ---
URL 'https://neoauto.com/auto/usado/nissan-x-trail-2009-1863512' ya existe en Supabase. Omitiendo inserción.
Archivo 'diario_result_20260126_214920_41695f.json' movido a '/home/richgutz/Scraper-Neoauto-ANTIGRAVITY/extractores/results_json/PROCESADO/diario_result_20260126_214920_41695f.json'
--- Fin del procesamiento para: diario_result_20260126_214920_41695f.json ---
--- Iniciando procesamiento para: diario_result_20260126_215505_a52227.json ---
URL 'https://neoauto.com/auto/usado/hyundai-i30-2021-1863475' ya existe en Supabase. Omitiendo inserción.
Archivo 'diario_result_20260126_215505_a52227.json' movido a '/home/richgutz/Scraper-Neoauto-ANTIGRAVITY/extractores/results_json/PROCESADO/diario_result_20260126_215505_a52227.json'
--- Fin del procesamiento para: diario_result_20260126_215505_a52227.json ---
--- Iniciando procesamiento para: diario_result_20260126_215611_cb1d41.json ---
Datos de 'diario_result_20260126_215611_cb1d41.json' insertados exitosamente.
Archivo 'diario_result_20260126_215611_cb1d41.json' movido a '/home/richgutz/Scraper-Neoauto-ANTIGRAVITY/extractores/results_json/PROCESADO/diario_result_20260126_215611_cb1d41.json'
--- Fin del procesamiento para: diario_result_20260126_215611_cb1d41.json ---
--- Iniciando procesamiento para: diario_result_20260126_220140_30a634.json ---
Datos de 'diario_result_20260126_220140_30a634.json' insertados exitosamente.
Archivo 'diario_result_20260126_220140_30a634.json' movido a '/home/richgutz/Scraper-Neoauto-ANTIGRAVITY/extractores/results_json/PROCESADO/diario_result_20260126_220140_30a634.json'
--- Fin del procesamiento para: diario_result_20260126_220140_30a634.json ---
--- Iniciando procesamiento para: diario_result_20260126_215123_b5b7de.json ---
URL 'https://neoauto.com/auto/usado/audi-a1-2011-1863454' ya existe en Supabase. Omitiendo inserción.
Archivo 'diario_result_20260126_215123_b5b7de.json' movido a '/home/richgutz/Scraper-Neoauto-ANTIGRAVITY/extractores/results_json/PROCESADO/diario_result_20260126_215123_b5b7de.json'
--- Fin del procesamiento para: diario_result_20260126_215123_b5b7de.json ---
--- Iniciando procesamiento para: diario_result_20260126_215601_0ccddb.json ---
Datos de 'diario_result_20260126_215601_0ccddb.json' insertados exitosamente.
Archivo 'diario_result_20260126_215601_0ccddb.json' movido a '/home/richgutz/Scraper-Neoauto-ANTIGRAVITY/extractores/results_json/PROCESADO/diario_result_20260126_215601_0ccddb.json'
--- Fin del procesamiento para: diario_result_20260126_215601_0ccddb.json ---
--- Iniciando procesamiento para: diario_result_20260126_214720_f03ced.json ---
URL 'https://neoauto.com/auto/usado/honda-pilot-2020-1860399' ya existe en Supabase. Omitiendo inserción.
Archivo 'diario_result_20260126_214720_f03ced.json' movido a '/home/richgutz/Scraper-Neoauto-ANTIGRAVITY/extractores/results_json/PROCESADO/diario_result_20260126_214720_f03ced.json'
--- Fin del procesamiento para: diario_result_20260126_214720_f03ced.json ---
--- Iniciando procesamiento para: diario_result_20260126_220003_93eb53.json ---
Datos de 'diario_result_20260126_220003_93eb53.json' insertados exitosamente.
Archivo 'diario_result_20260126_220003_93eb53.json' movido a '/home/richgutz/Scraper-Neoauto-ANTIGRAVITY/extractores/results_json/PROCESADO/diario_result_20260126_220003_93eb53.json'
--- Fin del procesamiento para: diario_result_20260126_220003_93eb53.json ---
--- Iniciando procesamiento para: diario_result_20260126_215223_a451f7.json ---
URL 'https://neoauto.com/auto/usado/volkswagen-vento-1997-1863469' ya existe en Supabase. Omitiendo inserción.
Archivo 'diario_result_20260126_215223_a451f7.json' movido a '/home/richgutz/Scraper-Neoauto-ANTIGRAVITY/extractores/results_json/PROCESADO/diario_result_20260126_215223_a451f7.json'
--- Fin del procesamiento para: diario_result_20260126_215223_a451f7.json ---
--- Iniciando procesamiento para: diario_result_20260126_215629_db5ce5.json ---
Datos de 'diario_result_20260126_215629_db5ce5.json' insertados exitosamente.
Archivo 'diario_result_20260126_215629_db5ce5.json' movido a '/home/richgutz/Scraper-Neoauto-ANTIGRAVITY/extractores/results_json/PROCESADO/diario_result_20260126_215629_db5ce5.json'
--- Fin del procesamiento para: diario_result_20260126_215629_db5ce5.json ---
--- Iniciando procesamiento para: diario_result_20260126_215140_3b89dc.json ---
Datos de 'diario_result_20260126_215140_3b89dc.json' insertados exitosamente.
Archivo 'diario_result_20260126_215140_3b89dc.json' movido a '/home/richgutz/Scraper-Neoauto-ANTIGRAVITY/extractores/results_json/PROCESADO/diario_result_20260126_215140_3b89dc.json'
--- Fin del procesamiento para: diario_result_20260126_215140_3b89dc.json ---
--- Iniciando procesamiento para: diario_result_20260126_215320_5ccbe1.json ---
URL 'https://neoauto.com/auto/usado/kia-picanto-cross-2024-1860544' ya existe en Supabase. Omitiendo inserción.
Archivo 'diario_result_20260126_215320_5ccbe1.json' movido a '/home/richgutz/Scraper-Neoauto-ANTIGRAVITY/extractores/results_json/PROCESADO/diario_result_20260126_215320_5ccbe1.json'
--- Fin del procesamiento para: diario_result_20260126_215320_5ccbe1.json ---
--- Iniciando procesamiento para: diario_result_20260126_215436_301776.json ---
URL 'https://neoauto.com/auto/usado/jeep-grand-cherokee-2015-1863465' ya existe en Supabase. Omitiendo inserción.
Archivo 'diario_result_20260126_215436_301776.json' movido a '/home/richgutz/Scraper-Neoauto-ANTIGRAVITY/extractores/results_json/PROCESADO/diario_result_20260126_215436_301776.json'
--- Fin del procesamiento para: diario_result_20260126_215436_301776.json ---
--- Iniciando procesamiento para: diario_result_20260126_215921_deeaa1.json ---
URL 'https://neoauto.com/auto/usado/jeep-compass-sport-2020-1863504' ya existe en Supabase. Omitiendo inserción.
Archivo 'diario_result_20260126_215921_deeaa1.json' movido a '/home/richgutz/Scraper-Neoauto-ANTIGRAVITY/extractores/results_json/PROCESADO/diario_result_20260126_215921_deeaa1.json'
--- Fin del procesamiento para: diario_result_20260126_215921_deeaa1.json ---
--- Iniciando procesamiento para: diario_result_20260126_215020_0e95ed.json ---
Datos de 'diario_result_20260126_215020_0e95ed.json' insertados exitosamente.
Archivo 'diario_result_20260126_215020_0e95ed.json' movido a '/home/richgutz/Scraper-Neoauto-ANTIGRAVITY/extractores/results_json/PROCESADO/diario_result_20260126_215020_0e95ed.json'
--- Fin del procesamiento para: diario_result_20260126_215020_0e95ed.json ---
--- Iniciando procesamiento para: diario_result_20260126_215634_9f93f1.json ---
Datos de 'diario_result_20260126_215634_9f93f1.json' insertados exitosamente.
Archivo 'diario_result_20260126_215634_9f93f1.json' movido a '/home/richgutz/Scraper-Neoauto-ANTIGRAVITY/extractores/results_json/PROCESADO/diario_result_20260126_215634_9f93f1.json'
--- Fin del procesamiento para: diario_result_20260126_215634_9f93f1.json ---
--- Iniciando procesamiento para: diario_result_20260126_215328_b4b198.json ---
URL 'https://neoauto.com/auto/usado/subaru-impreza-sport-2017-1863480' ya existe en Supabase. Omitiendo inserción.
Archivo 'diario_result_20260126_215328_b4b198.json' movido a '/home/richgutz/Scraper-Neoauto-ANTIGRAVITY/extractores/results_json/PROCESADO/diario_result_20260126_215328_b4b198.json'
--- Fin del procesamiento para: diario_result_20260126_215328_b4b198.json ---
--- Iniciando procesamiento para: diario_result_20260126_215535_b7ddfd.json ---
URL 'https://neoauto.com/auto/usado/jeep-compass-2022-1863530' ya existe en Supabase. Omitiendo inserción.
Archivo 'diario_result_20260126_215535_b7ddfd.json' movido a '/home/richgutz/Scraper-Neoauto-ANTIGRAVITY/extractores/results_json/PROCESADO/diario_result_20260126_215535_b7ddfd.json'
--- Fin del procesamiento para: diario_result_20260126_215535_b7ddfd.json ---
--- Iniciando procesamiento para: diario_result_20260126_214929_37399e.json ---
Datos de 'diario_result_20260126_214929_37399e.json' insertados exitosamente.
Archivo 'diario_result_20260126_214929_37399e.json' movido a '/home/richgutz/Scraper-Neoauto-ANTIGRAVITY/extractores/results_json/PROCESADO/diario_result_20260126_214929_37399e.json'
--- Fin del procesamiento para: diario_result_20260126_214929_37399e.json ---
--- Iniciando procesamiento para: diario_result_20260126_214724_193428.json ---
Datos de 'diario_result_20260126_214724_193428.json' insertados exitosamente.
Archivo 'diario_result_20260126_214724_193428.json' movido a '/home/richgutz/Scraper-Neoauto-ANTIGRAVITY/extractores/results_json/PROCESADO/diario_result_20260126_214724_193428.json'
--- Fin del procesamiento para: diario_result_20260126_214724_193428.json ---
--- Iniciando procesamiento para: diario_result_20260126_214720_168920.json ---
URL 'https://neoauto.com/auto/usado/hyundai-tucson-2008-1863474' ya existe en Supabase. Omitiendo inserción.
Archivo 'diario_result_20260126_214720_168920.json' movido a '/home/richgutz/Scraper-Neoauto-ANTIGRAVITY/extractores/results_json/PROCESADO/diario_result_20260126_214720_168920.json'
--- Fin del procesamiento para: diario_result_20260126_214720_168920.json ---
--- Iniciando procesamiento para: diario_result_20260126_220112_784d87.json ---
Datos de 'diario_result_20260126_220112_784d87.json' insertados exitosamente.
Archivo 'diario_result_20260126_220112_784d87.json' movido a '/home/richgutz/Scraper-Neoauto-ANTIGRAVITY/extractores/results_json/PROCESADO/diario_result_20260126_220112_784d87.json'
--- Fin del procesamiento para: diario_result_20260126_220112_784d87.json ---
--- Iniciando procesamiento para: diario_result_20260126_214620_3522b5.json ---
Datos de 'diario_result_20260126_214620_3522b5.json' insertados exitosamente.
Archivo 'diario_result_20260126_214620_3522b5.json' movido a '/home/richgutz/Scraper-Neoauto-ANTIGRAVITY/extractores/results_json/PROCESADO/diario_result_20260126_214620_3522b5.json'
--- Fin del procesamiento para: diario_result_20260126_214620_3522b5.json ---
--- Iniciando procesamiento para: diario_result_20260126_215314_344909.json ---
URL 'https://neoauto.com/auto/usado/subaru-all-new-forester-2019-2019-1863538' ya existe en Supabase. Omitiendo inserción.
Archivo 'diario_result_20260126_215314_344909.json' movido a '/home/richgutz/Scraper-Neoauto-ANTIGRAVITY/extractores/results_json/PROCESADO/diario_result_20260126_215314_344909.json'
--- Fin del procesamiento para: diario_result_20260126_215314_344909.json ---
--- Iniciando procesamiento para: diario_result_20260126_220119_e9e2e4.json ---
Datos de 'diario_result_20260126_220119_e9e2e4.json' insertados exitosamente.
Archivo 'diario_result_20260126_220119_e9e2e4.json' movido a '/home/richgutz/Scraper-Neoauto-ANTIGRAVITY/extractores/results_json/PROCESADO/diario_result_20260126_220119_e9e2e4.json'
--- Fin del procesamiento para: diario_result_20260126_220119_e9e2e4.json ---
--- Iniciando procesamiento para: diario_result_20260126_215425_6278ff.json ---
URL 'https://neoauto.com/auto/usado/mazda-cx-9-2018-1863509' ya existe en Supabase. Omitiendo inserción.
Archivo 'diario_result_20260126_215425_6278ff.json' movido a '/home/richgutz/Scraper-Neoauto-ANTIGRAVITY/extractores/results_json/PROCESADO/diario_result_20260126_215425_6278ff.json'
--- Fin del procesamiento para: diario_result_20260126_215425_6278ff.json ---
--- Iniciando procesamiento para: diario_result_20260126_220132_45c4df.json ---
Datos de 'diario_result_20260126_220132_45c4df.json' insertados exitosamente.
Archivo 'diario_result_20260126_220132_45c4df.json' movido a '/home/richgutz/Scraper-Neoauto-ANTIGRAVITY/extractores/results_json/PROCESADO/diario_result_20260126_220132_45c4df.json'
--- Fin del procesamiento para: diario_result_20260126_220132_45c4df.json ---
--- Iniciando procesamiento para: diario_result_20260126_220122_6ff979.json ---
URL 'https://neoauto.com/auto/usado/ford-focus-2018-1863496' ya existe en Supabase. Omitiendo inserción.
Archivo 'diario_result_20260126_220122_6ff979.json' movido a '/home/richgutz/Scraper-Neoauto-ANTIGRAVITY/extractores/results_json/PROCESADO/diario_result_20260126_220122_6ff979.json'
--- Fin del procesamiento para: diario_result_20260126_220122_6ff979.json ---
--- Iniciando procesamiento para: diario_result_20260126_215126_8d330a.json ---
URL 'https://neoauto.com/auto/usado/chevrolet-captiva-2023-1858446' ya existe en Supabase. Omitiendo inserción.
Archivo 'diario_result_20260126_215126_8d330a.json' movido a '/home/richgutz/Scraper-Neoauto-ANTIGRAVITY/extractores/results_json/PROCESADO/diario_result_20260126_215126_8d330a.json'
--- Fin del procesamiento para: diario_result_20260126_215126_8d330a.json ---
--- Iniciando procesamiento para: diario_result_20260126_215514_41fada.json ---
Datos de 'diario_result_20260126_215514_41fada.json' insertados exitosamente.
Archivo 'diario_result_20260126_215514_41fada.json' movido a '/home/richgutz/Scraper-Neoauto-ANTIGRAVITY/extractores/results_json/PROCESADO/diario_result_20260126_215514_41fada.json'
--- Fin del procesamiento para: diario_result_20260126_215514_41fada.json ---
--- Iniciando procesamiento para: diario_result_20260126_215828_87d29f.json ---
URL 'https://neoauto.com/auto/usado/nissan-sentra-2013-1863501' ya existe en Supabase. Omitiendo inserción.
Archivo 'diario_result_20260126_215828_87d29f.json' movido a '/home/richgutz/Scraper-Neoauto-ANTIGRAVITY/extractores/results_json/PROCESADO/diario_result_20260126_215828_87d29f.json'
--- Fin del procesamiento para: diario_result_20260126_215828_87d29f.json ---
--- Iniciando procesamiento para: diario_result_20260126_215235_84442e.json ---
URL 'https://neoauto.com/auto/usado/chevrolet-cruze-2012-1863457' ya existe en Supabase. Omitiendo inserción.
Archivo 'diario_result_20260126_215235_84442e.json' movido a '/home/richgutz/Scraper-Neoauto-ANTIGRAVITY/extractores/results_json/PROCESADO/diario_result_20260126_215235_84442e.json'
--- Fin del procesamiento para: diario_result_20260126_215235_84442e.json ---
--- Iniciando procesamiento para: diario_result_20260126_215926_60e88d.json ---
Datos de 'diario_result_20260126_215926_60e88d.json' insertados exitosamente.
Archivo 'diario_result_20260126_215926_60e88d.json' movido a '/home/richgutz/Scraper-Neoauto-ANTIGRAVITY/extractores/results_json/PROCESADO/diario_result_20260126_215926_60e88d.json'
--- Fin del procesamiento para: diario_result_20260126_215926_60e88d.json ---
--- Iniciando procesamiento para: diario_result_20260126_215751_979575.json ---
URL 'https://neoauto.com/auto/usado/chevrolet-tracker-2023-1863495' ya existe en Supabase. Omitiendo inserción.
Archivo 'diario_result_20260126_215751_979575.json' movido a '/home/richgutz/Scraper-Neoauto-ANTIGRAVITY/extractores/results_json/PROCESADO/diario_result_20260126_215751_979575.json'
--- Fin del procesamiento para: diario_result_20260126_215751_979575.json ---
--- Iniciando procesamiento para: diario_result_20260126_220025_3dddcf.json ---
Datos de 'diario_result_20260126_220025_3dddcf.json' insertados exitosamente.
Archivo 'diario_result_20260126_220025_3dddcf.json' movido a '/home/richgutz/Scraper-Neoauto-ANTIGRAVITY/extractores/results_json/PROCESADO/diario_result_20260126_220025_3dddcf.json'
--- Fin del procesamiento para: diario_result_20260126_220025_3dddcf.json ---
--- Iniciando procesamiento para: diario_result_20260126_215227_c201c6.json ---
Datos de 'diario_result_20260126_215227_c201c6.json' insertados exitosamente.
Archivo 'diario_result_20260126_215227_c201c6.json' movido a '/home/richgutz/Scraper-Neoauto-ANTIGRAVITY/extractores/results_json/PROCESADO/diario_result_20260126_215227_c201c6.json'
--- Fin del procesamiento para: diario_result_20260126_215227_c201c6.json ---
--- Iniciando procesamiento para: diario_result_20260126_215730_273239.json ---
URL 'https://neoauto.com/auto/usado/hyundai-elantra-2020-1863494' ya existe en Supabase. Omitiendo inserción.
Archivo 'diario_result_20260126_215730_273239.json' movido a '/home/richgutz/Scraper-Neoauto-ANTIGRAVITY/extractores/results_json/PROCESADO/diario_result_20260126_215730_273239.json'
--- Fin del procesamiento para: diario_result_20260126_215730_273239.json ---
--- Iniciando procesamiento para: diario_result_20260126_214721_e6b453.json ---
URL 'https://neoauto.com/auto/usado/toyota-4runner-2016-1863519' ya existe en Supabase. Omitiendo inserción.
Archivo 'diario_result_20260126_214721_e6b453.json' movido a '/home/richgutz/Scraper-Neoauto-ANTIGRAVITY/extractores/results_json/PROCESADO/diario_result_20260126_214721_e6b453.json'
--- Fin del procesamiento para: diario_result_20260126_214721_e6b453.json ---
--- Iniciando procesamiento para: diario_result_20260126_215733_675257.json ---
URL 'https://neoauto.com/auto/usado/jeep-compass-2010-1863468' ya existe en Supabase. Omitiendo inserción.
Archivo 'diario_result_20260126_215733_675257.json' movido a '/home/richgutz/Scraper-Neoauto-ANTIGRAVITY/extractores/results_json/PROCESADO/diario_result_20260126_215733_675257.json'
--- Fin del procesamiento para: diario_result_20260126_215733_675257.json ---
--- Iniciando procesamiento para: diario_result_20260126_215950_ec184b.json ---
Datos de 'diario_result_20260126_215950_ec184b.json' insertados exitosamente.
Archivo 'diario_result_20260126_215950_ec184b.json' movido a '/home/richgutz/Scraper-Neoauto-ANTIGRAVITY/extractores/results_json/PROCESADO/diario_result_20260126_215950_ec184b.json'
--- Fin del procesamiento para: diario_result_20260126_215950_ec184b.json ---
--- Iniciando procesamiento para: diario_result_20260126_215124_d73317.json ---
URL 'https://neoauto.com/auto/usado/subaru-evoltis-2021-1786761' ya existe en Supabase. Omitiendo inserción.
Archivo 'diario_result_20260126_215124_d73317.json' movido a '/home/richgutz/Scraper-Neoauto-ANTIGRAVITY/extractores/results_json/PROCESADO/diario_result_20260126_215124_d73317.json'
--- Fin del procesamiento para: diario_result_20260126_215124_d73317.json ---
--- Iniciando procesamiento para: diario_result_20260126_214827_21ca31.json ---
Datos de 'diario_result_20260126_214827_21ca31.json' insertados exitosamente.
Archivo 'diario_result_20260126_214827_21ca31.json' movido a '/home/richgutz/Scraper-Neoauto-ANTIGRAVITY/extractores/results_json/PROCESADO/diario_result_20260126_214827_21ca31.json'
--- Fin del procesamiento para: diario_result_20260126_214827_21ca31.json ---
--- Iniciando procesamiento para: diario_result_20260126_215719_7b7fdf.json ---
URL 'https://neoauto.com/auto/usado/ford-explorer-2019-1863507' ya existe en Supabase. Omitiendo inserción.
Archivo 'diario_result_20260126_215719_7b7fdf.json' movido a '/home/richgutz/Scraper-Neoauto-ANTIGRAVITY/extractores/results_json/PROCESADO/diario_result_20260126_215719_7b7fdf.json'
--- Fin del procesamiento para: diario_result_20260126_215719_7b7fdf.json ---
--- Iniciando procesamiento para: diario_result_20260126_215025_e0b100.json ---
URL 'https://neoauto.com/auto/usado/toyota-corolla-2019-1863492' ya existe en Supabase. Omitiendo inserción.
Archivo 'diario_result_20260126_215025_e0b100.json' movido a '/home/richgutz/Scraper-Neoauto-ANTIGRAVITY/extractores/results_json/PROCESADO/diario_result_20260126_215025_e0b100.json'
--- Fin del procesamiento para: diario_result_20260126_215025_e0b100.json ---
--- Iniciando procesamiento para: diario_result_20260126_215532_3931f9.json ---
URL 'https://neoauto.com/auto/usado/hyundai-atos-2013-1863456' ya existe en Supabase. Omitiendo inserción.
Archivo 'diario_result_20260126_215532_3931f9.json' movido a '/home/richgutz/Scraper-Neoauto-ANTIGRAVITY/extractores/results_json/PROCESADO/diario_result_20260126_215532_3931f9.json'
--- Fin del procesamiento para: diario_result_20260126_215532_3931f9.json ---
--- Iniciando procesamiento para: diario_result_20260126_215823_8c65fa.json ---
Datos de 'diario_result_20260126_215823_8c65fa.json' insertados exitosamente.
Archivo 'diario_result_20260126_215823_8c65fa.json' movido a '/home/richgutz/Scraper-Neoauto-ANTIGRAVITY/extractores/results_json/PROCESADO/diario_result_20260126_215823_8c65fa.json'
--- Fin del procesamiento para: diario_result_20260126_215823_8c65fa.json ---
--- Iniciando procesamiento para: diario_result_20260126_215032_540fca.json ---
URL 'https://neoauto.com/auto/usado/audi-a4-2023-1863491' ya existe en Supabase. Omitiendo inserción.
Archivo 'diario_result_20260126_215032_540fca.json' movido a '/home/richgutz/Scraper-Neoauto-ANTIGRAVITY/extractores/results_json/PROCESADO/diario_result_20260126_215032_540fca.json'
--- Fin del procesamiento para: diario_result_20260126_215032_540fca.json ---
--- Iniciando procesamiento para: diario_result_20260126_215335_699fbf.json ---
Datos de 'diario_result_20260126_215335_699fbf.json' insertados exitosamente.
Archivo 'diario_result_20260126_215335_699fbf.json' movido a '/home/richgutz/Scraper-Neoauto-ANTIGRAVITY/extractores/results_json/PROCESADO/diario_result_20260126_215335_699fbf.json'
--- Fin del procesamiento para: diario_result_20260126_215335_699fbf.json ---
--- Iniciando procesamiento para: diario_result_20260126_215846_945791.json ---
URL 'https://neoauto.com/auto/usado/chevrolet-aveo-2010-1863471' ya existe en Supabase. Omitiendo inserción.
Archivo 'diario_result_20260126_215846_945791.json' movido a '/home/richgutz/Scraper-Neoauto-ANTIGRAVITY/extractores/results_json/PROCESADO/diario_result_20260126_215846_945791.json'
--- Fin del procesamiento para: diario_result_20260126_215846_945791.json ---
--- Iniciando procesamiento para: diario_result_20260126_215802_71e74b.json ---
URL 'https://neoauto.com/auto/usado/suzuki-baleno-2023-1863528' ya existe en Supabase. Omitiendo inserción.
Archivo 'diario_result_20260126_215802_71e74b.json' movido a '/home/richgutz/Scraper-Neoauto-ANTIGRAVITY/extractores/results_json/PROCESADO/diario_result_20260126_215802_71e74b.json'
--- Fin del procesamiento para: diario_result_20260126_215802_71e74b.json ---
--- Iniciando procesamiento para: diario_result_20260126_215117_2bf31e.json ---
URL 'https://neoauto.com/auto/usado/mitsubishi-eclipse-cross-2024-1860683' ya existe en Supabase. Omitiendo inserción.
Archivo 'diario_result_20260126_215117_2bf31e.json' movido a '/home/richgutz/Scraper-Neoauto-ANTIGRAVITY/extractores/results_json/PROCESADO/diario_result_20260126_215117_2bf31e.json'
--- Fin del procesamiento para: diario_result_20260126_215117_2bf31e.json ---
--- Iniciando procesamiento para: diario_result_20260126_214618_627869.json ---
URL 'https://neoauto.com/auto/usado/hyundai-grand-i10-2023-1863484' ya existe en Supabase. Omitiendo inserción.
Archivo 'diario_result_20260126_214618_627869.json' movido a '/home/richgutz/Scraper-Neoauto-ANTIGRAVITY/extractores/results_json/PROCESADO/diario_result_20260126_214618_627869.json'
--- Fin del procesamiento para: diario_result_20260126_214618_627869.json ---
--- Iniciando procesamiento para: diario_result_20260126_214822_f33676.json ---
Datos de 'diario_result_20260126_214822_f33676.json' insertados exitosamente.
Archivo 'diario_result_20260126_214822_f33676.json' movido a '/home/richgutz/Scraper-Neoauto-ANTIGRAVITY/extractores/results_json/PROCESADO/diario_result_20260126_214822_f33676.json'
--- Fin del procesamiento para: diario_result_20260126_214822_f33676.json ---
--- Iniciando procesamiento para: diario_result_20260126_220056_8d7cab.json ---
Datos de 'diario_result_20260126_220056_8d7cab.json' insertados exitosamente.
Archivo 'diario_result_20260126_220056_8d7cab.json' movido a '/home/richgutz/Scraper-Neoauto-ANTIGRAVITY/extractores/results_json/PROCESADO/diario_result_20260126_220056_8d7cab.json'
--- Fin del procesamiento para: diario_result_20260126_220056_8d7cab.json ---
--- Iniciando procesamiento para: diario_result_20260126_215217_2f99cc.json ---
URL 'https://neoauto.com/auto/usado/volkswagen-gol-2017-1863452' ya existe en Supabase. Omitiendo inserción.
Archivo 'diario_result_20260126_215217_2f99cc.json' movido a '/home/richgutz/Scraper-Neoauto-ANTIGRAVITY/extractores/results_json/PROCESADO/diario_result_20260126_215217_2f99cc.json'
--- Fin del procesamiento para: diario_result_20260126_215217_2f99cc.json ---
Proceso de importación finalizado.
--> Reporte Richard Gutierrez...
[OK] Loading config from /home/richgutz/Scraper-Neoauto-ANTIGRAVITY/Autos.Richard.Gutierrez/last_filters.json
  - MAX_AGE_YEARS: 10 (Min Year: 2016)
  - DAYS_BACK: 30
  - TARGET_BRANDS: 15 brands selected
Fetching data from Supabase...
Fetched 10000 initial records.
Normalizing brands...
Filtered brands: 10000 -> 9453 records (Removed non-target brands).
Building comprehensive brand/model index from historical data...
  (This ensures ALL brands appear in GUI, not just those with recent listings)
  [OK] Built index with 17 brands and 514 models
Waiting for user input...
DEBUG: GUI Window Launched and Focused
GUI will auto-submit in 30 seconds unless interacted with...
User Filters: {'km_max': 100000.0, 'year_min': 2016, 'days_back': 30, 'selected_map': {'AUDI': ['A4', 'Q3'], 'BMW': ['X1', 'X2'], 'CHEVROLET': ['Spark'], 'FORD': ['Ranger'], 'HONDA': ['Civic', 'Cr-V', 'Hr-V', 'Wr-V'], 'HYUNDAI': ['Creta', 'Elantra', 'Santa Fe', 'Tucson', 'Venue', 'Verna'], 'JEEP': ['Grand Cherokee'], 'KIA': ['Picanto', 'Seltos', 'Soluto', 'Sonet', 'Sorento', 'Sportage'], 'MAZDA': ['Cx-3', 'Cx-30', 'Cx-5', 'Cx-7', 'Cx-9'], 'MITSUBISHI': ['L200'], 'NISSAN': ['Frontier'], 'SUBARU': ['All New Forester 2019', 'Crosstrek', 'Forester', 'New Xv', 'XV'], 'SUZUKI': ['Jimny'], 'TOYOTA': ['Corolla', 'Fortuner', 'Hilux', 'Raize', 'Rav4', 'Rush'], 'VOLKSWAGEN': ['Amarok', 'Jetta', 'Nivus', 'Taos', 'Tiguan', 'Touareg']}, 'fuels': ['Diesel', 'Gasolina']}
Filtering data based on User Input...
Converting DateTime...
Traceback (most recent call last):
  File "/home/richgutz/.local/lib/python3.12/site-packages/pandas/core/indexing.py", line 2144, in _setitem_single_column
    self.obj._mgr.column_setitem(
  File "/home/richgutz/.local/lib/python3.12/site-packages/pandas/core/internals/managers.py", line 1501, in column_setitem
    col_mgr.setitem_inplace(idx, value)
  File "/home/richgutz/.local/lib/python3.12/site-packages/pandas/core/internals/managers.py", line 2209, in setitem_inplace
    arr[indexer] = value
    ~~~^^^^^^^^^
  File "/home/richgutz/.local/lib/python3.12/site-packages/pandas/core/arrays/string_.py", line 863, in __setitem__
    value = self._maybe_convert_setitem_value(value)
            ^^^^^^^^^^^^^^^^^^^^^^^^^^^^^^^^^^^^^^^^
  File "/home/richgutz/.local/lib/python3.12/site-packages/pandas/core/arrays/string_.py", line 853, in _maybe_convert_setitem_value
    raise TypeError(
TypeError: Invalid value for dtype 'str'. Value should be a string or missing value (or array of those).

The above exception was the direct cause of the following exception:

Traceback (most recent call last):
  File "/home/richgutz/Scraper-Neoauto-ANTIGRAVITY/Autos.Richard.Gutierrez/generate_autos_report.py", line 1271, in <module>
    asyncio.run(main())
  File "/usr/lib/python3.12/asyncio/runners.py", line 194, in run
    return runner.run(main)
           ^^^^^^^^^^^^^^^^
  File "/usr/lib/python3.12/asyncio/runners.py", line 118, in run
    return self._loop.run_until_complete(task)
           ^^^^^^^^^^^^^^^^^^^^^^^^^^^^^^^^^^^
  File "/usr/lib/python3.12/asyncio/base_events.py", line 687, in run_until_complete
    return future.result()
           ^^^^^^^^^^^^^^^
  File "/home/richgutz/Scraper-Neoauto-ANTIGRAVITY/Autos.Richard.Gutierrez/generate_autos_report.py", line 1208, in main
    df_filtered = filter_data(df, user_filters)
                  ^^^^^^^^^^^^^^^^^^^^^^^^^^^^^
  File "/home/richgutz/Scraper-Neoauto-ANTIGRAVITY/Autos.Richard.Gutierrez/generate_autos_report.py", line 285, in filter_data
    df.loc[:, 'DateTime'] = pd.to_datetime(df['DateTime'], format='mixed', utc=True, errors='coerce')
    ~~~~~~^^^^^^^^^^^^^^^
  File "/home/richgutz/.local/lib/python3.12/site-packages/pandas/core/indexing.py", line 938, in __setitem__
    iloc._setitem_with_indexer(indexer, value, self.name)
  File "/home/richgutz/.local/lib/python3.12/site-packages/pandas/core/indexing.py", line 1953, in _setitem_with_indexer
    self._setitem_with_indexer_split_path(indexer, value, name)
  File "/home/richgutz/.local/lib/python3.12/site-packages/pandas/core/indexing.py", line 1997, in _setitem_with_indexer_split_path
    self._setitem_single_column(ilocs[0], value, pi)
  File "/home/richgutz/.local/lib/python3.12/site-packages/pandas/core/indexing.py", line 2163, in _setitem_single_column
    raise TypeError(
TypeError: Invalid value '<DatetimeArray>
['2026-01-26 22:01:46+00:00', '2026-01-26 22:01:46+00:00',
 '2026-01-26 22:01:46+00:00', '2026-01-26 22:01:46+00:00',
 '2026-01-26 22:01:46+00:00', '2026-01-26 22:01:46+00:00',
 '2026-01-26 22:01:46+00:00', '2026-01-26 22:01:46+00:00',
 '2026-01-26 22:01:46+00:00', '2026-01-26 22:01:46+00:00',
 ...
 '2025-08-26 22:01:42+00:00', '2025-08-26 22:01:42+00:00',
 '2025-08-26 22:01:42+00:00', '2025-08-26 22:01:42+00:00',
 '2025-08-26 22:01:42+00:00', '2025-08-26 22:01:42+00:00',
 '2025-08-26 22:01:42+00:00', '2025-08-26 22:01:42+00:00',
 '2025-08-26 22:01:42+00:00', '2025-08-26 22:01:42+00:00']
Length: 9453, dtype: datetime64[us, UTC]' for dtype 'str'
--> Enviando correo Richard a...
No PDF files found.

==================================================
SECUENCIA COMPLETADA - Mon Jan 26 10:02:19 PM -05 2026
==================================================

PROCESO FINALIZADO.
