nohup: ignoring input
--- Iniciando 8 instancias paralelas de scraping semanal ---
--- Script: extractores/4.DIARIO.SEMANAL.SCRAPER.NEOAUTO.SUPABASE.PARA.CRON.BETA.py ---
--- Lanzando Worker-1 ---
✓ Worker-1 iniciado (PID: 162881)
--- Lanzando Worker-2 ---
✓ Worker-2 iniciado (PID: 162883)
--- Lanzando Worker-3 ---
✓ Worker-3 iniciado (PID: 162885)
[Worker-1] Reglas cargadas: 11 frases clave y 3 exclusiones
[Worker-1] ==================================================
[Worker-1] Iniciando scraping automático - 2026-01-26 17:14:13
[Worker-1] ==================================================
[Worker-1] >>> MODO: PROCESANDO URLS MENOS RECIENTES PRIMERO <<<
[Worker-1] >>> Procesando URLs DIARIAS <<<
--- Lanzando Worker-4 ---
✓ Worker-4 iniciado (PID: 162900)
[Worker-2] Reglas cargadas: 11 frases clave y 3 exclusiones
[Worker-2] ==================================================
[Worker-2] Iniciando scraping automático - 2026-01-26 17:14:13
[Worker-2] ==================================================
[Worker-2] >>> MODO: PROCESANDO URLS MENOS RECIENTES PRIMERO <<<
[Worker-2] >>> Procesando URLs DIARIAS <<<
--- Lanzando Worker-5 ---
✓ Worker-5 iniciado (PID: 162925)
--- Lanzando Worker-6 ---
✓ Worker-6 iniciado (PID: 162927)
--- Lanzando Worker-7 ---
[Worker-4] Reglas cargadas: 11 frases clave y 3 exclusiones
[Worker-4] ==================================================
[Worker-4] Iniciando scraping automático - 2026-01-26 17:14:14
[Worker-4] ==================================================
[Worker-4] >>> MODO: PROCESANDO URLS MENOS RECIENTES PRIMERO <<<
[Worker-4] >>> Procesando URLs DIARIAS <<<
✓ Worker-7 iniciado (PID: 162947)
[Worker-3] Reglas cargadas: 11 frases clave y 3 exclusiones
[Worker-3] ==================================================
[Worker-3] Iniciando scraping automático - 2026-01-26 17:14:14
[Worker-3] ==================================================
[Worker-3] >>> MODO: PROCESANDO URLS MENOS RECIENTES PRIMERO <<<
[Worker-3] >>> Procesando URLs DIARIAS <<<
[Worker-5] Reglas cargadas: 11 frases clave y 3 exclusiones
[Worker-5] ==================================================
[Worker-5] Iniciando scraping automático - 2026-01-26 17:14:15
[Worker-5] ==================================================
[Worker-5] >>> MODO: PROCESANDO URLS MENOS RECIENTES PRIMERO <<<
[Worker-5] >>> Procesando URLs DIARIAS <<<
[Worker-1] -------------------- REFRESCANDO CONTEXTO DEL NAVEGADOR --------------------
[Worker-1] Nuevo User-Agent: Mozilla/5.0 (Windows NT 10.0; Win64; x64; rv:91.0...)
[Worker-1] ------------------------------------------------------------------
--- Lanzando Worker-8 ---
✓ Worker-8 iniciado (PID: 163023)
[Worker-2] -------------------- REFRESCANDO CONTEXTO DEL NAVEGADOR --------------------
[Worker-2] Nuevo User-Agent: Mozilla/5.0 (Windows NT 10.0; Win64; x64...)

--- 8 workers activos. Esperando finalización... ---

[Worker-2] ------------------------------------------------------------------
[Worker-6] Reglas cargadas: 11 frases clave y 3 exclusiones
[Worker-6] ==================================================
[Worker-6] Iniciando scraping automático - 2026-01-26 17:14:16
[Worker-6] ==================================================
[Worker-6] >>> MODO: PROCESANDO URLS MENOS RECIENTES PRIMERO <<<
[Worker-6] >>> Procesando URLs DIARIAS <<<
[Worker-1] URLs restantes en urls_autos_diarios: 0 | Procesadas en sesión: 0 | Próximo refresco en: 25 URLs
[Worker-1] No hay más URLs para procesar en urls_autos_diarios. Finalizando.
[Worker-1] Sesión para urls_autos_diarios completada. Total de URLs procesadas: 0
[Worker-1] >>> Procesando URLs SEMANALES <<<
[Worker-2] URLs restantes en urls_autos_diarios: 0 | Procesadas en sesión: 0 | Próximo refresco en: 25 URLs
[Worker-2] No hay más URLs para procesar en urls_autos_diarios. Finalizando.
[Worker-2] Sesión para urls_autos_diarios completada. Total de URLs procesadas: 0
[Worker-4] -------------------- REFRESCANDO CONTEXTO DEL NAVEGADOR --------------------
[Worker-4] Nuevo User-Agent: Mozilla/5.0 (Windows NT 10.0; Win64; x64; rv:91.0...)
[Worker-2] >>> Procesando URLs SEMANALES <<<
[Worker-5] -------------------- REFRESCANDO CONTEXTO DEL NAVEGADOR --------------------
[Worker-5] Nuevo User-Agent: Mozilla/5.0 (Macintosh; Intel Mac OS X 10_15_7...)
[Worker-4] ------------------------------------------------------------------
[Worker-5] ------------------------------------------------------------------
[Worker-3] -------------------- REFRESCANDO CONTEXTO DEL NAVEGADOR --------------------
[Worker-3] Nuevo User-Agent: Mozilla/5.0 (Windows NT 10.0; Win64; x64...)
[Worker-3] ------------------------------------------------------------------
[Worker-7] Reglas cargadas: 11 frases clave y 3 exclusiones
[Worker-7] ==================================================
[Worker-7] Iniciando scraping automático - 2026-01-26 17:14:18
[Worker-7] ==================================================
[Worker-7] >>> MODO: PROCESANDO URLS MENOS RECIENTES PRIMERO <<<
[Worker-7] >>> Procesando URLs DIARIAS <<<
[Worker-8] Reglas cargadas: 11 frases clave y 3 exclusiones
[Worker-8] ==================================================
[Worker-8] Iniciando scraping automático - 2026-01-26 17:14:18
[Worker-8] ==================================================
[Worker-8] >>> MODO: PROCESANDO URLS MENOS RECIENTES PRIMERO <<<
[Worker-8] >>> Procesando URLs DIARIAS <<<
[Worker-4] URLs restantes en urls_autos_diarios: 0 | Procesadas en sesión: 0 | Próximo refresco en: 25 URLs
[Worker-4] No hay más URLs para procesar en urls_autos_diarios. Finalizando.
[Worker-4] Sesión para urls_autos_diarios completada. Total de URLs procesadas: 0
[Worker-4] >>> Procesando URLs SEMANALES <<<
[Worker-5] URLs restantes en urls_autos_diarios: 0 | Procesadas en sesión: 0 | Próximo refresco en: 25 URLs
[Worker-5] No hay más URLs para procesar en urls_autos_diarios. Finalizando.
[Worker-5] Sesión para urls_autos_diarios completada. Total de URLs procesadas: 0
[Worker-5] >>> Procesando URLs SEMANALES <<<
[Worker-3] URLs restantes en urls_autos_diarios: 0 | Procesadas en sesión: 0 | Próximo refresco en: 25 URLs
[Worker-3] No hay más URLs para procesar en urls_autos_diarios. Finalizando.
[Worker-3] Sesión para urls_autos_diarios completada. Total de URLs procesadas: 0
[Worker-3] >>> Procesando URLs SEMANALES <<<
[Worker-6] -------------------- REFRESCANDO CONTEXTO DEL NAVEGADOR --------------------
[Worker-6] Nuevo User-Agent: Mozilla/5.0 (Windows NT 10.0; Win64; x64; rv:91.0...)
[Worker-6] ------------------------------------------------------------------
[Worker-1] -------------------- REFRESCANDO CONTEXTO DEL NAVEGADOR --------------------
[Worker-1] Nuevo User-Agent: Mozilla/5.0 (Macintosh; Intel Mac OS X 10_15_7...)
[Worker-2] -------------------- REFRESCANDO CONTEXTO DEL NAVEGADOR --------------------
[Worker-2] Nuevo User-Agent: Mozilla/5.0 (Windows NT 10.0; Win64; x64...)
[Worker-1] ------------------------------------------------------------------
[Worker-2] ------------------------------------------------------------------
[Worker-1] URLs restantes en urls_autos_random: 2080 | Procesadas en sesión: 0 | Próximo refresco en: 25 URLs
[Worker-7] -------------------- REFRESCANDO CONTEXTO DEL NAVEGADOR --------------------
[Worker-7] Nuevo User-Agent: Mozilla/5.0 (Windows NT 10.0; Win64; x64...)
[Worker-2] URLs restantes en urls_autos_random: 2080 | Procesadas en sesión: 0 | Próximo refresco en: 25 URLs
[Worker-8] -------------------- REFRESCANDO CONTEXTO DEL NAVEGADOR --------------------
[Worker-8] Nuevo User-Agent: Mozilla/5.0 (Windows NT 10.0; Win64; x64; rv:91.0...)
[Worker-6] URLs restantes en urls_autos_diarios: 0 | Procesadas en sesión: 0 | Próximo refresco en: 25 URLs
[Worker-6] No hay más URLs para procesar en urls_autos_diarios. Finalizando.
[Worker-6] Sesión para urls_autos_diarios completada. Total de URLs procesadas: 0
[Worker-7] ------------------------------------------------------------------
[Worker-8] ------------------------------------------------------------------
[Worker-6] >>> Procesando URLs SEMANALES <<<
[Worker-1] URL obtenida y bloqueada desde urls_autos_random: https://neoauto.com/auto/usado/audi-q2-2018-1862267
[Worker-1] Iniciando extracción para: https://neoauto.com/auto/usado/audi-q2-2018-1862267
[Worker-1] Iniciando navegación...
[Worker-1] Marca extraída: 'audi'
[Worker-1] Camino elegido (4 pasos).
[Worker-1] Paso 1/4: Página Principal...
[Worker-4] -------------------- REFRESCANDO CONTEXTO DEL NAVEGADOR --------------------
[Worker-4] Nuevo User-Agent: Mozilla/5.0 (Windows NT 10.0; Win64; x64; rv:91.0...)
[Worker-2] URL obtenida y bloqueada desde urls_autos_random: https://neoauto.com/auto/usado/mazda-cx-30-2024-1863420
[Worker-2] Iniciando extracción para: https://neoauto.com/auto/usado/mazda-cx-30-2024-1863420
[Worker-2] Iniciando navegación...
[Worker-2] Marca extraída: 'mazda'
[Worker-2] Camino elegido (4 pasos).
[Worker-2] Paso 1/4: Página Principal...
[Worker-4] ------------------------------------------------------------------
[Worker-7] URLs restantes en urls_autos_diarios: 0 | Procesadas en sesión: 0 | Próximo refresco en: 25 URLs
[Worker-7] No hay más URLs para procesar en urls_autos_diarios. Finalizando.
[Worker-7] Sesión para urls_autos_diarios completada. Total de URLs procesadas: 0
[Worker-5] -------------------- REFRESCANDO CONTEXTO DEL NAVEGADOR --------------------
[Worker-5] Nuevo User-Agent: Mozilla/5.0 (Windows NT 10.0; Win64; x64...)
[Worker-7] >>> Procesando URLs SEMANALES <<<
[Worker-5] ------------------------------------------------------------------
[Worker-3] -------------------- REFRESCANDO CONTEXTO DEL NAVEGADOR --------------------
[Worker-3] Nuevo User-Agent: Mozilla/5.0 (Windows NT 10.0; Win64; x64; rv:91.0...)
[Worker-8] URLs restantes en urls_autos_diarios: 0 | Procesadas en sesión: 0 | Próximo refresco en: 25 URLs
[Worker-8] No hay más URLs para procesar en urls_autos_diarios. Finalizando.
[Worker-8] Sesión para urls_autos_diarios completada. Total de URLs procesadas: 0
[Worker-4] URLs restantes en urls_autos_random: 2076 | Procesadas en sesión: 0 | Próximo refresco en: 25 URLs
[Worker-8] >>> Procesando URLs SEMANALES <<<
[Worker-3] ------------------------------------------------------------------
[Worker-5] URLs restantes en urls_autos_random: 2076 | Procesadas en sesión: 0 | Próximo refresco en: 25 URLs
[Worker-2] Navegación rápida (sin acciones)
[Worker-2] Paso 2/4: Categoría 'Usados'...
[Worker-5] URL obtenida y bloqueada desde urls_autos_random: https://neoauto.com/auto/usado/chevrolet-tracker-2023-1863495
[Worker-5] Iniciando extracción para: https://neoauto.com/auto/usado/chevrolet-tracker-2023-1863495
[Worker-5] Iniciando navegación...
[Worker-5] Marca extraída: 'chevrolet'
[Worker-5] Camino elegido (4 pasos).
[Worker-5] Paso 1/4: Página Principal...
[Worker-6] -------------------- REFRESCANDO CONTEXTO DEL NAVEGADOR --------------------
[Worker-6] Nuevo User-Agent: Mozilla/5.0 (Windows NT 10.0; Win64; x64; rv:91.0...)
[Worker-4] URL obtenida y bloqueada desde urls_autos_random: https://neoauto.com/auto/usado/suzuki-jimny-2025-1862660
[Worker-4] Iniciando extracción para: https://neoauto.com/auto/usado/suzuki-jimny-2025-1862660
[Worker-4] Iniciando navegación...
[Worker-4] Marca extraída: 'suzuki'
[Worker-4] Camino elegido (4 pasos).
[Worker-4] Paso 1/4: Página Principal...
[Worker-3] URLs restantes en urls_autos_random: 2073 | Procesadas en sesión: 0 | Próximo refresco en: 25 URLs
[Worker-6] ------------------------------------------------------------------
[Worker-1] Navegación rápida (sin acciones)
[Worker-1] Paso 2/4: Categoría 'Usados'...
[Worker-3] URL obtenida y bloqueada desde urls_autos_random: https://neoauto.com/auto/usado/mercedes-benz-cla-180-coupe-2018-1862139
[Worker-3] Iniciando extracción para: https://neoauto.com/auto/usado/mercedes-benz-cla-180-coupe-2018-1862139
[Worker-3] Iniciando navegación...
[Worker-3] Marca extraída: 'mercedes'
[Worker-3] Camino elegido (4 pasos).
[Worker-3] Paso 1/4: Página Principal...
[Worker-6] URLs restantes en urls_autos_random: 2071 | Procesadas en sesión: 0 | Próximo refresco en: 25 URLs
[Worker-2] Navegación rápida (sin acciones)
[Worker-2] Paso 3/4: Filtro por Marca 'MAZDA'...
[Worker-5] Navegación rápida (sin acciones)
[Worker-5] Paso 2/4: Categoría 'Usados'...
[Worker-4] Navegación rápida (sin acciones)
[Worker-4] Paso 2/4: Categoría 'Usados'...
[Worker-6] URL obtenida y bloqueada desde urls_autos_random: https://neoauto.com/auto/usado/kia-soluto-2024-1857060
[Worker-6] Iniciando extracción para: https://neoauto.com/auto/usado/kia-soluto-2024-1857060
[Worker-6] Iniciando navegación...
[Worker-6] Marca extraída: 'kia'
[Worker-6] Camino elegido (4 pasos).
[Worker-6] Paso 1/4: Página Principal...
[Worker-3] Navegación rápida (sin acciones)
[Worker-3] Paso 2/4: Categoría 'Usados'...
[Worker-7] -------------------- REFRESCANDO CONTEXTO DEL NAVEGADOR --------------------
[Worker-7] Nuevo User-Agent: Mozilla/5.0 (Windows NT 10.0; Win64; x64...)
[Worker-8] -------------------- REFRESCANDO CONTEXTO DEL NAVEGADOR --------------------
[Worker-8] Nuevo User-Agent: Mozilla/5.0 (Macintosh; Intel Mac OS X 10_15_7...)
[Worker-7] ------------------------------------------------------------------
[Worker-1] Navegación rápida (sin acciones)
[Worker-1] Paso 3/4: Filtro por Marca 'AUDI'...
[Worker-8] ------------------------------------------------------------------
[Worker-7] URLs restantes en urls_autos_random: 2070 | Procesadas en sesión: 0 | Próximo refresco en: 25 URLs
[Worker-4] Navegación rápida (sin acciones)
[Worker-4] Paso 3/4: Filtro por Marca 'SUZUKI'...
[Worker-2] Navegación rápida (sin acciones)
[Worker-2] Paso 4/4: URL Final...
[Worker-8] URLs restantes en urls_autos_random: 2070 | Procesadas en sesión: 0 | Próximo refresco en: 25 URLs
[Worker-5] Navegación rápida (sin acciones)
[Worker-5] Paso 3/4: Filtro por Marca 'CHEVROLET'...
[Worker-7] URL obtenida y bloqueada desde urls_autos_random: https://neoauto.com/auto/usado/jeep-grand-cherokee-laredo-2010-1859890
[Worker-7] Iniciando extracción para: https://neoauto.com/auto/usado/jeep-grand-cherokee-laredo-2010-1859890
[Worker-7] Iniciando navegación...
[Worker-7] Marca extraída: 'jeep'
[Worker-7] Camino elegido (4 pasos).
[Worker-7] Paso 1/4: Página Principal...
[Worker-3] Navegación rápida (sin acciones)
[Worker-3] Paso 3/4: Filtro por Marca 'MERCEDES'...
[Worker-1] Navegación rápida (sin acciones)
[Worker-1] Paso 4/4: URL Final...
[Worker-8] URL obtenida y bloqueada desde urls_autos_random: https://neoauto.com/auto/usado/ford-explorer-2019-1861884
[Worker-8] Iniciando extracción para: https://neoauto.com/auto/usado/ford-explorer-2019-1861884
[Worker-8] Iniciando navegación...
[Worker-8] Marca extraída: 'ford'
[Worker-8] Camino elegido (4 pasos).
[Worker-8] Paso 1/4: Página Principal...
[Worker-6] Navegación rápida (sin acciones)
[Worker-6] Paso 2/4: Categoría 'Usados'...
[Worker-1] Scroll INICIAL para activar contenido...
[Worker-7] Navegación rápida (sin acciones)
[Worker-7] Paso 2/4: Categoría 'Usados'...
[Worker-2] Scroll INICIAL para activar contenido...
[Worker-8] Navegación rápida (sin acciones)
[Worker-8] Paso 2/4: Categoría 'Usados'...
[Worker-4] Navegación rápida (sin acciones)
[Worker-4] Paso 4/4: URL Final...
[Worker-5] Navegación rápida (sin acciones)
[Worker-5] Paso 4/4: URL Final...
[Worker-3] Navegación rápida (sin acciones)
[Worker-3] Paso 4/4: URL Final...
[Worker-6] Navegación rápida (sin acciones)
[Worker-6] Paso 3/4: Filtro por Marca 'KIA'...
[Worker-4] Scroll INICIAL para activar contenido...
[Worker-5] Scroll INICIAL para activar contenido...
[Worker-7] Navegación rápida (sin acciones)
[Worker-7] Paso 3/4: Filtro por Marca 'JEEP'...
[Worker-8] Navegación rápida (sin acciones)
[Worker-8] Paso 3/4: Filtro por Marca 'FORD'...
[Worker-3] Scroll INICIAL para activar contenido...
[Worker-6] Navegación rápida (sin acciones)
[Worker-6] Paso 4/4: URL Final...
[Worker-7] Navegación rápida (sin acciones)
[Worker-7] Paso 4/4: URL Final...
[Worker-6] Scroll INICIAL para activar contenido...
[Worker-8] Navegación rápida (sin acciones)
[Worker-8] Paso 4/4: URL Final...
[Worker-7] Scroll INICIAL para activar contenido...
[Worker-8] Scroll INICIAL para activar contenido...
[Worker-1] No apareció popup de cookies
[Worker-1] Intento 1: Page.click: Timeout 1000ms exceeded.
[Worker-1] Call log:
[Worker-1] - waiting for locator("button[class*='close']").locator("svg").locator("xpath=./ancestor::button")
[Worker-5] No apareció popup de cookies
[Worker-1] Intento 2: Page.click: Timeout 1000ms exceeded.
[Worker-1] Call log:
[Worker-1] - waiting for locator("button[class*='close']").locator("svg").locator("xpath=./ancestor::button")
[Worker-2] No apareció popup de cookies
[Worker-5] Intento 1: Page.click: Timeout 1000ms exceeded.
[Worker-5] Call log:
[Worker-5] - waiting for locator("button[class*='close']").locator("svg").locator("xpath=./ancestor::button")
[Worker-4] No apareció popup de cookies
[Worker-2] Intento 1: Page.click: Timeout 1000ms exceeded.
[Worker-2] Call log:
[Worker-2] - waiting for locator("button[class*='close']").locator("svg").locator("xpath=./ancestor::button")
[Worker-4] Intento 1: Page.click: Timeout 1000ms exceeded.
[Worker-4] Call log:
[Worker-4] - waiting for locator("button[class*='close']").locator("svg").locator("xpath=./ancestor::button")
[Worker-5] Intento 2: Page.click: Timeout 1000ms exceeded.
[Worker-5] Call log:
[Worker-5] - waiting for locator("button[class*='close']").locator("svg").locator("xpath=./ancestor::button")
[Worker-3] No apareció popup de cookies
[Worker-2] Intento 2: Page.click: Timeout 1000ms exceeded.
[Worker-2] Call log:
[Worker-2] - waiting for locator("button[class*='close']").locator("svg").locator("xpath=./ancestor::button")
[Worker-4] Intento 2: Page.click: Timeout 1000ms exceeded.
[Worker-4] Call log:
[Worker-4] - waiting for locator("button[class*='close']").locator("svg").locator("xpath=./ancestor::button")
[Worker-3] Intento 1: Page.click: Timeout 1000ms exceeded.
[Worker-3] Call log:
[Worker-3] - waiting for locator("button[class*='close']").locator("svg").locator("xpath=./ancestor::button")
[Worker-7] No apareció popup de cookies
[Worker-3] Intento 2: Page.click: Timeout 1000ms exceeded.
[Worker-3] Call log:
[Worker-3] - waiting for locator("button[class*='close']").locator("svg").locator("xpath=./ancestor::button")
[Worker-7] Intento 1: Page.click: Timeout 1000ms exceeded.
[Worker-7] Call log:
[Worker-7] - waiting for locator("button[class*='close']").locator("svg").locator("xpath=./ancestor::button")
[Worker-6] No apareció popup de cookies
[Worker-6] Intento 1: Page.click: Timeout 1000ms exceeded.
[Worker-6] Call log:
[Worker-6] - waiting for locator("button[class*='close']").locator("svg").locator("xpath=./ancestor::button")
[Worker-8] No apareció popup de cookies
[Worker-7] Intento 2: Page.click: Timeout 1000ms exceeded.
[Worker-7] Call log:
[Worker-7] - waiting for locator("button[class*='close']").locator("svg").locator("xpath=./ancestor::button")
[Worker-8] Intento 1: Page.click: Timeout 1000ms exceeded.
[Worker-8] Call log:
[Worker-8] - waiting for locator("button[class*='close']").locator("svg").locator("xpath=./ancestor::button")
[Worker-6] Intento 2: Page.click: Timeout 1000ms exceeded.
[Worker-6] Call log:
[Worker-6] - waiting for locator("button[class*='close']").locator("svg").locator("xpath=./ancestor::button")
[Worker-8] Intento 2: Page.click: Timeout 1000ms exceeded.
[Worker-8] Call log:
[Worker-8] - waiting for locator("button[class*='close']").locator("svg").locator("xpath=./ancestor::button")
[Worker-1] Intento 1: Popup no encontrado
[Worker-5] Intento 1: Popup no encontrado
[Worker-2] Intento 1: Popup no encontrado
[Worker-4] Intento 1: Popup no encontrado
[Worker-1] Intento 2: Popup no encontrado
[Worker-3] Intento 1: Popup no encontrado
[Worker-5] Intento 2: Popup no encontrado
[Worker-2] Intento 2: Popup no encontrado
[Worker-7] Intento 1: Popup no encontrado
[Worker-6] Intento 1: Popup no encontrado
[Worker-4] Intento 2: Popup no encontrado
[Worker-1] Intento 3: Popup no encontrado
[Worker-3] Intento 2: Popup no encontrado
[Worker-1] No se pudo cerrar el popup de satisfacción
[Worker-1] Popups manejados POST-scroll
[Worker-1] Scroll adicional de confirmación...
[Worker-8] Intento 1: Popup no encontrado
[Worker-5] Intento 3: Popup no encontrado
[Worker-2] Intento 3: Popup no encontrado
[Worker-1] Título: Audi Q2 2018
[Worker-1] Precio: S/ nan
[Worker-5] No se pudo cerrar el popup de satisfacción
[Worker-5] Popups manejados POST-scroll
[Worker-5] Scroll adicional de confirmación...
[Worker-1] Kilometraje: inf km
[Worker-1] Ubicación: ¡Arranca tu año sobre ruedas!
[Worker-1] Súbete a tu próximo seminuevo, el auto que mereces.
[Worker-1] ¡Arranca tu año sobre ruedas!
[Worker-1] Súbete a tu próximo seminuevo, el auto que mereces.
[Worker-1] ¡Arranca tu año sobre ruedas!
[Worker-1] Súbete a tu próximo seminuevo, el auto que mereces.
[Worker-1] ¡Arranca tu año sobre ruedas!
[Worker-1] Súbete a tu próximo seminuevo, el auto que mereces.
[Worker-1] Iniciar sesión
[Worker-1] Quiero vender
[Worker-1] Comprar
[Worker-1] Quiero vender
[Worker-1] Financiamiento
[Worker-1] Alquilar
[Worker-1] Nuevo
[Worker-1] Seguros
[Worker-1] Eventos
[Worker-1] Publicidad
[Worker-1] Ver fotos
[Worker-1] Autos usados
[Worker-1] Audi
[Worker-1] Q2
[Worker-1] Audi Q2 2018
[Worker-1] Miraflores, Lima, Lima
[Worker-1] Publicado hace más de una semana
[Worker-1] 161 vistas
[Worker-1] Reportar aviso
[Worker-1] Compartir
[Worker-1] Marcar como favorito
[Worker-1] Audi Q2 2018
[Worker-1] Reportar aviso
[Worker-1] Compartir
[Worker-1] Marcar como favorito
[Worker-1] Año modelo
[Worker-1] 2018
[Worker-1] Kilometraje
[Worker-1] 152,000 km
[Worker-1] Transmisión
[Worker-1] Automática
[Worker-1] Descripción
[Worker-1] AUDI Q2 1.0 TFSI – 2018 | ÚNICO DUEÑO
[Worker-1] • Año modelo: 2018
[Worker-1] • Kilometraje: 152,000 km (principalmente en carretera)
[Worker-1] • Motor: 1.0 TFSI gasolina
[Worker-1] • Transmisión: automática
[Worker-1] • Carrocería: SUV
[Worker-1] • Color: Rojo Tango
[Worker-1] • Propiedad: a nombre de empresa
[Worker-1] • M...
[Worker-1] Seguir leyendo
[Worker-1] Te recomendamos:
[Worker-1] ¿Te toca renovar tu SOAT?
[Worker-1] Verifica el estado de tu SOAT aquí y evita multas.
[Worker-1] Consultar SOAT
[Worker-1] Alquila autos con Kinto Share
[Worker-1] Que nada frene tus aventuras. Seguro,flexible y con garantia.
[Worker-1] Ver más
[Worker-1] Blog & Noticias
[Worker-1] Entérate de las últimas novedades del sector automotriz.
[Worker-1] Ver más
[Worker-1] Especificaciones técnicas
[Worker-1] Características
[Worker-1] Marca
[Worker-1] Audi
[Worker-1] Modelo
[Worker-1] Q2
[Worker-1] Versión
[Worker-1] 1.0 TFSI S TRONIC ATTRACTION
[Worker-1] Versión
[Worker-1] 1.0 TFSI S TRONIC ATTRACTION
[Worker-1] Año de fabricación
[Worker-1] 2017
[Worker-1] Categoría
[Worker-1] Camioneta
[Worker-1] Combustible
[Worker-1] Gasolina
[Worker-1] Número de puertas
[Worker-1] 5
[Worker-1] Tracción
[Worker-1] 4x2
[Worker-1] Color
[Worker-1] Rojo Cereza
[Worker-1] Número cilindros
[Worker-1] 3
[Worker-1] Cilindrada
[Worker-1] 1 cc
[Worker-1] Equipamiento
[Worker-1] Retrovisores Eléctricos
[Worker-1] Aire Acondicionado
[Worker-1] Full Equipo
[Worker-1] Computadora de abordo
[Worker-1] Parlantes/Bajos
[Worker-1] Exterior
[Worker-1] Aros
[Worker-1] Aros de Aleación
[Worker-1] Luces Halógenas
[Worker-1] Seguridad
[Worker-1] Airbag
[Worker-1] Frenos ABS
[Worker-1] Precios y costos
[Worker-1] Aún no tenemos suficiente información para determinar un rango de precio para este vehículo.
[Worker-1] Excelente
[Worker-1] Competitivo
[Worker-1] Premium
[Worker-1] (*) Precio referencial
[Worker-1] ¿Cómo se calcula este rango?
[Worker-1] ¿Te toca renovar tu SOAT?
[Worker-1] Verifica el estado de tu SOAT aquí y evita multas.
[Worker-1] Consultar SOAT
[Worker-1] Precio
[Worker-1] US$16,900
[Worker-1] Contáctate con el anunciante
[Worker-1] Gisella Vellutino
[Worker-1] 984 709...
[Worker-1] Más información
[Worker-1] Beneficios adicionales para ti:
[Worker-1] Solicita tu Préstamo Personal hasta de S/45,000
[Worker-1] Me interesa
[Worker-1] Seminuevos
[Worker-1] Autos
[Worker-1] Motos
[Worker-1] Camiones
[Worker-1] Usados
[Worker-1] Autos
[Worker-1] Motos
[Worker-1] Camiones
[Worker-1] Nuevos
[Worker-1] Autos
[Worker-1] Camiones
[Worker-1] Ayuda
[Worker-1] Términos y condiciones
[Worker-1] Políticas de publicación
[Worker-1] ¿Cómo protegemos tus datos?
[Worker-1] Legales
[Worker-1] Sobre NeoAuto
[Worker-1] Noticias
[Worker-1] Tips y guías
[Worker-1] Ayuda en línea
[Worker-1] © 2024 NeoAuto Inc. Todos los derechos reservados
[Worker-1] Síguenos
[Worker-1] Descripción: {"@context":"https://schema.org","@graph":[{"@type":"Organization","@id":"https://neoauto.com/#organ...
[Worker-1] Único dueño: No
[Worker-1] Datos guardados en: /home/richgutz/Scraper-Neoauto-ANTIGRAVITY/extractores/results_txt/semanal_result_20260126_171523_d9d402.txt
[Worker-7] Intento 2: Popup no encontrado
[Worker-6] Intento 2: Popup no encontrado
[Worker-2] No se pudo cerrar el popup de satisfacción
[Worker-2] Popups manejados POST-scroll
[Worker-2] Scroll adicional de confirmación...
[Worker-4] Intento 3: Popup no encontrado
[Worker-3] Intento 3: Popup no encontrado
[Worker-4] No se pudo cerrar el popup de satisfacción
[Worker-4] Popups manejados POST-scroll
[Worker-4] Scroll adicional de confirmación...
[Worker-8] Intento 2: Popup no encontrado
[Worker-3] No se pudo cerrar el popup de satisfacción
[Worker-3] Popups manejados POST-scroll
[Worker-3] Scroll adicional de confirmación...
[Worker-5] Título: Chevrolet Tracker 2023
[Worker-5] Precio: S/ nan
[Worker-5] Kilometraje: 3.2002001234520233e+196 km
[Worker-5] Ubicación: ¡Arranca tu año sobre ruedas!
[Worker-5] Súbete a tu próximo seminuevo, el auto que mereces.
[Worker-5] ¡Arranca tu año sobre ruedas!
[Worker-5] Súbete a tu próximo seminuevo, el auto que mereces.
[Worker-5] ¡Arranca tu año sobre ruedas!
[Worker-5] Súbete a tu próximo seminuevo, el auto que mereces.
[Worker-5] ¡Arranca tu año sobre ruedas!
[Worker-5] Súbete a tu próximo seminuevo, el auto que mereces.
[Worker-5] Iniciar sesión
[Worker-5] Quiero vender
[Worker-5] Comprar
[Worker-5] Quiero vender
[Worker-5] Financiamiento
[Worker-5] Alquilar
[Worker-5] Nuevo
[Worker-5] Seguros
[Worker-5] Eventos
[Worker-5] Publicidad
[Worker-5] Autos usados
[Worker-5] Chevrolet
[Worker-5] Tracker
[Worker-5] Chevrolet Tracker 2023
[Worker-5] Yanahuara, Arequipa, Arequipa
[Worker-5] Publicado hoy
[Worker-5] 1 vistas
[Worker-5] Reportar aviso
[Worker-5] Compartir
[Worker-5] Marcar como favorito
[Worker-5] Chevrolet Tracker 2023
[Worker-5] Reportar aviso
[Worker-5] Compartir
[Worker-5] Marcar como favorito
[Worker-5] Año modelo
[Worker-5] 2023
[Worker-5] Kilometraje
[Worker-5] 20,000 km
[Worker-5] Transmisión
[Worker-5] Automática
[Worker-5] Descripción
[Worker-5] Auto en excelente estado, único dueño, full equipo, lunas y pestillos eléctricos, poco recorrido en kilometraje. Todos los mantenimientos en el concesionario de la marca. Se vende por viaje.
[Worker-5] Te recomendamos:
[Worker-5] ¿Te toca renovar tu SOAT?
[Worker-5] Verifica el estado de tu SOAT aquí y evita multas.
[Worker-5] Consultar SOAT
[Worker-5] Alquila autos con Kinto Share
[Worker-5] Que nada frene tus aventuras. Seguro,flexible y con garantia.
[Worker-5] Ver más
[Worker-5] Blog & Noticias
[Worker-5] Entérate de las últimas novedades del sector automotriz.
[Worker-5] Ver más
[Worker-5] Especificaciones técnicas
[Worker-5] Características
[Worker-5] Marca
[Worker-5] Chevrolet
[Worker-5] Modelo
[Worker-5] TRACKER
[Worker-5] Año de fabricación
[Worker-5] 2023
[Worker-5] Categoría
[Worker-5] Camioneta
[Worker-5] Combustible
[Worker-5] Gasolina
[Worker-5] Precios y costos
[Worker-5] Este aviso
[Worker-5] US$18,000
[Worker-5] Precio de mercado
[Worker-5] US$19,000*
[Worker-5] Excelente
[Worker-5] Competitivo
[Worker-5] Premium
[Worker-5] (*) Precio referencial
[Worker-5] ¿Cómo se calcula este rango?
[Worker-5] ¿Te toca renovar tu SOAT?
[Worker-5] Verifica el estado de tu SOAT aquí y evita multas.
[Worker-5] Consultar SOAT
[Worker-5] Precio
[Worker-5] US$18,000
[Worker-5] Dscto. por adquirir el Crédito Vehicular
[Worker-5] -US$1,000*
[Worker-5] *Aplica si financias tu auto con Santander Consumer
[Worker-5] Contáctate con el anunciante
[Worker-5] Jaime Medina Hermoza
[Worker-5] 950 314...
[Worker-5] Más información
[Worker-5] Beneficios adicionales para ti:
[Worker-5] La mejor opción
[Worker-5] Financia tu auto con Santander Consumer
[Worker-5] Paga desde:
[Worker-5] US$17,000 o
[Worker-5] US$487/mes*
[Worker-5] Simular crédito
[Worker-5] (*) Cuota mensual referencial. Calculada a 60 meses, 20% de inicial y TEA de 20.99%. No incluye seguro vehicular.
[Worker-5] Solicita tu Préstamo Personal hasta de S/45,000
[Worker-5] Me interesa
[Worker-5] Seminuevos
[Worker-5] Autos
[Worker-5] Motos
[Worker-5] Camiones
[Worker-5] Usados
[Worker-5] Autos
[Worker-5] Motos
[Worker-5] Camiones
[Worker-5] Nuevos
[Worker-5] Autos
[Worker-5] Camiones
[Worker-5] Ayuda
[Worker-5] Términos y condiciones
[Worker-5] Políticas de publicación
[Worker-5] ¿Cómo protegemos tus datos?
[Worker-5] Legales
[Worker-5] Sobre NeoAuto
[Worker-5] Noticias
[Worker-5] Tips y guías
[Worker-5] Ayuda en línea
[Worker-5] © 2024 NeoAuto Inc. Todos los derechos reservados
[Worker-5] Síguenos
[Worker-5] Descripción: {"@context":"https://schema.org","@graph":[{"@type":"Organization","@id":"https://neoauto.com/#organ...
[Worker-5] Único dueño: Sí
[Worker-5] Datos guardados en: /home/richgutz/Scraper-Neoauto-ANTIGRAVITY/extractores/results_txt/semanal_result_20260126_171527_979575.txt
[Worker-1] URLs restantes en urls_autos_random: 2067 | Procesadas en sesión: 1 | Próximo refresco en: 24 URLs
[Worker-1] URL obtenida y bloqueada desde urls_autos_random: https://neoauto.com/auto/usado/mazda-6-2017-1863314
[Worker-1] Iniciando extracción para: https://neoauto.com/auto/usado/mazda-6-2017-1863314
[Worker-1] Iniciando navegación...
[Worker-1] Marca extraída: 'mazda'
[Worker-1] Camino elegido (4 pasos).
[Worker-1] Paso 1/4: Página Principal...
[Worker-2] Título: Mazda Cx-30 2024
[Worker-2] Precio: S/ nan
[Worker-2] Kilometraje: inf km
[Worker-2] Ubicación: ¡Arranca tu año sobre ruedas!
[Worker-2] Súbete a tu próximo seminuevo, el auto que mereces.
[Worker-2] ¡Arranca tu año sobre ruedas!
[Worker-2] Súbete a tu próximo seminuevo, el auto que mereces.
[Worker-2] ¡Arranca tu año sobre ruedas!
[Worker-2] Súbete a tu próximo seminuevo, el auto que mereces.
[Worker-2] ¡Arranca tu año sobre ruedas!
[Worker-2] Súbete a tu próximo seminuevo, el auto que mereces.
[Worker-2] Iniciar sesión
[Worker-2] Quiero vender
[Worker-2] Comprar
[Worker-2] Quiero vender
[Worker-2] Financiamiento
[Worker-2] Alquilar
[Worker-2] Nuevo
[Worker-2] Seguros
[Worker-2] Eventos
[Worker-2] Publicidad
[Worker-2] Ver fotos
[Worker-2] Autos usados
[Worker-2] Mazda
[Worker-2] Cx-30
[Worker-2] Mazda Cx-30 2024
[Worker-2] San Miguel, Lima, Lima
[Worker-2] Publicado ayer
[Worker-2] 33 vistas
[Worker-2] Reportar aviso
[Worker-2] Compartir
[Worker-2] Marcar como favorito
[Worker-2] Mazda Cx-30 2024
[Worker-2] Reportar aviso
[Worker-2] Compartir
[Worker-2] Marcar como favorito
[Worker-2] Año modelo
[Worker-2] 2024
[Worker-2] Kilometraje
[Worker-2] 14,000 km
[Worker-2] Transmisión
[Worker-2] Automática - Secuencial
[Worker-2] Descripción
[Worker-2] Mazda CX-30 PRIME 2.0 A.T
[Worker-2] •Marca: Mazda
[Worker-2] •Modelo : CX30
[Worker-2] •Versión : PRIME 2.0 A.T
[Worker-2] •Año : 2023 Fabricación Modelo 2024
[Worker-2] •Color : Rojo Cristal
[Worker-2] •Motor: 2.0
[Worker-2] •Tracción : 4X2
[Worker-2] •Carroceria : SUV
[Worker-2] •Combustible : Gasolina
[Worker-2] •Kilometraje : 14,000 KM
[Worker-2] •TR...
[Worker-2] Seguir leyendo
[Worker-2] Te recomendamos:
[Worker-2] ¿Te toca renovar tu SOAT?
[Worker-2] Verifica el estado de tu SOAT aquí y evita multas.
[Worker-2] Consultar SOAT
[Worker-2] Alquila autos con Kinto Share
[Worker-2] Que nada frene tus aventuras. Seguro,flexible y con garantia.
[Worker-2] Ver más
[Worker-2] Blog & Noticias
[Worker-2] Entérate de las últimas novedades del sector automotriz.
[Worker-2] Ver más
[Worker-2] Especificaciones técnicas
[Worker-2] Características
[Worker-2] Marca
[Worker-2] Mazda
[Worker-2] Modelo
[Worker-2] CX-30
[Worker-2] Año de fabricación
[Worker-2] 2023
[Worker-2] Categoría
[Worker-2] Camioneta
[Worker-2] Combustible
[Worker-2] Gasolina
[Worker-2] Número de puertas
[Worker-2] 5
[Worker-2] Tracción
[Worker-2] 4x2
[Worker-2] Color
[Worker-2] Rojo
[Worker-2] Número cilindros
[Worker-2] 4
[Worker-2] Cilindrada
[Worker-2] 2,000 cc
[Worker-2] Equipamiento
[Worker-2] Neblineros
[Worker-2] Aire Acondicionado
[Worker-2] Parlantes/Bajos
[Worker-2] Radio MP3
[Worker-2] Exterior
[Worker-2] Aros
[Worker-2] Seguridad
[Worker-2] Airbag
[Worker-2] Láminas de Seguridad
[Worker-2] Faros antiniebla delantero
[Worker-2] Extras
[Worker-2] Climatizador
[Worker-2] Precios y costos
[Worker-2] Este aviso
[Worker-2] US$21,500
[Worker-2] Precio de mercado
[Worker-2] US$23,000*
[Worker-2] Excelente
[Worker-2] Competitivo
[Worker-2] Premium
[Worker-2] (*) Precio referencial
[Worker-2] ¿Cómo se calcula este rango?
[Worker-2] ¿Te toca renovar tu SOAT?
[Worker-2] Verifica el estado de tu SOAT aquí y evita multas.
[Worker-2] Consultar SOAT
[Worker-2] Precio
[Worker-2] US$21,500
[Worker-2] Dscto. por adquirir el Crédito Vehicular
[Worker-2] -US$1,000*
[Worker-2] *Aplica si financias tu auto con Santander Consumer
[Worker-2] Contáctate con el anunciante
[Worker-2] Gino Espinoza
[Worker-2] 968 273...
[Worker-2] Más información
[Worker-2] Beneficios adicionales para ti:
[Worker-2] La mejor opción
[Worker-2] Financia tu auto con Santander Consumer
[Worker-2] Paga desde:
[Worker-2] US$20,500 o
[Worker-2] US$580/mes*
[Worker-2] Simular crédito
[Worker-2] (*) Cuota mensual referencial. Calculada a 60 meses, 20% de inicial y TEA de 20.99%. No incluye seguro vehicular.
[Worker-2] Solicita tu Préstamo Personal hasta de S/45,000
[Worker-2] Me interesa
[Worker-2] Seminuevos
[Worker-2] Autos
[Worker-2] Motos
[Worker-2] Camiones
[Worker-2] Usados
[Worker-2] Autos
[Worker-2] Motos
[Worker-2] Camiones
[Worker-2] Nuevos
[Worker-2] Autos
[Worker-2] Camiones
[Worker-2] Ayuda
[Worker-2] Términos y condiciones
[Worker-2] Políticas de publicación
[Worker-2] ¿Cómo protegemos tus datos?
[Worker-2] Legales
[Worker-2] Sobre NeoAuto
[Worker-2] Noticias
[Worker-2] Tips y guías
[Worker-2] Ayuda en línea
[Worker-2] © 2024 NeoAuto Inc. Todos los derechos reservados
[Worker-2] Síguenos
[Worker-2] Descripción: {"@context":"https://schema.org","@graph":[{"@type":"Organization","@id":"https://neoauto.com/#organ...
[Worker-2] Único dueño: No
[Worker-2] Datos guardados en: /home/richgutz/Scraper-Neoauto-ANTIGRAVITY/extractores/results_txt/semanal_result_20260126_171528_964a0b.txt
[Worker-7] Intento 3: Popup no encontrado
[Worker-6] Intento 3: Popup no encontrado
[Worker-1] Navegación rápida (sin acciones)
[Worker-1] Paso 2/4: Categoría 'Usados'...
[Worker-4] Título: Suzuki Jimny 2025
[Worker-4] Precio: S/ nan
[Worker-7] No se pudo cerrar el popup de satisfacción
[Worker-7] Popups manejados POST-scroll
[Worker-7] Scroll adicional de confirmación...
[Worker-4] Kilometraje: inf km
[Worker-6] No se pudo cerrar el popup de satisfacción
[Worker-6] Popups manejados POST-scroll
[Worker-6] Scroll adicional de confirmación...
[Worker-4] Ubicación: ¡Arranca tu año sobre ruedas!
[Worker-4] Súbete a tu próximo seminuevo, el auto que mereces.
[Worker-4] ¡Arranca tu año sobre ruedas!
[Worker-4] Súbete a tu próximo seminuevo, el auto que mereces.
[Worker-4] ¡Arranca tu año sobre ruedas!
[Worker-4] Súbete a tu próximo seminuevo, el auto que mereces.
[Worker-4] ¡Arranca tu año sobre ruedas!
[Worker-4] Súbete a tu próximo seminuevo, el auto que mereces.
[Worker-4] Iniciar sesión
[Worker-4] Quiero vender
[Worker-4] Comprar
[Worker-4] Quiero vender
[Worker-4] Financiamiento
[Worker-4] Alquilar
[Worker-4] Nuevo
[Worker-4] Seguros
[Worker-4] Eventos
[Worker-4] Publicidad
[Worker-4] Ver fotos
[Worker-4] Autos usados
[Worker-4] Suzuki
[Worker-4] Jimny
[Worker-4] Suzuki Jimny 2025
[Worker-4] Iquitos, Maynas, Loreto
[Worker-4] Publicado hace más de una semana
[Worker-4] 274 vistas
[Worker-4] Reportar aviso
[Worker-4] Compartir
[Worker-4] Marcar como favorito
[Worker-4] Suzuki Jimny 2025
[Worker-4] Reportar aviso
[Worker-4] Compartir
[Worker-4] Marcar como favorito
[Worker-4] Año modelo
[Worker-4] 2025
[Worker-4] Kilometraje
[Worker-4] 11,200 km
[Worker-4] Transmisión
[Worker-4] Automática
[Worker-4] Descripción
[Worker-4] Auto en excelente estado, único dueño, super bien cuidado, full equipo, lunas y pestillos eléctricos, poco recorrido de kilometraje.
[Worker-4] Te recomendamos:
[Worker-4] ¿Te toca renovar tu SOAT?
[Worker-4] Verifica el estado de tu SOAT aquí y evita multas.
[Worker-4] Consultar SOAT
[Worker-4] Alquila autos con Kinto Share
[Worker-4] Que nada frene tus aventuras. Seguro,flexible y con garantia.
[Worker-4] Ver más
[Worker-4] Blog & Noticias
[Worker-4] Entérate de las últimas novedades del sector automotriz.
[Worker-4] Ver más
[Worker-4] Especificaciones técnicas
[Worker-4] Características
[Worker-4] Marca
[Worker-4] Suzuki
[Worker-4] Modelo
[Worker-4] JIMNY
[Worker-4] Versión
[Worker-4] NEW JIMNY 1.5 AT
[Worker-4] Año de fabricación
[Worker-4] 2025
[Worker-4] Categoría
[Worker-4] Camioneta
[Worker-4] Combustible
[Worker-4] Gasolina
[Worker-4] Número de puertas
[Worker-4] 2
[Worker-4] Tracción
[Worker-4] 4x4
[Worker-4] Color
[Worker-4] Blanco
[Worker-4] Número cilindros
[Worker-4] 4
[Worker-4] Cilindrada
[Worker-4] 1,500 cc
[Worker-4] Equipamiento
[Worker-4] Retrovisores Eléctricos
[Worker-4] Neblineros
[Worker-4] Aire Acondicionado
[Worker-4] Full Equipo
[Worker-4] Computadora de abordo
[Worker-4] Parlantes/Bajos
[Worker-4] Radio MP3
[Worker-4] Exterior
[Worker-4] Aros
[Worker-4] Aros de Aleación
[Worker-4] Seguridad
[Worker-4] Airbag
[Worker-4] Láminas de Seguridad
[Worker-4] Faros antiniebla delantero
[Worker-4] Faros antiniebla traseros
[Worker-4] Repartidor electrónico de frenado
[Worker-4] Frenos ABS
[Worker-4] Precios y costos
[Worker-4] Aún no tenemos suficiente información para determinar un rango de precio para este vehículo.
[Worker-4] Excelente
[Worker-4] Competitivo
[Worker-4] Premium
[Worker-4] (*) Precio referencial
[Worker-4] ¿Cómo se calcula este rango?
[Worker-4] ¿Te toca renovar tu SOAT?
[Worker-4] Verifica el estado de tu SOAT aquí y evita multas.
[Worker-4] Consultar SOAT
[Worker-4] Precio
[Worker-4] US$22,500
[Worker-4] Dscto. por adquirir el Crédito Vehicular
[Worker-4] -US$1,000*
[Worker-4] *Aplica si financias tu auto con Santander Consumer
[Worker-4] Contáctate con el anunciante
[Worker-4] Alex Yui
[Worker-4] 989 180...
[Worker-4] Más información
[Worker-4] Beneficios adicionales para ti:
[Worker-4] La mejor opción
[Worker-4] Financia tu auto con Santander Consumer
[Worker-4] Paga desde:
[Worker-4] US$21,500 o
[Worker-4] US$606/mes*
[Worker-4] Simular crédito
[Worker-4] (*) Cuota mensual referencial. Calculada a 60 meses, 20% de inicial y TEA de 20.99%. No incluye seguro vehicular.
[Worker-4] Solicita tu Préstamo Personal hasta de S/45,000
[Worker-4] Me interesa
[Worker-4] Seminuevos
[Worker-4] Autos
[Worker-4] Motos
[Worker-4] Camiones
[Worker-4] Usados
[Worker-4] Autos
[Worker-4] Motos
[Worker-4] Camiones
[Worker-4] Nuevos
[Worker-4] Autos
[Worker-4] Camiones
[Worker-4] Ayuda
[Worker-4] Términos y condiciones
[Worker-4] Políticas de publicación
[Worker-4] ¿Cómo protegemos tus datos?
[Worker-4] Legales
[Worker-4] Sobre NeoAuto
[Worker-4] Noticias
[Worker-4] Tips y guías
[Worker-4] Ayuda en línea
[Worker-4] © 2024 NeoAuto Inc. Todos los derechos reservados
[Worker-4] Síguenos
[Worker-3] Título: Mercedes Benz Cla 180 Coupe 2018
[Worker-3] Precio: S/ nan
[Worker-3] Kilometraje: inf km
[Worker-4] Descripción: {"@context":"https://schema.org","@graph":[{"@type":"Organization","@id":"https://neoauto.com/#organ...
[Worker-4] Único dueño: No
[Worker-4] Datos guardados en: /home/richgutz/Scraper-Neoauto-ANTIGRAVITY/extractores/results_txt/semanal_result_20260126_171530_16e1ca.txt
[Worker-5] URLs restantes en urls_autos_random: 2065 | Procesadas en sesión: 1 | Próximo refresco en: 24 URLs
[Worker-3] Ubicación: ¡Arranca tu año sobre ruedas!
[Worker-3] Súbete a tu próximo seminuevo, el auto que mereces.
[Worker-3] ¡Arranca tu año sobre ruedas!
[Worker-3] Súbete a tu próximo seminuevo, el auto que mereces.
[Worker-3] ¡Arranca tu año sobre ruedas!
[Worker-3] Súbete a tu próximo seminuevo, el auto que mereces.
[Worker-3] ¡Arranca tu año sobre ruedas!
[Worker-3] Súbete a tu próximo seminuevo, el auto que mereces.
[Worker-3] Iniciar sesión
[Worker-3] Quiero vender
[Worker-3] Comprar
[Worker-3] Quiero vender
[Worker-3] Financiamiento
[Worker-3] Alquilar
[Worker-3] Nuevo
[Worker-3] Seguros
[Worker-3] Eventos
[Worker-3] Publicidad
[Worker-3] Ver fotos
[Worker-3] Autos usados
[Worker-3] Mercedes Benz
[Worker-3] Cla 180 Coupe
[Worker-3] Mercedes Benz Cla 180 Coupe 2018
[Worker-3] La Molina, Lima, Lima
[Worker-3] Publicado hace más de una semana
[Worker-3] 132 vistas
[Worker-3] Reportar aviso
[Worker-3] Compartir
[Worker-3] Marcar como favorito
[Worker-3] Mercedes Benz Cla 180 Coupe 2018
[Worker-3] Reportar aviso
[Worker-3] Compartir
[Worker-3] Marcar como favorito
[Worker-3] Año modelo
[Worker-3] 2018
[Worker-3] Kilometraje
[Worker-3] 42,000 km
[Worker-3] Transmisión
[Worker-3] Automática - Secuencial
[Worker-3] Descripción
[Worker-3] Mercedes Benz / CLA 180 Coupe - Deportivo - Año: 2018
[Worker-3] Transmisión: automatico
[Worker-3] Kilometraje: 42,000
[Worker-3] Tracción: 4x2
[Worker-3] Precio: $18,900
[Worker-3] Datos adicionales:
[Worker-3] Asientos de cuero / 2 Llaves / Lunas y Espejos Eléctricos / Computadora Abordo / Camara de ret...
[Worker-3] Seguir leyendo
[Worker-3] Te recomendamos:
[Worker-3] ¿Te toca renovar tu SOAT?
[Worker-3] Verifica el estado de tu SOAT aquí y evita multas.
[Worker-3] Consultar SOAT
[Worker-3] Alquila autos con Kinto Share
[Worker-3] Que nada frene tus aventuras. Seguro,flexible y con garantia.
[Worker-3] Ver más
[Worker-3] Blog & Noticias
[Worker-3] Entérate de las últimas novedades del sector automotriz.
[Worker-3] Ver más
[Worker-3] Especificaciones técnicas
[Worker-3] Características
[Worker-3] Marca
[Worker-3] Mercedes Benz
[Worker-3] Modelo
[Worker-3] CLA 180 COUPE
[Worker-3] Año de fabricación
[Worker-3] 2018
[Worker-3] Categoría
[Worker-3] Deportivo
[Worker-3] Combustible
[Worker-3] Gasolina
[Worker-3] Número de puertas
[Worker-3] 4
[Worker-3] Tracción
[Worker-3] 4x2
[Worker-3] Color
[Worker-3] Plata
[Worker-3] Número cilindros
[Worker-3] 4
[Worker-3] Cilindrada
[Worker-3] 1,500 cc
[Worker-3] Equipamiento
[Worker-3] Retrovisores Eléctricos
[Worker-3] Aire Acondicionado
[Worker-3] Full Equipo
[Worker-3] Computadora de abordo
[Worker-3] Exterior
[Worker-3] Aros de Aleación
[Worker-3] Luces Halógenas
[Worker-3] Seguridad
[Worker-3] Airbag
[Worker-3] Láminas de Seguridad
[Worker-3] Frenos ABS
[Worker-3] Extras
[Worker-3] Asientos de cuero
[Worker-3] Climatizador
[Worker-3] Precios y costos
[Worker-3] Este aviso
[Worker-3] US$18,900
[Worker-3] Precio de mercado
[Worker-3] US$18,500*
[Worker-3] Excelente
[Worker-3] Competitivo
[Worker-3] Premium
[Worker-3] (*) Precio referencial
[Worker-3] ¿Cómo se calcula este rango?
[Worker-3] ¿Te toca renovar tu SOAT?
[Worker-3] Verifica el estado de tu SOAT aquí y evita multas.
[Worker-3] Consultar SOAT
[Worker-3] Precio
[Worker-3] US$18,900
[Worker-3] Dscto. por adquirir el Crédito Vehicular
[Worker-3] -US$1,000*
[Worker-3] *Aplica si financias tu auto con Santander Consumer
[Worker-3] Contáctate con el anunciante
[Worker-3] Roland Olazabal Mora
[Worker-3] 941 857...
[Worker-3] Más información
[Worker-3] Beneficios adicionales para ti:
[Worker-3] La mejor opción
[Worker-3] Financia tu auto con Santander Consumer
[Worker-3] Paga desde:
[Worker-3] US$17,900 o
[Worker-3] US$897/mes*
[Worker-3] Simular crédito
[Worker-3] (*) Cuota mensual referencial. Calculada a 24 meses, 20% de inicial y TEA de 20.99%. No incluye seguro vehicular.
[Worker-3] Solicita tu Préstamo Personal hasta de S/45,000
[Worker-3] Me interesa
[Worker-3] Seminuevos
[Worker-3] Autos
[Worker-3] Motos
[Worker-3] Camiones
[Worker-3] Usados
[Worker-3] Autos
[Worker-3] Motos
[Worker-3] Camiones
[Worker-3] Nuevos
[Worker-3] Autos
[Worker-3] Camiones
[Worker-3] Ayuda
[Worker-3] Términos y condiciones
[Worker-3] Políticas de publicación
[Worker-3] ¿Cómo protegemos tus datos?
[Worker-3] Legales
[Worker-3] Sobre NeoAuto
[Worker-3] Noticias
[Worker-3] Tips y guías
[Worker-3] Ayuda en línea
[Worker-3] © 2024 NeoAuto Inc. Todos los derechos reservados
[Worker-3] Síguenos
[Worker-3] Descripción: {"@context":"https://schema.org","@graph":[{"@type":"Organization","@id":"https://neoauto.com/#organ...
[Worker-3] Único dueño: No
[Worker-3] Datos guardados en: /home/richgutz/Scraper-Neoauto-ANTIGRAVITY/extractores/results_txt/semanal_result_20260126_171530_e424a4.txt
[Worker-8] Intento 3: Popup no encontrado
[Worker-5] URL obtenida y bloqueada desde urls_autos_random: https://neoauto.com/auto/usado/honda-cr-v-2011-1863448
[Worker-5] Iniciando extracción para: https://neoauto.com/auto/usado/honda-cr-v-2011-1863448
[Worker-5] Iniciando navegación...
[Worker-5] Marca extraída: 'honda'
[Worker-5] Camino elegido (4 pasos).
[Worker-5] Paso 1/4: Página Principal...
[Worker-1] Navegación rápida (sin acciones)
[Worker-1] Paso 3/4: Filtro por Marca 'MAZDA'...
[Worker-8] No se pudo cerrar el popup de satisfacción
[Worker-8] Popups manejados POST-scroll
[Worker-8] Scroll adicional de confirmación...
[Worker-2] URLs restantes en urls_autos_random: 2063 | Procesadas en sesión: 1 | Próximo refresco en: 24 URLs
[Worker-5] Navegación rápida (sin acciones)
[Worker-5] Paso 2/4: Categoría 'Usados'...
[Worker-1] Navegación rápida (sin acciones)
[Worker-1] Paso 4/4: URL Final...
[Worker-6] Título: Kia Soluto 2024
[Worker-6] Precio: S/ nan
[Worker-2] URL obtenida y bloqueada desde urls_autos_random: https://neoauto.com/auto/usado/suzuki-new-vitara-2017-1860876
[Worker-2] Iniciando extracción para: https://neoauto.com/auto/usado/suzuki-new-vitara-2017-1860876
[Worker-2] Iniciando navegación...
[Worker-2] Marca extraída: 'suzuki'
[Worker-2] Camino elegido (4 pasos).
[Worker-2] Paso 1/4: Página Principal...
[Worker-6] Ubicación: ¡Arranca tu año sobre ruedas!
[Worker-6] Súbete a tu próximo seminuevo, el auto que mereces.
[Worker-6] ¡Arranca tu año sobre ruedas!
[Worker-6] Súbete a tu próximo seminuevo, el auto que mereces.
[Worker-6] ¡Arranca tu año sobre ruedas!
[Worker-6] Súbete a tu próximo seminuevo, el auto que mereces.
[Worker-6] ¡Arranca tu año sobre ruedas!
[Worker-6] Súbete a tu próximo seminuevo, el auto que mereces.
[Worker-6] Iniciar sesión
[Worker-6] Quiero vender
[Worker-6] Comprar
[Worker-6] Quiero vender
[Worker-6] Financiamiento
[Worker-6] Alquilar
[Worker-6] Nuevo
[Worker-6] Seguros
[Worker-6] Eventos
[Worker-6] Publicidad
[Worker-6] Ver fotos
[Worker-6] Autos usados
[Worker-6] Kia
[Worker-6] Soluto
[Worker-6] Kia Soluto 2024
[Worker-6] Puente Piedra, Lima, Lima
[Worker-6] Publicado hace más de un mes
[Worker-6] 1,550 vistas
[Worker-6] Reportar aviso
[Worker-6] Compartir
[Worker-6] Marcar como favorito
[Worker-6] Kia Soluto 2024
[Worker-6] Reportar aviso
[Worker-6] Compartir
[Worker-6] Marcar como favorito
[Worker-6] Descripción
[Worker-6] Te recomendamos:
[Worker-6] ¿Te toca renovar tu SOAT?
[Worker-6] Verifica el estado de tu SOAT aquí y evita multas.
[Worker-6] Consultar SOAT
[Worker-6] Alquila autos con Kinto Share
[Worker-6] Que nada frene tus aventuras. Seguro,flexible y con garantia.
[Worker-6] Ver más
[Worker-6] Blog & Noticias
[Worker-6] Entérate de las últimas novedades del sector automotriz.
[Worker-6] Ver más
[Worker-6] Especificaciones técnicas
[Worker-6] Características
[Worker-6] Marca
[Worker-6] Kia
[Worker-6] Modelo
[Worker-6] SOLUTO
[Worker-6] Versión
[Worker-6] MT LX PLUS
[Worker-6] Año de fabricación
[Worker-6] 2023
[Worker-6] Categoría
[Worker-6] Sedán
[Worker-6] Combustible
[Worker-6] Gasolina
[Worker-6] Número de puertas
[Worker-6] 5
[Worker-6] Tracción
[Worker-6] Delantera
[Worker-6] Color
[Worker-6] Negro Perlado
[Worker-6] Número cilindros
[Worker-6] 4
[Worker-6] Cilindrada
[Worker-6] 1,400 cc
[Worker-6] Equipamiento
[Worker-6] Retrovisores Eléctricos
[Worker-6] Neblineros
[Worker-6] Aire Acondicionado
[Worker-6] Full Equipo
[Worker-6] Computadora de abordo
[Worker-6] Exterior
[Worker-6] Aros de Aleación
[Worker-6] Luces Halógenas
[Worker-6] Seguridad
[Worker-6] Airbag
[Worker-6] Faros antiniebla delantero
[Worker-6] Repartidor electrónico de frenado
[Worker-6] Frenos ABS
[Worker-6] Alarma
[Worker-6] Precios y costos
[Worker-6] Aún no tenemos suficiente información para determinar un rango de precio para este vehículo.
[Worker-6] Excelente
[Worker-6] Competitivo
[Worker-6] Premium
[Worker-6] (*) Precio referencial
[Worker-6] ¿Cómo se calcula este rango?
[Worker-6] ¿Te toca renovar tu SOAT?
[Worker-6] Verifica el estado de tu SOAT aquí y evita multas.
[Worker-6] Consultar SOAT
[Worker-6] Precio
[Worker-6] US$11,300
[Worker-6] Dscto. por adquirir el Crédito Vehicular
[Worker-6] -US$1,000*
[Worker-6] *Aplica si financias tu auto con Santander Consumer
[Worker-6] Contáctate con el anunciante
[Worker-6] Cesar De La U
[Worker-6] 928 840...
[Worker-6] Más información
[Worker-6] Beneficios adicionales para ti:
[Worker-6] La mejor opción
[Worker-6] Financia tu auto con Santander Consumer
[Worker-6] Paga desde:
[Worker-6] US$10,300 o
[Worker-6] US$309/mes*
[Worker-6] Simular crédito
[Worker-6] (*) Cuota mensual referencial. Calculada a 60 meses, 20% de inicial y TEA de 20.99%. No incluye seguro vehicular.
[Worker-6] Solicita tu Préstamo Personal hasta de S/45,000
[Worker-6] Me interesa
[Worker-6] Seminuevos
[Worker-6] Autos
[Worker-6] Motos
[Worker-6] Camiones
[Worker-6] Usados
[Worker-6] Autos
[Worker-6] Motos
[Worker-6] Camiones
[Worker-6] Nuevos
[Worker-6] Autos
[Worker-6] Camiones
[Worker-6] Ayuda
[Worker-6] Términos y condiciones
[Worker-6] Políticas de publicación
[Worker-6] ¿Cómo protegemos tus datos?
[Worker-6] Legales
[Worker-6] Sobre NeoAuto
[Worker-6] Noticias
[Worker-6] Tips y guías
[Worker-6] Ayuda en línea
[Worker-6] © 2024 NeoAuto Inc. Todos los derechos reservados
[Worker-6] Síguenos
[Worker-6] Descripción: {"@context":"https://schema.org","@graph":[{"@type":"Organization","@id":"https://neoauto.com/#organ...
[Worker-6] Único dueño: No
[Worker-6] Datos guardados en: /home/richgutz/Scraper-Neoauto-ANTIGRAVITY/extractores/results_txt/semanal_result_20260126_171534_8aa1df.txt
[Worker-3] URLs restantes en urls_autos_random: 2061 | Procesadas en sesión: 1 | Próximo refresco en: 24 URLs
[Worker-7] Título: Jeep Grand Cherokee Laredo 2010
[Worker-1] Scroll INICIAL para activar contenido...
[Worker-7] Precio: S/ nan
[Worker-7] Kilometraje: inf km
[Worker-7] Ubicación: ¡Arranca tu año sobre ruedas!
[Worker-7] Súbete a tu próximo seminuevo, el auto que mereces.
[Worker-7] ¡Arranca tu año sobre ruedas!
[Worker-7] Súbete a tu próximo seminuevo, el auto que mereces.
[Worker-7] ¡Arranca tu año sobre ruedas!
[Worker-7] Súbete a tu próximo seminuevo, el auto que mereces.
[Worker-7] ¡Arranca tu año sobre ruedas!
[Worker-7] Súbete a tu próximo seminuevo, el auto que mereces.
[Worker-7] Iniciar sesión
[Worker-7] Quiero vender
[Worker-7] Comprar
[Worker-7] Quiero vender
[Worker-7] Financiamiento
[Worker-7] Alquilar
[Worker-7] Nuevo
[Worker-7] Seguros
[Worker-7] Eventos
[Worker-7] Publicidad
[Worker-7] Ver fotos
[Worker-7] Unico Dueño
[Worker-7] Autos usados
[Worker-7] Jeep
[Worker-7] Grand Cherokee Laredo
[Worker-7] Jeep Grand Cherokee Laredo 2010
[Worker-7] Ate, Lima, Lima
[Worker-7] Publicado hace más de un mes
[Worker-7] 1,195 vistas
[Worker-7] Reportar aviso
[Worker-7] Compartir
[Worker-7] Marcar como favorito
[Worker-7] Jeep Grand Cherokee Laredo 2010
[Worker-7] Reportar aviso
[Worker-7] Compartir
[Worker-7] Marcar como favorito
[Worker-7] Año modelo
[Worker-7] 2010
[Worker-7] Kilometraje
[Worker-7] 120,000 km
[Worker-7] Transmisión
[Worker-7] Automática
[Worker-7] Descripción
[Worker-7] OCASIÓN POR VIAJE, vendo camioneta Grand Cherokee Laredo 4 x 4 con 120,000 km mantenimientos al día SOAT y revisión técnica hasta noviembre 2026 Fabricación americana USA, COMPRADA EN DIVEMOTOR 100% operativa
[Worker-7] Te recomendamos:
[Worker-7] ¿Te toca renovar tu SOAT?
[Worker-7] Verifica el estado de tu SOAT aquí y evita multas.
[Worker-7] Consultar SOAT
[Worker-7] Alquila autos con Kinto Share
[Worker-7] Que nada frene tus aventuras. Seguro,flexible y con garantia.
[Worker-7] Ver más
[Worker-7] Blog & Noticias
[Worker-7] Entérate de las últimas novedades del sector automotriz.
[Worker-7] Ver más
[Worker-7] Especificaciones técnicas
[Worker-7] Características
[Worker-7] Marca
[Worker-7] Jeep
[Worker-7] Modelo
[Worker-7] GRAND CHEROKEE LAREDO
[Worker-7] Año de fabricación
[Worker-7] 2009
[Worker-7] Categoría
[Worker-7] Camioneta
[Worker-7] Combustible
[Worker-7] Gasolina
[Worker-7] Número de puertas
[Worker-7] 5
[Worker-7] Tracción
[Worker-7] 4x4
[Worker-7] Color
[Worker-7] Beige
[Worker-7] Número cilindros
[Worker-7] 6
[Worker-7] Cilindrada
[Worker-7] 3,700 cc
[Worker-7] Equipamiento
[Worker-7] Aire Acondicionado
[Worker-7] Computadora de abordo
[Worker-7] Parlantes/Bajos
[Worker-7] Radio CD
[Worker-7] Radio MP3
[Worker-7] Exterior
[Worker-7] Aros de Aleación
[Worker-7] Parrilla
[Worker-7] Seguridad
[Worker-7] Airbag
[Worker-7] Láminas de Seguridad
[Worker-7] Inmovilizador de motor
[Worker-7] Repartidor electrónico de frenado
[Worker-7] Frenos ABS
[Worker-7] Extras
[Worker-7] Asientos de cuero
[Worker-7] Climatizador
[Worker-7] Precios y costos
[Worker-7] Aún no tenemos suficiente información para determinar un rango de precio para este vehículo.
[Worker-7] Excelente
[Worker-7] Competitivo
[Worker-7] Premium
[Worker-7] (*) Precio referencial
[Worker-7] ¿Cómo se calcula este rango?
[Worker-7] ¿Te toca renovar tu SOAT?
[Worker-7] Verifica el estado de tu SOAT aquí y evita multas.
[Worker-7] Consultar SOAT
[Worker-7] Precio
[Worker-7] US$9,500
[Worker-7] Contáctate con el anunciante
[Worker-7] Nadia Lingan Gonzalez
[Worker-7] 993 706...
[Worker-7] Más información
[Worker-7] Beneficios adicionales para ti:
[Worker-7] Solicita tu Préstamo Personal hasta de S/45,000
[Worker-7] Me interesa
[Worker-7] Seminuevos
[Worker-7] Autos
[Worker-7] Motos
[Worker-7] Camiones
[Worker-7] Usados
[Worker-7] Autos
[Worker-7] Motos
[Worker-7] Camiones
[Worker-7] Nuevos
[Worker-7] Autos
[Worker-7] Camiones
[Worker-7] Ayuda
[Worker-7] Términos y condiciones
[Worker-7] Políticas de publicación
[Worker-7] ¿Cómo protegemos tus datos?
[Worker-7] Legales
[Worker-7] Sobre NeoAuto
[Worker-7] Noticias
[Worker-7] Tips y guías
[Worker-7] Ayuda en línea
[Worker-7] © 2024 NeoAuto Inc. Todos los derechos reservados
[Worker-7] Síguenos
[Worker-7] Descripción: {"@context":"https://schema.org","@graph":[{"@type":"Organization","@id":"https://neoauto.com/#organ...
[Worker-7] Único dueño: Sí
[Worker-7] Datos guardados en: /home/richgutz/Scraper-Neoauto-ANTIGRAVITY/extractores/results_txt/semanal_result_20260126_171535_07ce53.txt
[Worker-4] URLs restantes en urls_autos_random: 2061 | Procesadas en sesión: 1 | Próximo refresco en: 24 URLs
[Worker-3] URL obtenida y bloqueada desde urls_autos_random: https://neoauto.com/auto/usado/subaru-xv-2013-1861089
[Worker-3] Iniciando extracción para: https://neoauto.com/auto/usado/subaru-xv-2013-1861089
[Worker-3] Iniciando navegación...
[Worker-3] Marca extraída: 'subaru'
[Worker-3] Camino elegido (4 pasos).
[Worker-3] Paso 1/4: Página Principal...
[Worker-5] Navegación rápida (sin acciones)
[Worker-5] Paso 3/4: Filtro por Marca 'HONDA'...
[Worker-2] Navegación rápida (sin acciones)
[Worker-2] Paso 2/4: Categoría 'Usados'...
[Worker-8] Título: Ford Explorer 2019
[Worker-8] Precio: S/ nan
[Worker-8] Kilometraje: inf km
[Worker-8] Ubicación: ¡Arranca tu año sobre ruedas!
[Worker-8] Súbete a tu próximo seminuevo, el auto que mereces.
[Worker-8] ¡Arranca tu año sobre ruedas!
[Worker-8] Súbete a tu próximo seminuevo, el auto que mereces.
[Worker-8] ¡Arranca tu año sobre ruedas!
[Worker-8] Súbete a tu próximo seminuevo, el auto que mereces.
[Worker-8] ¡Arranca tu año sobre ruedas!
[Worker-8] Súbete a tu próximo seminuevo, el auto que mereces.
[Worker-8] Iniciar sesión
[Worker-8] Quiero vender
[Worker-8] Comprar
[Worker-8] Quiero vender
[Worker-8] Financiamiento
[Worker-8] Alquilar
[Worker-8] Nuevo
[Worker-8] Seguros
[Worker-8] Eventos
[Worker-8] Publicidad
[Worker-8] Ver fotos
[Worker-8] Autos usados
[Worker-8] Ford
[Worker-8] Explorer
[Worker-8] Ford Explorer 2019
[Worker-8] San Borja, Lima, Lima
[Worker-8] Publicado hace más de una semana
[Worker-8] 445 vistas
[Worker-8] Reportar aviso
[Worker-8] Compartir
[Worker-8] Marcar como favorito
[Worker-8] Ford Explorer 2019
[Worker-8] Reportar aviso
[Worker-8] Compartir
[Worker-8] Marcar como favorito
[Worker-8] Año modelo
[Worker-8] 2019
[Worker-8] Kilometraje
[Worker-8] 71,000 km
[Worker-8] Transmisión
[Worker-8] Automática
[Worker-8] Descripción
[Worker-8] CAMIONETA full, en buen estado de conservación, poco recorrido reales.
[Worker-8] Te recomendamos:
[Worker-8] ¿Te toca renovar tu SOAT?
[Worker-8] Verifica el estado de tu SOAT aquí y evita multas.
[Worker-8] Consultar SOAT
[Worker-8] Alquila autos con Kinto Share
[Worker-8] Que nada frene tus aventuras. Seguro,flexible y con garantia.
[Worker-8] Ver más
[Worker-8] Blog & Noticias
[Worker-8] Entérate de las últimas novedades del sector automotriz.
[Worker-8] Ver más
[Worker-8] Especificaciones técnicas
[Worker-8] Características
[Worker-8] Marca
[Worker-8] Ford
[Worker-8] Modelo
[Worker-8] EXPLORER
[Worker-8] Versión
[Worker-8] LIMITED 4WD
[Worker-8] Versión
[Worker-8] LIMITED 4WD
[Worker-8] Año de fabricación
[Worker-8] 2018
[Worker-8] Categoría
[Worker-8] Camioneta
[Worker-8] Combustible
[Worker-8] Gasolina
[Worker-8] Número de puertas
[Worker-8] 5
[Worker-8] Tracción
[Worker-8] 4x4
[Worker-8] Color
[Worker-8] Plata
[Worker-8] Cilindrada
[Worker-8] 3,500 cc
[Worker-8] Equipamiento
[Worker-8] Retrovisores Eléctricos
[Worker-8] Neblineros
[Worker-8] Aire Acondicionado
[Worker-8] Full Equipo
[Worker-8] Radio CD
[Worker-8] Exterior
[Worker-8] Aros de Aleación
[Worker-8] Seguridad
[Worker-8] Airbag
[Worker-8] Láminas de Seguridad
[Worker-8] Faros antiniebla traseros
[Worker-8] Inmovilizador de motor
[Worker-8] Repartidor electrónico de frenado
[Worker-8] Frenos ABS
[Worker-8] Alarma
[Worker-8] Extras
[Worker-8] Sunroof
[Worker-8] Asientos de cuero
[Worker-8] Climatizador
[Worker-8] Precios y costos
[Worker-8] Este aviso
[Worker-8] US$25,000
[Worker-8] Precio de mercado
[Worker-8] US$27,000*
[Worker-8] Excelente
[Worker-8] Competitivo
[Worker-8] Premium
[Worker-8] (*) Precio referencial
[Worker-8] ¿Cómo se calcula este rango?
[Worker-8] ¿Te toca renovar tu SOAT?
[Worker-4] URL obtenida y bloqueada desde urls_autos_random: https://neoauto.com/auto/usado/subaru-forester-2023-1863232
[Worker-4] Iniciando extracción para: https://neoauto.com/auto/usado/subaru-forester-2023-1863232
[Worker-4] Iniciando navegación...
[Worker-4] Marca extraída: 'subaru'
[Worker-4] Camino elegido (4 pasos).
[Worker-4] Paso 1/4: Página Principal...
[Worker-8] Verifica el estado de tu SOAT aquí y evita multas.
[Worker-8] Consultar SOAT
[Worker-8] Precio
[Worker-8] US$25,000
[Worker-8] Dscto. por adquirir el Crédito Vehicular
[Worker-8] -US$1,000*
[Worker-8] *Aplica si financias tu auto con Santander Consumer
[Worker-8] Contáctate con el anunciante
[Worker-8] Jose Munisaca
[Worker-8] 996 666...
[Worker-8] Más información
[Worker-8] Beneficios adicionales para ti:
[Worker-8] La mejor opción
[Worker-8] Financia tu auto con Santander Consumer
[Worker-8] Paga desde:
[Worker-8] US$24,000 o
[Worker-8] US$895/mes*
[Worker-8] Simular crédito
[Worker-8] (*) Cuota mensual referencial. Calculada a 36 meses, 20% de inicial y TEA de 20.99%. No incluye seguro vehicular.
[Worker-8] Solicita tu Préstamo Personal hasta de S/45,000
[Worker-8] Me interesa
[Worker-8] Seminuevos
[Worker-8] Autos
[Worker-8] Motos
[Worker-8] Camiones
[Worker-8] Usados
[Worker-8] Autos
[Worker-8] Motos
[Worker-8] Camiones
[Worker-8] Nuevos
[Worker-8] Autos
[Worker-8] Camiones
[Worker-8] Ayuda
[Worker-8] Términos y condiciones
[Worker-8] Políticas de publicación
[Worker-8] ¿Cómo protegemos tus datos?
[Worker-8] Legales
[Worker-8] Sobre NeoAuto
[Worker-8] Noticias
[Worker-8] Tips y guías
[Worker-8] Ayuda en línea
[Worker-8] © 2024 NeoAuto Inc. Todos los derechos reservados
[Worker-8] Síguenos
[Worker-8] Descripción: {"@context":"https://schema.org","@graph":[{"@type":"Organization","@id":"https://neoauto.com/#organ...
[Worker-8] Único dueño: No
[Worker-8] Datos guardados en: /home/richgutz/Scraper-Neoauto-ANTIGRAVITY/extractores/results_txt/semanal_result_20260126_171537_262675.txt
[Worker-5] Navegación rápida (sin acciones)
[Worker-5] Paso 4/4: URL Final...
[Worker-3] Navegación rápida (sin acciones)
[Worker-3] Paso 2/4: Categoría 'Usados'...
[Worker-2] Navegación rápida (sin acciones)
[Worker-2] Paso 3/4: Filtro por Marca 'SUZUKI'...
[Worker-4] Navegación rápida (sin acciones)
[Worker-4] Paso 2/4: Categoría 'Usados'...
[Worker-7] URLs restantes en urls_autos_random: 2058 | Procesadas en sesión: 1 | Próximo refresco en: 24 URLs
[Worker-5] Scroll INICIAL para activar contenido...
[Worker-6] URLs restantes en urls_autos_random: 2058 | Procesadas en sesión: 1 | Próximo refresco en: 24 URLs
[Worker-2] Navegación rápida (sin acciones)
[Worker-2] Paso 4/4: URL Final...
[Worker-3] Navegación rápida (sin acciones)
[Worker-3] Paso 3/4: Filtro por Marca 'SUBARU'...
[Worker-8] URLs restantes en urls_autos_random: 2058 | Procesadas en sesión: 1 | Próximo refresco en: 24 URLs
[Worker-7] URL obtenida y bloqueada desde urls_autos_random: https://neoauto.com/auto/usado/honda-accord-2010-1854502
[Worker-7] Iniciando extracción para: https://neoauto.com/auto/usado/honda-accord-2010-1854502
[Worker-7] Iniciando navegación...
[Worker-7] Marca extraída: 'honda'
[Worker-7] Camino elegido (4 pasos).
[Worker-7] Paso 1/4: Página Principal...
[Worker-4] Navegación rápida (sin acciones)
[Worker-4] Paso 3/4: Filtro por Marca 'SUBARU'...
[Worker-6] URL obtenida y bloqueada desde urls_autos_random: https://neoauto.com/auto/usado/volkswagen-tiguan-allspace-2020-1860392
[Worker-6] Iniciando extracción para: https://neoauto.com/auto/usado/volkswagen-tiguan-allspace-2020-1860392
[Worker-6] Iniciando navegación...
[Worker-6] Marca extraída: 'volkswagen'
[Worker-6] Camino elegido (4 pasos).
[Worker-6] Paso 1/4: Página Principal...
[Worker-8] URL obtenida y bloqueada desde urls_autos_random: https://neoauto.com/auto/usado/toyota-etios-2020-1861851
[Worker-8] Iniciando extracción para: https://neoauto.com/auto/usado/toyota-etios-2020-1861851
[Worker-8] Iniciando navegación...
[Worker-8] Marca extraída: 'toyota'
[Worker-8] Camino elegido (4 pasos).
[Worker-8] Paso 1/4: Página Principal...
[Worker-2] Scroll INICIAL para activar contenido...
[Worker-3] Navegación rápida (sin acciones)
[Worker-3] Paso 4/4: URL Final...
[Worker-4] Navegación rápida (sin acciones)
[Worker-4] Paso 4/4: URL Final...
[Worker-7] Navegación rápida (sin acciones)
[Worker-7] Paso 2/4: Categoría 'Usados'...
[Worker-6] Navegación rápida (sin acciones)
[Worker-6] Paso 2/4: Categoría 'Usados'...
[Worker-4] Scroll INICIAL para activar contenido...
[Worker-3] Scroll INICIAL para activar contenido...
[Worker-8] Navegación rápida (sin acciones)
[Worker-8] Paso 2/4: Categoría 'Usados'...
[Worker-7] Navegación rápida (sin acciones)
[Worker-7] Paso 3/4: Filtro por Marca 'HONDA'...
[Worker-6] Navegación rápida (sin acciones)
[Worker-6] Paso 3/4: Filtro por Marca 'VOLKSWAGEN'...
[Worker-6] Navegación rápida (sin acciones)
[Worker-6] Paso 4/4: URL Final...
[Worker-8] Navegación rápida (sin acciones)
[Worker-8] Paso 3/4: Filtro por Marca 'TOYOTA'...
[Worker-7] Navegación rápida (sin acciones)
[Worker-7] Paso 4/4: URL Final...
[Worker-6] Scroll INICIAL para activar contenido...
[Worker-1] No apareció popup de cookies
[Worker-8] Navegación rápida (sin acciones)
[Worker-8] Paso 4/4: URL Final...
[Worker-7] Scroll INICIAL para activar contenido...
[Worker-1] Intento 1: Page.click: Timeout 1000ms exceeded.
[Worker-1] Call log:
[Worker-1] - waiting for locator("button[class*='close']").locator("svg").locator("xpath=./ancestor::button")
[Worker-8] Scroll INICIAL para activar contenido...
[Worker-1] Intento 2: Page.click: Timeout 1000ms exceeded.
[Worker-1] Call log:
[Worker-1] - waiting for locator("button[class*='close']").locator("svg").locator("xpath=./ancestor::button")
[Worker-5] No apareció popup de cookies
[Worker-5] Intento 1: Page.click: Timeout 1000ms exceeded.
[Worker-5] Call log:
[Worker-5] - waiting for locator("button[class*='close']").locator("svg").locator("xpath=./ancestor::button")
[Worker-2] No apareció popup de cookies
[Worker-5] Intento 2: Page.click: Timeout 1000ms exceeded.
[Worker-5] Call log:
[Worker-5] - waiting for locator("button[class*='close']").locator("svg").locator("xpath=./ancestor::button")
[Worker-2] Intento 1: Page.click: Timeout 1000ms exceeded.
[Worker-2] Call log:
[Worker-2] - waiting for locator("button[class*='close']").locator("svg").locator("xpath=./ancestor::button")
[Worker-4] No apareció popup de cookies
[Worker-2] Intento 2: Page.click: Timeout 1000ms exceeded.
[Worker-2] Call log:
[Worker-2] - waiting for locator("button[class*='close']").locator("svg").locator("xpath=./ancestor::button")
[Worker-3] No apareció popup de cookies
[Worker-4] Intento 1: Page.click: Timeout 1000ms exceeded.
[Worker-4] Call log:
[Worker-4] - waiting for locator("button[class*='close']").locator("svg").locator("xpath=./ancestor::button")
[Worker-3] Intento 1: Page.click: Timeout 1000ms exceeded.
[Worker-3] Call log:
[Worker-3] - waiting for locator("button[class*='close']").locator("svg").locator("xpath=./ancestor::button")
[Worker-4] Intento 2: Page.click: Timeout 1000ms exceeded.
[Worker-4] Call log:
[Worker-4] - waiting for locator("button[class*='close']").locator("svg").locator("xpath=./ancestor::button")
[Worker-3] Intento 2: Page.click: Timeout 1000ms exceeded.
[Worker-3] Call log:
[Worker-3] - waiting for locator("button[class*='close']").locator("svg").locator("xpath=./ancestor::button")
[Worker-7] No apareció popup de cookies
[Worker-6] No apareció popup de cookies
[Worker-7] Intento 1: Page.click: Timeout 1000ms exceeded.
[Worker-7] Call log:
[Worker-7] - waiting for locator("button[class*='close']").locator("svg").locator("xpath=./ancestor::button")
[Worker-6] Intento 1: Page.click: Timeout 1000ms exceeded.
[Worker-6] Call log:
[Worker-6] - waiting for locator("button[class*='close']").locator("svg").locator("xpath=./ancestor::button")
[Worker-8] No apareció popup de cookies
[Worker-7] Intento 2: Page.click: Timeout 1000ms exceeded.
[Worker-7] Call log:
[Worker-7] - waiting for locator("button[class*='close']").locator("svg").locator("xpath=./ancestor::button")
[Worker-6] Intento 2: Page.click: Timeout 1000ms exceeded.
[Worker-6] Call log:
[Worker-6] - waiting for locator("button[class*='close']").locator("svg").locator("xpath=./ancestor::button")
[Worker-8] Intento 1: Page.click: Timeout 1000ms exceeded.
[Worker-8] Call log:
[Worker-8] - waiting for locator("button[class*='close']").locator("svg").locator("xpath=./ancestor::button")
[Worker-8] Intento 2: Page.click: Timeout 1000ms exceeded.
[Worker-8] Call log:
[Worker-8] - waiting for locator("button[class*='close']").locator("svg").locator("xpath=./ancestor::button")
[Worker-1] Intento 1: Popup no encontrado
[Worker-1] Intento 2: Popup no encontrado
[Worker-5] Intento 1: Popup no encontrado
[Worker-2] Intento 1: Popup no encontrado
[Worker-1] Intento 3: Popup no encontrado
[Worker-1] No se pudo cerrar el popup de satisfacción
[Worker-1] Popups manejados POST-scroll
[Worker-1] Scroll adicional de confirmación...
[Worker-4] Intento 1: Popup no encontrado
[Worker-5] Intento 2: Popup no encontrado
[Worker-3] Intento 1: Popup no encontrado
[Worker-2] Intento 2: Popup no encontrado
[Worker-1] Título: Mazda 6 2017
[Worker-1] Precio: S/ nan
[Worker-1] Kilometraje: inf km
[Worker-1] Ubicación: ¡Arranca tu año sobre ruedas!
[Worker-1] Súbete a tu próximo seminuevo, el auto que mereces.
[Worker-1] ¡Arranca tu año sobre ruedas!
[Worker-1] Súbete a tu próximo seminuevo, el auto que mereces.
[Worker-1] ¡Arranca tu año sobre ruedas!
[Worker-1] Súbete a tu próximo seminuevo, el auto que mereces.
[Worker-1] ¡Arranca tu año sobre ruedas!
[Worker-1] Súbete a tu próximo seminuevo, el auto que mereces.
[Worker-1] Iniciar sesión
[Worker-1] Quiero vender
[Worker-1] Comprar
[Worker-1] Quiero vender
[Worker-1] Financiamiento
[Worker-1] Alquilar
[Worker-1] Nuevo
[Worker-1] Seguros
[Worker-1] Eventos
[Worker-1] Publicidad
[Worker-1] Ver fotos
[Worker-1] Autos usados
[Worker-1] Mazda
[Worker-1] 6
[Worker-1] Mazda 6 2017
[Worker-1] La Molina, Lima, Lima
[Worker-1] Publicado hace unos días
[Worker-1] 140 vistas
[Worker-1] Reportar aviso
[Worker-1] Compartir
[Worker-1] Marcar como favorito
[Worker-1] Mazda 6 2017
[Worker-1] Reportar aviso
[Worker-1] Compartir
[Worker-1] Marcar como favorito
[Worker-1] Año modelo
[Worker-1] 2017
[Worker-1] Kilometraje
[Worker-1] 95,700 km
[Worker-1] Transmisión
[Worker-1] Automática - Secuencial
[Worker-1] Descripción
[Worker-1] Auto en excelente estado, full equipo, elegante y deportivo a la vez, super espacioso, de uso ejecutivo, con un kilometraje estándar, botón de encendido, modo de manejo normal y sport, con asientos de cuero y todos sus mantenimientos en casa especial...
[Worker-1] Seguir leyendo
[Worker-1] Te recomendamos:
[Worker-1] ¿Te toca renovar tu SOAT?
[Worker-1] Verifica el estado de tu SOAT aquí y evita multas.
[Worker-1] Consultar SOAT
[Worker-1] Alquila autos con Kinto Share
[Worker-1] Que nada frene tus aventuras. Seguro,flexible y con garantia.
[Worker-1] Ver más
[Worker-1] Blog & Noticias
[Worker-1] Entérate de las últimas novedades del sector automotriz.
[Worker-1] Ver más
[Worker-1] Especificaciones técnicas
[Worker-1] Características
[Worker-1] Marca
[Worker-1] Mazda
[Worker-1] Modelo
[Worker-1] 6
[Worker-1] Versión
[Worker-1] AT 2.0 GS CORE IPM PE
[Worker-1] Versión
[Worker-1] AT 2.0 GS CORE IPM PE
[Worker-1] Año de fabricación
[Worker-1] 2016
[Worker-1] Categoría
[Worker-1] Sedán
[Worker-1] Combustible
[Worker-1] Gasolina
[Worker-1] Número de puertas
[Worker-1] 4
[Worker-1] Tracción
[Worker-1] 4x2
[Worker-1] Color
[Worker-1] Gris Oscuro
[Worker-1] Número cilindros
[Worker-1] 4
[Worker-1] Cilindrada
[Worker-1] 2,000 cc
[Worker-1] Equipamiento
[Worker-1] Retrovisores Eléctricos
[Worker-1] Neblineros
[Worker-1] Aire Acondicionado
[Worker-1] Full Equipo
[Worker-1] Exterior
[Worker-1] Aros de Aleación
[Worker-1] Seguridad
[Worker-1] Airbag
[Worker-1] Láminas de Seguridad
[Worker-1] Inmovilizador de motor
[Worker-1] Frenos ABS
[Worker-1] Extras
[Worker-1] Asientos de cuero
[Worker-1] Precios y costos
[Worker-1] Aún no tenemos suficiente información para determinar un rango de precio para este vehículo.
[Worker-1] Excelente
[Worker-1] Competitivo
[Worker-1] Premium
[Worker-1] (*) Precio referencial
[Worker-1] ¿Cómo se calcula este rango?
[Worker-1] ¿Te toca renovar tu SOAT?
[Worker-1] Verifica el estado de tu SOAT aquí y evita multas.
[Worker-1] Consultar SOAT
[Worker-1] Precio
[Worker-1] US$12,900
[Worker-1] Contáctate con el anunciante
[Worker-1] Christian Balbin
[Worker-1] 993 457...
[Worker-1] Más información
[Worker-1] Beneficios adicionales para ti:
[Worker-1] La mejor opción
[Worker-1] Financia tu auto con Santander Consumer
[Worker-1] Paga desde:
[Worker-1] US$1,069/mes*
[Worker-1] Simular crédito
[Worker-1] (*) Cuota mensual referencial. Calculada a 12 meses, 20% de inicial y TEA de 20.99%. No incluye seguro vehicular.
[Worker-1] Solicita tu Préstamo Personal hasta de S/45,000
[Worker-1] Me interesa
[Worker-1] Vehículos similares
[Worker-1] Ver todos los vehículos
[Worker-1] Super equipado
[Worker-1] Mazda 6 2009
[Worker-1] 160,000km
[Worker-1] 2.0 AT SPORT
[Worker-1] Automática - Se...
[Worker-1] Gasolina
[Worker-1] Precio
[Worker-1] US$8,800
[Worker-1] Ver detalle
[Worker-1] Vehículo de: Diego Salvador Goicochea Arevalo
[Worker-1] Mazda 2 2021
[Worker-1] 72,000km
[Worker-1] Automática
[Worker-1] Gasolina
[Worker-1] Precio
[Worker-1] US$13,000
[Worker-1] Con Crédito Vehicular
[Worker-1] US$12,000
[Worker-1] Ver detalle
[Worker-1] Vehículo de: Jorge Andujar
[Worker-1] Mazda 3 2018
[Worker-1] 61,800km
[Worker-1] Automática
[Worker-1] Diesel
[Worker-1] Precio
[Worker-1] US$13,500
[Worker-1] Con Crédito Vehicular
[Worker-1] US$12,500
[Worker-1] Ver detalle
[Worker-1] Vehículo de: Cecilia Moscoso
[Worker-1] Auto verificado
[Worker-1] Premium
[Worker-1] Volkswagen Jetta 2021
[Worker-1] 55,500km
[Worker-1] Mecánica
[Worker-1] Gasolina
[Worker-1] Precio
[Worker-1] US$16,500
[Worker-1] Con Crédito Vehicular
[Worker-1] US$15,500
[Worker-1] Ver detalle
[Worker-1] Vehículo de: Raisa J
[Worker-1] Subaru Impreza 2014
[Worker-1] 119,000km
[Worker-1] Automática - Se...
[Worker-1] Gasolina
[Worker-1] Precio
[Worker-1] US$10,200
[Worker-1] Con Crédito Vehicular
[Worker-1] US$850/mes
[Worker-1] Ver detalle
[Worker-1] Vehículo de: Miguel Martínez Almeyda
[Worker-1] Premium
[Worker-1] Volkswagen Jetta 2020
[Worker-1] 68,000km
[Worker-1] TSI 250 MOTOR ...
[Worker-1] Automática - Se...
[Worker-1] Gasolina
[Worker-1] Precio
[Worker-1] US$16,800
[Worker-1] Con Crédito Vehicular
[Worker-1] US$15,800
[Worker-1] Ver detalle
[Worker-1] Vehículo de: Javi Pered
[Worker-1] Premium
[Worker-1] Audi A4 2017
[Worker-1] 44,000km
[Worker-1] 2.0 TFSI STRONI...
[Worker-1] Automática - Se...
[Worker-1] Gasolina
[Worker-1] Precio
[Worker-1] US$21,500
[Worker-1] Con Crédito Vehicular
[Worker-1] US$1,767/mes
[Worker-1] Ver detalle
[Worker-1] Vehículo de: Elio Espinoza
[Worker-1] Bmw 318i 2017
[Worker-1] 73,000km
[Worker-1] Automática - Se...
[Worker-1] Gasolina
[Worker-1] Precio
[Worker-1] US$16,900
[Worker-1] Con Crédito Vehicular
[Worker-1] US$15,900
[Worker-1] Ver detalle
[Worker-1] Vehículo de: Javier Ruiz
[Worker-1] Seminuevos
[Worker-1] Autos
[Worker-1] Motos
[Worker-1] Camiones
[Worker-1] Usados
[Worker-1] Autos
[Worker-1] Motos
[Worker-1] Camiones
[Worker-1] Nuevos
[Worker-1] Autos
[Worker-1] Camiones
[Worker-1] Ayuda
[Worker-1] Términos y condiciones
[Worker-1] Políticas de publicación
[Worker-1] ¿Cómo protegemos tus datos?
[Worker-1] Legales
[Worker-1] Sobre NeoAuto
[Worker-1] Noticias
[Worker-1] Tips y guías
[Worker-1] Ayuda en línea
[Worker-1] © 2024 NeoAuto Inc. Todos los derechos reservados
[Worker-1] Síguenos
[Worker-1] Descripción: {"@context":"https://schema.org","@graph":[{"@type":"Organization","@id":"https://neoauto.com/#organ...
[Worker-1] Único dueño: No
[Worker-1] Datos guardados en: /home/richgutz/Scraper-Neoauto-ANTIGRAVITY/extractores/results_txt/semanal_result_20260126_171626_3ead5a.txt
[Worker-7] Intento 1: Popup no encontrado
[Worker-6] Intento 1: Popup no encontrado
[Worker-4] Intento 2: Popup no encontrado
[Worker-5] Intento 3: Popup no encontrado
[Worker-3] Intento 2: Popup no encontrado
[Worker-5] No se pudo cerrar el popup de satisfacción
[Worker-5] Popups manejados POST-scroll
[Worker-5] Scroll adicional de confirmación...
[Worker-1] URLs restantes en urls_autos_random: 2053 | Procesadas en sesión: 2 | Próximo refresco en: 23 URLs
[Worker-8] Intento 1: Popup no encontrado
[Worker-1] URL obtenida y bloqueada desde urls_autos_random: https://neoauto.com/auto/usado/subaru-impreza-sport-2019-1862390
[Worker-1] Iniciando extracción para: https://neoauto.com/auto/usado/subaru-impreza-sport-2019-1862390
[Worker-1] Iniciando navegación...
[Worker-1] Marca extraída: 'subaru'
[Worker-1] Camino elegido (4 pasos).
[Worker-1] Paso 1/4: Página Principal...
[Worker-2] Intento 3: Popup no encontrado
[Worker-1] Navegación rápida (sin acciones)
[Worker-1] Paso 2/4: Categoría 'Usados'...
[Worker-2] No se pudo cerrar el popup de satisfacción
[Worker-2] Popups manejados POST-scroll
[Worker-2] Scroll adicional de confirmación...
[Worker-1] Navegación rápida (sin acciones)
[Worker-1] Paso 3/4: Filtro por Marca 'SUBARU'...
[Worker-7] Intento 2: Popup no encontrado
[Worker-5] Título: Honda Cr-v 2011
[Worker-5] Precio: S/ nan
[Worker-5] Kilometraje: inf km
[Worker-5] Ubicación: ¡Arranca tu año sobre ruedas!
[Worker-5] Súbete a tu próximo seminuevo, el auto que mereces.
[Worker-5] ¡Arranca tu año sobre ruedas!
[Worker-5] Súbete a tu próximo seminuevo, el auto que mereces.
[Worker-5] ¡Arranca tu año sobre ruedas!
[Worker-5] Súbete a tu próximo seminuevo, el auto que mereces.
[Worker-5] ¡Arranca tu año sobre ruedas!
[Worker-5] Súbete a tu próximo seminuevo, el auto que mereces.
[Worker-5] Iniciar sesión
[Worker-5] Quiero vender
[Worker-5] Comprar
[Worker-5] Quiero vender
[Worker-5] Financiamiento
[Worker-5] Alquilar
[Worker-5] Nuevo
[Worker-5] Seguros
[Worker-5] Eventos
[Worker-5] Publicidad
[Worker-5] Ver fotos
[Worker-5] Autos usados
[Worker-5] Honda
[Worker-5] Cr-v
[Worker-5] Honda Cr-v 2011
[Worker-5] Santiago de Surco, Lima, Lima
[Worker-5] Publicado ayer
[Worker-5] 9 vistas
[Worker-5] Reportar aviso
[Worker-5] Compartir
[Worker-5] Marcar como favorito
[Worker-5] Honda Cr-v 2011
[Worker-5] Reportar aviso
[Worker-5] Compartir
[Worker-5] Marcar como favorito
[Worker-5] Año modelo
[Worker-5] 2011
[Worker-5] Kilometraje
[Worker-5] 123,000 km
[Worker-5] Transmisión
[Worker-5] Automática - Secuencial
[Worker-5] Descripción
[Worker-5] Camioneta modelo CR V upgrade,enmuybuenestado.Tiene llantas nuevas. Muy bien conservada, uso de señora. Precio a tratar.
[Worker-5] Te recomendamos:
[Worker-5] ¿Te toca renovar tu SOAT?
[Worker-5] Verifica el estado de tu SOAT aquí y evita multas.
[Worker-5] Consultar SOAT
[Worker-5] Alquila autos con Kinto Share
[Worker-5] Que nada frene tus aventuras. Seguro,flexible y con garantia.
[Worker-5] Ver más
[Worker-5] Blog & Noticias
[Worker-5] Entérate de las últimas novedades del sector automotriz.
[Worker-5] Ver más
[Worker-5] Especificaciones técnicas
[Worker-5] Características
[Worker-5] Marca
[Worker-5] Honda
[Worker-5] Modelo
[Worker-5] CR-V
[Worker-5] Año de fabricación
[Worker-5] 2011
[Worker-5] Categoría
[Worker-5] Camioneta
[Worker-5] Combustible
[Worker-5] Gasolina
[Worker-5] Número de puertas
[Worker-5] 5
[Worker-5] Tracción
[Worker-5] 4x2
[Worker-5] Equipamiento
[Worker-5] Retrovisores Eléctricos
[Worker-5] Neblineros
[Worker-5] Aire Acondicionado
[Worker-5] Computadora de abordo
[Worker-5] Parlantes/Bajos
[Worker-5] Radio CD
[Worker-5] Radio MP3
[Worker-5] Exterior
[Worker-5] Aros de Aleación
[Worker-5] Seguridad
[Worker-5] Airbag
[Worker-5] Láminas de Seguridad
[Worker-5] Faros antiniebla delantero
[Worker-5] Frenos ABS
[Worker-5] Alarma
[Worker-5] Precios y costos
[Worker-5] Aún no tenemos suficiente información para determinar un rango de precio para este vehículo.
[Worker-5] Excelente
[Worker-5] Competitivo
[Worker-5] Premium
[Worker-5] (*) Precio referencial
[Worker-5] ¿Cómo se calcula este rango?
[Worker-5] ¿Te toca renovar tu SOAT?
[Worker-5] Verifica el estado de tu SOAT aquí y evita multas.
[Worker-5] Consultar SOAT
[Worker-5] Precio
[Worker-5] US$11,700
[Worker-5] Contáctate con el anunciante
[Worker-5] Jesús Fonseca De Rivero
[Worker-5] 922 238...
[Worker-5] Más información
[Worker-5] Beneficios adicionales para ti:
[Worker-5] Solicita tu Préstamo Personal hasta de S/45,000
[Worker-5] Me interesa
[Worker-5] Vehículos similares
[Worker-5] Ver todos los vehículos
[Worker-5] Honda Cr-V 2023
[Worker-5] 44,000km
[Worker-5] EXL
[Worker-5] Automática
[Worker-5] Gasolina
[Worker-5] Precio
[Worker-5] US$36,300
[Worker-5] Con Crédito Vehicular
[Worker-5] US$35,300
[Worker-5] Ver detalle
[Worker-5] Vehículo de: EDWARD ZEGARRA
[Worker-5] De lujo
[Worker-5] Honda Cr-V 2019
[Worker-5] 62,000km
[Worker-5] EXL-T 4X4 AT
[Worker-5] Automática
[Worker-5] Gasolina
[Worker-5] Precio
[Worker-5] US$23,000
[Worker-5] Con Crédito Vehicular
[Worker-5] US$22,000
[Worker-5] Ver detalle
[Worker-5] Vehículo de: Luis Pretell
[Worker-5] Honda Wr-V 2019
[Worker-5] 40,300km
[Worker-5] Mecánica
[Worker-5] Gasolina
[Worker-5] Precio
[Worker-5] US$14,000
[Worker-5] Con Crédito Vehicular
[Worker-5] US$507/mes
[Worker-5] Ver detalle
[Worker-5] Vehículo de: Heydin Reátegui
[Worker-5] Honda Wr-V 2019
[Worker-5] 79,982km
[Worker-5] EX CVT
[Worker-5] Mecánica
[Worker-5] Gasolina
[Worker-5] Precio
[Worker-5] US$13,500
[Worker-5] Con Crédito Vehicular
[Worker-5] US$12,500
[Worker-5] Ver detalle
[Worker-5] Vehículo de: pedro bloombergg
[Worker-5] Unico Dueño
[Worker-5] Honda Hrv 2019
[Worker-5] 45,500km
[Worker-5] MT
[Worker-5] Mecánica
[Worker-5] Gasolina
[Worker-5] Precio
[Worker-5] US$18,000
[Worker-5] Con Crédito Vehicular
[Worker-5] US$17,000
[Worker-5] Ver detalle
[Worker-5] Vehículo de: Karen Garcia
[Worker-5] Honda Hrv 2022
[Worker-5] 17,500km
[Worker-5] Automática
[Worker-5] Gasolina
[Worker-5] Precio
[Worker-5] US$20,500
[Worker-5] Con Crédito Vehicular
[Worker-5] US$553/mes
[Worker-5] Ver detalle
[Worker-5] Vehículo de: Julie Vergara Solís
[Worker-5] Unico Dueño
[Worker-5] Honda Pilot 2022
[Worker-5] 61,000km
[Worker-5] TOURING
[Worker-5] Automática - Se...
[Worker-5] Gasolina
[Worker-5] Precio
[Worker-5] US$35,000
[Worker-5] Con Crédito Vehicular
[Worker-5] US$34,000
[Worker-5] Ver detalle
[Worker-5] Vehículo de: Dante felices yupa
[Worker-5] Auto verificado
[Worker-5] Premium
[Worker-5] Honda Wr-V 2018
[Worker-5] 83,000km
[Worker-5] EX CVT
[Worker-5] Automática
[Worker-5] Gasolina
[Worker-5] Precio
[Worker-5] US$11,900
[Worker-5] Con Crédito Vehicular
[Worker-5] US$10,900
[Worker-5] Ver detalle
[Worker-5] Vehículo de: Magda Llaja López
[Worker-5] Seminuevos
[Worker-5] Autos
[Worker-5] Motos
[Worker-5] Camiones
[Worker-5] Usados
[Worker-5] Autos
[Worker-5] Motos
[Worker-5] Camiones
[Worker-5] Nuevos
[Worker-5] Autos
[Worker-5] Camiones
[Worker-5] Ayuda
[Worker-5] Términos y condiciones
[Worker-5] Políticas de publicación
[Worker-5] ¿Cómo protegemos tus datos?
[Worker-5] Legales
[Worker-5] Sobre NeoAuto
[Worker-5] Noticias
[Worker-5] Tips y guías
[Worker-5] Ayuda en línea
[Worker-5] © 2024 NeoAuto Inc. Todos los derechos reservados
[Worker-5] Síguenos
[Worker-5] Descripción: {"@context":"https://schema.org","@graph":[{"@type":"Organization","@id":"https://neoauto.com/#organ...
[Worker-5] Único dueño: Sí
[Worker-5] Datos guardados en: /home/richgutz/Scraper-Neoauto-ANTIGRAVITY/extractores/results_txt/semanal_result_20260126_171633_3479b6.txt
[Worker-6] Intento 2: Popup no encontrado
[Worker-4] Intento 3: Popup no encontrado
[Worker-1] Navegación rápida (sin acciones)
[Worker-1] Paso 4/4: URL Final...
[Worker-2] Título: Suzuki New Vitara 2017
[Worker-3] Intento 3: Popup no encontrado
[Worker-2] Precio: S/ nan
[Worker-2] Kilometraje: inf km
[Worker-2] Ubicación: ¡Arranca tu año sobre ruedas!
[Worker-2] Súbete a tu próximo seminuevo, el auto que mereces.
[Worker-2] ¡Arranca tu año sobre ruedas!
[Worker-2] Súbete a tu próximo seminuevo, el auto que mereces.
[Worker-2] ¡Arranca tu año sobre ruedas!
[Worker-2] Súbete a tu próximo seminuevo, el auto que mereces.
[Worker-2] ¡Arranca tu año sobre ruedas!
[Worker-2] Súbete a tu próximo seminuevo, el auto que mereces.
[Worker-2] Iniciar sesión
[Worker-2] Quiero vender
[Worker-2] Comprar
[Worker-2] Quiero vender
[Worker-2] Financiamiento
[Worker-2] Alquilar
[Worker-2] Nuevo
[Worker-2] Seguros
[Worker-2] Eventos
[Worker-2] Publicidad
[Worker-2] Ver fotos
[Worker-2] Autos usados
[Worker-2] Suzuki
[Worker-2] New Vitara
[Worker-2] Suzuki New Vitara 2017
[Worker-2] Cayma, Arequipa, Arequipa
[Worker-2] Publicado hace más de un mes
[Worker-2] 720 vistas
[Worker-2] Reportar aviso
[Worker-2] Compartir
[Worker-2] Marcar como favorito
[Worker-2] Suzuki New Vitara 2017
[Worker-2] Reportar aviso
[Worker-2] Compartir
[Worker-2] Marcar como favorito
[Worker-2] Año modelo
[Worker-2] 2017
[Worker-2] Kilometraje
[Worker-2] 43,000 km
[Worker-2] Transmisión
[Worker-2] Mecánica
[Worker-2] Descripción
[Worker-2] Auto en excelente condición, unico dueño. Automóvil de uso exclusivo particular.
[Worker-2] Te recomendamos:
[Worker-2] ¿Te toca renovar tu SOAT?
[Worker-2] Verifica el estado de tu SOAT aquí y evita multas.
[Worker-2] Consultar SOAT
[Worker-2] Alquila autos con Kinto Share
[Worker-2] Que nada frene tus aventuras. Seguro,flexible y con garantia.
[Worker-2] Ver más
[Worker-2] Blog & Noticias
[Worker-2] Entérate de las últimas novedades del sector automotriz.
[Worker-2] Ver más
[Worker-2] Especificaciones técnicas
[Worker-2] Características
[Worker-2] Marca
[Worker-2] Suzuki
[Worker-2] Modelo
[Worker-2] NEW VITARA
[Worker-2] Versión
[Worker-2] GL MT 2WD
[Worker-2] Versión
[Worker-2] GL MT 2WD
[Worker-2] Año de fabricación
[Worker-2] 2017
[Worker-2] Categoría
[Worker-2] Camioneta
[Worker-2] Combustible
[Worker-2] Gasolina
[Worker-2] Número de puertas
[Worker-2] 5
[Worker-2] Tracción
[Worker-2] Delantera
[Worker-2] Color
[Worker-2] Gris platino
[Worker-2] Número cilindros
[Worker-2] 4
[Worker-2] Cilindrada
[Worker-2] 1,500 cc
[Worker-2] Equipamiento
[Worker-2] Retrovisores Eléctricos
[Worker-2] Neblineros
[Worker-2] Aire Acondicionado
[Worker-2] Parlantes/Bajos
[Worker-2] Radio CD
[Worker-2] Radio MP3
[Worker-2] Exterior
[Worker-2] Aros de Aleación
[Worker-2] Seguridad
[Worker-2] Airbag
[Worker-2] Láminas de Seguridad
[Worker-2] Faros antiniebla delantero
[Worker-2] Frenos ABS
[Worker-2] Alarma
[Worker-2] Precios y costos
[Worker-2] Aún no tenemos suficiente información para determinar un rango de precio para este vehículo.
[Worker-2] Excelente
[Worker-2] Competitivo
[Worker-2] Premium
[Worker-2] (*) Precio referencial
[Worker-2] ¿Cómo se calcula este rango?
[Worker-2] ¿Te toca renovar tu SOAT?
[Worker-2] Verifica el estado de tu SOAT aquí y evita multas.
[Worker-2] Consultar SOAT
[Worker-2] Precio
[Worker-2] US$14,000
[Worker-2] Dscto. por adquirir el Crédito Vehicular
[Worker-2] -US$1,000*
[Worker-2] *Aplica si financias tu auto con Santander Consumer
[Worker-2] Contáctate con el anunciante
[Worker-2] Fernando Amado
[Worker-2] 959 107...
[Worker-2] Más información
[Worker-2] Beneficios adicionales para ti:
[Worker-2] La mejor opción
[Worker-2] Financia tu auto con Santander Consumer
[Worker-2] Paga desde:
[Worker-2] US$13,000 o
[Worker-2] US$668/mes*
[Worker-2] Simular crédito
[Worker-2] (*) Cuota mensual referencial. Calculada a 24 meses, 20% de inicial y TEA de 20.99%. No incluye seguro vehicular.
[Worker-2] Solicita tu Préstamo Personal hasta de S/45,000
[Worker-2] Me interesa
[Worker-2] Seminuevos
[Worker-2] Autos
[Worker-2] Motos
[Worker-2] Camiones
[Worker-2] Usados
[Worker-2] Autos
[Worker-2] Motos
[Worker-2] Camiones
[Worker-2] Nuevos
[Worker-2] Autos
[Worker-2] Camiones
[Worker-2] Ayuda
[Worker-2] Términos y condiciones
[Worker-2] Políticas de publicación
[Worker-2] ¿Cómo protegemos tus datos?
[Worker-2] Legales
[Worker-2] Sobre NeoAuto
[Worker-2] Noticias
[Worker-2] Tips y guías
[Worker-2] Ayuda en línea
[Worker-2] © 2024 NeoAuto Inc. Todos los derechos reservados
[Worker-2] Síguenos
[Worker-4] No se pudo cerrar el popup de satisfacción
[Worker-4] Popups manejados POST-scroll
[Worker-4] Scroll adicional de confirmación...
[Worker-2] Descripción: {"@context":"https://schema.org","@graph":[{"@type":"Organization","@id":"https://neoauto.com/#organ...
[Worker-2] Único dueño: Sí
[Worker-2] Datos guardados en: /home/richgutz/Scraper-Neoauto-ANTIGRAVITY/extractores/results_txt/semanal_result_20260126_171634_4ffdfa.txt
[Worker-1] Scroll INICIAL para activar contenido...
[Worker-3] No se pudo cerrar el popup de satisfacción
[Worker-3] Popups manejados POST-scroll
[Worker-3] Scroll adicional de confirmación...
[Worker-8] Intento 2: Popup no encontrado
[Worker-5] URLs restantes en urls_autos_random: 2051 | Procesadas en sesión: 2 | Próximo refresco en: 23 URLs
[Worker-5] URL obtenida y bloqueada desde urls_autos_random: https://neoauto.com/auto/usado/honda-pilot-2017-1860504
[Worker-5] Iniciando extracción para: https://neoauto.com/auto/usado/honda-pilot-2017-1860504
[Worker-5] Iniciando navegación...
[Worker-5] Marca extraída: 'honda'
[Worker-5] Camino elegido (4 pasos).
[Worker-5] Paso 1/4: Página Principal...
[Worker-4] Título: Subaru Forester 2023
[Worker-4] Precio: S/ nan
[Worker-4] Kilometraje: inf km
[Worker-4] Ubicación: ¡Arranca tu año sobre ruedas!
[Worker-4] Súbete a tu próximo seminuevo, el auto que mereces.
[Worker-4] ¡Arranca tu año sobre ruedas!
[Worker-4] Súbete a tu próximo seminuevo, el auto que mereces.
[Worker-4] ¡Arranca tu año sobre ruedas!
[Worker-4] Súbete a tu próximo seminuevo, el auto que mereces.
[Worker-4] ¡Arranca tu año sobre ruedas!
[Worker-4] Súbete a tu próximo seminuevo, el auto que mereces.
[Worker-4] Iniciar sesión
[Worker-4] Quiero vender
[Worker-4] Comprar
[Worker-4] Quiero vender
[Worker-4] Financiamiento
[Worker-4] Alquilar
[Worker-4] Nuevo
[Worker-4] Seguros
[Worker-4] Eventos
[Worker-4] Publicidad
[Worker-4] Ver fotos
[Worker-4] Autos usados
[Worker-4] Subaru
[Worker-4] Forester
[Worker-4] Subaru Forester 2023
[Worker-4] Santiago de Surco, Lima, Lima
[Worker-4] Publicado hace unos días
[Worker-4] 109 vistas
[Worker-4] Reportar aviso
[Worker-4] Compartir
[Worker-4] Marcar como favorito
[Worker-4] Subaru Forester 2023
[Worker-4] Reportar aviso
[Worker-4] Compartir
[Worker-4] Marcar como favorito
[Worker-4] Año modelo
[Worker-4] 2023
[Worker-4] Kilometraje
[Worker-4] 10,300 km
[Worker-4] Transmisión
[Worker-4] Automática
[Worker-4] Descripción
[Worker-4] Subaru Forester 2023 Limited - eBoxer, 2,000cc, solo 10,xxx km
[Worker-4] - Sistema Eyesight, cuenta con 3 cámaras que detectan vehículos, peatones, líneas de carriles, cuenta con mantenimiento de carril cuando se coloca el crucero.
[Worker-4] - ⁠Sistema Eyesight, tambi...
[Worker-4] Seguir leyendo
[Worker-4] Te recomendamos:
[Worker-4] ¿Te toca renovar tu SOAT?
[Worker-4] Verifica el estado de tu SOAT aquí y evita multas.
[Worker-4] Consultar SOAT
[Worker-4] Alquila autos con Kinto Share
[Worker-4] Que nada frene tus aventuras. Seguro,flexible y con garantia.
[Worker-4] Ver más
[Worker-4] Blog & Noticias
[Worker-4] Entérate de las últimas novedades del sector automotriz.
[Worker-4] Ver más
[Worker-4] Especificaciones técnicas
[Worker-4] Características
[Worker-4] Marca
[Worker-4] Subaru
[Worker-4] Modelo
[Worker-4] FORESTER
[Worker-4] Versión
[Worker-4] LIMITED - EBOXER
[Worker-4] Año de fabricación
[Worker-4] 2023
[Worker-4] Categoría
[Worker-4] Camioneta
[Worker-4] Combustible
[Worker-4] Gasolina-Híbrido
[Worker-4] Número de puertas
[Worker-4] 4
[Worker-4] Tracción
[Worker-4] AWD
[Worker-4] Color
[Worker-4] Rojo Cereza
[Worker-4] Número cilindros
[Worker-4] 4
[Worker-4] Cilindrada
[Worker-4] 2,000 cc
[Worker-4] Equipamiento
[Worker-4] Neblineros
[Worker-4] Aire Acondicionado
[Worker-4] Full Equipo
[Worker-4] Computadora de abordo
[Worker-4] Parlantes/Bajos
[Worker-4] Radio CD
[Worker-4] Radio MP3
[Worker-4] Retrovisores Eléctricos
[Worker-4] Exterior
[Worker-4] Aros
[Worker-4] Luces Halógenas
[Worker-4] Parrilla
[Worker-4] Aros de Aleación
[Worker-4] Seguridad
[Worker-4] Localizador (GPS)
[Worker-4] Alarma
[Worker-4] Frenos ABS
[Worker-4] Repartidor electrónico de frenado
[Worker-4] Inmovilizador de motor
[Worker-4] Faros antiniebla traseros
[Worker-4] Faros antiniebla delantero
[Worker-4] Láminas de Seguridad
[Worker-4] Airbag
[Worker-4] Extras
[Worker-4] Sunroof
[Worker-4] Asientos de cuero
[Worker-4] Climatizador
[Worker-4] Precios y costos
[Worker-4] Aún no tenemos suficiente información para determinar un rango de precio para este vehículo.
[Worker-4] Excelente
[Worker-4] Competitivo
[Worker-4] Premium
[Worker-4] (*) Precio referencial
[Worker-4] ¿Cómo se calcula este rango?
[Worker-4] ¿Te toca renovar tu SOAT?
[Worker-4] Verifica el estado de tu SOAT aquí y evita multas.
[Worker-4] Consultar SOAT
[Worker-4] Precio
[Worker-4] US$33,900
[Worker-4] Dscto. por adquirir el Crédito Vehicular
[Worker-4] -US$1,000*
[Worker-4] *Aplica si financias tu auto con Santander Consumer
[Worker-4] Contáctate con el anunciante
[Worker-4] Waldo Fernando Bustos
[Worker-4] 984 718...
[Worker-4] Más información
[Worker-4] Beneficios adicionales para ti:
[Worker-4] La mejor opción
[Worker-4] Financia tu auto con Santander Consumer
[Worker-4] Paga desde:
[Worker-4] US$32,900 o
[Worker-4] US$908/mes*
[Worker-4] Simular crédito
[Worker-4] (*) Cuota mensual referencial. Calculada a 60 meses, 20% de inicial y TEA de 20.99%. No incluye seguro vehicular.
[Worker-4] Solicita tu Préstamo Personal hasta de S/45,000
[Worker-4] Me interesa
[Worker-4] Seminuevos
[Worker-4] Autos
[Worker-4] Motos
[Worker-4] Camiones
[Worker-4] Usados
[Worker-4] Autos
[Worker-4] Motos
[Worker-4] Camiones
[Worker-4] Nuevos
[Worker-4] Autos
[Worker-4] Camiones
[Worker-4] Ayuda
[Worker-4] Términos y condiciones
[Worker-4] Políticas de publicación
[Worker-4] ¿Cómo protegemos tus datos?
[Worker-4] Legales
[Worker-4] Sobre NeoAuto
[Worker-4] Noticias
[Worker-4] Tips y guías
[Worker-4] Ayuda en línea
[Worker-4] © 2024 NeoAuto Inc. Todos los derechos reservados
[Worker-4] Síguenos
[Worker-4] Descripción: {"@context":"https://schema.org","@graph":[{"@type":"Organization","@id":"https://neoauto.com/#organ...
[Worker-4] Único dueño: No
[Worker-4] Datos guardados en: /home/richgutz/Scraper-Neoauto-ANTIGRAVITY/extractores/results_txt/semanal_result_20260126_171637_2728e5.txt
[Worker-7] Intento 3: Popup no encontrado
[Worker-5] Navegación rápida (sin acciones)
[Worker-5] Paso 2/4: Categoría 'Usados'...
[Worker-6] Intento 3: Popup no encontrado
[Worker-3] Título: Subaru Xv 2013
[Worker-3] Precio: S/ nan
[Worker-3] Kilometraje: inf km
[Worker-2] URLs restantes en urls_autos_random: 2049 | Procesadas en sesión: 2 | Próximo refresco en: 23 URLs
[Worker-3] Ubicación: ¡Arranca tu año sobre ruedas!
[Worker-3] Súbete a tu próximo seminuevo, el auto que mereces.
[Worker-3] ¡Arranca tu año sobre ruedas!
[Worker-3] Súbete a tu próximo seminuevo, el auto que mereces.
[Worker-3] ¡Arranca tu año sobre ruedas!
[Worker-3] Súbete a tu próximo seminuevo, el auto que mereces.
[Worker-3] ¡Arranca tu año sobre ruedas!
[Worker-3] Súbete a tu próximo seminuevo, el auto que mereces.
[Worker-3] Iniciar sesión
[Worker-3] Quiero vender
[Worker-3] Comprar
[Worker-3] Quiero vender
[Worker-3] Financiamiento
[Worker-3] Alquilar
[Worker-3] Nuevo
[Worker-3] Seguros
[Worker-3] Eventos
[Worker-3] Publicidad
[Worker-3] Ver fotos
[Worker-3] Autos usados
[Worker-3] Subaru
[Worker-3] Xv
[Worker-3] Subaru Xv 2013
[Worker-3] Santiago de Surco, Lima, Lima
[Worker-3] Publicado hace más de una semana
[Worker-3] 685 vistas
[Worker-3] Reportar aviso
[Worker-3] Compartir
[Worker-3] Marcar como favorito
[Worker-3] Subaru Xv 2013
[Worker-3] Reportar aviso
[Worker-3] Compartir
[Worker-3] Marcar como favorito
[Worker-3] Año modelo
[Worker-3] 2013
[Worker-3] Kilometraje
[Worker-3] 66,000 km
[Worker-3] Transmisión
[Worker-3] Automática - Secuencial
[Worker-3] Descripción
[Worker-3] Detalles generales
[Worker-3] • Marca / Modelo: Subaru XV
[Worker-3] • Año: 2013
[Worker-3] • Kilometraje: 66,000 km
[Worker-3] • Motor: 2.0 L Boxer – 4 cilindros
[Worker-3] • Tracción: AWD
[Worker-3] • Transmisión: Automática CVT
[Worker-3] • Combustible: Gasolina
[Worker-3] Estado mecánico
[Worker-3] • Funcionalmente perfecta:...
[Worker-3] Seguir leyendo
[Worker-3] Te recomendamos:
[Worker-3] ¿Te toca renovar tu SOAT?
[Worker-3] Verifica el estado de tu SOAT aquí y evita multas.
[Worker-3] Consultar SOAT
[Worker-3] Alquila autos con Kinto Share
[Worker-3] Que nada frene tus aventuras. Seguro,flexible y con garantia.
[Worker-3] Ver más
[Worker-3] Blog & Noticias
[Worker-3] Entérate de las últimas novedades del sector automotriz.
[Worker-3] Ver más
[Worker-3] Especificaciones técnicas
[Worker-3] Características
[Worker-3] Marca
[Worker-3] Subaru
[Worker-3] Modelo
[Worker-3] XV
[Worker-3] Año de fabricación
[Worker-3] 2012
[Worker-3] Categoría
[Worker-3] Camioneta
[Worker-3] Combustible
[Worker-3] Gasolina
[Worker-3] Número de puertas
[Worker-3] 4
[Worker-3] Tracción
[Worker-3] AWD
[Worker-3] Color
[Worker-3] Gris Metálico
[Worker-3] Número cilindros
[Worker-3] 4
[Worker-3] Cilindrada
[Worker-3] 2,000 cc
[Worker-3] Equipamiento
[Worker-3] Aire Acondicionado
[Worker-3] Full Equipo
[Worker-3] Seguridad
[Worker-3] Airbag
[Worker-3] Precios y costos
[Worker-3] Este aviso
[Worker-3] US$13,500
[Worker-3] Precio de mercado
[Worker-3] US$12,000*
[Worker-3] Excelente
[Worker-3] Competitivo
[Worker-3] Premium
[Worker-3] (*) Precio referencial
[Worker-3] ¿Cómo se calcula este rango?
[Worker-3] ¿Te toca renovar tu SOAT?
[Worker-3] Verifica el estado de tu SOAT aquí y evita multas.
[Worker-3] Consultar SOAT
[Worker-3] Precio
[Worker-3] US$13,500
[Worker-3] Contáctate con el anunciante
[Worker-3] Juan Diego Pazos
[Worker-3] 956 260...
[Worker-3] Más información
[Worker-3] Beneficios adicionales para ti:
[Worker-3] La mejor opción
[Worker-3] Financia tu auto con Santander Consumer
[Worker-3] Paga desde:
[Worker-3] US$1,118/mes*
[Worker-3] Simular crédito
[Worker-3] (*) Cuota mensual referencial. Calculada a 12 meses, 20% de inicial y TEA de 20.99%. No incluye seguro vehicular.
[Worker-3] Solicita tu Préstamo Personal hasta de S/45,000
[Worker-3] Me interesa
[Worker-3] Seminuevos
[Worker-3] Autos
[Worker-3] Motos
[Worker-3] Camiones
[Worker-3] Usados
[Worker-3] Autos
[Worker-3] Motos
[Worker-3] Camiones
[Worker-3] Nuevos
[Worker-3] Autos
[Worker-3] Camiones
[Worker-3] Ayuda
[Worker-3] Términos y condiciones
[Worker-3] Políticas de publicación
[Worker-3] ¿Cómo protegemos tus datos?
[Worker-3] Legales
[Worker-3] Sobre NeoAuto
[Worker-3] Noticias
[Worker-3] Tips y guías
[Worker-3] Ayuda en línea
[Worker-3] © 2024 NeoAuto Inc. Todos los derechos reservados
[Worker-3] Síguenos
[Worker-3] Descripción: {"@context":"https://schema.org","@graph":[{"@type":"Organization","@id":"https://neoauto.com/#organ...
[Worker-3] Único dueño: No
[Worker-3] Datos guardados en: /home/richgutz/Scraper-Neoauto-ANTIGRAVITY/extractores/results_txt/semanal_result_20260126_171638_3703b1.txt
[Worker-7] No se pudo cerrar el popup de satisfacción
[Worker-7] Popups manejados POST-scroll
[Worker-7] Scroll adicional de confirmación...
[Worker-2] URL obtenida y bloqueada desde urls_autos_random: https://neoauto.com/auto/usado/toyota-hilux-2019-1857177
[Worker-2] Iniciando extracción para: https://neoauto.com/auto/usado/toyota-hilux-2019-1857177
[Worker-2] Iniciando navegación...
[Worker-2] Marca extraída: 'toyota'
[Worker-2] Camino elegido (4 pasos).
[Worker-2] Paso 1/4: Página Principal...
[Worker-6] No se pudo cerrar el popup de satisfacción
[Worker-6] Popups manejados POST-scroll
[Worker-6] Scroll adicional de confirmación...
[Worker-5] Navegación rápida (sin acciones)
[Worker-5] Paso 3/4: Filtro por Marca 'HONDA'...
[Worker-8] Intento 3: Popup no encontrado
[Worker-2] Navegación rápida (sin acciones)
[Worker-2] Paso 2/4: Categoría 'Usados'...
[Worker-8] No se pudo cerrar el popup de satisfacción
[Worker-8] Popups manejados POST-scroll
[Worker-8] Scroll adicional de confirmación...
[Worker-4] URLs restantes en urls_autos_random: 2048 | Procesadas en sesión: 2 | Próximo refresco en: 23 URLs
[Worker-7] Título: Honda Accord 2010
[Worker-7] Precio: S/ nan
[Worker-5] Navegación rápida (sin acciones)
[Worker-5] Paso 4/4: URL Final...
[Worker-7] Kilometraje: 3.20020012345201e+298 km
[Worker-2] Navegación rápida (sin acciones)
[Worker-7] Ubicación: ¡Arranca tu año sobre ruedas!
[Worker-7] Súbete a tu próximo seminuevo, el auto que mereces.
[Worker-7] ¡Arranca tu año sobre ruedas!
[Worker-7] Súbete a tu próximo seminuevo, el auto que mereces.
[Worker-7] ¡Arranca tu año sobre ruedas!
[Worker-7] Súbete a tu próximo seminuevo, el auto que mereces.
[Worker-7] ¡Arranca tu año sobre ruedas!
[Worker-7] Súbete a tu próximo seminuevo, el auto que mereces.
[Worker-7] Iniciar sesión
[Worker-7] Quiero vender
[Worker-7] Comprar
[Worker-7] Quiero vender
[Worker-7] Financiamiento
[Worker-7] Alquilar
[Worker-7] Nuevo
[Worker-7] Seguros
[Worker-7] Eventos
[Worker-7] Publicidad
[Worker-7] Ver fotos
[Worker-7] Autos usados
[Worker-7] Honda
[Worker-7] Accord
[Worker-7] Honda Accord 2010
[Worker-7] Santiago de Surco, Lima, Lima
[Worker-7] Publicado hace más de un mes
[Worker-7] 1,746 vistas
[Worker-7] Reportar aviso
[Worker-7] Compartir
[Worker-7] Marcar como favorito
[Worker-7] Honda Accord 2010
[Worker-7] Reportar aviso
[Worker-7] Compartir
[Worker-7] Marcar como favorito
[Worker-7] Año modelo
[Worker-7] 2010
[Worker-7] Kilometraje
[Worker-7] 138,500 km
[Worker-7] Transmisión
[Worker-7] Automática
[Worker-7] Descripción
[Worker-7] Vehículo en excelente estado, motor 2.4 gasolina y gnv recién instalado en julio 2025, el vehículo funciona perfectamente, precio negociable
[Worker-7] Te recomendamos:
[Worker-7] ¿Te toca renovar tu SOAT?
[Worker-7] Verifica el estado de tu SOAT aquí y evita multas.
[Worker-7] Consultar SOAT
[Worker-7] Alquila autos con Kinto Share
[Worker-7] Que nada frene tus aventuras. Seguro,flexible y con garantia.
[Worker-7] Ver más
[Worker-7] Blog & Noticias
[Worker-7] Entérate de las últimas novedades del sector automotriz.
[Worker-7] Ver más
[Worker-7] Especificaciones técnicas
[Worker-7] Características
[Worker-7] Marca
[Worker-7] Honda
[Worker-7] Modelo
[Worker-7] ACCORD
[Worker-7] Versión
[Worker-7] EX AT
[Worker-7] Versión
[Worker-7] EX AT
[Worker-7] Año de fabricación
[Worker-7] 2009
[Worker-7] Categoría
[Worker-7] Sedán
[Worker-7] Combustible
[Worker-7] Gas GNV
[Worker-7] Número de puertas
[Worker-7] 4
[Worker-7] Tracción
[Worker-7] 4x2
[Worker-7] Color
[Worker-7] Dorado
[Worker-7] Número cilindros
[Worker-7] 4
[Worker-7] Cilindrada
[Worker-7] 2,400 cc
[Worker-7] Equipamiento
[Worker-7] Retrovisores Eléctricos
[Worker-7] Aire Acondicionado
[Worker-7] Full Equipo
[Worker-7] Computadora de abordo
[Worker-7] Parlantes/Bajos
[Worker-7] Radio CD
[Worker-7] Radio MP3
[Worker-7] Exterior
[Worker-7] Aros
[Worker-7] Aros de Aleación
[Worker-7] Seguridad
[Worker-7] Alarma
[Worker-7] Extras
[Worker-7] Sunroof
[Worker-7] Asientos de cuero
[Worker-7] Climatizador
[Worker-7] Precios y costos
[Worker-7] Aún no tenemos suficiente información para determinar un rango de precio para este vehículo.
[Worker-7] Excelente
[Worker-7] Competitivo
[Worker-7] Premium
[Worker-7] (*) Precio referencial
[Worker-7] ¿Cómo se calcula este rango?
[Worker-7] ¿Te toca renovar tu SOAT?
[Worker-7] Verifica el estado de tu SOAT aquí y evita multas.
[Worker-7] Consultar SOAT
[Worker-7] Precio
[Worker-7] US$8,000
[Worker-7] Contáctate con el anunciante
[Worker-7] Hugo Martin Humberto Cobeñas Reyes
[Worker-7] 994 350...
[Worker-7] Más información
[Worker-7] Beneficios adicionales para ti:
[Worker-7] Solicita tu Préstamo Personal hasta de S/45,000
[Worker-7] Me interesa
[Worker-7] Seminuevos
[Worker-7] Autos
[Worker-7] Motos
[Worker-7] Camiones
[Worker-7] Usados
[Worker-7] Autos
[Worker-7] Motos
[Worker-7] Camiones
[Worker-7] Nuevos
[Worker-7] Autos
[Worker-7] Camiones
[Worker-7] Ayuda
[Worker-7] Términos y condiciones
[Worker-7] Políticas de publicación
[Worker-7] ¿Cómo protegemos tus datos?
[Worker-7] Legales
[Worker-7] Sobre NeoAuto
[Worker-7] Noticias
[Worker-7] Tips y guías
[Worker-7] Ayuda en línea
[Worker-7] © 2024 NeoAuto Inc. Todos los derechos reservados
[Worker-2] Paso 3/4: Filtro por Marca 'TOYOTA'...
[Worker-7] Síguenos
[Worker-6] Título: Volkswagen Tiguan Allspace 2020
[Worker-7] Descripción: {"@context":"https://schema.org","@graph":[{"@type":"Organization","@id":"https://neoauto.com/#organ...
[Worker-7] Único dueño: No
[Worker-7] Datos guardados en: /home/richgutz/Scraper-Neoauto-ANTIGRAVITY/extractores/results_txt/semanal_result_20260126_171642_59d579.txt
[Worker-6] Precio: S/ nan
[Worker-4] URL obtenida y bloqueada desde urls_autos_random: https://neoauto.com/auto/usado/jeep-grand-cherokee-laredo-2004-1854050
[Worker-4] Iniciando extracción para: https://neoauto.com/auto/usado/jeep-grand-cherokee-laredo-2004-1854050
[Worker-4] Iniciando navegación...
[Worker-4] Marca extraída: 'jeep'
[Worker-4] Camino elegido (4 pasos).
[Worker-4] Paso 1/4: Página Principal...
[Worker-6] Kilometraje: inf km
[Worker-6] Ubicación: ¡Arranca tu año sobre ruedas!
[Worker-6] Súbete a tu próximo seminuevo, el auto que mereces.
[Worker-6] ¡Arranca tu año sobre ruedas!
[Worker-6] Súbete a tu próximo seminuevo, el auto que mereces.
[Worker-6] ¡Arranca tu año sobre ruedas!
[Worker-6] Súbete a tu próximo seminuevo, el auto que mereces.
[Worker-6] ¡Arranca tu año sobre ruedas!
[Worker-6] Súbete a tu próximo seminuevo, el auto que mereces.
[Worker-6] Iniciar sesión
[Worker-6] Quiero vender
[Worker-6] Comprar
[Worker-6] Quiero vender
[Worker-6] Financiamiento
[Worker-6] Alquilar
[Worker-6] Nuevo
[Worker-6] Seguros
[Worker-6] Eventos
[Worker-6] Publicidad
[Worker-6] Ver fotos
[Worker-6] Autos usados
[Worker-6] Volkswagen
[Worker-6] Tiguan Allspace
[Worker-6] Volkswagen Tiguan Allspace 2020
[Worker-6] Barranco, Lima, Lima
[Worker-6] Publicado hace más de un mes
[Worker-6] 295 vistas
[Worker-6] Reportar aviso
[Worker-6] Compartir
[Worker-6] Marcar como favorito
[Worker-6] Volkswagen Tiguan Allspace 2020
[Worker-6] Reportar aviso
[Worker-6] Compartir
[Worker-6] Marcar como favorito
[Worker-6] Año modelo
[Worker-6] 2020
[Worker-6] Kilometraje
[Worker-6] 50,000 km
[Worker-6] Transmisión
[Worker-6] Automática - Secuencial
[Worker-6] Descripción
[Worker-6] Volkswagen Tiguan All Space, 2020, Motor 2.0, Transmisión automática-secuencial, Tracción 4 x 2, SUV de 2 filas de asientos, Volante regulable con mandos multi función, Sistema de info entretenimiento con pantalla táctil, Radio AM FM sistema bluetoot...
[Worker-6] Seguir leyendo
[Worker-6] Te recomendamos:
[Worker-6] ¿Te toca renovar tu SOAT?
[Worker-6] Verifica el estado de tu SOAT aquí y evita multas.
[Worker-6] Consultar SOAT
[Worker-6] Alquila autos con Kinto Share
[Worker-6] Que nada frene tus aventuras. Seguro,flexible y con garantia.
[Worker-6] Ver más
[Worker-6] Blog & Noticias
[Worker-6] Entérate de las últimas novedades del sector automotriz.
[Worker-6] Ver más
[Worker-6] Especificaciones técnicas
[Worker-6] Características
[Worker-6] Marca
[Worker-6] Volkswagen
[Worker-6] Modelo
[Worker-6] TIGUAN ALLSPACE
[Worker-6] Año de fabricación
[Worker-6] 2020
[Worker-6] Categoría
[Worker-6] Camioneta
[Worker-6] Combustible
[Worker-6] Gasolina
[Worker-6] Número de puertas
[Worker-6] 5
[Worker-6] Tracción
[Worker-6] 4x2
[Worker-6] Color
[Worker-6] Azul acero
[Worker-6] Número cilindros
[Worker-6] 4
[Worker-6] Cilindrada
[Worker-6] 1,400 cc
[Worker-6] Equipamiento
[Worker-6] Neblineros
[Worker-6] Aire Acondicionado
[Worker-6] Radio CD
[Worker-6] Exterior
[Worker-6] Aros de Aleación
[Worker-6] Seguridad
[Worker-6] Airbag
[Worker-6] Láminas de Seguridad
[Worker-6] Frenos ABS
[Worker-6] Extras
[Worker-6] Climatizador
[Worker-6] Precios y costos
[Worker-6] Este aviso
[Worker-6] US$19,200
[Worker-6] Precio de mercado
[Worker-6] US$21,095*
[Worker-6] Excelente
[Worker-6] Competitivo
[Worker-6] Premium
[Worker-6] (*) Precio referencial
[Worker-6] ¿Cómo se calcula este rango?
[Worker-6] ¿Te toca renovar tu SOAT?
[Worker-6] Verifica el estado de tu SOAT aquí y evita multas.
[Worker-6] Consultar SOAT
[Worker-6] Precio
[Worker-6] US$19,200
[Worker-6] Dscto. por adquirir el Crédito Vehicular
[Worker-6] -US$1,000*
[Worker-6] *Aplica si financias tu auto con Santander Consumer
[Worker-6] Contáctate con el anunciante
[Worker-6] Emilio Tipian
[Worker-6] 997 351...
[Worker-6] Más información
[Worker-6] Beneficios adicionales para ti:
[Worker-6] La mejor opción
[Worker-6] Financia tu auto con Santander Consumer
[Worker-6] Paga desde:
[Worker-6] US$18,200 o
[Worker-6] US$582/mes*
[Worker-6] Simular crédito
[Worker-6] (*) Cuota mensual referencial. Calculada a 48 meses, 20% de inicial y TEA de 20.99%. No incluye seguro vehicular.
[Worker-6] Solicita tu Préstamo Personal hasta de S/45,000
[Worker-6] Me interesa
[Worker-6] Seminuevos
[Worker-6] Autos
[Worker-6] Motos
[Worker-6] Camiones
[Worker-6] Usados
[Worker-6] Autos
[Worker-6] Motos
[Worker-6] Camiones
[Worker-6] Nuevos
[Worker-6] Autos
[Worker-6] Camiones
[Worker-6] Ayuda
[Worker-6] Términos y condiciones
[Worker-6] Políticas de publicación
[Worker-6] ¿Cómo protegemos tus datos?
[Worker-6] Legales
[Worker-6] Sobre NeoAuto
[Worker-6] Noticias
[Worker-6] Tips y guías
[Worker-6] Ayuda en línea
[Worker-6] © 2024 NeoAuto Inc. Todos los derechos reservados
[Worker-6] Síguenos
[Worker-6] Descripción: {"@context":"https://schema.org","@graph":[{"@type":"Organization","@id":"https://neoauto.com/#organ...
[Worker-6] Único dueño: No
[Worker-6] Datos guardados en: /home/richgutz/Scraper-Neoauto-ANTIGRAVITY/extractores/results_txt/semanal_result_20260126_171643_a7e3dc.txt
[Worker-3] URLs restantes en urls_autos_random: 2046 | Procesadas en sesión: 2 | Próximo refresco en: 23 URLs
[Worker-5] Scroll INICIAL para activar contenido...
[Worker-2] Navegación rápida (sin acciones)
[Worker-2] Paso 4/4: URL Final...
[Worker-3] URL obtenida y bloqueada desde urls_autos_random: https://neoauto.com/auto/usado/bmw-118i-2022-1861315
[Worker-3] Iniciando extracción para: https://neoauto.com/auto/usado/bmw-118i-2022-1861315
[Worker-3] Iniciando navegación...
[Worker-3] Marca extraída: 'bmw'
[Worker-3] Camino elegido (4 pasos).
[Worker-3] Paso 1/4: Página Principal...
[Worker-4] Navegación rápida (sin acciones)
[Worker-4] Paso 2/4: Categoría 'Usados'...
[Worker-2] Scroll INICIAL para activar contenido...
[Worker-8] Título: Toyota Etios 2020
[Worker-8] Precio: S/ nan
[Worker-8] Kilometraje: inf km
[Worker-8] Ubicación: ¡Arranca tu año sobre ruedas!
[Worker-8] Súbete a tu próximo seminuevo, el auto que mereces.
[Worker-8] ¡Arranca tu año sobre ruedas!
[Worker-8] Súbete a tu próximo seminuevo, el auto que mereces.
[Worker-8] ¡Arranca tu año sobre ruedas!
[Worker-8] Súbete a tu próximo seminuevo, el auto que mereces.
[Worker-8] ¡Arranca tu año sobre ruedas!
[Worker-8] Súbete a tu próximo seminuevo, el auto que mereces.
[Worker-8] Iniciar sesión
[Worker-8] Quiero vender
[Worker-8] Comprar
[Worker-8] Quiero vender
[Worker-8] Financiamiento
[Worker-8] Alquilar
[Worker-8] Nuevo
[Worker-8] Seguros
[Worker-8] Eventos
[Worker-8] Publicidad
[Worker-8] Ver fotos
[Worker-8] Autos usados
[Worker-8] Toyota
[Worker-8] Etios
[Worker-8] Toyota Etios 2020
[Worker-8] San Martin de Porres, Lima, Lima
[Worker-8] Publicado hace más de una semana
[Worker-8] 301 vistas
[Worker-8] Reportar aviso
[Worker-8] Compartir
[Worker-8] Marcar como favorito
[Worker-8] Toyota Etios 2020
[Worker-8] Reportar aviso
[Worker-8] Compartir
[Worker-8] Marcar como favorito
[Worker-8] Año modelo
[Worker-8] 2020
[Worker-8] Kilometraje
[Worker-8] 110,000 km
[Worker-8] Transmisión
[Worker-8] Mecánica
[Worker-8] Descripción
[Worker-8] Auto en excelente estado, único dueño, pantalla tactil Mp3, lunas y pestillos eléctricos.
[Worker-8] Te recomendamos:
[Worker-8] ¿Te toca renovar tu SOAT?
[Worker-8] Verifica el estado de tu SOAT aquí y evita multas.
[Worker-8] Consultar SOAT
[Worker-8] Alquila autos con Kinto Share
[Worker-8] Que nada frene tus aventuras. Seguro,flexible y con garantia.
[Worker-8] Ver más
[Worker-8] Blog & Noticias
[Worker-8] Entérate de las últimas novedades del sector automotriz.
[Worker-8] Ver más
[Worker-8] Especificaciones técnicas
[Worker-8] Características
[Worker-8] Marca
[Worker-8] Toyota
[Worker-8] Modelo
[Worker-8] ETIOS
[Worker-8] Año de fabricación
[Worker-8] 2019
[Worker-8] Categoría
[Worker-8] Sedán
[Worker-8] Combustible
[Worker-8] Dual
[Worker-8] Número de puertas
[Worker-8] 4
[Worker-8] Tracción
[Worker-8] Delantera
[Worker-8] Color
[Worker-8] Negro
[Worker-8] Número cilindros
[Worker-8] 4
[Worker-8] Cilindrada
[Worker-8] 1,496 cc
[Worker-8] Equipamiento
[Worker-8] Aire Acondicionado
[Worker-8] Radio MP3
[Worker-8] Seguridad
[Worker-8] Airbag
[Worker-8] Láminas de Seguridad
[Worker-8] Frenos ABS
[Worker-8] Alarma
[Worker-8] Precios y costos
[Worker-8] Aún no tenemos suficiente información para determinar un rango de precio para este vehículo.
[Worker-8] Excelente
[Worker-8] Competitivo
[Worker-8] Premium
[Worker-8] (*) Precio referencial
[Worker-8] ¿Cómo se calcula este rango?
[Worker-8] ¿Te toca renovar tu SOAT?
[Worker-8] Verifica el estado de tu SOAT aquí y evita multas.
[Worker-8] Consultar SOAT
[Worker-8] Precio
[Worker-8] US$9,000
[Worker-8] Dscto. por adquirir el Crédito Vehicular
[Worker-8] -US$1,000*
[Worker-8] *Aplica si financias tu auto con Santander Consumer
[Worker-8] Contáctate con el anunciante
[Worker-8] Juan Macavilca Huaringa
[Worker-8] 910 256...
[Worker-8] Más información
[Worker-8] Beneficios adicionales para ti:
[Worker-8] La mejor opción
[Worker-8] Financia tu auto con Santander Consumer
[Worker-8] Paga desde:
[Worker-8] US$8,000 o
[Worker-8] US$278/mes*
[Worker-8] Simular crédito
[Worker-8] (*) Cuota mensual referencial. Calculada a 48 meses, 20% de inicial y TEA de 20.99%. No incluye seguro vehicular.
[Worker-8] Solicita tu Préstamo Personal hasta de S/45,000
[Worker-8] Me interesa
[Worker-8] Seminuevos
[Worker-8] Autos
[Worker-8] Motos
[Worker-8] Camiones
[Worker-8] Usados
[Worker-8] Autos
[Worker-8] Motos
[Worker-8] Camiones
[Worker-8] Nuevos
[Worker-8] Autos
[Worker-8] Camiones
[Worker-8] Ayuda
[Worker-8] Términos y condiciones
[Worker-8] Políticas de publicación
[Worker-8] ¿Cómo protegemos tus datos?
[Worker-8] Legales
[Worker-8] Sobre NeoAuto
[Worker-8] Noticias
[Worker-8] Tips y guías
[Worker-8] Ayuda en línea
[Worker-8] © 2024 NeoAuto Inc. Todos los derechos reservados
[Worker-8] Síguenos
[Worker-8] Descripción: {"@context":"https://schema.org","@graph":[{"@type":"Organization","@id":"https://neoauto.com/#organ...
[Worker-8] Único dueño: No
[Worker-8] Datos guardados en: /home/richgutz/Scraper-Neoauto-ANTIGRAVITY/extractores/results_txt/semanal_result_20260126_171646_40057f.txt
[Worker-3] Navegación rápida (sin acciones)
[Worker-3] Paso 2/4: Categoría 'Usados'...
[Worker-4] Navegación rápida (sin acciones)
[Worker-4] Paso 3/4: Filtro por Marca 'JEEP'...
[Worker-7] URLs restantes en urls_autos_random: 2045 | Procesadas en sesión: 2 | Próximo refresco en: 23 URLs
[Worker-6] URLs restantes en urls_autos_random: 2045 | Procesadas en sesión: 2 | Próximo refresco en: 23 URLs
[Worker-7] URL obtenida y bloqueada desde urls_autos_random: https://neoauto.com/auto/usado/subaru-forester-2020-1860129
[Worker-7] Iniciando extracción para: https://neoauto.com/auto/usado/subaru-forester-2020-1860129
[Worker-7] Iniciando navegación...
[Worker-7] Marca extraída: 'subaru'
[Worker-7] Camino elegido (4 pasos).
[Worker-7] Paso 1/4: Página Principal...
[Worker-4] Navegación rápida (sin acciones)
[Worker-4] Paso 4/4: URL Final...
[Worker-3] Navegación rápida (sin acciones)
[Worker-3] Paso 3/4: Filtro por Marca 'BMW'...
[Worker-6] URL obtenida y bloqueada desde urls_autos_random: https://neoauto.com/auto/usado/kia-soluto-2024-1860352
[Worker-6] Iniciando extracción para: https://neoauto.com/auto/usado/kia-soluto-2024-1860352
[Worker-6] Iniciando navegación...
[Worker-6] Marca extraída: 'kia'
[Worker-6] Camino elegido (4 pasos).
[Worker-6] Paso 1/4: Página Principal...
[Worker-8] URLs restantes en urls_autos_random: 2041 | Procesadas en sesión: 2 | Próximo refresco en: 23 URLs
[Worker-1] No apareció popup de cookies
[Worker-4] Scroll INICIAL para activar contenido...
[Worker-8] URL obtenida y bloqueada desde urls_autos_random: https://neoauto.com/auto/usado/ford-explorer-2023-1859942
[Worker-8] Iniciando extracción para: https://neoauto.com/auto/usado/ford-explorer-2023-1859942
[Worker-8] Iniciando navegación...
[Worker-8] Marca extraída: 'ford'
[Worker-8] Camino elegido (4 pasos).
[Worker-8] Paso 1/4: Página Principal...
[Worker-1] Intento 1: Page.click: Timeout 1000ms exceeded.
[Worker-1] Call log:
[Worker-1] - waiting for locator("button[class*='close']").locator("svg").locator("xpath=./ancestor::button")
[Worker-7] Navegación rápida (sin acciones)
[Worker-7] Paso 2/4: Categoría 'Usados'...
[Worker-6] Navegación rápida (sin acciones)
[Worker-6] Paso 2/4: Categoría 'Usados'...
[Worker-3] Navegación rápida (sin acciones)
[Worker-3] Paso 4/4: URL Final...
[Worker-1] Intento 2: Page.click: Timeout 1000ms exceeded.
[Worker-1] Call log:
[Worker-1] - waiting for locator("button[class*='close']").locator("svg").locator("xpath=./ancestor::button")
[Worker-3] Scroll INICIAL para activar contenido...
[Worker-8] Navegación rápida (sin acciones)
[Worker-8] Paso 2/4: Categoría 'Usados'...
[Worker-7] Navegación rápida (sin acciones)
[Worker-7] Paso 3/4: Filtro por Marca 'SUBARU'...
[Worker-6] Navegación rápida (sin acciones)
[Worker-6] Paso 3/4: Filtro por Marca 'KIA'...
[Worker-8] Navegación rápida (sin acciones)
[Worker-8] Paso 3/4: Filtro por Marca 'FORD'...
[Worker-7] Navegación rápida (sin acciones)
[Worker-7] Paso 4/4: URL Final...
[Worker-6] Navegación rápida (sin acciones)
[Worker-6] Paso 4/4: URL Final...
[Worker-6] Scroll INICIAL para activar contenido...
[Worker-5] No apareció popup de cookies
[Worker-7] Scroll INICIAL para activar contenido...
[Worker-8] Navegación rápida (sin acciones)
[Worker-8] Paso 4/4: URL Final...
[Worker-5] Intento 1: Page.click: Timeout 1000ms exceeded.
[Worker-5] Call log:
[Worker-5] - waiting for locator("button[class*='close']").locator("svg").locator("xpath=./ancestor::button")
[Worker-2] No apareció popup de cookies
[Worker-2] Intento 1: Page.click: Timeout 1000ms exceeded.
[Worker-2] Call log:
[Worker-2] - waiting for locator("button[class*='close']").locator("svg").locator("xpath=./ancestor::button")
[Worker-8] Scroll INICIAL para activar contenido...
[Worker-5] Intento 2: Page.click: Timeout 1000ms exceeded.
[Worker-5] Call log:
[Worker-5] - waiting for locator("button[class*='close']").locator("svg").locator("xpath=./ancestor::button")
[Worker-2] Intento 2: Page.click: Timeout 1000ms exceeded.
[Worker-2] Call log:
[Worker-2] - waiting for locator("button[class*='close']").locator("svg").locator("xpath=./ancestor::button")
[Worker-4] No apareció popup de cookies
[Worker-3] No apareció popup de cookies
[Worker-4] Intento 1: Page.click: Timeout 1000ms exceeded.
[Worker-4] Call log:
[Worker-4] - waiting for locator("button[class*='close']").locator("svg").locator("xpath=./ancestor::button")
[Worker-3] Intento 1: Page.click: Timeout 1000ms exceeded.
[Worker-3] Call log:
[Worker-3] - waiting for locator("button[class*='close']").locator("svg").locator("xpath=./ancestor::button")
[Worker-1] Intento 1: Popup no encontrado
[Worker-4] Intento 2: Page.click: Timeout 1000ms exceeded.
[Worker-4] Call log:
[Worker-4] - waiting for locator("button[class*='close']").locator("svg").locator("xpath=./ancestor::button")
[Worker-3] Intento 2: Page.click: Timeout 1000ms exceeded.
[Worker-3] Call log:
[Worker-3] - waiting for locator("button[class*='close']").locator("svg").locator("xpath=./ancestor::button")
[Worker-7] No apareció popup de cookies
[Worker-6] No apareció popup de cookies
[Worker-7] Intento 1: Page.click: Timeout 1000ms exceeded.
[Worker-7] Call log:
[Worker-7] - waiting for locator("button[class*='close']").locator("svg").locator("xpath=./ancestor::button")
[Worker-6] Intento 1: Page.click: Timeout 1000ms exceeded.
[Worker-6] Call log:
[Worker-6] - waiting for locator("button[class*='close']").locator("svg").locator("xpath=./ancestor::button")
[Worker-1] Intento 2: Popup no encontrado
[Worker-7] Intento 2: Page.click: Timeout 1000ms exceeded.
[Worker-7] Call log:
[Worker-7] - waiting for locator("button[class*='close']").locator("svg").locator("xpath=./ancestor::button")
[Worker-8] No apareció popup de cookies
[Worker-6] Intento 2: Page.click: Timeout 1000ms exceeded.
[Worker-6] Call log:
[Worker-6] - waiting for locator("button[class*='close']").locator("svg").locator("xpath=./ancestor::button")
[Worker-8] Intento 1: Page.click: Timeout 1000ms exceeded.
[Worker-8] Call log:
[Worker-8] - waiting for locator("button[class*='close']").locator("svg").locator("xpath=./ancestor::button")
[Worker-5] Intento 1: Popup no encontrado
[Worker-8] Intento 2: Page.click: Timeout 1000ms exceeded.
[Worker-8] Call log:
[Worker-8] - waiting for locator("button[class*='close']").locator("svg").locator("xpath=./ancestor::button")
[Worker-1] Intento 3: Popup no encontrado
[Worker-2] Intento 1: Popup no encontrado
[Worker-1] No se pudo cerrar el popup de satisfacción
[Worker-1] Popups manejados POST-scroll
[Worker-1] Scroll adicional de confirmación...
[Worker-1] Título: Subaru Impreza Sport 2019
[Worker-1] Precio: S/ nan
[Worker-1] Kilometraje: inf km
[Worker-1] Ubicación: ¡Arranca tu año sobre ruedas!
[Worker-1] Súbete a tu próximo seminuevo, el auto que mereces.
[Worker-1] ¡Arranca tu año sobre ruedas!
[Worker-1] Súbete a tu próximo seminuevo, el auto que mereces.
[Worker-1] ¡Arranca tu año sobre ruedas!
[Worker-1] Súbete a tu próximo seminuevo, el auto que mereces.
[Worker-1] ¡Arranca tu año sobre ruedas!
[Worker-1] Súbete a tu próximo seminuevo, el auto que mereces.
[Worker-1] Iniciar sesión
[Worker-1] Quiero vender
[Worker-1] Comprar
[Worker-1] Quiero vender
[Worker-1] Financiamiento
[Worker-1] Alquilar
[Worker-1] Nuevo
[Worker-1] Seguros
[Worker-1] Eventos
[Worker-1] Publicidad
[Worker-1] Ver fotos
[Worker-1] Autos usados
[Worker-1] Subaru
[Worker-1] Impreza Sport
[Worker-1] Subaru Impreza Sport 2019
[Worker-1] San Isidro, Lima, Lima
[Worker-1] Publicado hace más de una semana
[Worker-1] 307 vistas
[Worker-1] Reportar aviso
[Worker-1] Compartir
[Worker-1] Marcar como favorito
[Worker-1] Subaru Impreza Sport 2019
[Worker-1] Reportar aviso
[Worker-1] Compartir
[Worker-1] Marcar como favorito
[Worker-1] Año modelo
[Worker-1] 2019
[Worker-1] Kilometraje
[Worker-1] 51,000 km
[Worker-1] Transmisión
[Worker-1] Automática - Secuencial
[Worker-1] Descripción
[Worker-1] AUTOMÓVIL EN PERFECTO ESTADO DE CONSERVACIÓN FULL EQUIPO DE FÁBRICA CARPLAY ETC TODOS SUS SERVICIOS EN ORDEN VENDE DIRECTO PROPIETARIO OCASION
[Worker-1] Te recomendamos:
[Worker-1] ¿Te toca renovar tu SOAT?
[Worker-1] Verifica el estado de tu SOAT aquí y evita multas.
[Worker-1] Consultar SOAT
[Worker-1] Alquila autos con Kinto Share
[Worker-1] Que nada frene tus aventuras. Seguro,flexible y con garantia.
[Worker-1] Ver más
[Worker-1] Blog & Noticias
[Worker-1] Entérate de las últimas novedades del sector automotriz.
[Worker-1] Ver más
[Worker-1] Especificaciones técnicas
[Worker-1] Características
[Worker-1] Marca
[Worker-1] Subaru
[Worker-1] Modelo
[Worker-1] IMPREZA SPORT
[Worker-1] Versión
[Worker-1] 2.0 AWD SPORT
[Worker-1] Año de fabricación
[Worker-1] 2019
[Worker-1] Categoría
[Worker-1] Hatchback
[Worker-1] Combustible
[Worker-1] Gasolina
[Worker-1] Número de puertas
[Worker-1] 5
[Worker-1] Tracción
[Worker-1] AWD
[Worker-1] Color
[Worker-1] Gris Metálico
[Worker-1] Número cilindros
[Worker-1] 4
[Worker-1] Cilindrada
[Worker-1] 2,000 cc
[Worker-1] Precios y costos
[Worker-1] Aún no tenemos suficiente información para determinar un rango de precio para este vehículo.
[Worker-1] Excelente
[Worker-1] Competitivo
[Worker-1] Premium
[Worker-1] (*) Precio referencial
[Worker-1] ¿Cómo se calcula este rango?
[Worker-1] ¿Te toca renovar tu SOAT?
[Worker-1] Verifica el estado de tu SOAT aquí y evita multas.
[Worker-1] Consultar SOAT
[Worker-1] Sobre el anunciante
[Worker-1] Jose Luis Montenegro Rondon
[Worker-1] San Isidro, Lima
[Worker-1] Precio
[Worker-1] US$15,800
[Worker-1] Contáctate con el anunciante
[Worker-1] Jose Luis Montenegro Rondon
[Worker-1] 998 373...
[Worker-1] Más información
[Worker-1] Beneficios adicionales para ti:
[Worker-1] La mejor opción
[Worker-1] Financia tu auto con Santander Consumer
[Worker-1] Paga desde:
[Worker-1] US$570/mes*
[Worker-1] Simular crédito
[Worker-1] (*) Cuota mensual referencial. Calculada a 36 meses, 20% de inicial y TEA de 20.99%. No incluye seguro vehicular.
[Worker-1] Solicita tu Préstamo Personal hasta de S/45,000
[Worker-1] Me interesa
[Worker-1] Seminuevos
[Worker-1] Autos
[Worker-1] Motos
[Worker-1] Camiones
[Worker-1] Usados
[Worker-1] Autos
[Worker-1] Motos
[Worker-1] Camiones
[Worker-1] Nuevos
[Worker-1] Autos
[Worker-1] Camiones
[Worker-1] Ayuda
[Worker-1] Términos y condiciones
[Worker-1] Políticas de publicación
[Worker-1] ¿Cómo protegemos tus datos?
[Worker-1] Legales
[Worker-1] Sobre NeoAuto
[Worker-1] Noticias
[Worker-1] Tips y guías
[Worker-1] Ayuda en línea
[Worker-1] © 2024 NeoAuto Inc. Todos los derechos reservados
[Worker-1] Síguenos
[Worker-1] Descripción: {"@context":"https://schema.org","@graph":[{"@type":"Organization","@id":"https://neoauto.com/#organ...
[Worker-1] Único dueño: No
[Worker-1] Datos guardados en: /home/richgutz/Scraper-Neoauto-ANTIGRAVITY/extractores/results_txt/semanal_result_20260126_171726_382b4d.txt
[Worker-5] Intento 2: Popup no encontrado
[Worker-2] Intento 2: Popup no encontrado
[Worker-1] URLs restantes en urls_autos_random: 2040 | Procesadas en sesión: 3 | Próximo refresco en: 22 URLs
[Worker-1] URL obtenida y bloqueada desde urls_autos_random: https://neoauto.com/auto/usado/toyota-rav4-2018-1861954
[Worker-1] Iniciando extracción para: https://neoauto.com/auto/usado/toyota-rav4-2018-1861954
[Worker-1] Iniciando navegación...
[Worker-1] Marca extraída: 'toyota'
[Worker-1] Camino elegido (4 pasos).
[Worker-1] Paso 1/4: Página Principal...
[Worker-1] Navegación rápida (sin acciones)
[Worker-1] Paso 2/4: Categoría 'Usados'...
[Worker-5] Intento 3: Popup no encontrado
[Worker-4] Intento 1: Popup no encontrado
[Worker-3] Intento 1: Popup no encontrado
[Worker-5] No se pudo cerrar el popup de satisfacción
[Worker-5] Popups manejados POST-scroll
[Worker-5] Scroll adicional de confirmación...
[Worker-1] Navegación rápida (sin acciones)
[Worker-1] Paso 3/4: Filtro por Marca 'TOYOTA'...
[Worker-2] Intento 3: Popup no encontrado
[Worker-2] No se pudo cerrar el popup de satisfacción
[Worker-2] Popups manejados POST-scroll
[Worker-2] Scroll adicional de confirmación...
[Worker-1] Navegación rápida (sin acciones)
[Worker-1] Paso 4/4: URL Final...
[Worker-1] Scroll INICIAL para activar contenido...
[Worker-5] Título: Honda Pilot 2017
[Worker-5] Precio: S/ nan
[Worker-5] Kilometraje: inf km
[Worker-5] Ubicación: ¡Arranca tu año sobre ruedas!
[Worker-5] Súbete a tu próximo seminuevo, el auto que mereces.
[Worker-5] ¡Arranca tu año sobre ruedas!
[Worker-5] Súbete a tu próximo seminuevo, el auto que mereces.
[Worker-5] ¡Arranca tu año sobre ruedas!
[Worker-5] Súbete a tu próximo seminuevo, el auto que mereces.
[Worker-5] ¡Arranca tu año sobre ruedas!
[Worker-5] Súbete a tu próximo seminuevo, el auto que mereces.
[Worker-5] Iniciar sesión
[Worker-5] Quiero vender
[Worker-5] Comprar
[Worker-5] Quiero vender
[Worker-5] Financiamiento
[Worker-5] Alquilar
[Worker-5] Nuevo
[Worker-5] Seguros
[Worker-5] Eventos
[Worker-5] Publicidad
[Worker-5] Ver fotos
[Worker-5] Autos usados
[Worker-5] Honda
[Worker-5] Pilot
[Worker-5] Honda Pilot 2017
[Worker-5] San Borja, Lima, Lima
[Worker-5] Publicado hace más de un mes
[Worker-5] 1,374 vistas
[Worker-5] Reportar aviso
[Worker-5] Compartir
[Worker-5] Marcar como favorito
[Worker-5] Honda Pilot 2017
[Worker-5] Reportar aviso
[Worker-5] Compartir
[Worker-5] Marcar como favorito
[Worker-5] Año modelo
[Worker-5] 2017
[Worker-5] Kilometraje
[Worker-5] 117,000 km
[Worker-5] Transmisión
[Worker-5] Automática
[Worker-5] Descripción
[Worker-5] Ocasion. Modelo LX Sport 2017 en excelente estado. Motor V6 de 3.5 litros V-tech. Transmisión Automática. Tracción 4x2. 3 filas de asiento de cuero negro, Full equipo, uso particular.
[Worker-5] Te recomendamos:
[Worker-5] ¿Te toca renovar tu SOAT?
[Worker-5] Verifica el estado de tu SOAT aquí y evita multas.
[Worker-5] Consultar SOAT
[Worker-5] Alquila autos con Kinto Share
[Worker-5] Que nada frene tus aventuras. Seguro,flexible y con garantia.
[Worker-5] Ver más
[Worker-5] Blog & Noticias
[Worker-5] Entérate de las últimas novedades del sector automotriz.
[Worker-5] Ver más
[Worker-5] Especificaciones técnicas
[Worker-5] Características
[Worker-5] Marca
[Worker-5] Honda
[Worker-5] Modelo
[Worker-5] PILOT
[Worker-5] Versión
[Worker-5] LX
[Worker-5] Versión
[Worker-5] LX
[Worker-5] Año de fabricación
[Worker-5] 2017
[Worker-5] Categoría
[Worker-5] Camioneta
[Worker-5] Combustible
[Worker-5] Gasolina
[Worker-5] Número de puertas
[Worker-5] 5
[Worker-5] Tracción
[Worker-5] 2WD
[Worker-5] Número cilindros
[Worker-5] 6
[Worker-5] Cilindrada
[Worker-5] 3,500 cc
[Worker-5] Precios y costos
[Worker-5] Este aviso
[Worker-5] US$17,900
[Worker-5] Precio de mercado
[Worker-5] US$17,200*
[Worker-5] Excelente
[Worker-5] Competitivo
[Worker-5] Premium
[Worker-5] (*) Precio referencial
[Worker-5] ¿Cómo se calcula este rango?
[Worker-5] ¿Te toca renovar tu SOAT?
[Worker-5] Verifica el estado de tu SOAT aquí y evita multas.
[Worker-5] Consultar SOAT
[Worker-5] Precio
[Worker-5] US$17,900
[Worker-5] Contáctate con el anunciante
[Worker-5] Jose Carlos Navarro
[Worker-5] 997 564...
[Worker-5] Más información
[Worker-5] Beneficios adicionales para ti:
[Worker-5] La mejor opción
[Worker-5] Financia tu auto con Santander Consumer
[Worker-5] Paga desde:
[Worker-5] US$850/mes*
[Worker-5] Simular crédito
[Worker-5] (*) Cuota mensual referencial. Calculada a 24 meses, 20% de inicial y TEA de 20.99%. No incluye seguro vehicular.
[Worker-5] Solicita tu Préstamo Personal hasta de S/45,000
[Worker-5] Me interesa
[Worker-5] Vehículos similares
[Worker-5] Ver todos los vehículos
[Worker-5] Unico Dueño
[Worker-5] Honda Pilot 2022
[Worker-5] 61,000km
[Worker-5] TOURING
[Worker-5] Automática - Se...
[Worker-5] Gasolina
[Worker-5] Precio
[Worker-5] US$35,000
[Worker-5] Con Crédito Vehicular
[Worker-5] US$34,000
[Worker-5] Ver detalle
[Worker-5] Vehículo de: Dante felices yupa
[Worker-5] Auto verificado
[Worker-5] Premium
[Worker-5] Honda Wr-V 2018
[Worker-5] 83,000km
[Worker-5] EX CVT
[Worker-5] Automática
[Worker-5] Gasolina
[Worker-5] Precio
[Worker-5] US$11,900
[Worker-5] Con Crédito Vehicular
[Worker-5] US$10,900
[Worker-5] Ver detalle
[Worker-5] Vehículo de: Magda Llaja López
[Worker-5] Honda Cr-V 2023
[Worker-5] 44,000km
[Worker-5] EXL
[Worker-5] Automática
[Worker-5] Gasolina
[Worker-5] Precio
[Worker-5] US$36,300
[Worker-5] Con Crédito Vehicular
[Worker-5] US$35,300
[Worker-5] Ver detalle
[Worker-5] Vehículo de: EDWARD ZEGARRA
[Worker-5] Honda Wr-V 2019
[Worker-5] 79,982km
[Worker-5] EX CVT
[Worker-5] Mecánica
[Worker-5] Gasolina
[Worker-5] Precio
[Worker-5] US$13,500
[Worker-5] Con Crédito Vehicular
[Worker-5] US$12,500
[Worker-5] Ver detalle
[Worker-5] Vehículo de: pedro bloombergg
[Worker-5] Honda Hrv 2022
[Worker-5] 17,500km
[Worker-5] Automática
[Worker-5] Gasolina
[Worker-5] Precio
[Worker-5] US$20,500
[Worker-5] Con Crédito Vehicular
[Worker-5] US$553/mes
[Worker-5] Ver detalle
[Worker-5] Vehículo de: Julie Vergara Solís
[Worker-5] Honda Wr-V 2019
[Worker-5] 40,300km
[Worker-5] Mecánica
[Worker-5] Gasolina
[Worker-5] Precio
[Worker-5] US$14,000
[Worker-5] Con Crédito Vehicular
[Worker-5] US$507/mes
[Worker-5] Ver detalle
[Worker-5] Vehículo de: Heydin Reátegui
[Worker-5] De lujo
[Worker-5] Honda Cr-V 2019
[Worker-5] 62,000km
[Worker-5] EXL-T 4X4 AT
[Worker-5] Automática
[Worker-5] Gasolina
[Worker-5] Precio
[Worker-5] US$23,000
[Worker-5] Con Crédito Vehicular
[Worker-5] US$22,000
[Worker-5] Ver detalle
[Worker-5] Vehículo de: Luis Pretell
[Worker-5] Unico Dueño
[Worker-5] Honda Hrv 2019
[Worker-5] 45,500km
[Worker-5] MT
[Worker-5] Mecánica
[Worker-5] Gasolina
[Worker-5] Precio
[Worker-5] US$18,000
[Worker-5] Con Crédito Vehicular
[Worker-5] US$17,000
[Worker-5] Ver detalle
[Worker-5] Vehículo de: Karen Garcia
[Worker-5] Seminuevos
[Worker-5] Autos
[Worker-5] Motos
[Worker-5] Camiones
[Worker-5] Usados
[Worker-5] Autos
[Worker-5] Motos
[Worker-5] Camiones
[Worker-5] Nuevos
[Worker-5] Autos
[Worker-5] Camiones
[Worker-5] Ayuda
[Worker-5] Términos y condiciones
[Worker-5] Políticas de publicación
[Worker-5] ¿Cómo protegemos tus datos?
[Worker-5] Legales
[Worker-5] Sobre NeoAuto
[Worker-5] Noticias
[Worker-5] Tips y guías
[Worker-5] Ayuda en línea
[Worker-5] © 2024 NeoAuto Inc. Todos los derechos reservados
[Worker-5] Síguenos
[Worker-2] Título: Toyota Hilux 2019
[Worker-5] Descripción: {"@context":"https://schema.org","@graph":[{"@type":"Organization","@id":"https://neoauto.com/#organ...
[Worker-5] Único dueño: Sí
[Worker-5] Datos guardados en: /home/richgutz/Scraper-Neoauto-ANTIGRAVITY/extractores/results_txt/semanal_result_20260126_171737_1430c1.txt
[Worker-2] Precio: S/ nan
[Worker-2] Kilometraje: inf km
[Worker-2] Ubicación: ¡Arranca tu año sobre ruedas!
[Worker-2] Súbete a tu próximo seminuevo, el auto que mereces.
[Worker-2] ¡Arranca tu año sobre ruedas!
[Worker-2] Súbete a tu próximo seminuevo, el auto que mereces.
[Worker-2] ¡Arranca tu año sobre ruedas!
[Worker-2] Súbete a tu próximo seminuevo, el auto que mereces.
[Worker-2] ¡Arranca tu año sobre ruedas!
[Worker-2] Súbete a tu próximo seminuevo, el auto que mereces.
[Worker-2] Iniciar sesión
[Worker-2] Quiero vender
[Worker-2] Comprar
[Worker-2] Quiero vender
[Worker-2] Financiamiento
[Worker-2] Alquilar
[Worker-2] Nuevo
[Worker-2] Seguros
[Worker-2] Eventos
[Worker-2] Publicidad
[Worker-2] Ver fotos
[Worker-2] Premium
[Worker-2] Autos usados
[Worker-2] Toyota
[Worker-2] Hilux
[Worker-2] Toyota Hilux 2019
[Worker-2] Callao, Callao, Callao
[Worker-2] Publicado hace más de un mes
[Worker-2] 3,219 vistas
[Worker-2] Reportar aviso
[Worker-2] Compartir
[Worker-2] Marcar como favorito
[Worker-2] Toyota Hilux 2019
[Worker-2] Reportar aviso
[Worker-2] Compartir
[Worker-2] Marcar como favorito
[Worker-2] Año modelo
[Worker-2] 2019
[Worker-2] Kilometraje
[Worker-2] 96,000 km
[Worker-2] Transmisión
[Worker-2] Mecánica
[Worker-2] Descripción
[Worker-2] Camioneta Toyota Hilux 4x4 SR TDI en perfecto estado de conservación, uso personal, todo original sin choques
[Worker-2] Te recomendamos:
[Worker-2] ¿Te toca renovar tu SOAT?
[Worker-2] Verifica el estado de tu SOAT aquí y evita multas.
[Worker-2] Consultar SOAT
[Worker-2] Alquila autos con Kinto Share
[Worker-2] Que nada frene tus aventuras. Seguro,flexible y con garantia.
[Worker-2] Ver más
[Worker-2] Blog & Noticias
[Worker-2] Entérate de las últimas novedades del sector automotriz.
[Worker-2] Ver más
[Worker-2] Especificaciones técnicas
[Worker-2] Características
[Worker-2] Marca
[Worker-2] Toyota
[Worker-2] Modelo
[Worker-2] HILUX
[Worker-2] Versión
[Worker-2] 4X4 D/C 1GD SR
[Worker-2] Año de fabricación
[Worker-2] 2018
[Worker-2] Categoría
[Worker-2] Pick Up
[Worker-2] Combustible
[Worker-2] Diesel
[Worker-2] Número de puertas
[Worker-2] 4
[Worker-2] Tracción
[Worker-2] 4x4
[Worker-2] Color
[Worker-2] Gris Oscuro
[Worker-2] Número cilindros
[Worker-2] 4
[Worker-2] Cilindrada
[Worker-2] 2,755 cc
[Worker-2] Equipamiento
[Worker-2] Retrovisores Eléctricos
[Worker-2] Neblineros
[Worker-2] Aire Acondicionado
[Worker-2] Parlantes/Bajos
[Worker-2] Radio CD
[Worker-2] Radio MP3
[Worker-2] Exterior
[Worker-2] Aros
[Worker-2] Seguridad
[Worker-2] Airbag
[Worker-2] Láminas de Seguridad
[Worker-2] Faros antiniebla delantero
[Worker-2] Frenos ABS
[Worker-2] Alarma
[Worker-2] Precios y costos
[Worker-2] Este aviso
[Worker-2] US$28,000
[Worker-2] Precio de mercado
[Worker-2] US$27,000*
[Worker-2] Excelente
[Worker-2] Competitivo
[Worker-2] Premium
[Worker-2] (*) Precio referencial
[Worker-2] ¿Cómo se calcula este rango?
[Worker-2] ¿Te toca renovar tu SOAT?
[Worker-2] Verifica el estado de tu SOAT aquí y evita multas.
[Worker-2] Consultar SOAT
[Worker-2] Precio
[Worker-2] US$28,000
[Worker-2] Contáctate con el anunciante
[Worker-2] Jorge Contreras
[Worker-2] 904 454...
[Worker-2] Más información
[Worker-2] Beneficios adicionales para ti:
[Worker-2] La mejor opción
[Worker-2] Financia tu auto con Santander Consumer
[Worker-2] Paga desde:
[Worker-2] US$844/mes*
[Worker-2] Simular crédito
[Worker-2] (*) Cuota mensual referencial. Calculada a 48 meses, 20% de inicial y TEA de 20.99%. No incluye seguro vehicular.
[Worker-2] Solicita tu Préstamo Personal hasta de S/45,000
[Worker-2] Me interesa
[Worker-2] Seminuevos
[Worker-2] Autos
[Worker-2] Motos
[Worker-2] Camiones
[Worker-2] Usados
[Worker-2] Autos
[Worker-2] Motos
[Worker-2] Camiones
[Worker-2] Nuevos
[Worker-2] Autos
[Worker-2] Camiones
[Worker-2] Ayuda
[Worker-2] Términos y condiciones
[Worker-2] Políticas de publicación
[Worker-2] ¿Cómo protegemos tus datos?
[Worker-2] Legales
[Worker-2] Sobre NeoAuto
[Worker-2] Noticias
[Worker-2] Tips y guías
[Worker-2] Ayuda en línea
[Worker-2] © 2024 NeoAuto Inc. Todos los derechos reservados
[Worker-2] Síguenos
[Worker-2] Descripción: {"@context":"https://schema.org","@graph":[{"@type":"Organization","@id":"https://neoauto.com/#organ...
[Worker-2] Único dueño: No
[Worker-2] Datos guardados en: /home/richgutz/Scraper-Neoauto-ANTIGRAVITY/extractores/results_txt/semanal_result_20260126_171737_1799ba.txt
[Worker-4] Intento 2: Popup no encontrado
[Worker-3] Intento 2: Popup no encontrado
[Worker-7] Intento 1: Popup no encontrado
[Worker-6] Intento 1: Popup no encontrado
[Worker-2] URLs restantes en urls_autos_random: 2039 | Procesadas en sesión: 3 | Próximo refresco en: 22 URLs
[Worker-8] Intento 1: Popup no encontrado
[Worker-2] URL obtenida y bloqueada desde urls_autos_random: https://neoauto.com/auto/usado/mazda-3-2007-1861132
[Worker-2] Iniciando extracción para: https://neoauto.com/auto/usado/mazda-3-2007-1861132
[Worker-2] Iniciando navegación...
[Worker-2] Marca extraída: 'mazda'
[Worker-2] Camino elegido (4 pasos).
[Worker-2] Paso 1/4: Página Principal...
[Worker-4] Intento 3: Popup no encontrado
[Worker-5] URLs restantes en urls_autos_random: 2037 | Procesadas en sesión: 3 | Próximo refresco en: 22 URLs
[Worker-3] Intento 3: Popup no encontrado
[Worker-7] Intento 2: Popup no encontrado
[Worker-2] Navegación rápida (sin acciones)
[Worker-2] Paso 2/4: Categoría 'Usados'...
[Worker-4] No se pudo cerrar el popup de satisfacción
[Worker-4] Popups manejados POST-scroll
[Worker-4] Scroll adicional de confirmación...
[Worker-5] URL obtenida y bloqueada desde urls_autos_random: https://neoauto.com/auto/usado/volkswagen-beetle-1976-1863180
[Worker-5] Iniciando extracción para: https://neoauto.com/auto/usado/volkswagen-beetle-1976-1863180
[Worker-5] Iniciando navegación...
[Worker-5] Marca extraída: 'volkswagen'
[Worker-5] Camino elegido (4 pasos).
[Worker-5] Paso 1/4: Página Principal...
[Worker-3] No se pudo cerrar el popup de satisfacción
[Worker-3] Popups manejados POST-scroll
[Worker-3] Scroll adicional de confirmación...
[Worker-6] Intento 2: Popup no encontrado
[Worker-2] Navegación rápida (sin acciones)
[Worker-2] Paso 3/4: Filtro por Marca 'MAZDA'...
[Worker-5] Navegación rápida (sin acciones)
[Worker-5] Paso 2/4: Categoría 'Usados'...
[Worker-8] Intento 2: Popup no encontrado
[Worker-4] Título: Jeep Grand Cherokee Laredo 2004
[Worker-3] Título: Bmw 118i 2022
[Worker-3] Precio: S/ nan
[Worker-3] Kilometraje: inf km
[Worker-2] Navegación rápida (sin acciones)
[Worker-2] Paso 4/4: URL Final...
[Worker-4] Precio: S/ nan
[Worker-3] Ubicación: ¡Arranca tu año sobre ruedas!
[Worker-3] Súbete a tu próximo seminuevo, el auto que mereces.
[Worker-3] ¡Arranca tu año sobre ruedas!
[Worker-3] Súbete a tu próximo seminuevo, el auto que mereces.
[Worker-3] ¡Arranca tu año sobre ruedas!
[Worker-3] Súbete a tu próximo seminuevo, el auto que mereces.
[Worker-3] ¡Arranca tu año sobre ruedas!
[Worker-3] Súbete a tu próximo seminuevo, el auto que mereces.
[Worker-3] Iniciar sesión
[Worker-3] Quiero vender
[Worker-3] Comprar
[Worker-3] Quiero vender
[Worker-3] Financiamiento
[Worker-3] Alquilar
[Worker-3] Nuevo
[Worker-3] Seguros
[Worker-3] Eventos
[Worker-3] Publicidad
[Worker-3] Ver fotos
[Worker-3] Autos usados
[Worker-3] Bmw
[Worker-3] 118i
[Worker-3] Bmw 118i 2022
[Worker-3] San Miguel, Lima, Lima
[Worker-3] Publicado hace más de una semana
[Worker-3] 450 vistas
[Worker-3] Reportar aviso
[Worker-3] Compartir
[Worker-3] Marcar como favorito
[Worker-3] Bmw 118i 2022
[Worker-3] Reportar aviso
[Worker-3] Compartir
[Worker-3] Marcar como favorito
[Worker-3] Año modelo
[Worker-3] 2022
[Worker-3] Kilometraje
[Worker-3] 59,926 km
[Worker-3] Transmisión
[Worker-3] Automática - Secuencial
[Worker-3] Te recomendamos:
[Worker-3] ¿Te toca renovar tu SOAT?
[Worker-3] Verifica el estado de tu SOAT aquí y evita multas.
[Worker-3] Consultar SOAT
[Worker-3] Alquila autos con Kinto Share
[Worker-3] Que nada frene tus aventuras. Seguro,flexible y con garantia.
[Worker-3] Ver más
[Worker-3] Blog & Noticias
[Worker-3] Entérate de las últimas novedades del sector automotriz.
[Worker-3] Ver más
[Worker-3] Especificaciones técnicas
[Worker-3] Características
[Worker-3] Marca
[Worker-3] Bmw
[Worker-3] Modelo
[Worker-3] 118i
[Worker-3] Año de fabricación
[Worker-3] 2022
[Worker-3] Categoría
[Worker-3] Hatchback
[Worker-3] Combustible
[Worker-3] Gasolina
[Worker-3] Número de puertas
[Worker-3] 5
[Worker-3] Tracción
[Worker-3] Delantera
[Worker-3] Color
[Worker-3] Blanco
[Worker-3] Número cilindros
[Worker-3] 3
[Worker-3] Cilindrada
[Worker-3] 1,500 cc
[Worker-3] Equipamiento
[Worker-3] Neblineros
[Worker-3] Aire Acondicionado
[Worker-3] Full Equipo
[Worker-3] Computadora de abordo
[Worker-3] Parlantes/Bajos
[Worker-3] Exterior
[Worker-3] Aros de Aleación
[Worker-3] Luces Halógenas
[Worker-3] Seguridad
[Worker-3] Airbag
[Worker-3] Láminas de Seguridad
[Worker-3] Faros antiniebla delantero
[Worker-3] Frenos ABS
[Worker-3] Extras
[Worker-3] Asientos de cuero
[Worker-3] Climatizador
[Worker-3] Precios y costos
[Worker-3] Aún no tenemos suficiente información para determinar un rango de precio para este vehículo.
[Worker-3] Excelente
[Worker-3] Competitivo
[Worker-3] Premium
[Worker-3] (*) Precio referencial
[Worker-3] ¿Cómo se calcula este rango?
[Worker-3] ¿Te toca renovar tu SOAT?
[Worker-3] Verifica el estado de tu SOAT aquí y evita multas.
[Worker-3] Consultar SOAT
[Worker-3] Precio
[Worker-3] US$24,000
[Worker-3] Dscto. por adquirir el Crédito Vehicular
[Worker-3] -US$1,000*
[Worker-3] *Aplica si financias tu auto con Santander Consumer
[Worker-3] Contáctate con el anunciante
[Worker-3] Ricardo Estela
[Worker-3] 921 633...
[Worker-3] Más información
[Worker-3] Beneficios adicionales para ti:
[Worker-3] La mejor opción
[Worker-3] Financia tu auto con Santander Consumer
[Worker-3] Paga desde:
[Worker-3] US$23,000 o
[Worker-3] US$646/mes*
[Worker-3] Simular crédito
[Worker-3] (*) Cuota mensual referencial. Calculada a 60 meses, 20% de inicial y TEA de 20.99%. No incluye seguro vehicular.
[Worker-3] Solicita tu Préstamo Personal hasta de S/45,000
[Worker-3] Me interesa
[Worker-3] Vehículos similares
[Worker-3] Ver todos los vehículos
[Worker-3] Auto verificado
[Worker-3] Papeles en regla
[Worker-3] Bmw 118i 2019
[Worker-3] 52,000km
[Worker-3] MILLENNIAL
[Worker-3] Automática - Se...
[Worker-3] Gasolina
[Worker-3] Precio
[Worker-3] US$17,800
[Worker-3] Con Crédito Vehicular
[Worker-3] US$540/mes
[Worker-3] Ver detalle
[Worker-3] Vehículo de: Renato Valdizan
[Worker-3] Bmw 320gt 2015
[Worker-3] 140,000km
[Worker-3] Automática - Se...
[Worker-3] Gasolina
[Worker-3] Precio
[Worker-3] US$18,000
[Worker-3] Ver detalle
[Worker-3] Vehículo de: Jorge Sarmiento
[Worker-3] Bmw 120i 2017
[Worker-3] 47,500km
[Worker-3] 5 PUERTAS
[Worker-3] Automática - Se...
[Worker-3] Gasolina
[Worker-3] Precio
[Worker-3] US$18,900
[Worker-3] Con Crédito Vehicular
[Worker-3] US$1,556/mes
[Worker-3] Ver detalle
[Worker-3] Vehículo de: Joel Benavides
[Worker-3] De lujo
[Worker-3] Mini John Cooper Works 2025
[Worker-3] 3,800km
[Worker-3] Automática - Se...
[Worker-3] Gasolina
[Worker-3] Precio
[Worker-3] US$46,000
[Worker-3] Con Crédito Vehicular
[Worker-3] US$45,000
[Worker-3] Ver detalle
[Worker-3] Vehículo de: Renato Ramos
[Worker-3] Auto verificado
[Worker-3] Unico Dueño
[Worker-3] Chevrolet Onix 2019
[Worker-3] 25,722km
[Worker-3] 1.4L LTZ MT
[Worker-3] Mecánica
[Worker-3] Gasolina
[Worker-3] Precio
[Worker-3] US$10,500
[Worker-3] Con Crédito Vehicular
[Worker-3] US$383/mes
[Worker-3] Ver detalle
[Worker-3] Vehículo de: MARITA CORREA CACERES
[Worker-3] Seat Ibiza Style 2023
[Worker-3] 44,000km
[Worker-3] STYLE 1.6 MT
[Worker-3] Mecánica
[Worker-3] Gasolina
[Worker-3] Precio
[Worker-3] US$14,900
[Worker-3] Con Crédito Vehicular
[Worker-3] US$13,900
[Worker-3] Ver detalle
[Worker-3] Vehículo de: Martin Leyton Matto
[Worker-3] Premium
[Worker-3] Mercedes Benz B180 2012
[Worker-3] 69,100km
[Worker-3] B200
[Worker-3] Automática
[Worker-3] Gasolina
[Worker-3] Precio
[Worker-3] US$13,800
[Worker-3] Ver detalle
[Worker-3] Vehículo de: edwin avila rojas
[Worker-3] Audi A3 Sportback 2017
[Worker-3] 52,870km
[Worker-3] 1.2 TFSI S TRON...
[Worker-3] Automática - Se...
[Worker-3] Gasolina
[Worker-3] Precio
[Worker-3] US$17,400
[Worker-3] Con Crédito Vehicular
[Worker-3] US$827/mes
[Worker-3] Ver detalle
[Worker-3] Vehículo de: Andrés Ayres
[Worker-3] Seminuevos
[Worker-3] Autos
[Worker-3] Motos
[Worker-3] Camiones
[Worker-3] Usados
[Worker-3] Autos
[Worker-3] Motos
[Worker-3] Camiones
[Worker-3] Nuevos
[Worker-3] Autos
[Worker-3] Camiones
[Worker-3] Ayuda
[Worker-3] Términos y condiciones
[Worker-3] Políticas de publicación
[Worker-3] ¿Cómo protegemos tus datos?
[Worker-3] Legales
[Worker-3] Sobre NeoAuto
[Worker-3] Noticias
[Worker-3] Tips y guías
[Worker-3] Ayuda en línea
[Worker-3] © 2024 NeoAuto Inc. Todos los derechos reservados
[Worker-3] Síguenos
[Worker-3] Descripción: {"@context":"https://schema.org","@graph":[{"@type":"Organization","@id":"https://neoauto.com/#organ...
[Worker-3] Único dueño: Sí
[Worker-3] Datos guardados en: /home/richgutz/Scraper-Neoauto-ANTIGRAVITY/extractores/results_txt/semanal_result_20260126_171746_992dae.txt
[Worker-4] Kilometraje: 3.2002001234520043e+286 km
[Worker-4] Ubicación: ¡Arranca tu año sobre ruedas!
[Worker-4] Súbete a tu próximo seminuevo, el auto que mereces.
[Worker-4] ¡Arranca tu año sobre ruedas!
[Worker-4] Súbete a tu próximo seminuevo, el auto que mereces.
[Worker-4] ¡Arranca tu año sobre ruedas!
[Worker-4] Súbete a tu próximo seminuevo, el auto que mereces.
[Worker-4] ¡Arranca tu año sobre ruedas!
[Worker-4] Súbete a tu próximo seminuevo, el auto que mereces.
[Worker-4] Iniciar sesión
[Worker-4] Quiero vender
[Worker-4] Comprar
[Worker-4] Quiero vender
[Worker-4] Financiamiento
[Worker-4] Alquilar
[Worker-4] Nuevo
[Worker-4] Seguros
[Worker-4] Eventos
[Worker-4] Publicidad
[Worker-4] Ver fotos
[Worker-4] Autos usados
[Worker-4] Jeep
[Worker-4] Grand Cherokee Laredo
[Worker-4] Jeep Grand Cherokee Laredo 2004
[Worker-4] Chorrillos, Lima, Lima
[Worker-4] Publicado hace más de un mes
[Worker-4] 1,556 vistas
[Worker-4] Reportar aviso
[Worker-4] Compartir
[Worker-4] Marcar como favorito
[Worker-4] Jeep Grand Cherokee Laredo 2004
[Worker-4] Reportar aviso
[Worker-4] Compartir
[Worker-4] Marcar como favorito
[Worker-4] Año modelo
[Worker-4] 2004
[Worker-4] Kilometraje
[Worker-4] 108,565 km
[Worker-4] Transmisión
[Worker-4] Automática
[Worker-4] Descripción
[Worker-4] SE VENDE VEHICULO POR OCACION EN BUEN ESTADO, PRECIO NEGOCIABLE
[Worker-4] Te recomendamos:
[Worker-4] ¿Te toca renovar tu SOAT?
[Worker-4] Verifica el estado de tu SOAT aquí y evita multas.
[Worker-4] Consultar SOAT
[Worker-4] Alquila autos con Kinto Share
[Worker-4] Que nada frene tus aventuras. Seguro,flexible y con garantia.
[Worker-4] Ver más
[Worker-4] Blog & Noticias
[Worker-4] Entérate de las últimas novedades del sector automotriz.
[Worker-4] Ver más
[Worker-4] Especificaciones técnicas
[Worker-4] Características
[Worker-4] Marca
[Worker-4] Jeep
[Worker-4] Modelo
[Worker-4] GRAND CHEROKEE LAREDO
[Worker-4] Año de fabricación
[Worker-4] 2004
[Worker-4] Categoría
[Worker-4] Camioneta
[Worker-4] Combustible
[Worker-4] Gasolina
[Worker-4] Número de puertas
[Worker-4] 4
[Worker-4] Tracción
[Worker-4] 4x2
[Worker-4] Color
[Worker-4] Negro
[Worker-4] Número cilindros
[Worker-4] 6
[Worker-4] Cilindrada
[Worker-4] 6,000 cc
[Worker-4] Equipamiento
[Worker-4] Retrovisores Eléctricos
[Worker-4] Aire Acondicionado
[Worker-4] Radio MP3
[Worker-4] Exterior
[Worker-4] Aros de Aleación
[Worker-4] Seguridad
[Worker-4] Airbag
[Worker-4] Láminas de Seguridad
[Worker-4] Frenos ABS
[Worker-4] Precios y costos
[Worker-4] Aún no tenemos suficiente información para determinar un rango de precio para este vehículo.
[Worker-4] Excelente
[Worker-4] Competitivo
[Worker-4] Premium
[Worker-4] (*) Precio referencial
[Worker-4] ¿Cómo se calcula este rango?
[Worker-4] ¿Te toca renovar tu SOAT?
[Worker-4] Verifica el estado de tu SOAT aquí y evita multas.
[Worker-4] Consultar SOAT
[Worker-4] Precio
[Worker-4] US$7,000
[Worker-4] Contáctate con el anunciante
[Worker-4] Parcemon Rodriguez Salazar
[Worker-4] 981 349...
[Worker-4] Más información
[Worker-4] Beneficios adicionales para ti:
[Worker-4] Solicita tu Préstamo Personal hasta de S/45,000
[Worker-4] Me interesa
[Worker-4] Seminuevos
[Worker-4] Autos
[Worker-4] Motos
[Worker-4] Camiones
[Worker-4] Usados
[Worker-4] Autos
[Worker-4] Motos
[Worker-4] Camiones
[Worker-4] Nuevos
[Worker-4] Autos
[Worker-4] Camiones
[Worker-4] Ayuda
[Worker-4] Términos y condiciones
[Worker-4] Políticas de publicación
[Worker-4] ¿Cómo protegemos tus datos?
[Worker-4] Legales
[Worker-4] Sobre NeoAuto
[Worker-4] Noticias
[Worker-4] Tips y guías
[Worker-4] Ayuda en línea
[Worker-4] © 2024 NeoAuto Inc. Todos los derechos reservados
[Worker-4] Síguenos
[Worker-4] Descripción: {"@context":"https://schema.org","@graph":[{"@type":"Organization","@id":"https://neoauto.com/#organ...
[Worker-4] Único dueño: No
[Worker-4] Datos guardados en: /home/richgutz/Scraper-Neoauto-ANTIGRAVITY/extractores/results_txt/semanal_result_20260126_171747_996a47.txt
[Worker-5] Navegación rápida (sin acciones)
[Worker-5] Paso 3/4: Filtro por Marca 'VOLKSWAGEN'...
[Worker-7] Intento 3: Popup no encontrado
[Worker-2] Scroll INICIAL para activar contenido...
[Worker-1] No apareció popup de cookies
[Worker-6] Intento 3: Popup no encontrado
[Worker-7] No se pudo cerrar el popup de satisfacción
[Worker-7] Popups manejados POST-scroll
[Worker-7] Scroll adicional de confirmación...
[Worker-5] Navegación rápida (sin acciones)
[Worker-5] Paso 4/4: URL Final...
[Worker-1] Intento 1: Page.click: Timeout 1000ms exceeded.
[Worker-1] Call log:
[Worker-1] - waiting for locator("button[class*='close']").locator("svg").locator("xpath=./ancestor::button")
[Worker-6] No se pudo cerrar el popup de satisfacción
[Worker-6] Popups manejados POST-scroll
[Worker-6] Scroll adicional de confirmación...
[Worker-4] URLs restantes en urls_autos_random: 2036 | Procesadas en sesión: 3 | Próximo refresco en: 22 URLs
[Worker-5] Scroll INICIAL para activar contenido...
[Worker-8] Intento 3: Popup no encontrado
[Worker-4] URL obtenida y bloqueada desde urls_autos_random: https://neoauto.com/auto/usado/mercedes-benz-e-200-2019-1863069
[Worker-4] Iniciando extracción para: https://neoauto.com/auto/usado/mercedes-benz-e-200-2019-1863069
[Worker-4] Iniciando navegación...
[Worker-4] Marca extraída: 'mercedes'
[Worker-4] Camino elegido (4 pasos).
[Worker-4] Paso 1/4: Página Principal...
[Worker-1] Intento 2: Page.click: Timeout 1000ms exceeded.
[Worker-1] Call log:
[Worker-1] - waiting for locator("button[class*='close']").locator("svg").locator("xpath=./ancestor::button")
[Worker-7] Título: Subaru Forester 2020
[Worker-8] No se pudo cerrar el popup de satisfacción
[Worker-8] Popups manejados POST-scroll
[Worker-8] Scroll adicional de confirmación...
[Worker-7] Precio: S/ nan
[Worker-7] Kilometraje: inf km
[Worker-3] URLs restantes en urls_autos_random: 2035 | Procesadas en sesión: 3 | Próximo refresco en: 22 URLs
[Worker-7] Ubicación: ¡Arranca tu año sobre ruedas!
[Worker-7] Súbete a tu próximo seminuevo, el auto que mereces.
[Worker-7] ¡Arranca tu año sobre ruedas!
[Worker-7] Súbete a tu próximo seminuevo, el auto que mereces.
[Worker-7] ¡Arranca tu año sobre ruedas!
[Worker-7] Súbete a tu próximo seminuevo, el auto que mereces.
[Worker-7] ¡Arranca tu año sobre ruedas!
[Worker-7] Súbete a tu próximo seminuevo, el auto que mereces.
[Worker-7] Iniciar sesión
[Worker-7] Quiero vender
[Worker-7] Comprar
[Worker-7] Quiero vender
[Worker-7] Financiamiento
[Worker-7] Alquilar
[Worker-7] Nuevo
[Worker-7] Seguros
[Worker-7] Eventos
[Worker-7] Publicidad
[Worker-7] Ver fotos
[Worker-7] Autos usados
[Worker-7] Subaru
[Worker-7] Forester
[Worker-7] Subaru Forester 2020
[Worker-7] Chorrillos, Lima, Lima
[Worker-7] Publicado hace más de un mes
[Worker-7] 554 vistas
[Worker-7] Reportar aviso
[Worker-7] Compartir
[Worker-7] Marcar como favorito
[Worker-7] Subaru Forester 2020
[Worker-7] Reportar aviso
[Worker-7] Compartir
[Worker-7] Marcar como favorito
[Worker-7] Año modelo
[Worker-7] 2020
[Worker-7] Kilometraje
[Worker-7] 55,000 km
[Worker-7] Transmisión
[Worker-7] Automática
[Worker-7] Descripción
[Worker-7] Subaru Forester motor 2.0 año 2020 versión CVT X. Único dueño, 55000 km de recorrido, Transmisión CVT (automático), llantas conservadas, Symmetrical AWD, Modos SI DRIVE - X-mode avanzado, Sistema AVH - Control de descenso en pendientes, 7 airbags, (2...
[Worker-7] Seguir leyendo
[Worker-7] Te recomendamos:
[Worker-7] ¿Te toca renovar tu SOAT?
[Worker-7] Verifica el estado de tu SOAT aquí y evita multas.
[Worker-7] Consultar SOAT
[Worker-7] Alquila autos con Kinto Share
[Worker-7] Que nada frene tus aventuras. Seguro,flexible y con garantia.
[Worker-7] Ver más
[Worker-7] Blog & Noticias
[Worker-7] Entérate de las últimas novedades del sector automotriz.
[Worker-7] Ver más
[Worker-7] Especificaciones técnicas
[Worker-7] Características
[Worker-7] Marca
[Worker-7] Subaru
[Worker-7] Modelo
[Worker-7] FORESTER
[Worker-7] Versión
[Worker-7] CVT-X
[Worker-7] Año de fabricación
[Worker-7] 2020
[Worker-7] Categoría
[Worker-7] Camioneta
[Worker-7] Combustible
[Worker-7] Gasolina
[Worker-7] Número de puertas
[Worker-7] 5
[Worker-7] Tracción
[Worker-7] AWD
[Worker-7] Color
[Worker-7] Azul acero
[Worker-7] Número cilindros
[Worker-7] 4
[Worker-7] Cilindrada
[Worker-7] 2,000 cc
[Worker-7] Equipamiento
[Worker-7] Neblineros
[Worker-7] Aire Acondicionado
[Worker-7] Full Equipo
[Worker-7] Computadora de abordo
[Worker-7] Parlantes/Bajos
[Worker-7] Radio CD
[Worker-7] Radio MP3
[Worker-7] Retrovisores Eléctricos
[Worker-7] Exterior
[Worker-7] Aros de Aleación
[Worker-7] Parrilla
[Worker-7] Aros
[Worker-7] Seguridad
[Worker-7] Airbag
[Worker-7] Láminas de Seguridad
[Worker-7] Faros antiniebla delantero
[Worker-7] Inmovilizador de motor
[Worker-7] Repartidor electrónico de frenado
[Worker-7] Frenos ABS
[Worker-7] Alarma
[Worker-7] Extras
[Worker-7] Climatizador
[Worker-7] Precios y costos
[Worker-7] Este aviso
[Worker-7] US$24,000
[Worker-7] Precio de mercado
[Worker-7] US$23,000*
[Worker-7] Excelente
[Worker-7] Competitivo
[Worker-7] Premium
[Worker-7] (*) Precio referencial
[Worker-7] ¿Cómo se calcula este rango?
[Worker-7] ¿Te toca renovar tu SOAT?
[Worker-7] Verifica el estado de tu SOAT aquí y evita multas.
[Worker-7] Consultar SOAT
[Worker-7] Precio
[Worker-7] US$24,000
[Worker-7] Dscto. por adquirir el Crédito Vehicular
[Worker-7] -US$1,000*
[Worker-7] *Aplica si financias tu auto con Santander Consumer
[Worker-7] Contáctate con el anunciante
[Worker-7] Sn Sn
[Worker-7] 994 177...
[Worker-7] Más información
[Worker-7] Beneficios adicionales para ti:
[Worker-7] La mejor opción
[Worker-7] Financia tu auto con Santander Consumer
[Worker-7] Paga desde:
[Worker-7] US$23,000 o
[Worker-7] US$646/mes*
[Worker-7] Simular crédito
[Worker-7] (*) Cuota mensual referencial. Calculada a 60 meses, 20% de inicial y TEA de 20.99%. No incluye seguro vehicular.
[Worker-7] Solicita tu Préstamo Personal hasta de S/45,000
[Worker-7] Me interesa
[Worker-7] Seminuevos
[Worker-7] Autos
[Worker-7] Motos
[Worker-7] Camiones
[Worker-7] Usados
[Worker-7] Autos
[Worker-7] Motos
[Worker-7] Camiones
[Worker-7] Nuevos
[Worker-7] Autos
[Worker-7] Camiones
[Worker-7] Ayuda
[Worker-7] Términos y condiciones
[Worker-7] Políticas de publicación
[Worker-7] ¿Cómo protegemos tus datos?
[Worker-7] Legales
[Worker-7] Sobre NeoAuto
[Worker-7] Noticias
[Worker-7] Tips y guías
[Worker-7] Ayuda en línea
[Worker-7] © 2024 NeoAuto Inc. Todos los derechos reservados
[Worker-7] Síguenos
[Worker-7] Descripción: {"@context":"https://schema.org","@graph":[{"@type":"Organization","@id":"https://neoauto.com/#organ...
[Worker-7] Único dueño: No
[Worker-7] Datos guardados en: /home/richgutz/Scraper-Neoauto-ANTIGRAVITY/extractores/results_txt/semanal_result_20260126_171752_d70d95.txt
[Worker-4] Navegación rápida (sin acciones)
[Worker-4] Paso 2/4: Categoría 'Usados'...
[Worker-6] Título: Kia Soluto 2024
[Worker-6] Precio: S/ nan
[Worker-3] URL obtenida y bloqueada desde urls_autos_random: https://neoauto.com/auto/usado/suzuki-apv-minivan-2016-1857935
[Worker-3] Iniciando extracción para: https://neoauto.com/auto/usado/suzuki-apv-minivan-2016-1857935
[Worker-3] Iniciando navegación...
[Worker-3] Marca extraída: 'suzuki'
[Worker-3] Camino elegido (4 pasos).
[Worker-3] Paso 1/4: Página Principal...
[Worker-6] Ubicación: ¡Arranca tu año sobre ruedas!
[Worker-6] Súbete a tu próximo seminuevo, el auto que mereces.
[Worker-6] ¡Arranca tu año sobre ruedas!
[Worker-6] Súbete a tu próximo seminuevo, el auto que mereces.
[Worker-6] ¡Arranca tu año sobre ruedas!
[Worker-6] Súbete a tu próximo seminuevo, el auto que mereces.
[Worker-6] ¡Arranca tu año sobre ruedas!
[Worker-6] Súbete a tu próximo seminuevo, el auto que mereces.
[Worker-6] Iniciar sesión
[Worker-6] Quiero vender
[Worker-6] Comprar
[Worker-6] Quiero vender
[Worker-6] Financiamiento
[Worker-6] Alquilar
[Worker-6] Nuevo
[Worker-6] Seguros
[Worker-6] Eventos
[Worker-6] Publicidad
[Worker-6] Ver fotos
[Worker-6] Autos usados
[Worker-6] Kia
[Worker-6] Soluto
[Worker-6] Kia Soluto 2024
[Worker-6] San Martin de Porres, Lima, Lima
[Worker-6] Publicado hace más de un mes
[Worker-6] 937 vistas
[Worker-6] Reportar aviso
[Worker-6] Compartir
[Worker-6] Marcar como favorito
[Worker-6] Kia Soluto 2024
[Worker-6] Reportar aviso
[Worker-6] Compartir
[Worker-6] Marcar como favorito
[Worker-6] Descripción
[Worker-6] Te recomendamos:
[Worker-6] ¿Te toca renovar tu SOAT?
[Worker-6] Verifica el estado de tu SOAT aquí y evita multas.
[Worker-6] Consultar SOAT
[Worker-6] Alquila autos con Kinto Share
[Worker-6] Que nada frene tus aventuras. Seguro,flexible y con garantia.
[Worker-6] Ver más
[Worker-6] Blog & Noticias
[Worker-6] Entérate de las últimas novedades del sector automotriz.
[Worker-6] Ver más
[Worker-6] Especificaciones técnicas
[Worker-6] Características
[Worker-6] Marca
[Worker-6] Kia
[Worker-6] Modelo
[Worker-6] SOLUTO
[Worker-6] Versión
[Worker-6] 1.4 MT-LX PLUS
[Worker-6] Año de fabricación
[Worker-6] 2023
[Worker-6] Categoría
[Worker-6] Sedán
[Worker-6] Combustible
[Worker-6] Gas GLP
[Worker-6] Número de puertas
[Worker-6] 4
[Worker-6] Tracción
[Worker-6] 4x2
[Worker-6] Color
[Worker-6] Negro
[Worker-6] Número cilindros
[Worker-6] 4
[Worker-6] Cilindrada
[Worker-6] 1,400 cc
[Worker-6] Equipamiento
[Worker-6] Neblineros
[Worker-6] Aire Acondicionado
[Worker-6] Parlantes/Bajos
[Worker-6] Radio CD
[Worker-6] Radio MP3
[Worker-6] Exterior
[Worker-6] Aros
[Worker-6] Aros de Aleación
[Worker-6] Luces Halógenas
[Worker-6] Seguridad
[Worker-6] Airbag
[Worker-6] Láminas de Seguridad
[Worker-6] Faros antiniebla delantero
[Worker-6] Frenos ABS
[Worker-6] Alarma
[Worker-6] Extras
[Worker-6] Asientos de cuero
[Worker-6] Climatizador
[Worker-6] Precios y costos
[Worker-6] Aún no tenemos suficiente información para determinar un rango de precio para este vehículo.
[Worker-6] Excelente
[Worker-6] Competitivo
[Worker-6] Premium
[Worker-6] (*) Precio referencial
[Worker-6] ¿Cómo se calcula este rango?
[Worker-6] ¿Te toca renovar tu SOAT?
[Worker-6] Verifica el estado de tu SOAT aquí y evita multas.
[Worker-6] Consultar SOAT
[Worker-6] Precio
[Worker-6] US$11,000
[Worker-6] Dscto. por adquirir el Crédito Vehicular
[Worker-6] -US$1,000*
[Worker-6] *Aplica si financias tu auto con Santander Consumer
[Worker-6] Contáctate con el anunciante
[Worker-6] Cindy Diaz
[Worker-6] 903 360...
[Worker-6] Más información
[Worker-6] Beneficios adicionales para ti:
[Worker-6] La mejor opción
[Worker-6] Financia tu auto con Santander Consumer
[Worker-6] Paga desde:
[Worker-6] US$10,000 o
[Worker-6] US$301/mes*
[Worker-6] Simular crédito
[Worker-6] (*) Cuota mensual referencial. Calculada a 60 meses, 20% de inicial y TEA de 20.99%. No incluye seguro vehicular.
[Worker-6] Solicita tu Préstamo Personal hasta de S/45,000
[Worker-6] Me interesa
[Worker-6] Seminuevos
[Worker-6] Autos
[Worker-6] Motos
[Worker-6] Camiones
[Worker-6] Usados
[Worker-6] Autos
[Worker-6] Motos
[Worker-6] Camiones
[Worker-6] Nuevos
[Worker-6] Autos
[Worker-6] Camiones
[Worker-6] Ayuda
[Worker-6] Términos y condiciones
[Worker-6] Políticas de publicación
[Worker-6] ¿Cómo protegemos tus datos?
[Worker-6] Legales
[Worker-6] Sobre NeoAuto
[Worker-6] Noticias
[Worker-6] Tips y guías
[Worker-6] Ayuda en línea
[Worker-6] © 2024 NeoAuto Inc. Todos los derechos reservados
[Worker-6] Síguenos
[Worker-6] Descripción: {"@context":"https://schema.org","@graph":[{"@type":"Organization","@id":"https://neoauto.com/#organ...
[Worker-6] Único dueño: No
[Worker-6] Datos guardados en: /home/richgutz/Scraper-Neoauto-ANTIGRAVITY/extractores/results_txt/semanal_result_20260126_171753_90d638.txt
[Worker-8] Título: Ford Explorer 2023
[Worker-8] Precio: S/ nan
[Worker-8] Kilometraje: inf km
[Worker-4] Navegación rápida (sin acciones)
[Worker-4] Paso 3/4: Filtro por Marca 'MERCEDES'...
[Worker-8] Ubicación: ¡Arranca tu año sobre ruedas!
[Worker-8] Súbete a tu próximo seminuevo, el auto que mereces.
[Worker-8] ¡Arranca tu año sobre ruedas!
[Worker-8] Súbete a tu próximo seminuevo, el auto que mereces.
[Worker-8] ¡Arranca tu año sobre ruedas!
[Worker-8] Súbete a tu próximo seminuevo, el auto que mereces.
[Worker-8] ¡Arranca tu año sobre ruedas!
[Worker-8] Súbete a tu próximo seminuevo, el auto que mereces.
[Worker-8] Iniciar sesión
[Worker-8] Quiero vender
[Worker-8] Comprar
[Worker-8] Quiero vender
[Worker-8] Financiamiento
[Worker-8] Alquilar
[Worker-8] Nuevo
[Worker-8] Seguros
[Worker-8] Eventos
[Worker-8] Publicidad
[Worker-8] Ver fotos
[Worker-8] Autos usados
[Worker-8] Ford
[Worker-8] Explorer
[Worker-8] Ford Explorer 2023
[Worker-8] San Miguel, Lima, Lima
[Worker-8] Publicado hace más de un mes
[Worker-8] 715 vistas
[Worker-8] Reportar aviso
[Worker-8] Compartir
[Worker-8] Marcar como favorito
[Worker-8] Ford Explorer 2023
[Worker-8] Reportar aviso
[Worker-8] Compartir
[Worker-8] Marcar como favorito
[Worker-8] Descripción
[Worker-8] Te recomendamos:
[Worker-8] ¿Te toca renovar tu SOAT?
[Worker-8] Verifica el estado de tu SOAT aquí y evita multas.
[Worker-8] Consultar SOAT
[Worker-8] Alquila autos con Kinto Share
[Worker-8] Que nada frene tus aventuras. Seguro,flexible y con garantia.
[Worker-8] Ver más
[Worker-8] Blog & Noticias
[Worker-8] Entérate de las últimas novedades del sector automotriz.
[Worker-8] Ver más
[Worker-8] Especificaciones técnicas
[Worker-8] Características
[Worker-8] Marca
[Worker-8] Ford
[Worker-8] Modelo
[Worker-8] EXPLORER
[Worker-8] Versión
[Worker-8] LIMITED 2023 -2022- 4X4 ECOBOOST FULL
[Worker-8] Año de fabricación
[Worker-8] 2022
[Worker-8] Categoría
[Worker-8] Camioneta
[Worker-8] Combustible
[Worker-8] Gasolina
[Worker-8] Número de puertas
[Worker-8] 5
[Worker-8] Tracción
[Worker-8] 4x4
[Worker-8] Color
[Worker-8] Azul
[Worker-8] Número cilindros
[Worker-8] 4
[Worker-8] Cilindrada
[Worker-8] 2,300 cc
[Worker-8] Equipamiento
[Worker-8] Neblineros
[Worker-8] Aire Acondicionado
[Worker-8] Full Equipo
[Worker-8] Computadora de abordo
[Worker-8] Parlantes/Bajos
[Worker-8] Radio CD
[Worker-8] Radio MP3
[Worker-8] Retrovisores Eléctricos
[Worker-8] Exterior
[Worker-8] Aros de Aleación
[Worker-8] Luces Halógenas
[Worker-8] Aros
[Worker-8] Seguridad
[Worker-8] Localizador (GPS)
[Worker-8] Airbag
[Worker-8] Repartidor electrónico de frenado
[Worker-8] Frenos ABS
[Worker-8] Extras
[Worker-8] Sunroof
[Worker-8] Asientos de cuero
[Worker-8] Climatizador
[Worker-8] Precios y costos
[Worker-8] Aún no tenemos suficiente información para determinar un rango de precio para este vehículo.
[Worker-8] Excelente
[Worker-8] Competitivo
[Worker-8] Premium
[Worker-8] (*) Precio referencial
[Worker-8] ¿Cómo se calcula este rango?
[Worker-8] ¿Te toca renovar tu SOAT?
[Worker-8] Verifica el estado de tu SOAT aquí y evita multas.
[Worker-8] Consultar SOAT
[Worker-8] Precio
[Worker-8] US$41,900
[Worker-8] Dscto. por adquirir el Crédito Vehicular
[Worker-8] -US$1,000*
[Worker-8] *Aplica si financias tu auto con Santander Consumer
[Worker-8] Contáctate con el anunciante
[Worker-8] Nicholas Vincent Ruiz Rodríguez
[Worker-8] 983 569...
[Worker-8] Más información
[Worker-8] Beneficios adicionales para ti:
[Worker-8] La mejor opción
[Worker-8] Financia tu auto con Santander Consumer
[Worker-8] Paga desde:
[Worker-8] US$40,900 o
[Worker-8] US$1,120/mes*
[Worker-8] Simular crédito
[Worker-8] (*) Cuota mensual referencial. Calculada a 60 meses, 20% de inicial y TEA de 20.99%. No incluye seguro vehicular.
[Worker-8] Solicita tu Préstamo Personal hasta de S/45,000
[Worker-8] Me interesa
[Worker-8] Seminuevos
[Worker-8] Autos
[Worker-8] Motos
[Worker-8] Camiones
[Worker-8] Usados
[Worker-8] Autos
[Worker-8] Motos
[Worker-8] Camiones
[Worker-8] Nuevos
[Worker-8] Autos
[Worker-8] Camiones
[Worker-8] Ayuda
[Worker-8] Términos y condiciones
[Worker-8] Políticas de publicación
[Worker-8] ¿Cómo protegemos tus datos?
[Worker-8] Legales
[Worker-8] Sobre NeoAuto
[Worker-8] Noticias
[Worker-8] Tips y guías
[Worker-8] Ayuda en línea
[Worker-8] © 2024 NeoAuto Inc. Todos los derechos reservados
[Worker-3] Navegación rápida (sin acciones)
[Worker-3] Paso 2/4: Categoría 'Usados'...
[Worker-8] Síguenos
[Worker-8] Descripción: {"@context":"https://schema.org","@graph":[{"@type":"Organization","@id":"https://neoauto.com/#organ...
[Worker-8] Único dueño: No
[Worker-8] Datos guardados en: /home/richgutz/Scraper-Neoauto-ANTIGRAVITY/extractores/results_txt/semanal_result_20260126_171755_f6871e.txt
[Worker-3] Navegación rápida (sin acciones)
[Worker-3] Paso 3/4: Filtro por Marca 'SUZUKI'...
[Worker-6] URLs restantes en urls_autos_random: 2034 | Procesadas en sesión: 3 | Próximo refresco en: 22 URLs
[Worker-7] URLs restantes en urls_autos_random: 2034 | Procesadas en sesión: 3 | Próximo refresco en: 22 URLs
[Worker-7] URL obtenida y bloqueada desde urls_autos_random: https://neoauto.com/auto/usado/mazda-323-1998-1860949
[Worker-7] Iniciando extracción para: https://neoauto.com/auto/usado/mazda-323-1998-1860949
[Worker-7] Iniciando navegación...
[Worker-7] Marca extraída: 'mazda'
[Worker-7] Camino elegido (4 pasos).
[Worker-7] Paso 1/4: Página Principal...
[Worker-8] URLs restantes en urls_autos_random: 2032 | Procesadas en sesión: 3 | Próximo refresco en: 22 URLs
[Worker-3] Navegación rápida (sin acciones)
[Worker-3] Paso 4/4: URL Final...
[Worker-4] Navegación rápida (sin acciones)
[Worker-4] Paso 4/4: URL Final...
[Worker-6] URL obtenida y bloqueada desde urls_autos_random: https://neoauto.com/auto/usado/nissan-x-trail-2021-1861860
[Worker-6] Iniciando extracción para: https://neoauto.com/auto/usado/nissan-x-trail-2021-1861860
[Worker-6] Iniciando navegación...
[Worker-6] Marca extraída: 'nissan'
[Worker-6] Camino elegido (4 pasos).
[Worker-6] Paso 1/4: Página Principal...
[Worker-8] URL obtenida y bloqueada desde urls_autos_random: https://neoauto.com/auto/usado/hyundai-creta-2020-1856121
[Worker-8] Iniciando extracción para: https://neoauto.com/auto/usado/hyundai-creta-2020-1856121
[Worker-8] Iniciando navegación...
[Worker-8] Marca extraída: 'hyundai'
[Worker-8] Camino elegido (4 pasos).
[Worker-8] Paso 1/4: Página Principal...
[Worker-7] Navegación rápida (sin acciones)
[Worker-7] Paso 2/4: Categoría 'Usados'...
[Worker-4] Scroll INICIAL para activar contenido...
[Worker-3] Scroll INICIAL para activar contenido...
[Worker-6] Navegación rápida (sin acciones)
[Worker-6] Paso 2/4: Categoría 'Usados'...
[Worker-8] Navegación rápida (sin acciones)
[Worker-8] Paso 2/4: Categoría 'Usados'...
[Worker-7] Navegación rápida (sin acciones)
[Worker-7] Paso 3/4: Filtro por Marca 'MAZDA'...
[Worker-6] Navegación rápida (sin acciones)
[Worker-6] Paso 3/4: Filtro por Marca 'NISSAN'...
[Worker-2] No apareció popup de cookies
[Worker-2] Intento 1: Page.click: Timeout 1000ms exceeded.
[Worker-2] Call log:
[Worker-2] - waiting for locator("button[class*='close']").locator("svg").locator("xpath=./ancestor::button")
[Worker-8] Navegación rápida (sin acciones)
[Worker-8] Paso 3/4: Filtro por Marca 'HYUNDAI'...
[Worker-7] Navegación rápida (sin acciones)
[Worker-7] Paso 4/4: URL Final...
[Worker-6] Navegación rápida (sin acciones)
[Worker-6] Paso 4/4: URL Final...
[Worker-5] No apareció popup de cookies
[Worker-5] Intento 1: Page.click: Timeout 1000ms exceeded.
[Worker-5] Call log:
[Worker-5] - waiting for locator("button[class*='close']").locator("svg").locator("xpath=./ancestor::button")
[Worker-2] Intento 2: Page.click: Timeout 1000ms exceeded.
[Worker-2] Call log:
[Worker-2] - waiting for locator("button[class*='close']").locator("svg").locator("xpath=./ancestor::button")
[Worker-7] Scroll INICIAL para activar contenido...
[Worker-6] Scroll INICIAL para activar contenido...
[Worker-8] Navegación rápida (sin acciones)
[Worker-8] Paso 4/4: URL Final...
[Worker-5] Intento 2: Page.click: Timeout 1000ms exceeded.
[Worker-5] Call log:
[Worker-5] - waiting for locator("button[class*='close']").locator("svg").locator("xpath=./ancestor::button")
[Worker-8] Scroll INICIAL para activar contenido...
[Worker-1] Intento 1: Popup no encontrado
[Worker-1] Intento 2: Popup no encontrado
[Worker-4] No apareció popup de cookies
[Worker-4] Intento 1: Page.click: Timeout 1000ms exceeded.
[Worker-4] Call log:
[Worker-4] - waiting for locator("button[class*='close']").locator("svg").locator("xpath=./ancestor::button")
[Worker-3] No apareció popup de cookies
[Worker-3] Intento 1: Page.click: Timeout 1000ms exceeded.
[Worker-3] Call log:
[Worker-3] - waiting for locator("button[class*='close']").locator("svg").locator("xpath=./ancestor::button")
[Worker-4] Intento 2: Page.click: Timeout 1000ms exceeded.
[Worker-4] Call log:
[Worker-4] - waiting for locator("button[class*='close']").locator("svg").locator("xpath=./ancestor::button")
[Worker-1] Intento 3: Popup no encontrado
[Worker-3] Intento 2: Page.click: Timeout 1000ms exceeded.
[Worker-3] Call log:
[Worker-3] - waiting for locator("button[class*='close']").locator("svg").locator("xpath=./ancestor::button")
[Worker-1] No se pudo cerrar el popup de satisfacción
[Worker-1] Popups manejados POST-scroll
[Worker-1] Scroll adicional de confirmación...
[Worker-7] No apareció popup de cookies
[Worker-7] Intento 1: Page.click: Timeout 1000ms exceeded.
[Worker-7] Call log:
[Worker-7] - waiting for locator("button[class*='close']").locator("svg").locator("xpath=./ancestor::button")
[Worker-6] No apareció popup de cookies
[Worker-8] No apareció popup de cookies
[Worker-6] Intento 1: Page.click: Timeout 1000ms exceeded.
[Worker-6] Call log:
[Worker-6] - waiting for locator("button[class*='close']").locator("svg").locator("xpath=./ancestor::button")
[Worker-8] Intento 1: Page.click: Timeout 1000ms exceeded.
[Worker-8] Call log:
[Worker-8] - waiting for locator("button[class*='close']").locator("svg").locator("xpath=./ancestor::button")
[Worker-7] Intento 2: Page.click: Timeout 1000ms exceeded.
[Worker-7] Call log:
[Worker-7] - waiting for locator("button[class*='close']").locator("svg").locator("xpath=./ancestor::button")
[Worker-1] Título: Toyota Rav4 2018
[Worker-1] Precio: S/ nan
[Worker-1] Kilometraje: 3.200200123444542e+279 km
[Worker-1] Ubicación: ¡Arranca tu año sobre ruedas!
[Worker-1] Súbete a tu próximo seminuevo, el auto que mereces.
[Worker-1] ¡Arranca tu año sobre ruedas!
[Worker-1] Súbete a tu próximo seminuevo, el auto que mereces.
[Worker-1] ¡Arranca tu año sobre ruedas!
[Worker-1] Súbete a tu próximo seminuevo, el auto que mereces.
[Worker-1] ¡Arranca tu año sobre ruedas!
[Worker-1] Súbete a tu próximo seminuevo, el auto que mereces.
[Worker-1] Iniciar sesión
[Worker-1] Quiero vender
[Worker-1] Comprar
[Worker-1] Quiero vender
[Worker-1] Financiamiento
[Worker-1] Alquilar
[Worker-1] Nuevo
[Worker-1] Seguros
[Worker-1] Eventos
[Worker-1] Publicidad
[Worker-1] Ver fotos
[Worker-1] Autos usados
[Worker-1] Toyota
[Worker-1] Rav4
[Worker-1] Toyota Rav4 2018
[Worker-1] Chilca, Huancayo, Junin
[Worker-1] Publicado hace más de una semana
[Worker-1] 338 vistas
[Worker-1] Reportar aviso
[Worker-1] Compartir
[Worker-1] Marcar como favorito
[Worker-1] Toyota Rav4 2018
[Worker-1] Reportar aviso
[Worker-1] Compartir
[Worker-1] Marcar como favorito
[Worker-1] Año modelo
[Worker-1] 2018
[Worker-1] Kilometraje
[Worker-1] 91,744 km
[Worker-1] Transmisión
[Worker-1] Automática - Secuencial
[Worker-1] Descripción
[Worker-1] Toyota RAV4 año 2018, versión Limited, en excelente estado mecánico y estético.
[Worker-1] Te recomendamos:
[Worker-1] ¿Te toca renovar tu SOAT?
[Worker-1] Verifica el estado de tu SOAT aquí y evita multas.
[Worker-1] Consultar SOAT
[Worker-1] Alquila autos con Kinto Share
[Worker-1] Que nada frene tus aventuras. Seguro,flexible y con garantia.
[Worker-1] Ver más
[Worker-1] Blog & Noticias
[Worker-1] Entérate de las últimas novedades del sector automotriz.
[Worker-1] Ver más
[Worker-1] Especificaciones técnicas
[Worker-1] Características
[Worker-1] Marca
[Worker-1] Toyota
[Worker-1] Modelo
[Worker-1] RAV4
[Worker-1] Versión
[Worker-1] LIMITED
[Worker-1] Año de fabricación
[Worker-1] 2018
[Worker-1] Categoría
[Worker-1] Camioneta
[Worker-1] Combustible
[Worker-1] Gasolina
[Worker-1] Número de puertas
[Worker-1] 5
[Worker-1] Tracción
[Worker-1] Delantera
[Worker-1] Color
[Worker-1] Blanco
[Worker-1] Número cilindros
[Worker-1] 4
[Worker-1] Cilindrada
[Worker-1] 2,494 cc
[Worker-1] Equipamiento
[Worker-1] Aire Acondicionado
[Worker-1] Full Equipo
[Worker-1] Computadora de abordo
[Worker-1] Extras
[Worker-1] Asientos de cuero
[Worker-1] Precios y costos
[Worker-1] Este aviso
[Worker-1] US$21,706
[Worker-1] Precio de mercado
[Worker-1] US$19,500*
[Worker-1] Excelente
[Worker-1] Competitivo
[Worker-1] Premium
[Worker-1] (*) Precio referencial
[Worker-1] ¿Cómo se calcula este rango?
[Worker-1] ¿Te toca renovar tu SOAT?
[Worker-1] Verifica el estado de tu SOAT aquí y evita multas.
[Worker-1] Consultar SOAT
[Worker-1] Precio
[Worker-1] US$21,706
[Worker-1] Contáctate con el anunciante
[Worker-1] Rodrigo Salvador Vila
[Worker-1] 950 954...
[Worker-1] Más información
[Worker-1] Beneficios adicionales para ti:
[Worker-1] La mejor opción
[Worker-1] Financia tu auto con Santander Consumer
[Worker-1] Paga desde:
[Worker-1] US$1,028/mes*
[Worker-1] Simular crédito
[Worker-1] (*) Cuota mensual referencial. Calculada a 24 meses, 20% de inicial y TEA de 20.99%. No incluye seguro vehicular.
[Worker-1] Solicita tu Préstamo Personal hasta de S/45,000
[Worker-1] Me interesa
[Worker-1] Seminuevos
[Worker-1] Autos
[Worker-1] Motos
[Worker-1] Camiones
[Worker-1] Usados
[Worker-1] Autos
[Worker-1] Motos
[Worker-1] Camiones
[Worker-1] Nuevos
[Worker-1] Autos
[Worker-1] Camiones
[Worker-1] Ayuda
[Worker-1] Términos y condiciones
[Worker-1] Políticas de publicación
[Worker-1] ¿Cómo protegemos tus datos?
[Worker-1] Legales
[Worker-1] Sobre NeoAuto
[Worker-1] Noticias
[Worker-1] Tips y guías
[Worker-1] Ayuda en línea
[Worker-1] © 2024 NeoAuto Inc. Todos los derechos reservados
[Worker-1] Síguenos
[Worker-1] Descripción: {"@context":"https://schema.org","@graph":[{"@type":"Organization","@id":"https://neoauto.com/#organ...
[Worker-1] Único dueño: No
[Worker-1] Datos guardados en: /home/richgutz/Scraper-Neoauto-ANTIGRAVITY/extractores/results_txt/semanal_result_20260126_171825_d4d2ea.txt
[Worker-2] Intento 1: Popup no encontrado
[Worker-6] Intento 2: Page.click: Timeout 1000ms exceeded.
[Worker-6] Call log:
[Worker-6] - waiting for locator("button[class*='close']").locator("svg").locator("xpath=./ancestor::button")
[Worker-8] Intento 2: Page.click: Timeout 1000ms exceeded.
[Worker-8] Call log:
[Worker-8] - waiting for locator("button[class*='close']").locator("svg").locator("xpath=./ancestor::button")
[Worker-5] Intento 1: Popup no encontrado
[Worker-2] Intento 2: Popup no encontrado
[Worker-1] URLs restantes en urls_autos_random: 2029 | Procesadas en sesión: 4 | Próximo refresco en: 21 URLs
[Worker-1] URL obtenida y bloqueada desde urls_autos_random: https://neoauto.com/auto/usado/subaru-all-new-outback-2012-1699959
[Worker-1] Iniciando extracción para: https://neoauto.com/auto/usado/subaru-all-new-outback-2012-1699959
[Worker-1] Iniciando navegación...
[Worker-1] Marca extraída: 'subaru'
[Worker-1] Camino elegido (4 pasos).
[Worker-1] Paso 1/4: Página Principal...
[Worker-1] Navegación rápida (sin acciones)
[Worker-1] Paso 2/4: Categoría 'Usados'...
[Worker-5] Intento 2: Popup no encontrado
[Worker-1] Navegación rápida (sin acciones)
[Worker-1] Paso 3/4: Filtro por Marca 'SUBARU'...
[Worker-1] Navegación rápida (sin acciones)
[Worker-1] Paso 4/4: URL Final...
[Worker-1] Scroll INICIAL para activar contenido...
[Worker-2] Intento 3: Popup no encontrado
[Worker-2] No se pudo cerrar el popup de satisfacción
[Worker-2] Popups manejados POST-scroll
[Worker-2] Scroll adicional de confirmación...
[Worker-5] Intento 3: Popup no encontrado
[Worker-4] Intento 1: Popup no encontrado
[Worker-5] No se pudo cerrar el popup de satisfacción
[Worker-5] Popups manejados POST-scroll
[Worker-5] Scroll adicional de confirmación...
[Worker-2] Título: Mazda 3 2007
[Worker-3] Intento 1: Popup no encontrado
[Worker-2] Precio: S/ nan
[Worker-2] Ubicación: ¡Arranca tu año sobre ruedas!
[Worker-2] Súbete a tu próximo seminuevo, el auto que mereces.
[Worker-2] ¡Arranca tu año sobre ruedas!
[Worker-2] Súbete a tu próximo seminuevo, el auto que mereces.
[Worker-2] ¡Arranca tu año sobre ruedas!
[Worker-2] Súbete a tu próximo seminuevo, el auto que mereces.
[Worker-2] ¡Arranca tu año sobre ruedas!
[Worker-2] Súbete a tu próximo seminuevo, el auto que mereces.
[Worker-2] Iniciar sesión
[Worker-2] Quiero vender
[Worker-2] Comprar
[Worker-2] Quiero vender
[Worker-2] Financiamiento
[Worker-2] Alquilar
[Worker-2] Nuevo
[Worker-2] Seguros
[Worker-2] Eventos
[Worker-2] Publicidad
[Worker-2] Ver fotos
[Worker-2] Autos usados
[Worker-2] Mazda
[Worker-2] 3
[Worker-2] Mazda 3 2007
[Worker-2] Carabayllo, Lima, Lima
[Worker-2] Publicado hace más de una semana
[Worker-2] 514 vistas
[Worker-2] Reportar aviso
[Worker-2] Compartir
[Worker-2] Marcar como favorito
[Worker-2] Mazda 3 2007
[Worker-2] Reportar aviso
[Worker-2] Compartir
[Worker-2] Marcar como favorito
[Worker-2] Descripción
[Worker-2] Te recomendamos:
[Worker-2] ¿Te toca renovar tu SOAT?
[Worker-2] Verifica el estado de tu SOAT aquí y evita multas.
[Worker-2] Consultar SOAT
[Worker-2] Alquila autos con Kinto Share
[Worker-2] Que nada frene tus aventuras. Seguro,flexible y con garantia.
[Worker-2] Ver más
[Worker-2] Blog & Noticias
[Worker-2] Entérate de las últimas novedades del sector automotriz.
[Worker-2] Ver más
[Worker-2] Especificaciones técnicas
[Worker-2] Características
[Worker-2] Marca
[Worker-2] Mazda
[Worker-2] Modelo
[Worker-2] 3
[Worker-2] Versión
[Worker-2] 3
[Worker-2] Año de fabricación
[Worker-2] 2006
[Worker-2] Categoría
[Worker-2] Sedán
[Worker-2] Combustible
[Worker-2] Gas GLP
[Worker-2] Número de puertas
[Worker-2] 4
[Worker-2] Tracción
[Worker-2] Delantera
[Worker-2] Color
[Worker-2] Plata
[Worker-2] Número cilindros
[Worker-2] 4
[Worker-2] Cilindrada
[Worker-2] 1,600 cc
[Worker-2] Equipamiento
[Worker-2] Retrovisores Eléctricos
[Worker-2] Neblineros
[Worker-2] Radio MP3
[Worker-2] Exterior
[Worker-2] Aros
[Worker-2] Seguridad
[Worker-2] Alarma
[Worker-2] Extras
[Worker-2] Asientos de cuero
[Worker-2] Precios y costos
[Worker-2] Aún no tenemos suficiente información para determinar un rango de precio para este vehículo.
[Worker-2] Excelente
[Worker-2] Competitivo
[Worker-2] Premium
[Worker-2] (*) Precio referencial
[Worker-2] ¿Cómo se calcula este rango?
[Worker-2] ¿Te toca renovar tu SOAT?
[Worker-2] Verifica el estado de tu SOAT aquí y evita multas.
[Worker-2] Consultar SOAT
[Worker-2] Precio
[Worker-2] US$7,500
[Worker-2] Contáctate con el anunciante
[Worker-2] Erixson Joseph Lopez Rivas
[Worker-2] 923 618...
[Worker-2] Más información
[Worker-2] Beneficios adicionales para ti:
[Worker-2] Solicita tu Préstamo Personal hasta de S/45,000
[Worker-2] Me interesa
[Worker-2] Seminuevos
[Worker-2] Autos
[Worker-2] Motos
[Worker-2] Camiones
[Worker-2] Usados
[Worker-2] Autos
[Worker-2] Motos
[Worker-2] Camiones
[Worker-2] Nuevos
[Worker-2] Autos
[Worker-2] Camiones
[Worker-2] Ayuda
[Worker-2] Términos y condiciones
[Worker-2] Políticas de publicación
[Worker-2] ¿Cómo protegemos tus datos?
[Worker-2] Legales
[Worker-2] Sobre NeoAuto
[Worker-2] Noticias
[Worker-2] Tips y guías
[Worker-2] Ayuda en línea
[Worker-2] © 2024 NeoAuto Inc. Todos los derechos reservados
[Worker-2] Síguenos
[Worker-2] Descripción: {"@context":"https://schema.org","@graph":[{"@type":"Organization","@id":"https://neoauto.com/#organ...
[Worker-2] Único dueño: No
[Worker-2] Datos guardados en: /home/richgutz/Scraper-Neoauto-ANTIGRAVITY/extractores/results_txt/semanal_result_20260126_171840_4296cc.txt
[Worker-5] Título: Volkswagen Beetle 1976
[Worker-5] Precio: S/ nan
[Worker-5] Kilometraje: inf km
[Worker-5] Ubicación: ¡Arranca tu año sobre ruedas!
[Worker-5] Súbete a tu próximo seminuevo, el auto que mereces.
[Worker-5] ¡Arranca tu año sobre ruedas!
[Worker-5] Súbete a tu próximo seminuevo, el auto que mereces.
[Worker-5] ¡Arranca tu año sobre ruedas!
[Worker-5] Súbete a tu próximo seminuevo, el auto que mereces.
[Worker-5] ¡Arranca tu año sobre ruedas!
[Worker-5] Súbete a tu próximo seminuevo, el auto que mereces.
[Worker-5] Iniciar sesión
[Worker-5] Quiero vender
[Worker-5] Comprar
[Worker-5] Quiero vender
[Worker-5] Financiamiento
[Worker-5] Alquilar
[Worker-5] Nuevo
[Worker-5] Seguros
[Worker-5] Eventos
[Worker-5] Publicidad
[Worker-5] Ver fotos
[Worker-5] Autos usados
[Worker-5] Volkswagen
[Worker-5] Beetle
[Worker-5] Volkswagen Beetle 1976
[Worker-5] Piura, Piura, Piura
[Worker-5] Publicado hace unos días
[Worker-5] 51 vistas
[Worker-5] Reportar aviso
[Worker-5] Compartir
[Worker-5] Marcar como favorito
[Worker-5] Volkswagen Beetle 1976
[Worker-5] Reportar aviso
[Worker-5] Compartir
[Worker-5] Marcar como favorito
[Worker-5] Año modelo
[Worker-5] 1976
[Worker-5] Kilometraje
[Worker-5] 88,888 km
[Worker-5] Transmisión
[Worker-5] Mecánica
[Worker-5] Descripción
[Worker-5] Volkswagen Vocho 1976 original – documentos en regla – Piura
[Worker-5] Se vende Volkswagen Vocho año 1976, conservado en estado original. Vehículo funcional, ideal para uso diario o para coleccionistas que buscan un Vocho sin modificaciones.
[Worker-5] Motor operativo....
[Worker-5] Seguir leyendo
[Worker-5] Te recomendamos:
[Worker-5] ¿Te toca renovar tu SOAT?
[Worker-5] Verifica el estado de tu SOAT aquí y evita multas.
[Worker-5] Consultar SOAT
[Worker-5] Alquila autos con Kinto Share
[Worker-5] Que nada frene tus aventuras. Seguro,flexible y con garantia.
[Worker-5] Ver más
[Worker-5] Blog & Noticias
[Worker-5] Entérate de las últimas novedades del sector automotriz.
[Worker-5] Ver más
[Worker-5] Especificaciones técnicas
[Worker-5] Características
[Worker-5] Marca
[Worker-5] Volkswagen
[Worker-5] Modelo
[Worker-5] BEETLE
[Worker-5] Año de fabricación
[Worker-5] 1976
[Worker-5] Categoría
[Worker-5] Hatchback
[Worker-5] Combustible
[Worker-5] Gasolina
[Worker-5] Número de puertas
[Worker-5] 2
[Worker-5] Tracción
[Worker-5] Posterior
[Worker-5] Color
[Worker-5] Guinda
[Worker-5] Número cilindros
[Worker-5] 4
[Worker-5] Cilindrada
[Worker-5] 1,300 cc
[Worker-5] Precios y costos
[Worker-5] Aún no tenemos suficiente información para determinar un rango de precio para este vehículo.
[Worker-5] Excelente
[Worker-5] Competitivo
[Worker-5] Premium
[Worker-5] (*) Precio referencial
[Worker-5] ¿Cómo se calcula este rango?
[Worker-5] ¿Te toca renovar tu SOAT?
[Worker-5] Verifica el estado de tu SOAT aquí y evita multas.
[Worker-5] Consultar SOAT
[Worker-5] Precio
[Worker-5] US$5,000
[Worker-5] Contáctate con el anunciante
[Worker-5] Quedena Cristopher
[Worker-5] 973 098...
[Worker-5] Más información
[Worker-5] Beneficios adicionales para ti:
[Worker-5] Solicita tu Préstamo Personal hasta de S/45,000
[Worker-5] Me interesa
[Worker-5] Vehículos similares
[Worker-5] Ver todos los vehículos
[Worker-5] Volkswagen Gol Comfort 1.6 2014
[Worker-5] 45,000km
[Worker-5] Mecánica
[Worker-5] Gasolina
[Worker-5] Precio
[Worker-5] US$9,000
[Worker-5] Con Crédito Vehicular
[Worker-5] US$753/mes
[Worker-5] Ver detalle
[Worker-5] Vehículo de: Guillermo Martín mardon zarate
[Worker-5] Auto verificado
[Worker-5] Papeles en regla
[Worker-5] Bmw 118i 2019
[Worker-5] 52,000km
[Worker-5] MILLENNIAL
[Worker-5] Automática - Se...
[Worker-5] Gasolina
[Worker-5] Precio
[Worker-5] US$17,800
[Worker-5] Con Crédito Vehicular
[Worker-5] US$540/mes
[Worker-5] Ver detalle
[Worker-5] Vehículo de: Renato Valdizan
[Worker-5] De lujo
[Worker-5] Mini John Cooper Works 2025
[Worker-5] 3,800km
[Worker-5] Automática - Se...
[Worker-5] Gasolina
[Worker-5] Precio
[Worker-5] US$46,000
[Worker-5] Con Crédito Vehicular
[Worker-5] US$45,000
[Worker-5] Ver detalle
[Worker-5] Vehículo de: Renato Ramos
[Worker-5] Auto verificado
[Worker-5] Unico Dueño
[Worker-5] Chevrolet Onix 2019
[Worker-5] 25,722km
[Worker-5] 1.4L LTZ MT
[Worker-5] Mecánica
[Worker-5] Gasolina
[Worker-5] Precio
[Worker-5] US$10,500
[Worker-5] Con Crédito Vehicular
[Worker-5] US$383/mes
[Worker-5] Ver detalle
[Worker-5] Vehículo de: MARITA CORREA CACERES
[Worker-5] Audi A7 Sportback Hb 2012
[Worker-5] 81,300km
[Worker-5] 3.0 TFSI QUATTR...
[Worker-5] Automática - Se...
[Worker-5] Gasolina
[Worker-5] Precio
[Worker-5] US$19,500
[Worker-5] Ver detalle
[Worker-5] Vehículo de: INVERSIONES GIRALDO DEL PORTA INVERSIONES GIRALDO DEL PORTA
[Worker-5] Toyota Corolla 2021
[Worker-5] 40,000km
[Worker-5] 1.2 TURBO CVT
[Worker-5] Automática - Se...
[Worker-5] Gasolina
[Worker-5] Precio
[Worker-5] US$20,000
[Worker-5] Con Crédito Vehicular
[Worker-5] US$540/mes
[Worker-5] Ver detalle
[Worker-5] Vehículo de: Rodolfo Gonzales Berrocal
[Worker-5] Volvo V40 2016
[Worker-5] 85,000km
[Worker-5] R-DESIGN
[Worker-5] Automática - Se...
[Worker-5] Gasolina
[Worker-5] Precio
[Worker-5] US$14,500
[Worker-5] Con Crédito Vehicular
[Worker-5] US$13,500
[Worker-5] Ver detalle
[Worker-5] Vehículo de: pamela gamarra mateo
[Worker-5] Toyota Yaris 2019
[Worker-5] 53,000km
[Worker-5] Automática - Se...
[Worker-5] Gasolina
[Worker-5] Precio
[Worker-5] US$13,900
[Worker-5] Con Crédito Vehicular
[Worker-5] US$503/mes
[Worker-5] Ver detalle
[Worker-5] Vehículo de: Jhonathan ayala loayza
[Worker-5] Seminuevos
[Worker-5] Autos
[Worker-5] Motos
[Worker-5] Camiones
[Worker-5] Usados
[Worker-5] Autos
[Worker-5] Motos
[Worker-5] Camiones
[Worker-5] Nuevos
[Worker-5] Autos
[Worker-5] Camiones
[Worker-5] Ayuda
[Worker-5] Términos y condiciones
[Worker-5] Políticas de publicación
[Worker-5] ¿Cómo protegemos tus datos?
[Worker-5] Legales
[Worker-5] Sobre NeoAuto
[Worker-5] Noticias
[Worker-5] Tips y guías
[Worker-5] Ayuda en línea
[Worker-5] © 2024 NeoAuto Inc. Todos los derechos reservados
[Worker-5] Síguenos
[Worker-5] Descripción: {"@context":"https://schema.org","@graph":[{"@type":"Organization","@id":"https://neoauto.com/#organ...
[Worker-5] Único dueño: Sí
[Worker-5] Datos guardados en: /home/richgutz/Scraper-Neoauto-ANTIGRAVITY/extractores/results_txt/semanal_result_20260126_171841_ad26ca.txt
[Worker-2] URLs restantes en urls_autos_random: 2028 | Procesadas en sesión: 4 | Próximo refresco en: 21 URLs
[Worker-2] URL obtenida y bloqueada desde urls_autos_random: https://neoauto.com/auto/usado/nissan-kicks-2023-1859797
[Worker-2] Iniciando extracción para: https://neoauto.com/auto/usado/nissan-kicks-2023-1859797
[Worker-2] Iniciando navegación...
[Worker-2] Marca extraída: 'nissan'
[Worker-2] Camino elegido (4 pasos).
[Worker-2] Paso 1/4: Página Principal...
[Worker-4] Intento 2: Popup no encontrado
[Worker-2] Navegación rápida (sin acciones)
[Worker-2] Paso 2/4: Categoría 'Usados'...
[Worker-7] Intento 1: Popup no encontrado
[Worker-2] Navegación rápida (sin acciones)
[Worker-2] Paso 3/4: Filtro por Marca 'NISSAN'...
[Worker-3] Intento 2: Popup no encontrado
[Worker-6] Intento 1: Popup no encontrado
[Worker-8] Intento 1: Popup no encontrado
[Worker-2] Navegación rápida (sin acciones)
[Worker-2] Paso 4/4: URL Final...
[Worker-5] URLs restantes en urls_autos_random: 2027 | Procesadas en sesión: 4 | Próximo refresco en: 21 URLs
[Worker-5] URL obtenida y bloqueada desde urls_autos_random: https://neoauto.com/auto/usado/hyundai-creta-2024-1863412
[Worker-5] Iniciando extracción para: https://neoauto.com/auto/usado/hyundai-creta-2024-1863412
[Worker-5] Iniciando navegación...
[Worker-5] Marca extraída: 'hyundai'
[Worker-5] Camino elegido (4 pasos).
[Worker-5] Paso 1/4: Página Principal...
[Worker-2] Scroll INICIAL para activar contenido...
[Worker-1] No apareció popup de cookies
[Worker-5] Navegación rápida (sin acciones)
[Worker-5] Paso 2/4: Categoría 'Usados'...
[Worker-4] Intento 3: Popup no encontrado
[Worker-1] Intento 1: Page.click: Timeout 1000ms exceeded.
[Worker-1] Call log:
[Worker-1] - waiting for locator("button[class*='close']").locator("svg").locator("xpath=./ancestor::button")
[Worker-5] Navegación rápida (sin acciones)
[Worker-5] Paso 3/4: Filtro por Marca 'HYUNDAI'...
[Worker-7] Intento 2: Popup no encontrado
[Worker-4] No se pudo cerrar el popup de satisfacción
[Worker-4] Popups manejados POST-scroll
[Worker-4] Scroll adicional de confirmación...
[Worker-3] Intento 3: Popup no encontrado
[Worker-6] Intento 2: Popup no encontrado
[Worker-8] Intento 2: Popup no encontrado
[Worker-1] Intento 2: Page.click: Timeout 1000ms exceeded.
[Worker-1] Call log:
[Worker-1] - waiting for locator("button[class*='close']").locator("svg").locator("xpath=./ancestor::button")
[Worker-3] No se pudo cerrar el popup de satisfacción
[Worker-3] Popups manejados POST-scroll
[Worker-3] Scroll adicional de confirmación...
[Worker-5] Navegación rápida (sin acciones)
[Worker-5] Paso 4/4: URL Final...
[Worker-4] Título: Mercedes Benz E-200 2019
[Worker-4] Precio: S/ nan
[Worker-4] Kilometraje: inf km
[Worker-4] Ubicación: ¡Arranca tu año sobre ruedas!
[Worker-4] Súbete a tu próximo seminuevo, el auto que mereces.
[Worker-4] ¡Arranca tu año sobre ruedas!
[Worker-4] Súbete a tu próximo seminuevo, el auto que mereces.
[Worker-4] ¡Arranca tu año sobre ruedas!
[Worker-4] Súbete a tu próximo seminuevo, el auto que mereces.
[Worker-4] ¡Arranca tu año sobre ruedas!
[Worker-4] Súbete a tu próximo seminuevo, el auto que mereces.
[Worker-4] Iniciar sesión
[Worker-4] Quiero vender
[Worker-4] Comprar
[Worker-4] Quiero vender
[Worker-4] Financiamiento
[Worker-4] Alquilar
[Worker-4] Nuevo
[Worker-4] Seguros
[Worker-4] Eventos
[Worker-4] Publicidad
[Worker-4] Ver fotos
[Worker-4] Autos usados
[Worker-4] Mercedes Benz
[Worker-4] E-200
[Worker-4] Mercedes Benz E-200 2019
[Worker-4] Surquillo, Lima, Lima
[Worker-4] Publicado hace unos días
[Worker-4] 44 vistas
[Worker-4] Reportar aviso
[Worker-4] Compartir
[Worker-4] Marcar como favorito
[Worker-4] Mercedes Benz E-200 2019
[Worker-4] Reportar aviso
[Worker-4] Compartir
[Worker-4] Marcar como favorito
[Worker-4] Año modelo
[Worker-4] 2019
[Worker-4] Kilometraje
[Worker-4] 56,000 km
[Worker-4] Transmisión
[Worker-4] Automática - Secuencial
[Worker-4] Descripción
[Worker-4] Mercedes Benz E[****] (W213).
[Worker-4] Tracción trasera y caja automática de nueve velocidades, 9G-TRONIC.
[Worker-4] Motor 2.0L turbo, 184 CV.
[Worker-4] Cuatro modos de manejo: Eco, Confort, Sport, Sport+ y un modo individual para personalizar.
[Worker-4] Freno de emergencia electrónic...
[Worker-4] Seguir leyendo
[Worker-4] Te recomendamos:
[Worker-4] ¿Te toca renovar tu SOAT?
[Worker-4] Verifica el estado de tu SOAT aquí y evita multas.
[Worker-4] Consultar SOAT
[Worker-4] Alquila autos con Kinto Share
[Worker-4] Que nada frene tus aventuras. Seguro,flexible y con garantia.
[Worker-4] Ver más
[Worker-4] Blog & Noticias
[Worker-4] Entérate de las últimas novedades del sector automotriz.
[Worker-4] Ver más
[Worker-4] Especificaciones técnicas
[Worker-4] Características
[Worker-4] Marca
[Worker-4] Mercedes Benz
[Worker-4] Modelo
[Worker-4] E-200
[Worker-4] Versión
[Worker-4] E 200
[Worker-4] Año de fabricación
[Worker-4] 2019
[Worker-4] Categoría
[Worker-4] Sedán
[Worker-4] Combustible
[Worker-4] Gasolina
[Worker-4] Número de puertas
[Worker-4] 4
[Worker-4] Tracción
[Worker-4] Posterior
[Worker-4] Color
[Worker-4] Gris huracan
[Worker-4] Número cilindros
[Worker-4] 4
[Worker-4] Cilindrada
[Worker-4] 1,991 cc
[Worker-4] Equipamiento
[Worker-4] Retrovisores Eléctricos
[Worker-4] Aire Acondicionado
[Worker-4] Full Equipo
[Worker-4] Computadora de abordo
[Worker-4] Parlantes/Bajos
[Worker-4] Exterior
[Worker-4] Aros de Aleación
[Worker-4] Seguridad
[Worker-4] Airbag
[Worker-4] Láminas de Seguridad
[Worker-4] Inmovilizador de motor
[Worker-4] Repartidor electrónico de frenado
[Worker-4] Frenos ABS
[Worker-4] Extras
[Worker-4] Asientos de cuero
[Worker-4] Climatizador
[Worker-4] Precios y costos
[Worker-4] Aún no tenemos suficiente información para determinar un rango de precio para este vehículo.
[Worker-4] Excelente
[Worker-4] Competitivo
[Worker-4] Premium
[Worker-4] (*) Precio referencial
[Worker-4] ¿Cómo se calcula este rango?
[Worker-4] ¿Te toca renovar tu SOAT?
[Worker-4] Verifica el estado de tu SOAT aquí y evita multas.
[Worker-4] Consultar SOAT
[Worker-4] Precio
[Worker-4] US$25,900
[Worker-4] Dscto. por adquirir el Crédito Vehicular
[Worker-4] -US$1,000*
[Worker-4] *Aplica si financias tu auto con Santander Consumer
[Worker-4] Contáctate con el anunciante
[Worker-4] Marcelo Marco Anamaria Henostroza
[Worker-4] 922 256...
[Worker-4] Más información
[Worker-4] Beneficios adicionales para ti:
[Worker-4] La mejor opción
[Worker-4] Financia tu auto con Santander Consumer
[Worker-4] Paga desde:
[Worker-4] US$24,900 o
[Worker-4] US$927/mes*
[Worker-4] Simular crédito
[Worker-4] (*) Cuota mensual referencial. Calculada a 36 meses, 20% de inicial y TEA de 20.99%. No incluye seguro vehicular.
[Worker-4] Solicita tu Préstamo Personal hasta de S/45,000
[Worker-4] Me interesa
[Worker-4] Seminuevos
[Worker-4] Autos
[Worker-4] Motos
[Worker-4] Camiones
[Worker-4] Usados
[Worker-4] Autos
[Worker-4] Motos
[Worker-4] Camiones
[Worker-4] Nuevos
[Worker-4] Autos
[Worker-4] Camiones
[Worker-4] Ayuda
[Worker-4] Términos y condiciones
[Worker-4] Políticas de publicación
[Worker-4] ¿Cómo protegemos tus datos?
[Worker-4] Legales
[Worker-4] Sobre NeoAuto
[Worker-4] Noticias
[Worker-4] Tips y guías
[Worker-4] Ayuda en línea
[Worker-4] © 2024 NeoAuto Inc. Todos los derechos reservados
[Worker-4] Síguenos
[Worker-4] Descripción: {"@context":"https://schema.org","@graph":[{"@type":"Organization","@id":"https://neoauto.com/#organ...
[Worker-4] Único dueño: No
[Worker-4] Datos guardados en: /home/richgutz/Scraper-Neoauto-ANTIGRAVITY/extractores/results_txt/semanal_result_20260126_171852_581d34.txt
[Worker-5] Scroll INICIAL para activar contenido...
[Worker-3] Título: Suzuki Apv Minivan 2016
[Worker-3] Precio: S/ nan
[Worker-3] Kilometraje: inf km
[Worker-3] Ubicación: ¡Arranca tu año sobre ruedas!
[Worker-3] Súbete a tu próximo seminuevo, el auto que mereces.
[Worker-3] ¡Arranca tu año sobre ruedas!
[Worker-3] Súbete a tu próximo seminuevo, el auto que mereces.
[Worker-3] ¡Arranca tu año sobre ruedas!
[Worker-3] Súbete a tu próximo seminuevo, el auto que mereces.
[Worker-3] ¡Arranca tu año sobre ruedas!
[Worker-3] Súbete a tu próximo seminuevo, el auto que mereces.
[Worker-3] Iniciar sesión
[Worker-3] Quiero vender
[Worker-3] Comprar
[Worker-3] Quiero vender
[Worker-3] Financiamiento
[Worker-3] Alquilar
[Worker-3] Nuevo
[Worker-3] Seguros
[Worker-3] Eventos
[Worker-3] Publicidad
[Worker-3] Ver fotos
[Worker-3] Autos usados
[Worker-3] Suzuki
[Worker-3] Apv Minivan
[Worker-3] Suzuki Apv Minivan 2016
[Worker-3] Pueblo Libre, Lima, Lima
[Worker-3] Publicado hace más de un mes
[Worker-3] 1,731 vistas
[Worker-3] Reportar aviso
[Worker-3] Compartir
[Worker-3] Marcar como favorito
[Worker-3] Suzuki Apv Minivan 2016
[Worker-3] Reportar aviso
[Worker-3] Compartir
[Worker-3] Marcar como favorito
[Worker-3] Año modelo
[Worker-3] 2016
[Worker-3] Kilometraje
[Worker-3] 106,047 km
[Worker-3] Transmisión
[Worker-3] Mecánica
[Worker-3] Descripción
[Worker-3] Venta de furgoneta de 5 puertas en buen estado, mecanico de kilometraje [****] km, año 2015 documentos en regla
[Worker-3] Te recomendamos:
[Worker-3] ¿Te toca renovar tu SOAT?
[Worker-3] Verifica el estado de tu SOAT aquí y evita multas.
[Worker-3] Consultar SOAT
[Worker-3] Alquila autos con Kinto Share
[Worker-3] Que nada frene tus aventuras. Seguro,flexible y con garantia.
[Worker-3] Ver más
[Worker-3] Blog & Noticias
[Worker-3] Entérate de las últimas novedades del sector automotriz.
[Worker-3] Ver más
[Worker-3] Especificaciones técnicas
[Worker-3] Características
[Worker-3] Marca
[Worker-3] Suzuki
[Worker-3] Modelo
[Worker-3] APV MINIVAN
[Worker-3] Año de fabricación
[Worker-3] 2015
[Worker-3] Categoría
[Worker-3] Vans
[Worker-3] Combustible
[Worker-3] Gasolina
[Worker-3] Número de puertas
[Worker-3] 5
[Worker-3] Tracción
[Worker-3] 4x2
[Worker-3] Color
[Worker-3] Blanco
[Worker-3] Número cilindros
[Worker-3] 4
[Worker-3] Cilindrada
[Worker-3] 1,590 cc
[Worker-3] Precios y costos
[Worker-3] Aún no tenemos suficiente información para determinar un rango de precio para este vehículo.
[Worker-3] Excelente
[Worker-3] Competitivo
[Worker-3] Premium
[Worker-3] (*) Precio referencial
[Worker-3] ¿Cómo se calcula este rango?
[Worker-3] ¿Te toca renovar tu SOAT?
[Worker-3] Verifica el estado de tu SOAT aquí y evita multas.
[Worker-3] Consultar SOAT
[Worker-3] Precio
[Worker-3] US$7,500
[Worker-3] Contáctate con el anunciante
[Worker-3] Luis Vargas Calderon
[Worker-3] 994 262...
[Worker-3] Más información
[Worker-3] Beneficios adicionales para ti:
[Worker-3] Solicita tu Préstamo Personal hasta de S/45,000
[Worker-3] Me interesa
[Worker-3] Vehículos similares
[Worker-3] Ver todos los vehículos
[Worker-3] Premium
[Worker-3] Ram V700 2019
[Worker-3] 105,000km
[Worker-3] Mecánica
[Worker-3] Dual
[Worker-3] Precio
[Worker-3] US$5,800
[Worker-3] Ver detalle
[Worker-3] Vehículo de: Raul Bedoya Carcamo
[Worker-3] Foton Van Px 2021
[Worker-3] 1,850km
[Worker-3] Mecánica
[Worker-3] Gasolina
[Worker-3] Precio
[Worker-3] US$14,800
[Worker-3] Con Crédito Vehicular
[Worker-3] US$402/mes
[Worker-3] Ver detalle
[Worker-3] Vehículo de: Hernan Cainicela
[Worker-3] Dfsk K07s 2020
[Worker-3] 80,000km
[Worker-3] DSFK K
[Worker-3] Mecánica
[Worker-3] Gas GLP
[Worker-3] Precio
[Worker-3] US$7,000
[Worker-3] Ver detalle
[Worker-3] Vehículo de: gonzalo castellanos pinto
[Worker-3] Auto verificado
[Worker-3] Motor Económico
[Worker-3] Hyundai H-1 2019
[Worker-3] 245,200km
[Worker-3] GL
[Worker-3] Mecánica
[Worker-3] Dual
[Worker-3] Precio
[Worker-3] US$23,000
[Worker-3] Ver detalle
[Worker-3] Vehículo de: Javier Salas
[Worker-3] Suzuki Apv 2023
[Worker-3] 22,000km
[Worker-3] APV - VAN PLUS
[Worker-3] Mecánica
[Worker-3] Dual
[Worker-3] Precio
[Worker-3] US$18,000
[Worker-3] Con Crédito Vehicular
[Worker-3] US$17,000
[Worker-3] Ver detalle
[Worker-3] Vehículo de: Hector Becerra Ruiz
[Worker-3] Suzuki Ertiga 2020
[Worker-3] 38,800km
[Worker-3] NEW ERTIGA 1.5
[Worker-3] Automática
[Worker-3] Dual
[Worker-3] Precio
[Worker-3] US$16,500
[Worker-3] Con Crédito Vehicular
[Worker-3] US$502/mes
[Worker-3] Ver detalle
[Worker-3] Vehículo de: Maikol Raymundo
[Worker-3] Suzuki Apv 2014
[Worker-3] 175,605km
[Worker-3] MINIVAN GL
[Worker-3] Mecánica
[Worker-3] Dual
[Worker-3] Precio
[Worker-3] US$7,300
[Worker-3] Ver detalle
[Worker-3] Vehículo de: Giancarlo Rivero
[Worker-3] Suzuki Ertiga 2015
[Worker-3] 180,000km
[Worker-3] 1.4 AT GL
[Worker-3] Automática
[Worker-3] Gasolina
[Worker-3] Precio
[Worker-3] US$11,000
[Worker-3] Ver detalle
[Worker-3] Vehículo de: Geyler Diaz Rivera
[Worker-3] Seminuevos
[Worker-3] Autos
[Worker-3] Motos
[Worker-3] Camiones
[Worker-3] Usados
[Worker-3] Autos
[Worker-3] Motos
[Worker-3] Camiones
[Worker-3] Nuevos
[Worker-3] Autos
[Worker-3] Camiones
[Worker-3] Ayuda
[Worker-3] Términos y condiciones
[Worker-3] Políticas de publicación
[Worker-3] ¿Cómo protegemos tus datos?
[Worker-3] Legales
[Worker-3] Sobre NeoAuto
[Worker-3] Noticias
[Worker-3] Tips y guías
[Worker-3] Ayuda en línea
[Worker-3] © 2024 NeoAuto Inc. Todos los derechos reservados
[Worker-3] Síguenos
[Worker-3] Descripción: {"@context":"https://schema.org","@graph":[{"@type":"Organization","@id":"https://neoauto.com/#organ...
[Worker-3] Único dueño: No
[Worker-3] Datos guardados en: /home/richgutz/Scraper-Neoauto-ANTIGRAVITY/extractores/results_txt/semanal_result_20260126_171853_5c10ec.txt
[Worker-7] Intento 3: Popup no encontrado
[Worker-7] No se pudo cerrar el popup de satisfacción
[Worker-7] Popups manejados POST-scroll
[Worker-7] Scroll adicional de confirmación...
[Worker-6] Intento 3: Popup no encontrado
[Worker-8] Intento 3: Popup no encontrado
[Worker-6] No se pudo cerrar el popup de satisfacción
[Worker-6] Popups manejados POST-scroll
[Worker-6] Scroll adicional de confirmación...
[Worker-4] URLs restantes en urls_autos_random: 2026 | Procesadas en sesión: 4 | Próximo refresco en: 21 URLs
[Worker-8] No se pudo cerrar el popup de satisfacción
[Worker-8] Popups manejados POST-scroll
[Worker-8] Scroll adicional de confirmación...
[Worker-4] URL obtenida y bloqueada desde urls_autos_random: https://neoauto.com/auto/usado/nissan-frontier-2023-1862288
[Worker-4] Iniciando extracción para: https://neoauto.com/auto/usado/nissan-frontier-2023-1862288
[Worker-4] Iniciando navegación...
[Worker-4] Marca extraída: 'nissan'
[Worker-4] Camino elegido (4 pasos).
[Worker-4] Paso 1/4: Página Principal...
[Worker-7] Título: Mazda 323 1998
[Worker-7] Precio: S/ nan
[Worker-7] Kilometraje: inf km
[Worker-7] Ubicación: ¡Arranca tu año sobre ruedas!
[Worker-7] Súbete a tu próximo seminuevo, el auto que mereces.
[Worker-7] ¡Arranca tu año sobre ruedas!
[Worker-7] Súbete a tu próximo seminuevo, el auto que mereces.
[Worker-7] ¡Arranca tu año sobre ruedas!
[Worker-7] Súbete a tu próximo seminuevo, el auto que mereces.
[Worker-7] ¡Arranca tu año sobre ruedas!
[Worker-7] Súbete a tu próximo seminuevo, el auto que mereces.
[Worker-7] Iniciar sesión
[Worker-7] Quiero vender
[Worker-7] Comprar
[Worker-7] Quiero vender
[Worker-7] Financiamiento
[Worker-7] Alquilar
[Worker-7] Nuevo
[Worker-7] Seguros
[Worker-7] Eventos
[Worker-7] Publicidad
[Worker-7] Ver fotos
[Worker-7] Autos usados
[Worker-7] Mazda
[Worker-7] 323
[Worker-7] Mazda 323 1998
[Worker-7] Jesus Maria, Lima, Lima
[Worker-7] Publicado hace un mes
[Worker-7] 884 vistas
[Worker-7] Reportar aviso
[Worker-7] Compartir
[Worker-7] Marcar como favorito
[Worker-7] Mazda 323 1998
[Worker-7] Reportar aviso
[Worker-7] Compartir
[Worker-7] Marcar como favorito
[Worker-7] Año modelo
[Worker-7] 1998
[Worker-7] Kilometraje
[Worker-7] 19,000 km
[Worker-7] Transmisión
[Worker-7] Mecánica
[Worker-7] Descripción
[Worker-7] Mazda 323 lantis 1998. Necanico gasolinero, Asientos en cuero, aros de magnesio 17, llantas nuevas, luces led phillips lupa, motor 1600 en perfecto estado, mufle HKS importado, full equipo, amplificadores, bajo doble bobina, componentes,bajo suspensi...
[Worker-7] Seguir leyendo
[Worker-7] Te recomendamos:
[Worker-7] ¿Te toca renovar tu SOAT?
[Worker-7] Verifica el estado de tu SOAT aquí y evita multas.
[Worker-7] Consultar SOAT
[Worker-7] Alquila autos con Kinto Share
[Worker-7] Que nada frene tus aventuras. Seguro,flexible y con garantia.
[Worker-7] Ver más
[Worker-7] Blog & Noticias
[Worker-7] Entérate de las últimas novedades del sector automotriz.
[Worker-7] Ver más
[Worker-7] Especificaciones técnicas
[Worker-7] Características
[Worker-7] Marca
[Worker-7] Mazda
[Worker-7] Modelo
[Worker-7] 323
[Worker-7] Versión
[Worker-7] 323 LANTIS
[Worker-7] Año de fabricación
[Worker-7] 1998
[Worker-7] Categoría
[Worker-7] Deportivo
[Worker-7] Combustible
[Worker-7] Gasolina
[Worker-7] Número de puertas
[Worker-7] 4
[Worker-7] Tracción
[Worker-7] 4x2
[Worker-7] Color
[Worker-7] Azul
[Worker-7] Cilindrada
[Worker-7] 1,600 cc
[Worker-7] Equipamiento
[Worker-7] Neblineros
[Worker-7] Aire Acondicionado
[Worker-7] Full Equipo
[Worker-7] Computadora de abordo
[Worker-7] Parlantes/Bajos
[Worker-7] Radio CD
[Worker-7] Radio MP3
[Worker-7] Retrovisores Eléctricos
[Worker-7] Exterior
[Worker-7] Aros de Aleación
[Worker-7] Luces Halógenas
[Worker-7] Seguridad
[Worker-7] Airbag
[Worker-7] Alarma
[Worker-7] Frenos ABS
[Worker-7] Repartidor electrónico de frenado
[Worker-7] Inmovilizador de motor
[Worker-7] Faros antiniebla traseros
[Worker-7] Faros antiniebla delantero
[Worker-7] Láminas de Seguridad
[Worker-7] Extras
[Worker-7] Asientos de cuero
[Worker-7] Climatizador
[Worker-7] Precios y costos
[Worker-7] Aún no tenemos suficiente información para determinar un rango de precio para este vehículo.
[Worker-7] Excelente
[Worker-7] Competitivo
[Worker-7] Premium
[Worker-7] (*) Precio referencial
[Worker-7] ¿Cómo se calcula este rango?
[Worker-7] ¿Te toca renovar tu SOAT?
[Worker-7] Verifica el estado de tu SOAT aquí y evita multas.
[Worker-7] Consultar SOAT
[Worker-7] Precio
[Worker-7] US$5,300
[Worker-7] Contáctate con el anunciante
[Worker-7] Carlos Alberto Chavez Padilla
[Worker-7] 989 100...
[Worker-7] Más información
[Worker-7] Beneficios adicionales para ti:
[Worker-7] Solicita tu Préstamo Personal hasta de S/45,000
[Worker-7] Me interesa
[Worker-7] Seminuevos
[Worker-7] Autos
[Worker-7] Motos
[Worker-7] Camiones
[Worker-7] Usados
[Worker-7] Autos
[Worker-7] Motos
[Worker-7] Camiones
[Worker-7] Nuevos
[Worker-7] Autos
[Worker-7] Camiones
[Worker-7] Ayuda
[Worker-7] Términos y condiciones
[Worker-7] Políticas de publicación
[Worker-7] ¿Cómo protegemos tus datos?
[Worker-7] Legales
[Worker-7] Sobre NeoAuto
[Worker-7] Noticias
[Worker-7] Tips y guías
[Worker-7] Ayuda en línea
[Worker-7] © 2024 NeoAuto Inc. Todos los derechos reservados
[Worker-7] Síguenos
[Worker-7] Descripción: {"@context":"https://schema.org","@graph":[{"@type":"Organization","@id":"https://neoauto.com/#organ...
[Worker-7] Único dueño: No
[Worker-7] Datos guardados en: /home/richgutz/Scraper-Neoauto-ANTIGRAVITY/extractores/results_txt/semanal_result_20260126_171858_f5624b.txt
[Worker-3] URLs restantes en urls_autos_random: 2024 | Procesadas en sesión: 4 | Próximo refresco en: 21 URLs
[Worker-6] Título: Nissan X-trail 2021
[Worker-6] Precio: S/ nan
[Worker-6] Kilometraje: inf km
[Worker-4] Navegación rápida (sin acciones)
[Worker-4] Paso 2/4: Categoría 'Usados'...
[Worker-6] Ubicación: ¡Arranca tu año sobre ruedas!
[Worker-6] Súbete a tu próximo seminuevo, el auto que mereces.
[Worker-6] ¡Arranca tu año sobre ruedas!
[Worker-6] Súbete a tu próximo seminuevo, el auto que mereces.
[Worker-6] ¡Arranca tu año sobre ruedas!
[Worker-6] Súbete a tu próximo seminuevo, el auto que mereces.
[Worker-6] ¡Arranca tu año sobre ruedas!
[Worker-6] Súbete a tu próximo seminuevo, el auto que mereces.
[Worker-6] Iniciar sesión
[Worker-6] Quiero vender
[Worker-6] Comprar
[Worker-6] Quiero vender
[Worker-6] Financiamiento
[Worker-6] Alquilar
[Worker-6] Nuevo
[Worker-6] Seguros
[Worker-6] Eventos
[Worker-6] Publicidad
[Worker-6] Ver fotos
[Worker-6] Autos usados
[Worker-6] Nissan
[Worker-6] X-trail
[Worker-6] Nissan X-trail 2021
[Worker-6] La Molina, Lima, Lima
[Worker-6] Publicado hace más de una semana
[Worker-6] 439 vistas
[Worker-6] Reportar aviso
[Worker-6] Compartir
[Worker-6] Marcar como favorito
[Worker-6] Nissan X-trail 2021
[Worker-6] Reportar aviso
[Worker-6] Compartir
[Worker-6] Marcar como favorito
[Worker-6] Año modelo
[Worker-6] 2021
[Worker-6] Kilometraje
[Worker-6] 60,000 km
[Worker-6] Transmisión
[Worker-6] Automática - Secuencial
[Worker-6] Descripción
[Worker-6] Camioneta en excelente estado, 03 filas de asientos de cuero, radio con pantalla táctil, sunroof panorámico, cámara 360, apertura de maletera sin manos, polarizado 3M.
[Worker-6] Te recomendamos:
[Worker-6] ¿Te toca renovar tu SOAT?
[Worker-6] Verifica el estado de tu SOAT aquí y evita multas.
[Worker-6] Consultar SOAT
[Worker-6] Alquila autos con Kinto Share
[Worker-6] Que nada frene tus aventuras. Seguro,flexible y con garantia.
[Worker-6] Ver más
[Worker-6] Blog & Noticias
[Worker-6] Entérate de las últimas novedades del sector automotriz.
[Worker-6] Ver más
[Worker-6] Especificaciones técnicas
[Worker-6] Características
[Worker-6] Marca
[Worker-6] Nissan
[Worker-6] Modelo
[Worker-6] X-TRAIL
[Worker-6] Versión
[Worker-6] EXCLUSIVE CVT 4WD
[Worker-6] Año de fabricación
[Worker-6] 2020
[Worker-6] Categoría
[Worker-6] Camioneta
[Worker-6] Combustible
[Worker-6] Gasolina
[Worker-6] Tracción
[Worker-6] 4WD
[Worker-6] Color
[Worker-6] Plata
[Worker-6] Equipamiento
[Worker-6] Neblineros
[Worker-6] Aire Acondicionado
[Worker-6] Full Equipo
[Worker-6] Computadora de abordo
[Worker-6] Parlantes/Bajos
[Worker-6] Radio CD
[Worker-6] Radio MP3
[Worker-6] Retrovisores Eléctricos
[Worker-6] Exterior
[Worker-6] Aros
[Worker-6] Aros de Aleación
[Worker-6] Seguridad
[Worker-6] Airbag
[Worker-6] Alarma
[Worker-6] Frenos ABS
[Worker-6] Repartidor electrónico de frenado
[Worker-6] Inmovilizador de motor
[Worker-6] Faros antiniebla traseros
[Worker-6] Faros antiniebla delantero
[Worker-6] Láminas de Seguridad
[Worker-6] Extras
[Worker-6] Sunroof
[Worker-6] Asientos de cuero
[Worker-6] Climatizador
[Worker-6] Precios y costos
[Worker-6] Este aviso
[Worker-6] US$21,000
[Worker-6] Precio de mercado
[Worker-6] US$23,000*
[Worker-6] Excelente
[Worker-6] Competitivo
[Worker-6] Premium
[Worker-6] (*) Precio referencial
[Worker-6] ¿Cómo se calcula este rango?
[Worker-6] ¿Te toca renovar tu SOAT?
[Worker-6] Verifica el estado de tu SOAT aquí y evita multas.
[Worker-6] Consultar SOAT
[Worker-6] Precio
[Worker-6] US$21,000
[Worker-6] Dscto. por adquirir el Crédito Vehicular
[Worker-6] -US$1,000*
[Worker-6] *Aplica si financias tu auto con Santander Consumer
[Worker-6] Contáctate con el anunciante
[Worker-6] Luis Diaz
[Worker-6] 980 292...
[Worker-6] Más información
[Worker-6] Beneficios adicionales para ti:
[Worker-6] La mejor opción
[Worker-6] Financia tu auto con Santander Consumer
[Worker-6] Paga desde:
[Worker-6] US$20,000 o
[Worker-6] US$566/mes*
[Worker-6] Simular crédito
[Worker-6] (*) Cuota mensual referencial. Calculada a 60 meses, 20% de inicial y TEA de 20.99%. No incluye seguro vehicular.
[Worker-6] Solicita tu Préstamo Personal hasta de S/45,000
[Worker-6] Me interesa
[Worker-6] Seminuevos
[Worker-6] Autos
[Worker-6] Motos
[Worker-6] Camiones
[Worker-6] Usados
[Worker-6] Autos
[Worker-6] Motos
[Worker-6] Camiones
[Worker-6] Nuevos
[Worker-6] Autos
[Worker-6] Camiones
[Worker-6] Ayuda
[Worker-6] Términos y condiciones
[Worker-6] Políticas de publicación
[Worker-6] ¿Cómo protegemos tus datos?
[Worker-6] Legales
[Worker-6] Sobre NeoAuto
[Worker-6] Noticias
[Worker-6] Tips y guías
[Worker-6] Ayuda en línea
[Worker-6] © 2024 NeoAuto Inc. Todos los derechos reservados
[Worker-6] Síguenos
[Worker-8] Título: Hyundai Creta 2020
[Worker-8] Precio: S/ nan
[Worker-8] Kilometraje: inf km
[Worker-6] Descripción: {"@context":"https://schema.org","@graph":[{"@type":"Organization","@id":"https://neoauto.com/#organ...
[Worker-6] Único dueño: No
[Worker-6] Datos guardados en: /home/richgutz/Scraper-Neoauto-ANTIGRAVITY/extractores/results_txt/semanal_result_20260126_171859_577963.txt
[Worker-8] Ubicación: ¡Arranca tu año sobre ruedas!
[Worker-8] Súbete a tu próximo seminuevo, el auto que mereces.
[Worker-8] ¡Arranca tu año sobre ruedas!
[Worker-8] Súbete a tu próximo seminuevo, el auto que mereces.
[Worker-8] ¡Arranca tu año sobre ruedas!
[Worker-8] Súbete a tu próximo seminuevo, el auto que mereces.
[Worker-8] ¡Arranca tu año sobre ruedas!
[Worker-8] Súbete a tu próximo seminuevo, el auto que mereces.
[Worker-8] Iniciar sesión
[Worker-8] Quiero vender
[Worker-8] Comprar
[Worker-8] Quiero vender
[Worker-8] Financiamiento
[Worker-8] Alquilar
[Worker-8] Nuevo
[Worker-8] Seguros
[Worker-8] Eventos
[Worker-8] Publicidad
[Worker-8] Ver fotos
[Worker-8] Autos usados
[Worker-8] Hyundai
[Worker-8] Creta
[Worker-8] Hyundai Creta 2020
[Worker-8] Santiago de Surco, Lima, Lima
[Worker-8] Publicado hace más de un mes
[Worker-8] 788 vistas
[Worker-8] Reportar aviso
[Worker-8] Compartir
[Worker-8] Marcar como favorito
[Worker-8] Hyundai Creta 2020
[Worker-8] Reportar aviso
[Worker-8] Compartir
[Worker-8] Marcar como favorito
[Worker-8] Año modelo
[Worker-8] 2020
[Worker-8] Kilometraje
[Worker-8] 42,000 km
[Worker-8] Transmisión
[Worker-8] Automática
[Worker-8] Te recomendamos:
[Worker-8] ¿Te toca renovar tu SOAT?
[Worker-8] Verifica el estado de tu SOAT aquí y evita multas.
[Worker-8] Consultar SOAT
[Worker-8] Alquila autos con Kinto Share
[Worker-8] Que nada frene tus aventuras. Seguro,flexible y con garantia.
[Worker-8] Ver más
[Worker-8] Blog & Noticias
[Worker-8] Entérate de las últimas novedades del sector automotriz.
[Worker-8] Ver más
[Worker-8] Especificaciones técnicas
[Worker-8] Características
[Worker-8] Marca
[Worker-8] Hyundai
[Worker-8] Modelo
[Worker-8] CRETA
[Worker-8] Versión
[Worker-8] SUV 2020
[Worker-8] Año de fabricación
[Worker-8] 2020
[Worker-8] Categoría
[Worker-8] Camioneta
[Worker-8] Combustible
[Worker-8] Gasolina
[Worker-8] Número de puertas
[Worker-8] 4
[Worker-8] Tracción
[Worker-8] 4x2
[Worker-8] Color
[Worker-8] Plata
[Worker-8] Número cilindros
[Worker-8] 4
[Worker-8] Cilindrada
[Worker-8] 1,600 cc
[Worker-8] Equipamiento
[Worker-8] Retrovisores Eléctricos
[Worker-8] Aire Acondicionado
[Worker-8] Full Equipo
[Worker-8] Radio MP3
[Worker-8] Seguridad
[Worker-8] Airbag
[Worker-8] Precios y costos
[Worker-8] Este aviso
[Worker-8] US$16,500
[Worker-8] Precio de mercado
[Worker-8] US$17,250*
[Worker-8] Excelente
[Worker-8] Competitivo
[Worker-8] Premium
[Worker-8] (*) Precio referencial
[Worker-8] ¿Cómo se calcula este rango?
[Worker-8] ¿Te toca renovar tu SOAT?
[Worker-8] Verifica el estado de tu SOAT aquí y evita multas.
[Worker-8] Consultar SOAT
[Worker-8] Precio
[Worker-8] US$16,500
[Worker-8] Contáctate con el anunciante
[Worker-8] Alejandro Sánchez Bahamonde
[Worker-8] 924 811...
[Worker-8] Más información
[Worker-8] Beneficios adicionales para ti:
[Worker-8] La mejor opción
[Worker-8] Financia tu auto con Santander Consumer
[Worker-8] Paga desde:
[Worker-8] US$447/mes*
[Worker-8] Simular crédito
[Worker-8] (*) Cuota mensual referencial. Calculada a 60 meses, 20% de inicial y TEA de 20.99%. No incluye seguro vehicular.
[Worker-8] Solicita tu Préstamo Personal hasta de S/45,000
[Worker-8] Me interesa
[Worker-8] Vehículos similares
[Worker-8] Ver todos los vehículos
[Worker-8] Auto verificado
[Worker-8] Hyundai Creta 2023
[Worker-8] 63,000km
[Worker-8] GL
[Worker-8] Mecánica
[Worker-8] Gasolina
[Worker-8] Precio
[Worker-8] US$18,500
[Worker-8] Con Crédito Vehicular
[Worker-8] US$17,500
[Worker-8] Ver detalle
[Worker-8] Vehículo de: Edgardo Zavaleta
[Worker-8] Ocasión
[Worker-8] Hyundai Tucson 2008
[Worker-8] 153,981km
[Worker-8] GL 4WD MT
[Worker-8] Mecánica
[Worker-8] Gasolina
[Worker-8] Precio
[Worker-8] US$9,000
[Worker-8] Ver detalle
[Worker-8] Vehículo de: Lucia Cok
[Worker-8] Seminuevo
[Worker-8] Hyundai Tucson 2023
[Worker-8] 55,000km
[Worker-8] Automática - Se...
[Worker-8] Dual
[Worker-8] Precio
[Worker-8] US$22,000
[Worker-8] Con Crédito Vehicular
[Worker-8] US$21,000
[Worker-8] Ver detalle
[Worker-8] Vehículo de: jose benites benites
[Worker-8] Unico Dueño
[Worker-8] Hyundai Santa Fe 2011
[Worker-8] 123,000km
[Worker-8] GL 7S 2.4 4WD A...
[Worker-8] Automática - Se...
[Worker-8] Gasolina
[Worker-8] Precio
[Worker-8] US$13,000
[Worker-8] Ver detalle
[Worker-8] Vehículo de: Andrea Hablutzel
[Worker-8] Mercedes Benz Gle 53 Amg 2022
[Worker-8] 38,000km
[Worker-8] GLE 53 S AMG CO...
[Worker-8] Automática - Se...
[Worker-8] Gasolina
[Worker-8] Precio
[Worker-8] US$97,000
[Worker-8] Ver detalle
[Worker-8] Vehículo de: Luis Caballero
[Worker-8] Unico Dueño
[Worker-8] Jeep Grand Cherokee Laredo 2018
[Worker-8] 79,800km
[Worker-8] Automática
[Worker-8] Gasolina
[Worker-8] Precio
[Worker-8] US$22,200
[Worker-8] Con Crédito Vehicular
[Worker-8] US$796/mes
[Worker-8] Ver detalle
[Worker-8] Vehículo de: Rodrigo Valverde
[Worker-8] Premium
[Worker-8] Bmw X3 35i 2012
[Worker-8] 134,000km
[Worker-8] Automática - Se...
[Worker-8] Gasolina
[Worker-8] Precio
[Worker-8] US$13,500
[Worker-8] Ver detalle
[Worker-8] Vehículo de: Francisco Aguilar zambrano
[Worker-8] Auto verificado
[Worker-8] Premium
[Worker-8] Haval Jolion 2023
[Worker-8] 26,000km
[Worker-8] JOLION 1.5T FL ...
[Worker-8] Automática - Se...
[Worker-8] Gas GLP
[Worker-8] Precio
[Worker-8] US$18,600
[Worker-8] Con Crédito Vehicular
[Worker-8] US$17,600
[Worker-8] Ver detalle
[Worker-8] Vehículo de: DARIO SALAZAR MENDOZA
[Worker-8] Seminuevos
[Worker-8] Autos
[Worker-8] Motos
[Worker-8] Camiones
[Worker-8] Usados
[Worker-8] Autos
[Worker-8] Motos
[Worker-8] Camiones
[Worker-8] Nuevos
[Worker-8] Autos
[Worker-8] Camiones
[Worker-8] Ayuda
[Worker-8] Términos y condiciones
[Worker-8] Políticas de publicación
[Worker-8] ¿Cómo protegemos tus datos?
[Worker-8] Legales
[Worker-8] Sobre NeoAuto
[Worker-8] Noticias
[Worker-8] Tips y guías
[Worker-8] Ayuda en línea
[Worker-8] © 2024 NeoAuto Inc. Todos los derechos reservados
[Worker-8] Síguenos
[Worker-8] Descripción: {"@context":"https://schema.org","@graph":[{"@type":"Organization","@id":"https://neoauto.com/#organ...
[Worker-8] Único dueño: Sí
[Worker-8] Datos guardados en: /home/richgutz/Scraper-Neoauto-ANTIGRAVITY/extractores/results_txt/semanal_result_20260126_171859_25c7d1.txt
[Worker-3] URL obtenida y bloqueada desde urls_autos_random: https://neoauto.com/auto/usado/subaru-impreza-2016-1860134
[Worker-3] Iniciando extracción para: https://neoauto.com/auto/usado/subaru-impreza-2016-1860134
[Worker-3] Iniciando navegación...
[Worker-3] Marca extraída: 'subaru'
[Worker-3] Camino elegido (4 pasos).
[Worker-3] Paso 1/4: Página Principal...
[Worker-2] No apareció popup de cookies
[Worker-4] Navegación rápida (sin acciones)
[Worker-4] Paso 3/4: Filtro por Marca 'NISSAN'...
[Worker-3] Navegación rápida (sin acciones)
[Worker-3] Paso 2/4: Categoría 'Usados'...
[Worker-2] Intento 1: Page.click: Timeout 1000ms exceeded.
[Worker-2] Call log:
[Worker-2] - waiting for locator("button[class*='close']").locator("svg").locator("xpath=./ancestor::button")
[Worker-3] Navegación rápida (sin acciones)
[Worker-3] Paso 3/4: Filtro por Marca 'SUBARU'...
[Worker-2] Intento 2: Page.click: Timeout 1000ms exceeded.
[Worker-2] Call log:
[Worker-2] - waiting for locator("button[class*='close']").locator("svg").locator("xpath=./ancestor::button")
[Worker-8] URLs restantes en urls_autos_random: 2022 | Procesadas en sesión: 4 | Próximo refresco en: 21 URLs
[Worker-8] URL obtenida y bloqueada desde urls_autos_random: https://neoauto.com/auto/usado/toyota-corolla-2014-1863052
[Worker-8] Iniciando extracción para: https://neoauto.com/auto/usado/toyota-corolla-2014-1863052
[Worker-8] Iniciando navegación...
[Worker-8] Marca extraída: 'toyota'
[Worker-8] Camino elegido (4 pasos).
[Worker-8] Paso 1/4: Página Principal...
[Worker-7] URLs restantes en urls_autos_random: 2021 | Procesadas en sesión: 4 | Próximo refresco en: 21 URLs
[Worker-6] URLs restantes en urls_autos_random: 2021 | Procesadas en sesión: 4 | Próximo refresco en: 21 URLs
[Worker-7] URL obtenida y bloqueada desde urls_autos_random: https://neoauto.com/auto/usado/bmw-520-i-2018-1862207
[Worker-7] Iniciando extracción para: https://neoauto.com/auto/usado/bmw-520-i-2018-1862207
[Worker-7] Iniciando navegación...
[Worker-7] Marca extraída: 'bmw'
[Worker-7] Camino elegido (4 pasos).
[Worker-7] Paso 1/4: Página Principal...
[Worker-8] Navegación rápida (sin acciones)
[Worker-8] Paso 2/4: Categoría 'Usados'...
[Worker-4] Navegación rápida (sin acciones)
[Worker-4] Paso 4/4: URL Final...
[Worker-6] URL obtenida y bloqueada desde urls_autos_random: https://neoauto.com/auto/usado/volvo-xc-60-2012-1860968
[Worker-6] Iniciando extracción para: https://neoauto.com/auto/usado/volvo-xc-60-2012-1860968
[Worker-6] Iniciando navegación...
[Worker-6] Marca extraída: 'volvo'
[Worker-6] Camino elegido (4 pasos).
[Worker-6] Paso 1/4: Página Principal...
[Worker-7] Navegación rápida (sin acciones)
[Worker-7] Paso 2/4: Categoría 'Usados'...
[Worker-4] Scroll INICIAL para activar contenido...
[Worker-6] Navegación rápida (sin acciones)
[Worker-6] Paso 2/4: Categoría 'Usados'...
[Worker-3] Navegación rápida (sin acciones)
[Worker-3] Paso 4/4: URL Final...
[Worker-5] No apareció popup de cookies
[Worker-8] Navegación rápida (sin acciones)
[Worker-8] Paso 3/4: Filtro por Marca 'TOYOTA'...
[Worker-7] Navegación rápida (sin acciones)
[Worker-7] Paso 3/4: Filtro por Marca 'BMW'...
[Worker-5] Intento 1: Page.click: Timeout 1000ms exceeded.
[Worker-5] Call log:
[Worker-5] - waiting for locator("button[class*='close']").locator("svg").locator("xpath=./ancestor::button")
[Worker-8] Navegación rápida (sin acciones)
[Worker-8] Paso 4/4: URL Final...
[Worker-3] Scroll INICIAL para activar contenido...
[Worker-1] Intento 1: Popup no encontrado
[Worker-6] Navegación rápida (sin acciones)
[Worker-6] Paso 3/4: Filtro por Marca 'VOLVO'...
[Worker-5] Intento 2: Page.click: Timeout 1000ms exceeded.
[Worker-5] Call log:
[Worker-5] - waiting for locator("button[class*='close']").locator("svg").locator("xpath=./ancestor::button")
[Worker-8] Scroll INICIAL para activar contenido...
[Worker-6] Navegación rápida (sin acciones)
[Worker-6] Paso 4/4: URL Final...
[Worker-6] Scroll INICIAL para activar contenido...
[Worker-1] Intento 2: Popup no encontrado
[Worker-7] Navegación rápida (sin acciones)
[Worker-7] Paso 4/4: URL Final...
[Worker-7] Scroll INICIAL para activar contenido...
[Worker-1] Intento 3: Popup no encontrado
[Worker-1] No se pudo cerrar el popup de satisfacción
[Worker-1] Popups manejados POST-scroll
[Worker-1] Scroll adicional de confirmación...
[Worker-2] Intento 1: Popup no encontrado
[Worker-4] No apareció popup de cookies
[Worker-1] Título: Subaru All New Outback 2012
[Worker-1] Precio: S/ nan
[Worker-1] Kilometraje: 3.200200123452012e+301 km
[Worker-1] Ubicación: ¡Arranca tu año sobre ruedas!
[Worker-1] Súbete a tu próximo seminuevo, el auto que mereces.
[Worker-1] ¡Arranca tu año sobre ruedas!
[Worker-1] Súbete a tu próximo seminuevo, el auto que mereces.
[Worker-1] ¡Arranca tu año sobre ruedas!
[Worker-1] Súbete a tu próximo seminuevo, el auto que mereces.
[Worker-1] ¡Arranca tu año sobre ruedas!
[Worker-1] Súbete a tu próximo seminuevo, el auto que mereces.
[Worker-1] Iniciar sesión
[Worker-1] Quiero vender
[Worker-1] Comprar
[Worker-1] Quiero vender
[Worker-1] Financiamiento
[Worker-1] Alquilar
[Worker-1] Nuevo
[Worker-1] Seguros
[Worker-1] Eventos
[Worker-1] Publicidad
[Worker-1] Ver fotos
[Worker-1] Autos usados
[Worker-1] Subaru
[Worker-1] All New Outback
[Worker-1] Subaru All New Outback 2012
[Worker-1] Jesus Maria, Lima, Lima
[Worker-1] Publicado hace más de una semana
[Worker-1] 727 vistas
[Worker-1] Reportar aviso
[Worker-1] Compartir
[Worker-1] Marcar como favorito
[Worker-1] Subaru All New Outback 2012
[Worker-1] Reportar aviso
[Worker-1] Compartir
[Worker-1] Marcar como favorito
[Worker-1] Año modelo
[Worker-1] 2012
[Worker-1] Kilometraje
[Worker-1] 121,000 km
[Worker-1] Transmisión
[Worker-1] Automática - Secuencial
[Worker-1] Descripción
[Worker-1] Camioneta Tope de Gama Versión Especial Motor Boxer 3.6R de 265 HP de Potencia con Caja y Selector SI DRIVE Secuencial con Padle Shif al timón y Sobre marcha ( SI y SII ), con capacidad de Remolque de 2,000 KG, lo que la destaca como la camioneta mas...
[Worker-1] Seguir leyendo
[Worker-1] Te recomendamos:
[Worker-1] ¿Te toca renovar tu SOAT?
[Worker-1] Verifica el estado de tu SOAT aquí y evita multas.
[Worker-1] Consultar SOAT
[Worker-1] Alquila autos con Kinto Share
[Worker-1] Que nada frene tus aventuras. Seguro,flexible y con garantia.
[Worker-1] Ver más
[Worker-1] Blog & Noticias
[Worker-1] Entérate de las últimas novedades del sector automotriz.
[Worker-1] Ver más
[Worker-1] Especificaciones técnicas
[Worker-1] Características
[Worker-1] Marca
[Worker-1] Subaru
[Worker-1] Modelo
[Worker-1] ALL NEW OUTBACK
[Worker-1] Versión
[Worker-1] OUTBACK 3.6R LIMITED PLUS AT
[Worker-1] Año de fabricación
[Worker-1] 2012
[Worker-1] Categoría
[Worker-1] Camioneta
[Worker-1] Combustible
[Worker-1] Gasolina
[Worker-1] Número de puertas
[Worker-1] 5
[Worker-1] Tracción
[Worker-1] AWD
[Worker-1] Color
[Worker-1] Gris Oscuro
[Worker-1] Número cilindros
[Worker-1] 6
[Worker-1] Cilindrada
[Worker-1] 3,600 cc
[Worker-1] Equipamiento
[Worker-1] Neblineros
[Worker-1] Aire Acondicionado
[Worker-1] Full Equipo
[Worker-1] Computadora de abordo
[Worker-1] Parlantes/Bajos
[Worker-1] Radio CD
[Worker-1] Radio MP3
[Worker-1] Retrovisores Eléctricos
[Worker-1] Exterior
[Worker-1] Aros de Aleación
[Worker-1] Parrilla
[Worker-1] Luces Halógenas
[Worker-1] Seguridad
[Worker-1] Airbag
[Worker-1] Alarma
[Worker-1] Frenos ABS
[Worker-1] Repartidor electrónico de frenado
[Worker-1] Inmovilizador de motor
[Worker-1] Faros antiniebla traseros
[Worker-1] Faros antiniebla delantero
[Worker-1] Láminas de Seguridad
[Worker-1] Extras
[Worker-1] Sunroof
[Worker-1] Asientos de cuero
[Worker-1] Climatizador
[Worker-1] Precios y costos
[Worker-1] Aún no tenemos suficiente información para determinar un rango de precio para este vehículo.
[Worker-1] Excelente
[Worker-1] Competitivo
[Worker-1] Premium
[Worker-1] (*) Precio referencial
[Worker-1] ¿Cómo se calcula este rango?
[Worker-1] ¿Te toca renovar tu SOAT?
[Worker-1] Verifica el estado de tu SOAT aquí y evita multas.
[Worker-1] Consultar SOAT
[Worker-1] Precio
[Worker-1] US$12,500
[Worker-1] Contáctate con el anunciante
[Worker-1] Marco Antonio Salinas
[Worker-1] 999 190...
[Worker-1] Más información
[Worker-1] Beneficios adicionales para ti:
[Worker-1] Solicita tu Préstamo Personal hasta de S/45,000
[Worker-1] Me interesa
[Worker-1] Seminuevos
[Worker-1] Autos
[Worker-1] Motos
[Worker-1] Camiones
[Worker-1] Usados
[Worker-1] Autos
[Worker-1] Motos
[Worker-1] Camiones
[Worker-1] Nuevos
[Worker-1] Autos
[Worker-1] Camiones
[Worker-1] Ayuda
[Worker-1] Términos y condiciones
[Worker-1] Políticas de publicación
[Worker-1] ¿Cómo protegemos tus datos?
[Worker-1] Legales
[Worker-1] Sobre NeoAuto
[Worker-1] Noticias
[Worker-1] Tips y guías
[Worker-1] Ayuda en línea
[Worker-1] © 2024 NeoAuto Inc. Todos los derechos reservados
[Worker-1] Síguenos
[Worker-1] Descripción: {"@context":"https://schema.org","@graph":[{"@type":"Organization","@id":"https://neoauto.com/#organ...
[Worker-1] Único dueño: No
[Worker-1] Datos guardados en: /home/richgutz/Scraper-Neoauto-ANTIGRAVITY/extractores/results_txt/semanal_result_20260126_171925_b675f9.txt
[Worker-4] Intento 1: Page.click: Timeout 1000ms exceeded.
[Worker-4] Call log:
[Worker-4] - waiting for locator("button[class*='close']").locator("svg").locator("xpath=./ancestor::button")
[Worker-8] No apareció popup de cookies
[Worker-3] No apareció popup de cookies
[Worker-8] Intento 1: Page.click: Timeout 1000ms exceeded.
[Worker-8] Call log:
[Worker-8] - waiting for locator("button[class*='close']").locator("svg").locator("xpath=./ancestor::button")
[Worker-3] Intento 1: Page.click: Timeout 1000ms exceeded.
[Worker-3] Call log:
[Worker-3] - waiting for locator("button[class*='close']").locator("svg").locator("xpath=./ancestor::button")
[Worker-2] Intento 2: Popup no encontrado
[Worker-4] Intento 2: Page.click: Timeout 1000ms exceeded.
[Worker-4] Call log:
[Worker-4] - waiting for locator("button[class*='close']").locator("svg").locator("xpath=./ancestor::button")
[Worker-8] Intento 2: Page.click: Timeout 1000ms exceeded.
[Worker-8] Call log:
[Worker-8] - waiting for locator("button[class*='close']").locator("svg").locator("xpath=./ancestor::button")
[Worker-3] Intento 2: Page.click: Timeout 1000ms exceeded.
[Worker-3] Call log:
[Worker-3] - waiting for locator("button[class*='close']").locator("svg").locator("xpath=./ancestor::button")
[Worker-1] URLs restantes en urls_autos_random: 2019 | Procesadas en sesión: 5 | Próximo refresco en: 20 URLs
[Worker-5] Intento 1: Popup no encontrado
[Worker-1] URL obtenida y bloqueada desde urls_autos_random: https://neoauto.com/auto/usado/kia-sonet-2022-1856044
[Worker-1] Iniciando extracción para: https://neoauto.com/auto/usado/kia-sonet-2022-1856044
[Worker-1] Iniciando navegación...
[Worker-1] Marca extraída: 'kia'
[Worker-1] Camino elegido (4 pasos).
[Worker-1] Paso 1/4: Página Principal...
[Worker-6] No apareció popup de cookies
[Worker-2] Intento 3: Popup no encontrado
[Worker-6] Intento 1: Page.click: Timeout 1000ms exceeded.
[Worker-6] Call log:
[Worker-6] - waiting for locator("button[class*='close']").locator("svg").locator("xpath=./ancestor::button")
[Worker-7] No apareció popup de cookies
[Worker-2] No se pudo cerrar el popup de satisfacción
[Worker-2] Popups manejados POST-scroll
[Worker-2] Scroll adicional de confirmación...
[Worker-7] Intento 1: Page.click: Timeout 1000ms exceeded.
[Worker-7] Call log:
[Worker-7] - waiting for locator("button[class*='close']").locator("svg").locator("xpath=./ancestor::button")
[Worker-1] Navegación rápida (sin acciones)
[Worker-1] Paso 2/4: Categoría 'Usados'...
[Worker-6] Intento 2: Page.click: Timeout 1000ms exceeded.
[Worker-6] Call log:
[Worker-6] - waiting for locator("button[class*='close']").locator("svg").locator("xpath=./ancestor::button")
[Worker-5] Intento 2: Popup no encontrado
[Worker-7] Intento 2: Page.click: Timeout 1000ms exceeded.
[Worker-7] Call log:
[Worker-7] - waiting for locator("button[class*='close']").locator("svg").locator("xpath=./ancestor::button")
[Worker-1] Navegación rápida (sin acciones)
[Worker-1] Paso 3/4: Filtro por Marca 'KIA'...
[Worker-2] Título: Nissan Kicks 2023
[Worker-2] Precio: S/ nan
[Worker-2] Kilometraje: inf km
[Worker-2] Ubicación: ¡Arranca tu año sobre ruedas!
[Worker-2] Súbete a tu próximo seminuevo, el auto que mereces.
[Worker-2] ¡Arranca tu año sobre ruedas!
[Worker-2] Súbete a tu próximo seminuevo, el auto que mereces.
[Worker-2] ¡Arranca tu año sobre ruedas!
[Worker-2] Súbete a tu próximo seminuevo, el auto que mereces.
[Worker-2] ¡Arranca tu año sobre ruedas!
[Worker-2] Súbete a tu próximo seminuevo, el auto que mereces.
[Worker-2] Iniciar sesión
[Worker-2] Quiero vender
[Worker-2] Comprar
[Worker-2] Quiero vender
[Worker-2] Financiamiento
[Worker-2] Alquilar
[Worker-2] Nuevo
[Worker-2] Seguros
[Worker-2] Eventos
[Worker-2] Publicidad
[Worker-2] Ver fotos
[Worker-2] Autos usados
[Worker-2] Nissan
[Worker-2] Kicks
[Worker-2] Nissan Kicks 2023
[Worker-2] Lima, Lima, Lima
[Worker-2] Publicado hace más de un mes
[Worker-2] 417 vistas
[Worker-2] Reportar aviso
[Worker-2] Compartir
[Worker-2] Marcar como favorito
[Worker-2] Nissan Kicks 2023
[Worker-2] Reportar aviso
[Worker-2] Compartir
[Worker-2] Marcar como favorito
[Worker-2] Año modelo
[Worker-2] 2023
[Worker-2] Kilometraje
[Worker-2] 38,000 km
[Worker-2] Transmisión
[Worker-2] Automática
[Worker-2] Descripción
[Worker-2] Auto en excelente estado, único duelo, full equipo, lunas y pestillos eléctricos, poco recorrido de kilometraje, todos los mantenimientos en el concesionario de la marca, se vende por viaje.
[Worker-2] Te recomendamos:
[Worker-2] ¿Te toca renovar tu SOAT?
[Worker-2] Verifica el estado de tu SOAT aquí y evita multas.
[Worker-2] Consultar SOAT
[Worker-2] Alquila autos con Kinto Share
[Worker-2] Que nada frene tus aventuras. Seguro,flexible y con garantia.
[Worker-2] Ver más
[Worker-2] Blog & Noticias
[Worker-2] Entérate de las últimas novedades del sector automotriz.
[Worker-2] Ver más
[Worker-2] Especificaciones técnicas
[Worker-2] Características
[Worker-2] Marca
[Worker-2] Nissan
[Worker-2] Modelo
[Worker-2] KICKS
[Worker-2] Año de fabricación
[Worker-2] 2023
[Worker-2] Categoría
[Worker-2] Camioneta
[Worker-2] Combustible
[Worker-2] Gasolina
[Worker-2] Número de puertas
[Worker-2] 4
[Worker-2] Tracción
[Worker-2] 4x2
[Worker-2] Color
[Worker-2] Blanco
[Worker-2] Número cilindros
[Worker-2] 4
[Worker-2] Cilindrada
[Worker-2] 1,598 cc
[Worker-2] Equipamiento
[Worker-2] Neblineros
[Worker-2] Aire Acondicionado
[Worker-2] Full Equipo
[Worker-2] Computadora de abordo
[Worker-2] Parlantes/Bajos
[Worker-2] Retrovisores Eléctricos
[Worker-2] Exterior
[Worker-2] Aros de Aleación
[Worker-2] Luces Halógenas
[Worker-2] Seguridad
[Worker-2] Airbag
[Worker-2] Alarma
[Worker-2] Frenos ABS
[Worker-2] Repartidor electrónico de frenado
[Worker-2] Faros antiniebla traseros
[Worker-2] Faros antiniebla delantero
[Worker-2] Láminas de Seguridad
[Worker-2] Extras
[Worker-2] Asientos de cuero
[Worker-2] Climatizador
[Worker-2] Precios y costos
[Worker-2] Aún no tenemos suficiente información para determinar un rango de precio para este vehículo.
[Worker-2] Excelente
[Worker-2] Competitivo
[Worker-2] Premium
[Worker-2] (*) Precio referencial
[Worker-2] ¿Cómo se calcula este rango?
[Worker-2] ¿Te toca renovar tu SOAT?
[Worker-2] Verifica el estado de tu SOAT aquí y evita multas.
[Worker-2] Consultar SOAT
[Worker-2] Precio
[Worker-2] US$22,900
[Worker-2] Dscto. por adquirir el Crédito Vehicular
[Worker-2] -US$1,000*
[Worker-2] *Aplica si financias tu auto con Santander Consumer
[Worker-2] Contáctate con el anunciante
[Worker-2] Víctor Morales
[Worker-2] 974 610...
[Worker-2] Más información
[Worker-2] Beneficios adicionales para ti:
[Worker-2] La mejor opción
[Worker-2] Financia tu auto con Santander Consumer
[Worker-2] Paga desde:
[Worker-2] US$21,900 o
[Worker-2] US$617/mes*
[Worker-2] Simular crédito
[Worker-2] (*) Cuota mensual referencial. Calculada a 60 meses, 20% de inicial y TEA de 20.99%. No incluye seguro vehicular.
[Worker-2] Solicita tu Préstamo Personal hasta de S/45,000
[Worker-2] Me interesa
[Worker-2] Vehículos similares
[Worker-2] Ver todos los vehículos
[Worker-2] Auto verificado
[Worker-2] Unico Dueño
[Worker-2] Nissan Pathfinder 2015
[Worker-2] 175,000km
[Worker-2] EXCLUSIVE CVT
[Worker-2] Automática
[Worker-2] Gasolina
[Worker-2] Precio
[Worker-2] US$15,000
[Worker-2] Ver detalle
[Worker-2] Vehículo de: AVIBIOL SAC
[Worker-2] Premium
[Worker-2] Nissan Pathfinder 2005
[Worker-2] 350,000km
[Worker-2] SE LUX 3.5
[Worker-2] Automática
[Worker-2] Gas GLP
[Worker-2] Precio
[Worker-2] US$7,500
[Worker-2] Ver detalle
[Worker-2] Vehículo de: Alfredo Ponte Palma
[Worker-2] Como nuevo
[Worker-2] Nissan Qashqai 2021
[Worker-2] 97,000km
[Worker-2] ADVANCE MODELO ...
[Worker-2] Automática - Se...
[Worker-2] Gasolina
[Worker-2] Precio
[Worker-2] US$19,000
[Worker-2] Con Crédito Vehicular
[Worker-2] US$18,000
[Worker-2] Ver detalle
[Worker-2] Vehículo de: Dwight Guillermo García Lizárraga
[Worker-2] Premium
[Worker-2] Nissan Pathfinder 2012
[Worker-2] 210,000km
[Worker-2] Automática - Se...
[Worker-2] Diesel
[Worker-2] Precio
[Worker-2] US$15,900
[Worker-2] Ver detalle
[Worker-2] Vehículo de: CARLES MANUEL FARFAN NAVARRO
[Worker-2] Nissan Qashqai 2025
[Worker-2] 21,000km
[Worker-2] SENSE 4X2
[Worker-2] Mecánica
[Worker-2] Gasolina
[Worker-2] Precio
[Worker-2] US$25,700
[Worker-2] Con Crédito Vehicular
[Worker-2] US$691/mes
[Worker-2] Ver detalle
[Worker-2] Vehículo de: Cristhian Campos
[Worker-2] Como nuevo
[Worker-2] Mercedes Benz Gle 63 S Amg 4matic Coupe 2024
[Worker-2] 10,000km
[Worker-2] Automática - Se...
[Worker-2] Gasolina
[Worker-2] Precio
[Worker-2] US$154,000
[Worker-2] Ver detalle
[Worker-2] Vehículo de: Nicolas Peña
[Worker-2] Auto verificado
[Worker-2] Mazda Cx-5 2022
[Worker-2] 42,000km
[Worker-2] CORE 2.0 AT 2WD
[Worker-2] Automática - Se...
[Worker-2] Gasolina
[Worker-2] Precio
[Worker-2] US$24,000
[Worker-2] Con Crédito Vehicular
[Worker-2] US$23,000
[Worker-2] Ver detalle
[Worker-2] Vehículo de: Brian Del Mar Rodriguez
[Worker-2] Ocasión
[Worker-2] Jeep Wrangler 1992
[Worker-2] 116,000km
[Worker-2] WRANGLER YJ 2.5
[Worker-2] Mecánica
[Worker-2] Gasolina
[Worker-2] Precio
[Worker-2] US$16,700
[Worker-2] Ver detalle
[Worker-2] Vehículo de: Aldo Dodero Ortiz de Zevallos
[Worker-2] Seminuevos
[Worker-2] Autos
[Worker-2] Motos
[Worker-2] Camiones
[Worker-2] Usados
[Worker-2] Autos
[Worker-2] Motos
[Worker-2] Camiones
[Worker-2] Nuevos
[Worker-2] Autos
[Worker-2] Camiones
[Worker-2] Ayuda
[Worker-2] Términos y condiciones
[Worker-2] Políticas de publicación
[Worker-2] ¿Cómo protegemos tus datos?
[Worker-2] Legales
[Worker-2] Sobre NeoAuto
[Worker-2] Noticias
[Worker-2] Tips y guías
[Worker-2] Ayuda en línea
[Worker-2] © 2024 NeoAuto Inc. Todos los derechos reservados
[Worker-2] Síguenos
[Worker-2] Descripción: {"@context":"https://schema.org","@graph":[{"@type":"Organization","@id":"https://neoauto.com/#organ...
[Worker-2] Único dueño: Sí
[Worker-2] Datos guardados en: /home/richgutz/Scraper-Neoauto-ANTIGRAVITY/extractores/results_txt/semanal_result_20260126_171936_9e99b3.txt
[Worker-1] Navegación rápida (sin acciones)
[Worker-1] Paso 4/4: URL Final...
[Worker-1] Scroll INICIAL para activar contenido...
[Worker-2] URLs restantes en urls_autos_random: 2018 | Procesadas en sesión: 5 | Próximo refresco en: 20 URLs
[Worker-5] Intento 3: Popup no encontrado
[Worker-2] URL obtenida y bloqueada desde urls_autos_random: https://neoauto.com/auto/usado/mercedes-benz-glc-250-4matic-2018-1862086
[Worker-2] Iniciando extracción para: https://neoauto.com/auto/usado/mercedes-benz-glc-250-4matic-2018-1862086
[Worker-2] Iniciando navegación...
[Worker-2] Marca extraída: 'mercedes'
[Worker-2] Camino elegido (4 pasos).
[Worker-2] Paso 1/4: Página Principal...
[Worker-5] No se pudo cerrar el popup de satisfacción
[Worker-5] Popups manejados POST-scroll
[Worker-5] Scroll adicional de confirmación...
[Worker-2] Navegación rápida (sin acciones)
[Worker-2] Paso 2/4: Categoría 'Usados'...
[Worker-2] Navegación rápida (sin acciones)
[Worker-2] Paso 3/4: Filtro por Marca 'MERCEDES'...
[Worker-5] Título: Hyundai Creta 2024
[Worker-5] Precio: S/ nan
[Worker-5] Kilometraje: inf km
[Worker-5] Ubicación: ¡Arranca tu año sobre ruedas!
[Worker-5] Súbete a tu próximo seminuevo, el auto que mereces.
[Worker-5] ¡Arranca tu año sobre ruedas!
[Worker-5] Súbete a tu próximo seminuevo, el auto que mereces.
[Worker-5] ¡Arranca tu año sobre ruedas!
[Worker-5] Súbete a tu próximo seminuevo, el auto que mereces.
[Worker-5] ¡Arranca tu año sobre ruedas!
[Worker-5] Súbete a tu próximo seminuevo, el auto que mereces.
[Worker-5] Iniciar sesión
[Worker-5] Quiero vender
[Worker-5] Comprar
[Worker-5] Quiero vender
[Worker-5] Financiamiento
[Worker-5] Alquilar
[Worker-5] Nuevo
[Worker-5] Seguros
[Worker-5] Eventos
[Worker-5] Publicidad
[Worker-5] Ver fotos
[Worker-5] Autos usados
[Worker-5] Hyundai
[Worker-5] Creta
[Worker-5] Hyundai Creta 2024
[Worker-5] Santiago de Surco, Lima, Lima
[Worker-5] Publicado ayer
[Worker-5] 47 vistas
[Worker-5] Reportar aviso
[Worker-5] Compartir
[Worker-5] Marcar como favorito
[Worker-5] Hyundai Creta 2024
[Worker-5] Reportar aviso
[Worker-5] Compartir
[Worker-5] Marcar como favorito
[Worker-5] Año modelo
[Worker-5] 2024
[Worker-5] Kilometraje
[Worker-5] 11,500 km
[Worker-5] Transmisión
[Worker-5] Automática - Secuencial
[Worker-5] Descripción
[Worker-5] VENDO HYUNDAI CRETA GL VERSION SPORT–AÑO MODELO 2024 .AUTOMÁTICA SECUENCIAL COLOR GRIS. • MOTOR: 1.5 L, 4 CILINDROS • TRANSMISIÓN: AUTOMÁTICA SECUENCIAL DE 6 VELOCIDADES • TRACCIÓN: DELANTERA 4x2 • COMBUSTIBLE SOLO GASOLINA • KILOMETRAJE: 11500 km •
[Worker-5] Seguir leyendo
[Worker-5] Te recomendamos:
[Worker-5] ¿Te toca renovar tu SOAT?
[Worker-5] Verifica el estado de tu SOAT aquí y evita multas.
[Worker-5] Consultar SOAT
[Worker-5] Alquila autos con Kinto Share
[Worker-5] Que nada frene tus aventuras. Seguro,flexible y con garantia.
[Worker-5] Ver más
[Worker-5] Blog & Noticias
[Worker-5] Entérate de las últimas novedades del sector automotriz.
[Worker-5] Ver más
[Worker-5] Especificaciones técnicas
[Worker-5] Características
[Worker-5] Marca
[Worker-5] Hyundai
[Worker-5] Modelo
[Worker-5] CRETA
[Worker-5] Año de fabricación
[Worker-5] 2023
[Worker-5] Categoría
[Worker-5] Camioneta
[Worker-5] Combustible
[Worker-5] Gasolina
[Worker-5] Número de puertas
[Worker-5] 5
[Worker-5] Tracción
[Worker-5] 4x2
[Worker-5] Color
[Worker-5] Gris Oscuro
[Worker-5] Número cilindros
[Worker-5] 4
[Worker-5] Cilindrada
[Worker-5] 1,500 cc
[Worker-5] Equipamiento
[Worker-5] Neblineros
[Worker-5] Aire Acondicionado
[Worker-5] Full Equipo
[Worker-5] Computadora de abordo
[Worker-5] Parlantes/Bajos
[Worker-5] Retrovisores Eléctricos
[Worker-5] Exterior
[Worker-5] Parrilla
[Worker-5] Luces Halógenas
[Worker-5] Aros de Aleación
[Worker-5] Aros
[Worker-5] Seguridad
[Worker-5] Airbag
[Worker-5] Láminas de Seguridad
[Worker-5] Faros antiniebla delantero
[Worker-5] Inmovilizador de motor
[Worker-5] Frenos ABS
[Worker-5] Alarma
[Worker-5] Extras
[Worker-5] Asientos de cuero
[Worker-5] Precios y costos
[Worker-5] Este aviso
[Worker-5] US$19,200
[Worker-5] Precio de mercado
[Worker-5] US$21,500*
[Worker-5] Excelente
[Worker-5] Competitivo
[Worker-5] Premium
[Worker-5] (*) Precio referencial
[Worker-5] ¿Cómo se calcula este rango?
[Worker-5] ¿Te toca renovar tu SOAT?
[Worker-5] Verifica el estado de tu SOAT aquí y evita multas.
[Worker-5] Consultar SOAT
[Worker-5] Precio
[Worker-5] US$19,200
[Worker-5] Contáctate con el anunciante
[Worker-5] Sn Sn
[Worker-5] 969 330...
[Worker-5] Más información
[Worker-5] Beneficios adicionales para ti:
[Worker-5] La mejor opción
[Worker-5] Financia tu auto con Santander Consumer
[Worker-5] Paga desde:
[Worker-5] US$519/mes*
[Worker-5] Simular crédito
[Worker-5] (*) Cuota mensual referencial. Calculada a 60 meses, 20% de inicial y TEA de 20.99%. No incluye seguro vehicular.
[Worker-5] Solicita tu Préstamo Personal hasta de S/45,000
[Worker-5] Me interesa
[Worker-5] Seminuevos
[Worker-5] Autos
[Worker-5] Motos
[Worker-5] Camiones
[Worker-5] Usados
[Worker-5] Autos
[Worker-5] Motos
[Worker-5] Camiones
[Worker-5] Nuevos
[Worker-5] Autos
[Worker-5] Camiones
[Worker-5] Ayuda
[Worker-5] Términos y condiciones
[Worker-5] Políticas de publicación
[Worker-5] ¿Cómo protegemos tus datos?
[Worker-5] Legales
[Worker-5] Sobre NeoAuto
[Worker-5] Noticias
[Worker-5] Tips y guías
[Worker-5] Ayuda en línea
[Worker-5] © 2024 NeoAuto Inc. Todos los derechos reservados
[Worker-5] Síguenos
[Worker-5] Descripción: {"@context":"https://schema.org","@graph":[{"@type":"Organization","@id":"https://neoauto.com/#organ...
[Worker-5] Único dueño: No
[Worker-5] Datos guardados en: /home/richgutz/Scraper-Neoauto-ANTIGRAVITY/extractores/results_txt/semanal_result_20260126_171944_c3eb6b.txt
[Worker-2] Navegación rápida (sin acciones)
[Worker-2] Paso 4/4: URL Final...
[Worker-4] Intento 1: Popup no encontrado
[Worker-8] Intento 1: Popup no encontrado
[Worker-5] URLs restantes en urls_autos_random: 2016 | Procesadas en sesión: 5 | Próximo refresco en: 20 URLs
[Worker-3] Intento 1: Popup no encontrado
[Worker-5] URL obtenida y bloqueada desde urls_autos_random: https://neoauto.com/auto/usado/honda-cr-v-2022-1862008
[Worker-5] Iniciando extracción para: https://neoauto.com/auto/usado/honda-cr-v-2022-1862008
[Worker-5] Iniciando navegación...
[Worker-5] Marca extraída: 'honda'
[Worker-5] Camino elegido (4 pasos).
[Worker-5] Paso 1/4: Página Principal...
[Worker-5] Navegación rápida (sin acciones)
[Worker-5] Paso 2/4: Categoría 'Usados'...
[Worker-5] Navegación rápida (sin acciones)
[Worker-5] Paso 3/4: Filtro por Marca 'HONDA'...
[Worker-2] Scroll INICIAL para activar contenido...
[Worker-4] Intento 2: Popup no encontrado
[Worker-1] No apareció popup de cookies
[Worker-8] Intento 2: Popup no encontrado
[Worker-5] Navegación rápida (sin acciones)
[Worker-5] Paso 4/4: URL Final...
[Worker-3] Intento 2: Popup no encontrado
[Worker-1] Intento 1: Page.click: Timeout 1000ms exceeded.
[Worker-1] Call log:
[Worker-1] - waiting for locator("button[class*='close']").locator("svg").locator("xpath=./ancestor::button")
[Worker-6] Intento 1: Popup no encontrado
[Worker-5] Scroll INICIAL para activar contenido...
[Worker-7] Intento 1: Popup no encontrado
[Worker-1] Intento 2: Page.click: Timeout 1000ms exceeded.
[Worker-1] Call log:
[Worker-1] - waiting for locator("button[class*='close']").locator("svg").locator("xpath=./ancestor::button")
[Worker-4] Intento 3: Popup no encontrado
[Worker-4] No se pudo cerrar el popup de satisfacción
[Worker-4] Popups manejados POST-scroll
[Worker-4] Scroll adicional de confirmación...
[Worker-8] Intento 3: Popup no encontrado
[Worker-3] Intento 3: Popup no encontrado
[Worker-6] Intento 2: Popup no encontrado
[Worker-8] No se pudo cerrar el popup de satisfacción
[Worker-8] Popups manejados POST-scroll
[Worker-8] Scroll adicional de confirmación...
[Worker-3] No se pudo cerrar el popup de satisfacción
[Worker-3] Popups manejados POST-scroll
[Worker-3] Scroll adicional de confirmación...
[Worker-7] Intento 2: Popup no encontrado
[Worker-4] Título: Nissan Frontier 2023
[Worker-4] Precio: S/ nan
[Worker-4] Ubicación: ¡Arranca tu año sobre ruedas!
[Worker-4] Súbete a tu próximo seminuevo, el auto que mereces.
[Worker-4] ¡Arranca tu año sobre ruedas!
[Worker-4] Súbete a tu próximo seminuevo, el auto que mereces.
[Worker-4] ¡Arranca tu año sobre ruedas!
[Worker-4] Súbete a tu próximo seminuevo, el auto que mereces.
[Worker-4] ¡Arranca tu año sobre ruedas!
[Worker-4] Súbete a tu próximo seminuevo, el auto que mereces.
[Worker-4] Iniciar sesión
[Worker-4] Quiero vender
[Worker-4] Comprar
[Worker-4] Quiero vender
[Worker-4] Financiamiento
[Worker-4] Alquilar
[Worker-4] Nuevo
[Worker-4] Seguros
[Worker-4] Eventos
[Worker-4] Publicidad
[Worker-4] Ver fotos
[Worker-4] Autos usados
[Worker-4] Nissan
[Worker-4] Frontier
[Worker-4] Nissan Frontier 2023
[Worker-4] Miraflores, Lima, Lima
[Worker-4] Publicado hace más de una semana
[Worker-4] 982 vistas
[Worker-4] Reportar aviso
[Worker-4] Compartir
[Worker-4] Marcar como favorito
[Worker-4] Nissan Frontier 2023
[Worker-4] Reportar aviso
[Worker-4] Compartir
[Worker-4] Marcar como favorito
[Worker-4] Descripción
[Worker-4] Te recomendamos:
[Worker-4] ¿Te toca renovar tu SOAT?
[Worker-4] Verifica el estado de tu SOAT aquí y evita multas.
[Worker-4] Consultar SOAT
[Worker-4] Alquila autos con Kinto Share
[Worker-4] Que nada frene tus aventuras. Seguro,flexible y con garantia.
[Worker-4] Ver más
[Worker-4] Blog & Noticias
[Worker-4] Entérate de las últimas novedades del sector automotriz.
[Worker-4] Ver más
[Worker-4] Especificaciones técnicas
[Worker-4] Características
[Worker-4] Marca
[Worker-4] Nissan
[Worker-4] Modelo
[Worker-4] FRONTIER
[Worker-4] Versión
[Worker-4] 4X PRO 4X4 AT
[Worker-4] Año de fabricación
[Worker-4] 2023
[Worker-4] Categoría
[Worker-4] Pick Up
[Worker-4] Combustible
[Worker-4] Diesel
[Worker-4] Número de puertas
[Worker-4] 5
[Worker-4] Tracción
[Worker-4] 4x4
[Worker-4] Color
[Worker-4] Blanco
[Worker-4] Número cilindros
[Worker-4] 4
[Worker-4] Cilindrada
[Worker-4] 2,500 cc
[Worker-4] Equipamiento
[Worker-4] Neblineros
[Worker-4] Aire Acondicionado
[Worker-4] Full Equipo
[Worker-4] Computadora de abordo
[Worker-4] Parlantes/Bajos
[Worker-4] Radio CD
[Worker-4] Radio MP3
[Worker-4] Retrovisores Eléctricos
[Worker-4] Exterior
[Worker-4] Parrilla
[Worker-4] Luces Halógenas
[Worker-4] Aros de Aleación
[Worker-4] Aros
[Worker-4] Seguridad
[Worker-4] Airbag
[Worker-4] Láminas de Seguridad
[Worker-4] Faros antiniebla delantero
[Worker-4] Faros antiniebla traseros
[Worker-4] Repartidor electrónico de frenado
[Worker-4] Frenos ABS
[Worker-4] Alarma
[Worker-4] Extras
[Worker-4] Asientos de cuero
[Worker-4] Climatizador
[Worker-4] Precios y costos
[Worker-4] Aún no tenemos suficiente información para determinar un rango de precio para este vehículo.
[Worker-4] Excelente
[Worker-4] Competitivo
[Worker-4] Premium
[Worker-4] (*) Precio referencial
[Worker-4] ¿Cómo se calcula este rango?
[Worker-4] ¿Te toca renovar tu SOAT?
[Worker-4] Verifica el estado de tu SOAT aquí y evita multas.
[Worker-4] Consultar SOAT
[Worker-4] Precio
[Worker-4] US$33,500
[Worker-4] Dscto. por adquirir el Crédito Vehicular
[Worker-4] -US$1,000*
[Worker-4] *Aplica si financias tu auto con Santander Consumer
[Worker-4] Contáctate con el anunciante
[Worker-4] Stefano Gaidolfi Lindemann
[Worker-4] 958 018...
[Worker-4] Más información
[Worker-4] Beneficios adicionales para ti:
[Worker-4] La mejor opción
[Worker-4] Financia tu auto con Santander Consumer
[Worker-4] Paga desde:
[Worker-4] US$32,500 o
[Worker-4] US$898/mes*
[Worker-4] Simular crédito
[Worker-4] (*) Cuota mensual referencial. Calculada a 60 meses, 20% de inicial y TEA de 20.99%. No incluye seguro vehicular.
[Worker-4] Solicita tu Préstamo Personal hasta de S/45,000
[Worker-4] Me interesa
[Worker-4] Seminuevos
[Worker-4] Autos
[Worker-4] Motos
[Worker-4] Camiones
[Worker-4] Usados
[Worker-4] Autos
[Worker-4] Motos
[Worker-4] Camiones
[Worker-4] Nuevos
[Worker-4] Autos
[Worker-4] Camiones
[Worker-4] Ayuda
[Worker-4] Términos y condiciones
[Worker-4] Políticas de publicación
[Worker-4] ¿Cómo protegemos tus datos?
[Worker-4] Legales
[Worker-4] Sobre NeoAuto
[Worker-4] Noticias
[Worker-4] Tips y guías
[Worker-4] Ayuda en línea
[Worker-4] © 2024 NeoAuto Inc. Todos los derechos reservados
[Worker-4] Síguenos
[Worker-4] Descripción: {"@context":"https://schema.org","@graph":[{"@type":"Organization","@id":"https://neoauto.com/#organ...
[Worker-4] Único dueño: No
[Worker-4] Datos guardados en: /home/richgutz/Scraper-Neoauto-ANTIGRAVITY/extractores/results_txt/semanal_result_20260126_172001_798ab8.txt
[Worker-3] Título: Subaru Impreza 2016
[Worker-3] Precio: S/ nan
[Worker-3] Kilometraje: inf km
[Worker-8] Título: Toyota Corolla 2014
[Worker-3] Ubicación: ¡Arranca tu año sobre ruedas!
[Worker-3] Súbete a tu próximo seminuevo, el auto que mereces.
[Worker-3] ¡Arranca tu año sobre ruedas!
[Worker-3] Súbete a tu próximo seminuevo, el auto que mereces.
[Worker-3] ¡Arranca tu año sobre ruedas!
[Worker-3] Súbete a tu próximo seminuevo, el auto que mereces.
[Worker-3] ¡Arranca tu año sobre ruedas!
[Worker-3] Súbete a tu próximo seminuevo, el auto que mereces.
[Worker-3] Iniciar sesión
[Worker-3] Quiero vender
[Worker-3] Comprar
[Worker-3] Quiero vender
[Worker-3] Financiamiento
[Worker-3] Alquilar
[Worker-3] Nuevo
[Worker-3] Seguros
[Worker-3] Eventos
[Worker-3] Publicidad
[Worker-3] Ver fotos
[Worker-3] Auto Verificado
[Worker-3] Autos usados
[Worker-3] Subaru
[Worker-3] Impreza
[Worker-3] Subaru Impreza 2016
[Worker-3] Chorrillos, Lima, Lima
[Worker-3] Publicado hace más de un mes
[Worker-3] 2,384 vistas
[Worker-3] Reportar aviso
[Worker-3] Compartir
[Worker-3] Marcar como favorito
[Worker-3] Subaru Impreza 2016
[Worker-3] Reportar aviso
[Worker-3] Compartir
[Worker-3] Marcar como favorito
[Worker-3] Año modelo
[Worker-3] 2016
[Worker-3] Kilometraje
[Worker-3] 96,000 km
[Worker-3] Transmisión
[Worker-3] Mecánica
[Worker-3] Descripción
[Worker-3] Subaru Impreza Fab. 2015 Modelo 2016 – Excelente estado, listo para transferir
[Worker-3] USD 10,500
[Worker-3] ✅ Kilometraje: 96,000 km
[Worker-3] ✅ Revisión técnica y SOAT al día
[Worker-3] ✅ Próximo mantenimiento: 98,500 km
[Worker-3] ✅ Motor: 2.0L AWD, transmisión manual, 6 velocidades
[Worker-3] ✅ Co...
[Worker-3] Seguir leyendo
[Worker-3] Este es un auto verificado
[Worker-3] El auto ha sido revisado y certificado por IBR PERÚ S.A.
[Worker-3] Libre de papeletas*
[Worker-3] Sin deudas de impuesto vehicular*
[Worker-3] Revisión técnica al día*
[Worker-3] SOAT vigente*
[Worker-3] Revisado al 18/12/2025. No incluye revisión mecánica.
[Worker-3] *Para mayor información, ingresa aquí.
[Worker-3] Te recomendamos:
[Worker-3] ¿Te toca renovar tu SOAT?
[Worker-3] Verifica el estado de tu SOAT aquí y evita multas.
[Worker-3] Consultar SOAT
[Worker-3] Alquila autos con Kinto Share
[Worker-3] Que nada frene tus aventuras. Seguro,flexible y con garantia.
[Worker-3] Ver más
[Worker-3] Blog & Noticias
[Worker-3] Entérate de las últimas novedades del sector automotriz.
[Worker-3] Ver más
[Worker-3] Especificaciones técnicas
[Worker-3] Características
[Worker-3] Marca
[Worker-3] Subaru
[Worker-3] Modelo
[Worker-3] IMPREZA
[Worker-3] Versión
[Worker-3] 2.0 AWD MT
[Worker-3] Año de fabricación
[Worker-3] 2015
[Worker-3] Categoría
[Worker-3] Sedán
[Worker-3] Combustible
[Worker-3] Gasolina
[Worker-3] Número de puertas
[Worker-3] 4
[Worker-3] Tracción
[Worker-3] AWD
[Worker-3] Color
[Worker-3] Blanco nieve
[Worker-3] Número cilindros
[Worker-3] 4
[Worker-3] Cilindrada
[Worker-3] 1,995 cc
[Worker-3] Equipamiento
[Worker-3] Retrovisores Eléctricos
[Worker-3] Neblineros
[Worker-3] Aire Acondicionado
[Worker-3] Full Equipo
[Worker-3] Computadora de abordo
[Worker-3] Parlantes/Bajos
[Worker-3] Exterior
[Worker-3] Aros
[Worker-3] Seguridad
[Worker-3] Airbag
[Worker-3] Frenos ABS
[Worker-3] Alarma
[Worker-3] Extras
[Worker-3] Climatizador
[Worker-3] Precios y costos
[Worker-3] Aún no tenemos suficiente información para determinar un rango de precio para este vehículo.
[Worker-3] Excelente
[Worker-3] Competitivo
[Worker-3] Premium
[Worker-3] (*) Precio referencial
[Worker-3] ¿Cómo se calcula este rango?
[Worker-3] ¿Te toca renovar tu SOAT?
[Worker-3] Verifica el estado de tu SOAT aquí y evita multas.
[Worker-3] Consultar SOAT
[Worker-3] Precio
[Worker-3] US$10,500
[Worker-3] Contáctate con el anunciante
[Worker-3] Jorge De Lama
[Worker-3] 995 506...
[Worker-3] Más información
[Worker-3] Beneficios adicionales para ti:
[Worker-3] La mejor opción
[Worker-3] Financia tu auto con Santander Consumer
[Worker-3] Paga desde:
[Worker-3] US$875/mes*
[Worker-3] Simular crédito
[Worker-3] (*) Cuota mensual referencial. Calculada a 12 meses, 20% de inicial y TEA de 20.99%. No incluye seguro vehicular.
[Worker-3] Solicita tu Préstamo Personal hasta de S/45,000
[Worker-3] Me interesa
[Worker-3] Seminuevos
[Worker-3] Autos
[Worker-3] Motos
[Worker-3] Camiones
[Worker-3] Usados
[Worker-3] Autos
[Worker-3] Motos
[Worker-3] Camiones
[Worker-3] Nuevos
[Worker-3] Autos
[Worker-3] Camiones
[Worker-3] Ayuda
[Worker-3] Términos y condiciones
[Worker-3] Políticas de publicación
[Worker-3] ¿Cómo protegemos tus datos?
[Worker-3] Legales
[Worker-3] Sobre NeoAuto
[Worker-3] Noticias
[Worker-3] Tips y guías
[Worker-3] Ayuda en línea
[Worker-3] © 2024 NeoAuto Inc. Todos los derechos reservados
[Worker-3] Síguenos
[Worker-3] Descripción: {"@context":"https://schema.org","@graph":[{"@type":"Organization","@id":"https://neoauto.com/#organ...
[Worker-3] Único dueño: No
[Worker-3] Datos guardados en: /home/richgutz/Scraper-Neoauto-ANTIGRAVITY/extractores/results_txt/semanal_result_20260126_172003_065c39.txt
[Worker-8] Precio: S/ nan
[Worker-8] Kilometraje: 3.200200123452014e+301 km
[Worker-8] Ubicación: ¡Arranca tu año sobre ruedas!
[Worker-8] Súbete a tu próximo seminuevo, el auto que mereces.
[Worker-8] ¡Arranca tu año sobre ruedas!
[Worker-8] Súbete a tu próximo seminuevo, el auto que mereces.
[Worker-8] ¡Arranca tu año sobre ruedas!
[Worker-8] Súbete a tu próximo seminuevo, el auto que mereces.
[Worker-8] ¡Arranca tu año sobre ruedas!
[Worker-8] Súbete a tu próximo seminuevo, el auto que mereces.
[Worker-8] Iniciar sesión
[Worker-8] Quiero vender
[Worker-8] Comprar
[Worker-8] Quiero vender
[Worker-8] Financiamiento
[Worker-8] Alquilar
[Worker-8] Nuevo
[Worker-8] Seguros
[Worker-8] Eventos
[Worker-8] Publicidad
[Worker-8] Ver fotos
[Worker-8] Autos usados
[Worker-8] Toyota
[Worker-8] Corolla
[Worker-8] Toyota Corolla 2014
[Worker-8] San Borja, Lima, Lima
[Worker-8] Publicado hace unos días
[Worker-8] 144 vistas
[Worker-8] Reportar aviso
[Worker-8] Compartir
[Worker-8] Marcar como favorito
[Worker-8] Toyota Corolla 2014
[Worker-8] Reportar aviso
[Worker-8] Compartir
[Worker-8] Marcar como favorito
[Worker-8] Año modelo
[Worker-8] 2014
[Worker-8] Kilometraje
[Worker-8] 130,000 km
[Worker-8] Transmisión
[Worker-8] Automática - Secuencial
[Worker-8] Descripción
[Worker-8] Toyota Corolla la 2014 automático secuencial dual con gnv full equipo aire acondicionado lunas eléctricas airbag piloto copiloto asientos de cuero motor standar aros de magnesio llantas buen estado documentos al día bien conservado sin choques docume...
[Worker-8] Seguir leyendo
[Worker-8] Te recomendamos:
[Worker-8] ¿Te toca renovar tu SOAT?
[Worker-8] Verifica el estado de tu SOAT aquí y evita multas.
[Worker-8] Consultar SOAT
[Worker-8] Alquila autos con Kinto Share
[Worker-8] Que nada frene tus aventuras. Seguro,flexible y con garantia.
[Worker-8] Ver más
[Worker-8] Blog & Noticias
[Worker-8] Entérate de las últimas novedades del sector automotriz.
[Worker-8] Ver más
[Worker-8] Especificaciones técnicas
[Worker-8] Características
[Worker-8] Marca
[Worker-8] Toyota
[Worker-8] Modelo
[Worker-8] COROLLA
[Worker-8] Versión
[Worker-8] SEMIFULL 1.8 CVT
[Worker-8] Versión
[Worker-8] SEMIFULL 1.8 CVT
[Worker-8] Año de fabricación
[Worker-8] 2014
[Worker-8] Categoría
[Worker-8] Sedán
[Worker-8] Combustible
[Worker-8] Dual
[Worker-8] Número de puertas
[Worker-8] 4
[Worker-8] Tracción
[Worker-8] Delantera
[Worker-8] Color
[Worker-8] Plateado
[Worker-8] Número cilindros
[Worker-8] 4
[Worker-8] Cilindrada
[Worker-8] 1,800 cc
[Worker-8] Equipamiento
[Worker-8] Retrovisores Eléctricos
[Worker-8] Neblineros
[Worker-8] Aire Acondicionado
[Worker-8] Full Equipo
[Worker-8] Radio CD
[Worker-8] Radio MP3
[Worker-8] Exterior
[Worker-8] Aros
[Worker-8] Aros de Aleación
[Worker-8] Seguridad
[Worker-8] Airbag
[Worker-8] Láminas de Seguridad
[Worker-8] Frenos ABS
[Worker-8] Alarma
[Worker-8] Extras
[Worker-8] Asientos de cuero
[Worker-8] Climatizador
[Worker-8] Precios y costos
[Worker-8] Aún no tenemos suficiente información para determinar un rango de precio para este vehículo.
[Worker-8] Excelente
[Worker-8] Competitivo
[Worker-8] Premium
[Worker-8] (*) Precio referencial
[Worker-8] ¿Cómo se calcula este rango?
[Worker-8] ¿Te toca renovar tu SOAT?
[Worker-8] Verifica el estado de tu SOAT aquí y evita multas.
[Worker-8] Consultar SOAT
[Worker-8] Precio
[Worker-8] US$11,500
[Worker-8] Contáctate con el anunciante
[Worker-8] Santos Cortez
[Worker-8] 976 503...
[Worker-8] Más información
[Worker-8] Beneficios adicionales para ti:
[Worker-8] Solicita tu Préstamo Personal hasta de S/45,000
[Worker-8] Me interesa
[Worker-8] Seminuevos
[Worker-8] Autos
[Worker-8] Motos
[Worker-8] Camiones
[Worker-8] Usados
[Worker-8] Autos
[Worker-8] Motos
[Worker-8] Camiones
[Worker-8] Nuevos
[Worker-8] Autos
[Worker-8] Camiones
[Worker-8] Ayuda
[Worker-8] Términos y condiciones
[Worker-8] Políticas de publicación
[Worker-8] ¿Cómo protegemos tus datos?
[Worker-8] Legales
[Worker-8] Sobre NeoAuto
[Worker-8] Noticias
[Worker-8] Tips y guías
[Worker-8] Ayuda en línea
[Worker-8] © 2024 NeoAuto Inc. Todos los derechos reservados
[Worker-8] Síguenos
[Worker-8] Descripción: {"@context":"https://schema.org","@graph":[{"@type":"Organization","@id":"https://neoauto.com/#organ...
[Worker-8] Único dueño: No
[Worker-8] Datos guardados en: /home/richgutz/Scraper-Neoauto-ANTIGRAVITY/extractores/results_txt/semanal_result_20260126_172003_1fbdc9.txt
[Worker-6] Intento 3: Popup no encontrado
[Worker-7] Intento 3: Popup no encontrado
[Worker-6] No se pudo cerrar el popup de satisfacción
[Worker-6] Popups manejados POST-scroll
[Worker-6] Scroll adicional de confirmación...
[Worker-2] No apareció popup de cookies
[Worker-4] URLs restantes en urls_autos_random: 2014 | Procesadas en sesión: 5 | Próximo refresco en: 20 URLs
[Worker-7] No se pudo cerrar el popup de satisfacción
[Worker-7] Popups manejados POST-scroll
[Worker-7] Scroll adicional de confirmación...
[Worker-2] Intento 1: Page.click: Timeout 1000ms exceeded.
[Worker-2] Call log:
[Worker-2] - waiting for locator("button[class*='close']").locator("svg").locator("xpath=./ancestor::button")
[Worker-4] URL obtenida y bloqueada desde urls_autos_random: https://neoauto.com/auto/usado/toyota-rav4-2017-1861374
[Worker-4] Iniciando extracción para: https://neoauto.com/auto/usado/toyota-rav4-2017-1861374
[Worker-4] Iniciando navegación...
[Worker-4] Marca extraída: 'toyota'
[Worker-4] Camino elegido (4 pasos).
[Worker-4] Paso 1/4: Página Principal...
[Worker-4] Navegación rápida (sin acciones)
[Worker-4] Paso 2/4: Categoría 'Usados'...
[Worker-5] No apareció popup de cookies
[Worker-3] URLs restantes en urls_autos_random: 2013 | Procesadas en sesión: 5 | Próximo refresco en: 20 URLs
[Worker-6] Título: Volvo Xc-60 2012
[Worker-2] Intento 2: Page.click: Timeout 1000ms exceeded.
[Worker-2] Call log:
[Worker-2] - waiting for locator("button[class*='close']").locator("svg").locator("xpath=./ancestor::button")
[Worker-6] Precio: S/ nan
[Worker-6] Kilometraje: inf km
[Worker-6] Ubicación: ¡Arranca tu año sobre ruedas!
[Worker-6] Súbete a tu próximo seminuevo, el auto que mereces.
[Worker-6] ¡Arranca tu año sobre ruedas!
[Worker-6] Súbete a tu próximo seminuevo, el auto que mereces.
[Worker-6] ¡Arranca tu año sobre ruedas!
[Worker-6] Súbete a tu próximo seminuevo, el auto que mereces.
[Worker-6] ¡Arranca tu año sobre ruedas!
[Worker-6] Súbete a tu próximo seminuevo, el auto que mereces.
[Worker-6] Iniciar sesión
[Worker-6] Quiero vender
[Worker-6] Comprar
[Worker-6] Quiero vender
[Worker-6] Financiamiento
[Worker-6] Alquilar
[Worker-6] Nuevo
[Worker-6] Seguros
[Worker-6] Eventos
[Worker-6] Publicidad
[Worker-6] Ver fotos
[Worker-6] Autos usados
[Worker-6] Volvo
[Worker-6] Xc-60
[Worker-6] Volvo Xc-60 2012
[Worker-6] Magdalena del Mar, Lima, Lima
[Worker-6] Publicado hace un mes
[Worker-6] 627 vistas
[Worker-6] Reportar aviso
[Worker-6] Compartir
[Worker-6] Marcar como favorito
[Worker-6] Volvo Xc-60 2012
[Worker-6] Reportar aviso
[Worker-6] Compartir
[Worker-6] Marcar como favorito
[Worker-6] Año modelo
[Worker-6] 2012
[Worker-6] Kilometraje
[Worker-6] 110,000 km
[Worker-6] Transmisión
[Worker-6] Automática - Secuencial
[Worker-6] Descripción
[Worker-6] Auto en excelente estado, segundo dueño, full equipo, lunas y pestillos eléctricos, poco, todos los mantenimientos según recomendaciones del fabricante, se vende por renovación.
[Worker-6] Te recomendamos:
[Worker-6] ¿Te toca renovar tu SOAT?
[Worker-6] Verifica el estado de tu SOAT aquí y evita multas.
[Worker-6] Consultar SOAT
[Worker-6] Alquila autos con Kinto Share
[Worker-6] Que nada frene tus aventuras. Seguro,flexible y con garantia.
[Worker-6] Ver más
[Worker-6] Blog & Noticias
[Worker-6] Entérate de las últimas novedades del sector automotriz.
[Worker-6] Ver más
[Worker-6] Especificaciones técnicas
[Worker-6] Características
[Worker-6] Marca
[Worker-6] Volvo
[Worker-6] Modelo
[Worker-6] XC-60
[Worker-6] Versión
[Worker-6] T6
[Worker-6] Año de fabricación
[Worker-6] 2012
[Worker-6] Categoría
[Worker-6] Camioneta
[Worker-6] Combustible
[Worker-6] Gasolina
[Worker-6] Número de puertas
[Worker-6] 5
[Worker-6] Tracción
[Worker-6] AWD
[Worker-6] Color
[Worker-6] Blanco
[Worker-6] Número cilindros
[Worker-6] 6
[Worker-6] Cilindrada
[Worker-6] 3,000 cc
[Worker-6] Equipamiento
[Worker-6] Retrovisores Eléctricos
[Worker-6] Neblineros
[Worker-6] Aire Acondicionado
[Worker-6] Full Equipo
[Worker-6] Computadora de abordo
[Worker-6] Parlantes/Bajos
[Worker-6] Radio CD
[Worker-6] Radio MP3
[Worker-6] Exterior
[Worker-6] Aros de Aleación
[Worker-6] Seguridad
[Worker-6] Airbag
[Worker-6] Faros antiniebla delantero
[Worker-6] Frenos ABS
[Worker-6] Alarma
[Worker-6] Extras
[Worker-6] Sunroof
[Worker-6] Asientos de cuero
[Worker-6] Climatizador
[Worker-6] Precios y costos
[Worker-6] Aún no tenemos suficiente información para determinar un rango de precio para este vehículo.
[Worker-6] Excelente
[Worker-6] Competitivo
[Worker-6] Premium
[Worker-6] (*) Precio referencial
[Worker-6] ¿Cómo se calcula este rango?
[Worker-6] ¿Te toca renovar tu SOAT?
[Worker-6] Verifica el estado de tu SOAT aquí y evita multas.
[Worker-6] Consultar SOAT
[Worker-6] Precio
[Worker-6] US$14,000
[Worker-6] Contáctate con el anunciante
[Worker-6] Daniel Rivera Chumbiray
[Worker-6] 904 142...
[Worker-6] Más información
[Worker-6] Beneficios adicionales para ti:
[Worker-6] Solicita tu Préstamo Personal hasta de S/45,000
[Worker-6] Me interesa
[Worker-6] Seminuevos
[Worker-6] Autos
[Worker-6] Motos
[Worker-6] Camiones
[Worker-6] Usados
[Worker-6] Autos
[Worker-6] Motos
[Worker-6] Camiones
[Worker-6] Nuevos
[Worker-6] Autos
[Worker-6] Camiones
[Worker-6] Ayuda
[Worker-6] Términos y condiciones
[Worker-6] Políticas de publicación
[Worker-6] ¿Cómo protegemos tus datos?
[Worker-6] Legales
[Worker-6] Sobre NeoAuto
[Worker-6] Noticias
[Worker-6] Tips y guías
[Worker-6] Ayuda en línea
[Worker-6] © 2024 NeoAuto Inc. Todos los derechos reservados
[Worker-6] Síguenos
[Worker-6] Descripción: {"@context":"https://schema.org","@graph":[{"@type":"Organization","@id":"https://neoauto.com/#organ...
[Worker-6] Único dueño: No
[Worker-6] Datos guardados en: /home/richgutz/Scraper-Neoauto-ANTIGRAVITY/extractores/results_txt/semanal_result_20260126_172008_e991cd.txt
[Worker-3] URL obtenida y bloqueada desde urls_autos_random: https://neoauto.com/auto/usado/honda-pilot-2015-1854075
[Worker-3] Iniciando extracción para: https://neoauto.com/auto/usado/honda-pilot-2015-1854075
[Worker-3] Iniciando navegación...
[Worker-3] Marca extraída: 'honda'
[Worker-3] Camino elegido (4 pasos).
[Worker-3] Paso 1/4: Página Principal...
[Worker-5] Intento 1: Page.click: Timeout 1000ms exceeded.
[Worker-5] Call log:
[Worker-5] - waiting for locator("button[class*='close']").locator("svg").locator("xpath=./ancestor::button")
[Worker-7] Título: Bmw 520-i 2018
[Worker-7] Precio: S/ nan
[Worker-7] Kilometraje: inf km
[Worker-7] Ubicación: ¡Arranca tu año sobre ruedas!
[Worker-7] Súbete a tu próximo seminuevo, el auto que mereces.
[Worker-7] ¡Arranca tu año sobre ruedas!
[Worker-7] Súbete a tu próximo seminuevo, el auto que mereces.
[Worker-7] ¡Arranca tu año sobre ruedas!
[Worker-7] Súbete a tu próximo seminuevo, el auto que mereces.
[Worker-7] ¡Arranca tu año sobre ruedas!
[Worker-7] Súbete a tu próximo seminuevo, el auto que mereces.
[Worker-7] Iniciar sesión
[Worker-7] Quiero vender
[Worker-7] Comprar
[Worker-7] Quiero vender
[Worker-7] Financiamiento
[Worker-7] Alquilar
[Worker-7] Nuevo
[Worker-7] Seguros
[Worker-7] Eventos
[Worker-7] Publicidad
[Worker-7] Ver fotos
[Worker-7] Unico Dueño
[Worker-7] Autos usados
[Worker-7] Bmw
[Worker-7] 520-i
[Worker-7] Bmw 520-i 2018
[Worker-7] San Isidro, Lima, Lima
[Worker-7] Publicado hace más de una semana
[Worker-7] 969 vistas
[Worker-7] Reportar aviso
[Worker-7] Compartir
[Worker-7] Marcar como favorito
[Worker-7] Bmw 520-i 2018
[Worker-7] Reportar aviso
[Worker-7] Compartir
[Worker-7] Marcar como favorito
[Worker-7] Año modelo
[Worker-7] 2018
[Worker-7] Kilometraje
[Worker-7] 68,500 km
[Worker-7] Transmisión
[Worker-7] Automática - Secuencial
[Worker-7] Descripción
[Worker-7] SE VENDE BMW 520i 2018
[Worker-7] - Versión: BERLINA
[Worker-7] - Año: 2018
[Worker-7] - Km: 68,500 km
[Worker-7] - Trato directo (único dueño desde nuevo)
[Worker-7] - ⁠Tracción: 4x2
[Worker-7] - Sin choques
[Worker-7] - Mantenimientos registrados
[Worker-7] - Motor: 2.0 turbo
[Worker-7] - Combustible: Gasolina
[Worker-7] - Transmisión: Automá...
[Worker-7] Seguir leyendo
[Worker-7] Te recomendamos:
[Worker-7] ¿Te toca renovar tu SOAT?
[Worker-7] Verifica el estado de tu SOAT aquí y evita multas.
[Worker-7] Consultar SOAT
[Worker-7] Alquila autos con Kinto Share
[Worker-7] Que nada frene tus aventuras. Seguro,flexible y con garantia.
[Worker-7] Ver más
[Worker-7] Blog & Noticias
[Worker-7] Entérate de las últimas novedades del sector automotriz.
[Worker-7] Ver más
[Worker-7] Especificaciones técnicas
[Worker-7] Características
[Worker-7] Marca
[Worker-7] Bmw
[Worker-7] Modelo
[Worker-7] 520-i
[Worker-7] Versión
[Worker-7] SEDAN AT 2.0
[Worker-7] Versión
[Worker-7] SEDAN AT 2.0
[Worker-7] Año de fabricación
[Worker-7] 2018
[Worker-7] Categoría
[Worker-7] Sedán
[Worker-7] Combustible
[Worker-7] Gasolina
[Worker-7] Número de puertas
[Worker-7] 4
[Worker-7] Tracción
[Worker-7] Delantera
[Worker-7] Color
[Worker-7] Gris Oscuro
[Worker-7] Número cilindros
[Worker-7] 4
[Worker-7] Cilindrada
[Worker-7] 2,000 cc
[Worker-7] Equipamiento
[Worker-7] Neblineros
[Worker-7] Aire Acondicionado
[Worker-7] Full Equipo
[Worker-7] Computadora de abordo
[Worker-7] Parlantes/Bajos
[Worker-7] Retrovisores Eléctricos
[Worker-7] Exterior
[Worker-7] Aros
[Worker-7] Aros de Aleación
[Worker-7] Luces Halógenas
[Worker-7] Seguridad
[Worker-7] Airbag
[Worker-7] Alarma
[Worker-7] Frenos ABS
[Worker-7] Repartidor electrónico de frenado
[Worker-7] Inmovilizador de motor
[Worker-7] Faros antiniebla traseros
[Worker-7] Faros antiniebla delantero
[Worker-7] Láminas de Seguridad
[Worker-7] Localizador (GPS)
[Worker-7] Extras
[Worker-7] Asientos de cuero
[Worker-7] Climatizador
[Worker-7] Precios y costos
[Worker-7] Aún no tenemos suficiente información para determinar un rango de precio para este vehículo.
[Worker-7] Excelente
[Worker-7] Competitivo
[Worker-7] Premium
[Worker-7] (*) Precio referencial
[Worker-7] ¿Cómo se calcula este rango?
[Worker-7] ¿Te toca renovar tu SOAT?
[Worker-7] Verifica el estado de tu SOAT aquí y evita multas.
[Worker-7] Consultar SOAT
[Worker-7] Precio
[Worker-7] US$22,500
[Worker-7] Dscto. por adquirir el Crédito Vehicular
[Worker-7] -US$1,000*
[Worker-7] *Aplica si financias tu auto con Santander Consumer
[Worker-7] Contáctate con el anunciante
[Worker-7] Jeampierre Meléndez
[Worker-7] 951 409...
[Worker-7] Más información
[Worker-7] Beneficios adicionales para ti:
[Worker-7] La mejor opción
[Worker-7] Financia tu auto con Santander Consumer
[Worker-7] Paga desde:
[Worker-7] US$21,500 o
[Worker-7] US$1,065/mes*
[Worker-7] Simular crédito
[Worker-7] (*) Cuota mensual referencial. Calculada a 24 meses, 20% de inicial y TEA de 20.99%. No incluye seguro vehicular.
[Worker-7] Solicita tu Préstamo Personal hasta de S/45,000
[Worker-7] Me interesa
[Worker-7] Seminuevos
[Worker-7] Autos
[Worker-7] Motos
[Worker-7] Camiones
[Worker-7] Usados
[Worker-7] Autos
[Worker-7] Motos
[Worker-7] Camiones
[Worker-7] Nuevos
[Worker-7] Autos
[Worker-7] Camiones
[Worker-7] Ayuda
[Worker-7] Términos y condiciones
[Worker-7] Políticas de publicación
[Worker-7] ¿Cómo protegemos tus datos?
[Worker-7] Legales
[Worker-7] Sobre NeoAuto
[Worker-7] Noticias
[Worker-7] Tips y guías
[Worker-7] Ayuda en línea
[Worker-7] © 2024 NeoAuto Inc. Todos los derechos reservados
[Worker-7] Síguenos
[Worker-7] Descripción: {"@context":"https://schema.org","@graph":[{"@type":"Organization","@id":"https://neoauto.com/#organ...
[Worker-7] Único dueño: Sí
[Worker-7] Datos guardados en: /home/richgutz/Scraper-Neoauto-ANTIGRAVITY/extractores/results_txt/semanal_result_20260126_172009_c32ca4.txt
[Worker-4] Navegación rápida (sin acciones)
[Worker-4] Paso 3/4: Filtro por Marca 'TOYOTA'...
[Worker-8] URLs restantes en urls_autos_random: 2012 | Procesadas en sesión: 5 | Próximo refresco en: 20 URLs
[Worker-3] Navegación rápida (sin acciones)
[Worker-3] Paso 2/4: Categoría 'Usados'...
[Worker-8] URL obtenida y bloqueada desde urls_autos_random: https://neoauto.com/auto/usado/subaru-forester-2020-1855624
[Worker-8] Iniciando extracción para: https://neoauto.com/auto/usado/subaru-forester-2020-1855624
[Worker-8] Iniciando navegación...
[Worker-8] Marca extraída: 'subaru'
[Worker-8] Camino elegido (4 pasos).
[Worker-8] Paso 1/4: Página Principal...
[Worker-5] Intento 2: Page.click: Timeout 1000ms exceeded.
[Worker-5] Call log:
[Worker-5] - waiting for locator("button[class*='close']").locator("svg").locator("xpath=./ancestor::button")
[Worker-4] Navegación rápida (sin acciones)
[Worker-4] Paso 4/4: URL Final...
[Worker-3] Navegación rápida (sin acciones)
[Worker-3] Paso 3/4: Filtro por Marca 'HONDA'...
[Worker-8] Navegación rápida (sin acciones)
[Worker-8] Paso 2/4: Categoría 'Usados'...
[Worker-4] Scroll INICIAL para activar contenido...
[Worker-7] URLs restantes en urls_autos_random: 2011 | Procesadas en sesión: 5 | Próximo refresco en: 20 URLs
[Worker-3] Navegación rápida (sin acciones)
[Worker-3] Paso 4/4: URL Final...
[Worker-8] Navegación rápida (sin acciones)
[Worker-8] Paso 3/4: Filtro por Marca 'SUBARU'...
[Worker-7] URL obtenida y bloqueada desde urls_autos_random: https://neoauto.com/auto/usado/kia-rio-2022-1861262
[Worker-7] Iniciando extracción para: https://neoauto.com/auto/usado/kia-rio-2022-1861262
[Worker-7] Iniciando navegación...
[Worker-7] Marca extraída: 'kia'
[Worker-7] Camino elegido (4 pasos).
[Worker-7] Paso 1/4: Página Principal...
[Worker-6] URLs restantes en urls_autos_random: 2010 | Procesadas en sesión: 5 | Próximo refresco en: 20 URLs
[Worker-1] Intento 1: Popup no encontrado
[Worker-6] URL obtenida y bloqueada desde urls_autos_random: https://neoauto.com/auto/usado/jeep-grand-cherokee-limited-2016-1861507
[Worker-6] Iniciando extracción para: https://neoauto.com/auto/usado/jeep-grand-cherokee-limited-2016-1861507
[Worker-6] Iniciando navegación...
[Worker-6] Marca extraída: 'jeep'
[Worker-6] Camino elegido (4 pasos).
[Worker-6] Paso 1/4: Página Principal...
[Worker-7] Navegación rápida (sin acciones)
[Worker-7] Paso 2/4: Categoría 'Usados'...
[Worker-8] Navegación rápida (sin acciones)
[Worker-8] Paso 4/4: URL Final...
[Worker-6] Navegación rápida (sin acciones)
[Worker-6] Paso 2/4: Categoría 'Usados'...
[Worker-7] Navegación rápida (sin acciones)
[Worker-7] Paso 3/4: Filtro por Marca 'KIA'...
[Worker-8] Scroll INICIAL para activar contenido...
[Worker-3] Scroll INICIAL para activar contenido...
[Worker-6] Navegación rápida (sin acciones)
[Worker-6] Paso 3/4: Filtro por Marca 'JEEP'...
[Worker-7] Navegación rápida (sin acciones)
[Worker-7] Paso 4/4: URL Final...
[Worker-1] Intento 2: Popup no encontrado
[Worker-6] Navegación rápida (sin acciones)
[Worker-6] Paso 4/4: URL Final...
[Worker-7] Scroll INICIAL para activar contenido...
[Worker-6] Scroll INICIAL para activar contenido...
[Worker-1] Intento 3: Popup no encontrado
[Worker-1] No se pudo cerrar el popup de satisfacción
[Worker-1] Popups manejados POST-scroll
[Worker-1] Scroll adicional de confirmación...
[Worker-4] No apareció popup de cookies
[Worker-4] Intento 1: Page.click: Timeout 1000ms exceeded.
[Worker-4] Call log:
[Worker-4] - waiting for locator("button[class*='close']").locator("svg").locator("xpath=./ancestor::button")
[Worker-2] Intento 1: Popup no encontrado
[Worker-4] Intento 2: Page.click: Timeout 1000ms exceeded.
[Worker-4] Call log:
[Worker-4] - waiting for locator("button[class*='close']").locator("svg").locator("xpath=./ancestor::button")
[Worker-1] Título: Kia Sonet 2022
[Worker-1] Precio: S/ nan
[Worker-1] Kilometraje: 3.2002001234520222e+276 km
[Worker-1] Ubicación: ¡Arranca tu año sobre ruedas!
[Worker-1] Súbete a tu próximo seminuevo, el auto que mereces.
[Worker-1] ¡Arranca tu año sobre ruedas!
[Worker-1] Súbete a tu próximo seminuevo, el auto que mereces.
[Worker-1] ¡Arranca tu año sobre ruedas!
[Worker-1] Súbete a tu próximo seminuevo, el auto que mereces.
[Worker-1] ¡Arranca tu año sobre ruedas!
[Worker-1] Súbete a tu próximo seminuevo, el auto que mereces.
[Worker-1] Iniciar sesión
[Worker-1] Quiero vender
[Worker-1] Comprar
[Worker-1] Quiero vender
[Worker-1] Financiamiento
[Worker-1] Alquilar
[Worker-1] Nuevo
[Worker-1] Seguros
[Worker-1] Eventos
[Worker-1] Publicidad
[Worker-1] Ver fotos
[Worker-1] Autos usados
[Worker-1] Kia
[Worker-1] Sonet
[Worker-1] Kia Sonet 2022
[Worker-1] Ate, Lima, Lima
[Worker-1] Publicado hace más de un mes
[Worker-1] 774 vistas
[Worker-1] Reportar aviso
[Worker-1] Compartir
[Worker-1] Marcar como favorito
[Worker-1] Kia Sonet 2022
[Worker-1] Reportar aviso
[Worker-1] Compartir
[Worker-1] Marcar como favorito
[Worker-1] Año modelo
[Worker-1] 2022
[Worker-1] Kilometraje
[Worker-1] 38,000 km
[Worker-1] Transmisión
[Worker-1] Mecánica
[Worker-1] Descripción
[Worker-1] Ocasión Vendo mi Kia sonet dual glp versión full con espejos abatibles con solo 38000 mil de kilometraje reales
[Worker-1] Te recomendamos:
[Worker-1] ¿Te toca renovar tu SOAT?
[Worker-1] Verifica el estado de tu SOAT aquí y evita multas.
[Worker-1] Consultar SOAT
[Worker-1] Alquila autos con Kinto Share
[Worker-1] Que nada frene tus aventuras. Seguro,flexible y con garantia.
[Worker-1] Ver más
[Worker-1] Blog & Noticias
[Worker-1] Entérate de las últimas novedades del sector automotriz.
[Worker-1] Ver más
[Worker-1] Especificaciones técnicas
[Worker-1] Características
[Worker-1] Marca
[Worker-1] Kia
[Worker-1] Modelo
[Worker-1] SONET
[Worker-1] Versión
[Worker-1] FULL
[Worker-1] Año de fabricación
[Worker-1] 2022
[Worker-1] Categoría
[Worker-1] Camioneta
[Worker-1] Combustible
[Worker-1] Dual
[Worker-1] Número de puertas
[Worker-1] 4
[Worker-1] Tracción
[Worker-1] 4x2
[Worker-1] Color
[Worker-1] Gris Oscuro
[Worker-1] Número cilindros
[Worker-1] 4
[Worker-1] Cilindrada
[Worker-1] 1,500 cc
[Worker-1] Equipamiento
[Worker-1] Retrovisores Eléctricos
[Worker-1] Neblineros
[Worker-1] Aire Acondicionado
[Worker-1] Full Equipo
[Worker-1] Computadora de abordo
[Worker-1] Parlantes/Bajos
[Worker-1] Radio MP3
[Worker-1] Seguridad
[Worker-1] Airbag
[Worker-1] Láminas de Seguridad
[Worker-1] Faros antiniebla delantero
[Worker-1] Frenos ABS
[Worker-1] Alarma
[Worker-1] Precios y costos
[Worker-1] Aún no tenemos suficiente información para determinar un rango de precio para este vehículo.
[Worker-1] Excelente
[Worker-1] Competitivo
[Worker-1] Premium
[Worker-1] (*) Precio referencial
[Worker-1] ¿Cómo se calcula este rango?
[Worker-1] ¿Te toca renovar tu SOAT?
[Worker-1] Verifica el estado de tu SOAT aquí y evita multas.
[Worker-1] Consultar SOAT
[Worker-1] Precio
[Worker-1] US$14,700
[Worker-1] Dscto. por adquirir el Crédito Vehicular
[Worker-1] -US$1,000*
[Worker-1] *Aplica si financias tu auto con Santander Consumer
[Worker-1] Contáctate con el anunciante
[Worker-1] Rollen Castro Huaynamarca
[Worker-1] 970 349...
[Worker-1] Más información
[Worker-1] Beneficios adicionales para ti:
[Worker-1] La mejor opción
[Worker-1] Financia tu auto con Santander Consumer
[Worker-1] Paga desde:
[Worker-1] US$13,700 o
[Worker-1] US$399/mes*
[Worker-1] Simular crédito
[Worker-1] (*) Cuota mensual referencial. Calculada a 60 meses, 20% de inicial y TEA de 20.99%. No incluye seguro vehicular.
[Worker-1] Solicita tu Préstamo Personal hasta de S/45,000
[Worker-1] Me interesa
[Worker-1] Seminuevos
[Worker-1] Autos
[Worker-1] Motos
[Worker-1] Camiones
[Worker-1] Usados
[Worker-1] Autos
[Worker-1] Motos
[Worker-1] Camiones
[Worker-1] Nuevos
[Worker-1] Autos
[Worker-1] Camiones
[Worker-1] Ayuda
[Worker-1] Términos y condiciones
[Worker-1] Políticas de publicación
[Worker-1] ¿Cómo protegemos tus datos?
[Worker-1] Legales
[Worker-1] Sobre NeoAuto
[Worker-1] Noticias
[Worker-1] Tips y guías
[Worker-1] Ayuda en línea
[Worker-1] © 2024 NeoAuto Inc. Todos los derechos reservados
[Worker-1] Síguenos
[Worker-1] Descripción: {"@context":"https://schema.org","@graph":[{"@type":"Organization","@id":"https://neoauto.com/#organ...
[Worker-1] Único dueño: Sí
[Worker-1] Datos guardados en: /home/richgutz/Scraper-Neoauto-ANTIGRAVITY/extractores/results_txt/semanal_result_20260126_172029_b255a1.txt
[Worker-5] Intento 1: Popup no encontrado
[Worker-8] No apareció popup de cookies
[Worker-2] Intento 2: Popup no encontrado
[Worker-8] Intento 1: Page.click: Timeout 1000ms exceeded.
[Worker-8] Call log:
[Worker-8] - waiting for locator("button[class*='close']").locator("svg").locator("xpath=./ancestor::button")
[Worker-3] No apareció popup de cookies
[Worker-1] URLs restantes en urls_autos_random: 2009 | Procesadas en sesión: 6 | Próximo refresco en: 19 URLs
[Worker-3] Intento 1: Page.click: Timeout 1000ms exceeded.
[Worker-3] Call log:
[Worker-3] - waiting for locator("button[class*='close']").locator("svg").locator("xpath=./ancestor::button")
[Worker-1] URL obtenida y bloqueada desde urls_autos_random: https://neoauto.com/auto/usado/toyota-corolla-2015-1858836
[Worker-1] Iniciando extracción para: https://neoauto.com/auto/usado/toyota-corolla-2015-1858836
[Worker-1] Iniciando navegación...
[Worker-1] Marca extraída: 'toyota'
[Worker-1] Camino elegido (4 pasos).
[Worker-1] Paso 1/4: Página Principal...
[Worker-7] No apareció popup de cookies
[Worker-8] Intento 2: Page.click: Timeout 1000ms exceeded.
[Worker-8] Call log:
[Worker-8] - waiting for locator("button[class*='close']").locator("svg").locator("xpath=./ancestor::button")
[Worker-5] Intento 2: Popup no encontrado
[Worker-7] Intento 1: Page.click: Timeout 1000ms exceeded.
[Worker-7] Call log:
[Worker-7] - waiting for locator("button[class*='close']").locator("svg").locator("xpath=./ancestor::button")
[Worker-1] Navegación rápida (sin acciones)
[Worker-1] Paso 2/4: Categoría 'Usados'...
[Worker-3] Intento 2: Page.click: Timeout 1000ms exceeded.
[Worker-3] Call log:
[Worker-3] - waiting for locator("button[class*='close']").locator("svg").locator("xpath=./ancestor::button")
[Worker-6] No apareció popup de cookies
[Worker-6] Intento 1: Page.click: Timeout 1000ms exceeded.
[Worker-6] Call log:
[Worker-6] - waiting for locator("button[class*='close']").locator("svg").locator("xpath=./ancestor::button")
[Worker-2] Intento 3: Popup no encontrado
[Worker-7] Intento 2: Page.click: Timeout 1000ms exceeded.
[Worker-7] Call log:
[Worker-7] - waiting for locator("button[class*='close']").locator("svg").locator("xpath=./ancestor::button")
[Worker-1] Navegación rápida (sin acciones)
[Worker-1] Paso 3/4: Filtro por Marca 'TOYOTA'...
[Worker-2] No se pudo cerrar el popup de satisfacción
[Worker-2] Popups manejados POST-scroll
[Worker-2] Scroll adicional de confirmación...
[Worker-6] Intento 2: Page.click: Timeout 1000ms exceeded.
[Worker-6] Call log:
[Worker-6] - waiting for locator("button[class*='close']").locator("svg").locator("xpath=./ancestor::button")
[Worker-5] Intento 3: Popup no encontrado
[Worker-5] No se pudo cerrar el popup de satisfacción
[Worker-5] Popups manejados POST-scroll
[Worker-5] Scroll adicional de confirmación...
[Worker-2] Título: Mercedes Benz Glc 250 4matic 2018
[Worker-2] Precio: S/ nan
[Worker-2] Kilometraje: inf km
[Worker-2] Ubicación: ¡Arranca tu año sobre ruedas!
[Worker-2] Súbete a tu próximo seminuevo, el auto que mereces.
[Worker-2] ¡Arranca tu año sobre ruedas!
[Worker-2] Súbete a tu próximo seminuevo, el auto que mereces.
[Worker-2] ¡Arranca tu año sobre ruedas!
[Worker-2] Súbete a tu próximo seminuevo, el auto que mereces.
[Worker-2] ¡Arranca tu año sobre ruedas!
[Worker-2] Súbete a tu próximo seminuevo, el auto que mereces.
[Worker-2] Iniciar sesión
[Worker-2] Quiero vender
[Worker-2] Comprar
[Worker-2] Quiero vender
[Worker-2] Financiamiento
[Worker-2] Alquilar
[Worker-2] Nuevo
[Worker-2] Seguros
[Worker-2] Eventos
[Worker-2] Publicidad
[Worker-2] Ver fotos
[Worker-2] Autos usados
[Worker-2] Mercedes Benz
[Worker-2] Glc 250 4matic
[Worker-2] Mercedes Benz Glc 250 4matic 2018
[Worker-2] San Borja, Lima, Lima
[Worker-2] Publicado hace más de una semana
[Worker-2] 195 vistas
[Worker-2] Reportar aviso
[Worker-2] Compartir
[Worker-2] Marcar como favorito
[Worker-2] Mercedes Benz Glc 250 4matic 2018
[Worker-2] Reportar aviso
[Worker-2] Compartir
[Worker-2] Marcar como favorito
[Worker-2] Año modelo
[Worker-2] 2018
[Worker-2] Kilometraje
[Worker-2] 95,000 km
[Worker-2] Transmisión
[Worker-2] Automática - Secuencial
[Worker-2] Descripción
[Worker-2] Mercedes Benz Glc 250 año de fabricación 2017 modelo 2018 comprado, versión 4matic coupe, motor 2000 cc 4 cilindros, 4x4, único dueño, mantenimientos al dia, llantas casi nuevas, impecable.
[Worker-2] Te recomendamos:
[Worker-2] ¿Te toca renovar tu SOAT?
[Worker-2] Verifica el estado de tu SOAT aquí y evita multas.
[Worker-2] Consultar SOAT
[Worker-2] Alquila autos con Kinto Share
[Worker-2] Que nada frene tus aventuras. Seguro,flexible y con garantia.
[Worker-2] Ver más
[Worker-2] Blog & Noticias
[Worker-2] Entérate de las últimas novedades del sector automotriz.
[Worker-2] Ver más
[Worker-2] Especificaciones técnicas
[Worker-2] Características
[Worker-2] Marca
[Worker-2] Mercedes Benz
[Worker-2] Modelo
[Worker-2] GLC 250 4MATIC
[Worker-2] Versión
[Worker-2] GLC 250 4MATIC
[Worker-2] Versión
[Worker-2] GLC 250 4MATIC
[Worker-2] Año de fabricación
[Worker-2] 2018
[Worker-2] Categoría
[Worker-2] Camioneta
[Worker-2] Combustible
[Worker-2] Gasolina
[Worker-2] Número de puertas
[Worker-2] 5
[Worker-2] Tracción
[Worker-2] 4 Matic
[Worker-2] Color
[Worker-2] Blanco
[Worker-2] Número cilindros
[Worker-2] 4
[Worker-2] Cilindrada
[Worker-2] 2,000 cc
[Worker-2] Equipamiento
[Worker-2] Retrovisores Eléctricos
[Worker-2] Neblineros
[Worker-2] Aire Acondicionado
[Worker-2] Full Equipo
[Worker-2] Computadora de abordo
[Worker-2] Exterior
[Worker-2] Aros de Aleación
[Worker-2] Seguridad
[Worker-2] Airbag
[Worker-2] Láminas de Seguridad
[Worker-2] Frenos ABS
[Worker-2] Extras
[Worker-2] Asientos de cuero
[Worker-2] Climatizador
[Worker-2] Precios y costos
[Worker-2] Aún no tenemos suficiente información para determinar un rango de precio para este vehículo.
[Worker-2] Excelente
[Worker-2] Competitivo
[Worker-2] Premium
[Worker-2] (*) Precio referencial
[Worker-2] ¿Cómo se calcula este rango?
[Worker-2] ¿Te toca renovar tu SOAT?
[Worker-2] Verifica el estado de tu SOAT aquí y evita multas.
[Worker-2] Consultar SOAT
[Worker-2] Precio
[Worker-2] US$25,200
[Worker-2] Dscto. por adquirir el Crédito Vehicular
[Worker-2] -US$1,000*
[Worker-2] *Aplica si financias tu auto con Santander Consumer
[Worker-2] Contáctate con el anunciante
[Worker-2] Bruno Contreras
[Worker-2] 989 070...
[Worker-2] Más información
[Worker-2] Beneficios adicionales para ti:
[Worker-2] La mejor opción
[Worker-2] Financia tu auto con Santander Consumer
[Worker-2] Paga desde:
[Worker-2] US$24,200 o
[Worker-2] US$1,191/mes*
[Worker-2] Simular crédito
[Worker-2] (*) Cuota mensual referencial. Calculada a 24 meses, 20% de inicial y TEA de 20.99%. No incluye seguro vehicular.
[Worker-2] Solicita tu Préstamo Personal hasta de S/45,000
[Worker-2] Me interesa
[Worker-2] Vehículos similares
[Worker-2] Ver todos los vehículos
[Worker-2] De lujo
[Worker-2] Mercedes Benz Glc 250 4matic 2020
[Worker-2] 50,000km
[Worker-2] GLC250 4MATIC
[Worker-2] Automática
[Worker-2] Gasolina
[Worker-2] Precio
[Worker-2] US$28,500
[Worker-2] Con Crédito Vehicular
[Worker-2] US$27,500
[Worker-2] Ver detalle
[Worker-2] Vehículo de: Angello Rivera
[Worker-2] Premium
[Worker-2] Mercedes Benz Glc 250 4matic 2019
[Worker-2] 62km
[Worker-2] GLC 250 4MATIC
[Worker-2] Automática - Se...
[Worker-2] Gasolina
[Worker-2] Precio
[Worker-2] US$27,300
[Worker-2] Con Crédito Vehicular
[Worker-2] US$823/mes
[Worker-2] Ver detalle
[Worker-2] Vehículo de: Antonio Ruiz
[Worker-2] Mercedes Benz Gle 53 Amg 2022
[Worker-2] 38,000km
[Worker-2] GLE 53 S AMG CO...
[Worker-2] Automática - Se...
[Worker-2] Gasolina
[Worker-2] Precio
[Worker-2] US$97,000
[Worker-2] Ver detalle
[Worker-2] Vehículo de: Luis Caballero
[Worker-2] Mercedes Benz Gle 53 Amg 2022
[Worker-2] 24,500km
[Worker-2] 53 S AMG COUPE
[Worker-2] Automática - Se...
[Worker-2] Gasolina-Híbrid...
[Worker-2] Precio
[Worker-2] US$97,000
[Worker-2] Ver detalle
[Worker-2] Vehículo de: kelvin GARCIA
[Worker-2] De lujo
[Worker-2] Mercedes Benz Ml 350 2013
[Worker-2] 60,000km
[Worker-2] 4X4
[Worker-2] Automática - Se...
[Worker-2] Gasolina
[Worker-2] Precio
[Worker-2] US$23,000
[Worker-2] Ver detalle
[Worker-2] Vehículo de: Reynaldo Salazar
[Worker-2] Como nuevo
[Worker-2] Mercedes Benz Gle 63 S Amg 4matic Coupe 2024
[Worker-2] 10,000km
[Worker-2] Automática - Se...
[Worker-2] Gasolina
[Worker-2] Precio
[Worker-2] US$154,000
[Worker-2] Ver detalle
[Worker-2] Vehículo de: Nicolas Peña
[Worker-2] Unico Dueño
[Worker-2] Jeep Grand Cherokee Laredo 2018
[Worker-2] 48,500km
[Worker-2] 4X2
[Worker-2] Automática - Se...
[Worker-2] Gasolina
[Worker-2] Precio
[Worker-2] US$24,900
[Worker-2] Con Crédito Vehicular
[Worker-2] US$892/mes
[Worker-2] Ver detalle
[Worker-2] Vehículo de: Rocio Calderon
[Worker-2] De lujo
[Worker-2] Jaguar F-Pace 2017
[Worker-2] 9,313km
[Worker-2] PRESTIGE
[Worker-2] Automática - Se...
[Worker-2] Gasolina
[Worker-2] Precio
[Worker-2] US$49,990
[Worker-2] Con Crédito Vehicular
[Worker-2] US$4,080/mes
[Worker-2] Ver detalle
[Worker-2] Vehículo de: MONICA CECILIA SALVATIERRA SALDAÑA
[Worker-2] Seminuevos
[Worker-2] Autos
[Worker-2] Motos
[Worker-2] Camiones
[Worker-2] Usados
[Worker-2] Autos
[Worker-2] Motos
[Worker-2] Camiones
[Worker-2] Nuevos
[Worker-2] Autos
[Worker-2] Camiones
[Worker-2] Ayuda
[Worker-2] Términos y condiciones
[Worker-2] Políticas de publicación
[Worker-2] ¿Cómo protegemos tus datos?
[Worker-2] Legales
[Worker-2] Sobre NeoAuto
[Worker-2] Noticias
[Worker-2] Tips y guías
[Worker-2] Ayuda en línea
[Worker-2] © 2024 NeoAuto Inc. Todos los derechos reservados
[Worker-2] Síguenos
[Worker-2] Descripción: {"@context":"https://schema.org","@graph":[{"@type":"Organization","@id":"https://neoauto.com/#organ...
[Worker-2] Único dueño: Sí
[Worker-2] Datos guardados en: /home/richgutz/Scraper-Neoauto-ANTIGRAVITY/extractores/results_txt/semanal_result_20260126_172041_67c89a.txt
[Worker-1] Navegación rápida (sin acciones)
[Worker-1] Paso 4/4: URL Final...
[Worker-5] Título: Honda Cr-v 2022
[Worker-5] Precio: S/ nan
[Worker-5] Kilometraje: inf km
[Worker-5] Ubicación: ¡Arranca tu año sobre ruedas!
[Worker-5] Súbete a tu próximo seminuevo, el auto que mereces.
[Worker-5] ¡Arranca tu año sobre ruedas!
[Worker-5] Súbete a tu próximo seminuevo, el auto que mereces.
[Worker-5] ¡Arranca tu año sobre ruedas!
[Worker-5] Súbete a tu próximo seminuevo, el auto que mereces.
[Worker-5] ¡Arranca tu año sobre ruedas!
[Worker-5] Súbete a tu próximo seminuevo, el auto que mereces.
[Worker-5] Iniciar sesión
[Worker-5] Quiero vender
[Worker-5] Comprar
[Worker-5] Quiero vender
[Worker-5] Financiamiento
[Worker-5] Alquilar
[Worker-5] Nuevo
[Worker-5] Seguros
[Worker-5] Eventos
[Worker-5] Publicidad
[Worker-5] Ver fotos
[Worker-5] Como nuevo
[Worker-5] Autos usados
[Worker-5] Honda
[Worker-5] Cr-v
[Worker-5] Honda Cr-v 2022
[Worker-5] Santiago de Surco, Lima, Lima
[Worker-5] Publicado hace más de una semana
[Worker-5] 517 vistas
[Worker-5] Reportar aviso
[Worker-5] Compartir
[Worker-5] Marcar como favorito
[Worker-5] Honda Cr-v 2022
[Worker-5] Reportar aviso
[Worker-5] Compartir
[Worker-5] Marcar como favorito
[Worker-5] Año modelo
[Worker-5] 2022
[Worker-5] Kilometraje
[Worker-5] 25,000 km
[Worker-5] Transmisión
[Worker-5] Automática - Secuencial
[Worker-5] Descripción
[Worker-5] Camioneta Honda CRV EX CVT, Precio $ 28,900 excelente estado, único dueño, mantenimientos realizados en Concesionario Honda, 25,200 de kilometraje, Motor 1.5 T DOH VTEC, 1.5 Turbo, Potencia de máxima 188 Hp / 5,600 Rpm, Torque máximo 240 Nm / [****]0...
[Worker-5] Seguir leyendo
[Worker-5] Te recomendamos:
[Worker-5] ¿Te toca renovar tu SOAT?
[Worker-5] Verifica el estado de tu SOAT aquí y evita multas.
[Worker-5] Consultar SOAT
[Worker-5] Alquila autos con Kinto Share
[Worker-5] Que nada frene tus aventuras. Seguro,flexible y con garantia.
[Worker-5] Ver más
[Worker-5] Blog & Noticias
[Worker-5] Entérate de las últimas novedades del sector automotriz.
[Worker-5] Ver más
[Worker-5] Especificaciones técnicas
[Worker-5] Características
[Worker-5] Marca
[Worker-5] Honda
[Worker-5] Modelo
[Worker-5] CR-V
[Worker-5] Versión
[Worker-5] EX CVT 1.5T
[Worker-5] Año de fabricación
[Worker-5] 2022
[Worker-5] Categoría
[Worker-5] Camioneta
[Worker-5] Combustible
[Worker-5] Gasolina
[Worker-5] Número de puertas
[Worker-5] 5
[Worker-5] Tracción
[Worker-5] 2WD
[Worker-5] Color
[Worker-5] Azul acero
[Worker-5] Número cilindros
[Worker-5] 4
[Worker-5] Cilindrada
[Worker-5] 1,498 cc
[Worker-5] Equipamiento
[Worker-5] Neblineros
[Worker-5] Aire Acondicionado
[Worker-5] Full Equipo
[Worker-5] Computadora de abordo
[Worker-5] Parlantes/Bajos
[Worker-5] Retrovisores Eléctricos
[Worker-5] Exterior
[Worker-5] Aros
[Worker-5] Aros de Aleación
[Worker-5] Luces Halógenas
[Worker-5] Seguridad
[Worker-5] Airbag
[Worker-5] Alarma
[Worker-5] Frenos ABS
[Worker-5] Repartidor electrónico de frenado
[Worker-5] Inmovilizador de motor
[Worker-5] Faros antiniebla delantero
[Worker-5] Láminas de Seguridad
[Worker-5] Extras
[Worker-5] Sunroof
[Worker-5] Asientos de cuero
[Worker-5] Climatizador
[Worker-5] Precios y costos
[Worker-5] Este aviso
[Worker-5] US$28,900
[Worker-5] Precio de mercado
[Worker-5] US$32,000*
[Worker-5] Excelente
[Worker-5] Competitivo
[Worker-5] Premium
[Worker-5] (*) Precio referencial
[Worker-5] ¿Cómo se calcula este rango?
[Worker-5] ¿Te toca renovar tu SOAT?
[Worker-5] Verifica el estado de tu SOAT aquí y evita multas.
[Worker-5] Consultar SOAT
[Worker-5] Sobre el anunciante
[Worker-5] Lima, Lima
[Worker-5] Precio
[Worker-5] US$28,900
[Worker-5] Contáctate con el anunciante
[Worker-5] Roger Bernedo
[Worker-5] 999 926...
[Worker-5] Más información
[Worker-5] Beneficios adicionales para ti:
[Worker-5] La mejor opción
[Worker-5] Financia tu auto con Santander Consumer
[Worker-5] Paga desde:
[Worker-5] US$776/mes*
[Worker-5] Simular crédito
[Worker-5] (*) Cuota mensual referencial. Calculada a 60 meses, 20% de inicial y TEA de 20.99%. No incluye seguro vehicular.
[Worker-5] Solicita tu Préstamo Personal hasta de S/45,000
[Worker-5] Me interesa
[Worker-5] Seminuevos
[Worker-5] Autos
[Worker-5] Motos
[Worker-5] Camiones
[Worker-5] Usados
[Worker-5] Autos
[Worker-5] Motos
[Worker-5] Camiones
[Worker-5] Nuevos
[Worker-5] Autos
[Worker-5] Camiones
[Worker-5] Ayuda
[Worker-5] Términos y condiciones
[Worker-5] Políticas de publicación
[Worker-5] ¿Cómo protegemos tus datos?
[Worker-5] Legales
[Worker-5] Sobre NeoAuto
[Worker-5] Noticias
[Worker-5] Tips y guías
[Worker-5] Ayuda en línea
[Worker-5] © 2024 NeoAuto Inc. Todos los derechos reservados
[Worker-5] Síguenos
[Worker-5] Descripción: {"@context":"https://schema.org","@graph":[{"@type":"Organization","@id":"https://neoauto.com/#organ...
[Worker-5] Único dueño: No
[Worker-5] Datos guardados en: /home/richgutz/Scraper-Neoauto-ANTIGRAVITY/extractores/results_txt/semanal_result_20260126_172044_7d743e.txt
[Worker-1] Scroll INICIAL para activar contenido...
[Worker-2] URLs restantes en urls_autos_random: 2007 | Procesadas en sesión: 6 | Próximo refresco en: 19 URLs
[Worker-2] URL obtenida y bloqueada desde urls_autos_random: https://neoauto.com/auto/usado/toyota-fortuner-2022-1860214
[Worker-2] Iniciando extracción para: https://neoauto.com/auto/usado/toyota-fortuner-2022-1860214
[Worker-2] Iniciando navegación...
[Worker-2] Marca extraída: 'toyota'
[Worker-2] Camino elegido (4 pasos).
[Worker-2] Paso 1/4: Página Principal...
[Worker-2] Navegación rápida (sin acciones)
[Worker-2] Paso 2/4: Categoría 'Usados'...
[Worker-4] Intento 1: Popup no encontrado
[Worker-2] Navegación rápida (sin acciones)
[Worker-2] Paso 3/4: Filtro por Marca 'TOYOTA'...
[Worker-5] URLs restantes en urls_autos_random: 2005 | Procesadas en sesión: 6 | Próximo refresco en: 19 URLs
[Worker-5] URL obtenida y bloqueada desde urls_autos_random: https://neoauto.com/auto/usado/jeep-compass-2023-1863431
[Worker-5] Iniciando extracción para: https://neoauto.com/auto/usado/jeep-compass-2023-1863431
[Worker-5] Iniciando navegación...
[Worker-5] Marca extraída: 'jeep'
[Worker-5] Camino elegido (4 pasos).
[Worker-5] Paso 1/4: Página Principal...
[Worker-5] Navegación rápida (sin acciones)
[Worker-5] Paso 2/4: Categoría 'Usados'...
[Worker-5] Navegación rápida (sin acciones)
[Worker-5] Paso 3/4: Filtro por Marca 'JEEP'...
[Worker-2] Navegación rápida (sin acciones)
[Worker-2] Paso 4/4: URL Final...
[Worker-4] Intento 2: Popup no encontrado
[Worker-5] Navegación rápida (sin acciones)
[Worker-5] Paso 4/4: URL Final...
[Worker-2] Scroll INICIAL para activar contenido...
[Worker-8] Intento 1: Popup no encontrado
[Worker-5] Scroll INICIAL para activar contenido...
[Worker-3] Intento 1: Popup no encontrado
[Worker-7] Intento 1: Popup no encontrado
[Worker-1] No apareció popup de cookies
[Worker-1] Intento 1: Page.click: Timeout 1000ms exceeded.
[Worker-1] Call log:
[Worker-1] - waiting for locator("button[class*='close']").locator("svg").locator("xpath=./ancestor::button")
[Worker-4] Intento 3: Popup no encontrado
[Worker-6] Intento 1: Popup no encontrado
[Worker-8] Intento 2: Popup no encontrado
[Worker-4] No se pudo cerrar el popup de satisfacción
[Worker-4] Popups manejados POST-scroll
[Worker-4] Scroll adicional de confirmación...
[Worker-1] Intento 2: Page.click: Timeout 1000ms exceeded.
[Worker-1] Call log:
[Worker-1] - waiting for locator("button[class*='close']").locator("svg").locator("xpath=./ancestor::button")
[Worker-3] Intento 2: Popup no encontrado
[Worker-7] Intento 2: Popup no encontrado
[Worker-4] Título: Toyota Rav4 2017
[Worker-4] Precio: S/ nan
[Worker-4] Kilometraje: inf km
[Worker-4] Ubicación: ¡Arranca tu año sobre ruedas!
[Worker-4] Súbete a tu próximo seminuevo, el auto que mereces.
[Worker-4] ¡Arranca tu año sobre ruedas!
[Worker-4] Súbete a tu próximo seminuevo, el auto que mereces.
[Worker-4] ¡Arranca tu año sobre ruedas!
[Worker-4] Súbete a tu próximo seminuevo, el auto que mereces.
[Worker-4] ¡Arranca tu año sobre ruedas!
[Worker-4] Súbete a tu próximo seminuevo, el auto que mereces.
[Worker-4] Iniciar sesión
[Worker-4] Quiero vender
[Worker-4] Comprar
[Worker-4] Quiero vender
[Worker-4] Financiamiento
[Worker-4] Alquilar
[Worker-4] Nuevo
[Worker-4] Seguros
[Worker-4] Eventos
[Worker-4] Publicidad
[Worker-4] Ver fotos
[Worker-4] Autos usados
[Worker-4] Toyota
[Worker-4] Rav4
[Worker-4] Toyota Rav4 2017
[Worker-4] San Isidro, Lima, Lima
[Worker-4] Publicado hace más de una semana
[Worker-4] 1,471 vistas
[Worker-4] Reportar aviso
[Worker-4] Compartir
[Worker-4] Marcar como favorito
[Worker-4] Toyota Rav4 2017
[Worker-4] Reportar aviso
[Worker-4] Compartir
[Worker-4] Marcar como favorito
[Worker-4] Año modelo
[Worker-4] 2017
[Worker-4] Kilometraje
[Worker-4] 90,000 km
[Worker-4] Transmisión
[Worker-4] Automática - Secuencial
[Worker-4] Descripción
[Worker-4] En excelente estado, uso particular limitado, aire acondicionado, pantalla 12" Android, lunas polarizadas 3M, seguros de todas las partes, aros deportivos originales, llantas en perfecto estado, RT diciembre 2025, SOAT vigente, sin detalles.
[Worker-4] Te recomendamos:
[Worker-4] ¿Te toca renovar tu SOAT?
[Worker-4] Verifica el estado de tu SOAT aquí y evita multas.
[Worker-4] Consultar SOAT
[Worker-4] Alquila autos con Kinto Share
[Worker-4] Que nada frene tus aventuras. Seguro,flexible y con garantia.
[Worker-4] Ver más
[Worker-4] Blog & Noticias
[Worker-4] Entérate de las últimas novedades del sector automotriz.
[Worker-4] Ver más
[Worker-4] Especificaciones técnicas
[Worker-4] Características
[Worker-4] Marca
[Worker-4] Toyota
[Worker-4] Modelo
[Worker-4] RAV4
[Worker-4] Versión
[Worker-4] 2.0 4X2 CVT
[Worker-4] Versión
[Worker-4] 2.0 4X2 CVT
[Worker-4] Año de fabricación
[Worker-4] 2016
[Worker-4] Categoría
[Worker-4] Camioneta
[Worker-4] Combustible
[Worker-4] Gasolina
[Worker-4] Número de puertas
[Worker-4] 5
[Worker-4] Tracción
[Worker-4] 2WD
[Worker-4] Color
[Worker-4] Marrón Oscuro
[Worker-4] Número cilindros
[Worker-4] 4
[Worker-4] Cilindrada
[Worker-4] 2,000 cc
[Worker-4] Equipamiento
[Worker-4] Retrovisores Eléctricos
[Worker-4] Aire Acondicionado
[Worker-4] Computadora de abordo
[Worker-4] Parlantes/Bajos
[Worker-4] Radio MP3
[Worker-4] Exterior
[Worker-4] Aros de Aleación
[Worker-4] Parrilla
[Worker-4] Luces Halógenas
[Worker-4] Seguridad
[Worker-4] Airbag
[Worker-4] Láminas de Seguridad
[Worker-4] Frenos ABS
[Worker-4] Alarma
[Worker-4] Precios y costos
[Worker-4] Este aviso
[Worker-4] US$17,800
[Worker-4] Precio de mercado
[Worker-4] US$18,900*
[Worker-4] Excelente
[Worker-4] Competitivo
[Worker-4] Premium
[Worker-4] (*) Precio referencial
[Worker-4] ¿Cómo se calcula este rango?
[Worker-4] ¿Te toca renovar tu SOAT?
[Worker-4] Verifica el estado de tu SOAT aquí y evita multas.
[Worker-4] Consultar SOAT
[Worker-4] Precio
[Worker-4] US$17,800
[Worker-4] Dscto. por adquirir el Crédito Vehicular
[Worker-4] -US$1,000*
[Worker-4] *Aplica si financias tu auto con Santander Consumer
[Worker-4] Contáctate con el anunciante
[Worker-4] Roberto Ballon
[Worker-4] 950 466...
[Worker-4] Más información
[Worker-4] Beneficios adicionales para ti:
[Worker-4] La mejor opción
[Worker-4] Financia tu auto con Santander Consumer
[Worker-4] Paga desde:
[Worker-4] US$16,800 o
[Worker-4] US$1,467/mes*
[Worker-4] Simular crédito
[Worker-4] (*) Cuota mensual referencial. Calculada a 12 meses, 20% de inicial y TEA de 20.99%. No incluye seguro vehicular.
[Worker-4] Solicita tu Préstamo Personal hasta de S/45,000
[Worker-4] Me interesa
[Worker-4] Seminuevos
[Worker-4] Autos
[Worker-4] Motos
[Worker-4] Camiones
[Worker-4] Usados
[Worker-4] Autos
[Worker-4] Motos
[Worker-4] Camiones
[Worker-4] Nuevos
[Worker-4] Autos
[Worker-4] Camiones
[Worker-4] Ayuda
[Worker-4] Términos y condiciones
[Worker-4] Políticas de publicación
[Worker-4] ¿Cómo protegemos tus datos?
[Worker-4] Legales
[Worker-4] Sobre NeoAuto
[Worker-4] Noticias
[Worker-4] Tips y guías
[Worker-4] Ayuda en línea
[Worker-4] © 2024 NeoAuto Inc. Todos los derechos reservados
[Worker-4] Síguenos
[Worker-4] Descripción: {"@context":"https://schema.org","@graph":[{"@type":"Organization","@id":"https://neoauto.com/#organ...
[Worker-4] Único dueño: No
[Worker-4] Datos guardados en: /home/richgutz/Scraper-Neoauto-ANTIGRAVITY/extractores/results_txt/semanal_result_20260126_172102_206fd7.txt
[Worker-6] Intento 2: Popup no encontrado
[Worker-8] Intento 3: Popup no encontrado
[Worker-8] No se pudo cerrar el popup de satisfacción
[Worker-8] Popups manejados POST-scroll
[Worker-8] Scroll adicional de confirmación...
[Worker-3] Intento 3: Popup no encontrado
[Worker-3] No se pudo cerrar el popup de satisfacción
[Worker-3] Popups manejados POST-scroll
[Worker-3] Scroll adicional de confirmación...
[Worker-4] URLs restantes en urls_autos_random: 2003 | Procesadas en sesión: 6 | Próximo refresco en: 19 URLs
[Worker-7] Intento 3: Popup no encontrado
[Worker-2] No apareció popup de cookies
[Worker-4] URL obtenida y bloqueada desde urls_autos_random: https://neoauto.com/auto/usado/hyundai-sonata-2011-1863175
[Worker-4] Iniciando extracción para: https://neoauto.com/auto/usado/hyundai-sonata-2011-1863175
[Worker-4] Iniciando navegación...
[Worker-4] Marca extraída: 'hyundai'
[Worker-4] Camino elegido (4 pasos).
[Worker-4] Paso 1/4: Página Principal...
[Worker-5] No apareció popup de cookies
[Worker-7] No se pudo cerrar el popup de satisfacción
[Worker-7] Popups manejados POST-scroll
[Worker-7] Scroll adicional de confirmación...
[Worker-2] Intento 1: Page.click: Timeout 1000ms exceeded.
[Worker-2] Call log:
[Worker-2] - waiting for locator("button[class*='close']").locator("svg").locator("xpath=./ancestor::button")
[Worker-8] Título: Subaru Forester 2020
[Worker-6] Intento 3: Popup no encontrado
[Worker-5] Intento 1: Page.click: Timeout 1000ms exceeded.
[Worker-5] Call log:
[Worker-5] - waiting for locator("button[class*='close']").locator("svg").locator("xpath=./ancestor::button")
[Worker-8] Precio: S/ nan
[Worker-8] Kilometraje: 3.20020012345202e+301 km
[Worker-8] Ubicación: ¡Arranca tu año sobre ruedas!
[Worker-8] Súbete a tu próximo seminuevo, el auto que mereces.
[Worker-8] ¡Arranca tu año sobre ruedas!
[Worker-8] Súbete a tu próximo seminuevo, el auto que mereces.
[Worker-8] ¡Arranca tu año sobre ruedas!
[Worker-8] Súbete a tu próximo seminuevo, el auto que mereces.
[Worker-8] ¡Arranca tu año sobre ruedas!
[Worker-8] Súbete a tu próximo seminuevo, el auto que mereces.
[Worker-8] Iniciar sesión
[Worker-8] Quiero vender
[Worker-8] Comprar
[Worker-8] Quiero vender
[Worker-8] Financiamiento
[Worker-8] Alquilar
[Worker-8] Nuevo
[Worker-8] Seguros
[Worker-8] Eventos
[Worker-8] Publicidad
[Worker-8] Ver fotos
[Worker-8] Seminuevo
[Worker-8] Autos usados
[Worker-8] Subaru
[Worker-8] Forester
[Worker-8] Subaru Forester 2020
[Worker-8] Miraflores, Lima, Lima
[Worker-8] Publicado hace más de un mes
[Worker-8] 3,347 vistas
[Worker-8] Reportar aviso
[Worker-8] Compartir
[Worker-8] Marcar como favorito
[Worker-8] Subaru Forester 2020
[Worker-8] Reportar aviso
[Worker-8] Compartir
[Worker-8] Marcar como favorito
[Worker-8] Año modelo
[Worker-8] 2020
[Worker-8] Kilometraje
[Worker-8] 44,000 km
[Worker-8] Transmisión
[Worker-8] Automática - Secuencial
[Worker-8] Descripción
[Worker-8] Vendo lindo Subaru forester, 2.5 cc.AWD SPORT EYESIGHT CBT, 185 HP. 25.2 Kgfm torque, 44000 klm. Asientos de cuero, Rack para bicicletas, Bola de remolque, Excelente estado, Unico dueño.
[Worker-8] Te recomendamos:
[Worker-8] ¿Te toca renovar tu SOAT?
[Worker-8] Verifica el estado de tu SOAT aquí y evita multas.
[Worker-8] Consultar SOAT
[Worker-8] Alquila autos con Kinto Share
[Worker-8] Que nada frene tus aventuras. Seguro,flexible y con garantia.
[Worker-8] Ver más
[Worker-8] Blog & Noticias
[Worker-8] Entérate de las últimas novedades del sector automotriz.
[Worker-8] Ver más
[Worker-8] Especificaciones técnicas
[Worker-8] Características
[Worker-8] Marca
[Worker-8] Subaru
[Worker-8] Modelo
[Worker-8] FORESTER
[Worker-8] Año de fabricación
[Worker-8] 2020
[Worker-8] Categoría
[Worker-8] Camioneta
[Worker-8] Combustible
[Worker-8] Gasolina
[Worker-8] Número de puertas
[Worker-8] 5
[Worker-8] Tracción
[Worker-8] 4x4
[Worker-8] Color
[Worker-8] Negro
[Worker-8] Número cilindros
[Worker-8] 4
[Worker-8] Cilindrada
[Worker-8] 2,500 cc
[Worker-8] Equipamiento
[Worker-8] Retrovisores Eléctricos
[Worker-8] Neblineros
[Worker-8] Aire Acondicionado
[Worker-8] Full Equipo
[Worker-8] Computadora de abordo
[Worker-8] Parlantes/Bajos
[Worker-8] Exterior
[Worker-8] Aros
[Worker-8] Aros de Aleación
[Worker-8] Parrilla
[Worker-8] Luces Halógenas
[Worker-8] Seguridad
[Worker-8] Localizador (GPS)
[Worker-8] Airbag
[Worker-8] Láminas de Seguridad
[Worker-8] Faros antiniebla delantero
[Worker-8] Frenos ABS
[Worker-8] Extras
[Worker-8] Climatizador
[Worker-8] Precios y costos
[Worker-8] Este aviso
[Worker-8] US$23,000
[Worker-8] Precio de mercado
[Worker-8] US$23,900*
[Worker-8] Excelente
[Worker-8] Competitivo
[Worker-8] Premium
[Worker-8] (*) Precio referencial
[Worker-8] ¿Cómo se calcula este rango?
[Worker-8] ¿Te toca renovar tu SOAT?
[Worker-8] Verifica el estado de tu SOAT aquí y evita multas.
[Worker-8] Consultar SOAT
[Worker-8] Precio
[Worker-8] US$23,000
[Worker-8] Contáctate con el anunciante
[Worker-8] Sn Sn
[Worker-8] 997 284...
[Worker-8] Más información
[Worker-8] Beneficios adicionales para ti:
[Worker-8] La mejor opción
[Worker-8] Financia tu auto con Santander Consumer
[Worker-8] Paga desde:
[Worker-8] US$619/mes*
[Worker-8] Simular crédito
[Worker-8] (*) Cuota mensual referencial. Calculada a 60 meses, 20% de inicial y TEA de 20.99%. No incluye seguro vehicular.
[Worker-8] Solicita tu Préstamo Personal hasta de S/45,000
[Worker-8] Me interesa
[Worker-8] Seminuevos
[Worker-8] Autos
[Worker-8] Motos
[Worker-8] Camiones
[Worker-8] Usados
[Worker-8] Autos
[Worker-8] Motos
[Worker-8] Camiones
[Worker-8] Nuevos
[Worker-8] Autos
[Worker-8] Camiones
[Worker-8] Ayuda
[Worker-8] Términos y condiciones
[Worker-8] Políticas de publicación
[Worker-8] ¿Cómo protegemos tus datos?
[Worker-8] Legales
[Worker-8] Sobre NeoAuto
[Worker-8] Noticias
[Worker-8] Tips y guías
[Worker-8] Ayuda en línea
[Worker-8] © 2024 NeoAuto Inc. Todos los derechos reservados
[Worker-8] Síguenos
[Worker-3] Título: Honda Pilot 2015
[Worker-8] Descripción: {"@context":"https://schema.org","@graph":[{"@type":"Organization","@id":"https://neoauto.com/#organ...
[Worker-8] Único dueño: Sí
[Worker-8] Datos guardados en: /home/richgutz/Scraper-Neoauto-ANTIGRAVITY/extractores/results_txt/semanal_result_20260126_172109_aa39b5.txt
[Worker-4] Navegación rápida (sin acciones)
[Worker-4] Paso 2/4: Categoría 'Usados'...
[Worker-3] Precio: S/ nan
[Worker-3] Kilometraje: inf km
[Worker-3] Ubicación: ¡Arranca tu año sobre ruedas!
[Worker-3] Súbete a tu próximo seminuevo, el auto que mereces.
[Worker-3] ¡Arranca tu año sobre ruedas!
[Worker-3] Súbete a tu próximo seminuevo, el auto que mereces.
[Worker-3] ¡Arranca tu año sobre ruedas!
[Worker-3] Súbete a tu próximo seminuevo, el auto que mereces.
[Worker-3] ¡Arranca tu año sobre ruedas!
[Worker-3] Súbete a tu próximo seminuevo, el auto que mereces.
[Worker-3] Iniciar sesión
[Worker-3] Quiero vender
[Worker-3] Comprar
[Worker-3] Quiero vender
[Worker-3] Financiamiento
[Worker-3] Alquilar
[Worker-3] Nuevo
[Worker-3] Seguros
[Worker-3] Eventos
[Worker-3] Publicidad
[Worker-3] Ver fotos
[Worker-3] Autos usados
[Worker-3] Honda
[Worker-3] Pilot
[Worker-3] Honda Pilot 2015
[Worker-3] Santiago de Surco, Lima, Lima
[Worker-3] Publicado hace más de un mes
[Worker-3] 2,463 vistas
[Worker-3] Reportar aviso
[Worker-3] Compartir
[Worker-3] Marcar como favorito
[Worker-3] Honda Pilot 2015
[Worker-3] Reportar aviso
[Worker-3] Compartir
[Worker-3] Marcar como favorito
[Worker-3] Año modelo
[Worker-3] 2015
[Worker-3] Kilometraje
[Worker-3] 50,000 km
[Worker-3] Transmisión
[Worker-3] Automática
[Worker-3] Te recomendamos:
[Worker-3] ¿Te toca renovar tu SOAT?
[Worker-3] Verifica el estado de tu SOAT aquí y evita multas.
[Worker-3] Consultar SOAT
[Worker-3] Alquila autos con Kinto Share
[Worker-3] Que nada frene tus aventuras. Seguro,flexible y con garantia.
[Worker-3] Ver más
[Worker-3] Blog & Noticias
[Worker-3] Entérate de las últimas novedades del sector automotriz.
[Worker-3] Ver más
[Worker-3] Especificaciones técnicas
[Worker-3] Características
[Worker-3] Marca
[Worker-3] Honda
[Worker-3] Modelo
[Worker-3] PILOT
[Worker-3] Versión
[Worker-3] EXL
[Worker-3] Versión
[Worker-3] EXL
[Worker-3] Año de fabricación
[Worker-3] 2015
[Worker-3] Categoría
[Worker-3] Camioneta
[Worker-3] Combustible
[Worker-3] Gasolina
[Worker-3] Número de puertas
[Worker-3] 5
[Worker-3] Tracción
[Worker-3] 4x4
[Worker-3] Color
[Worker-3] Azul
[Worker-3] Número cilindros
[Worker-3] 6
[Worker-3] Cilindrada
[Worker-3] 3,471 cc
[Worker-3] Equipamiento
[Worker-3] Neblineros
[Worker-3] Aire Acondicionado
[Worker-3] Full Equipo
[Worker-3] Computadora de abordo
[Worker-3] Parlantes/Bajos
[Worker-3] Radio CD
[Worker-3] Radio MP3
[Worker-3] Retrovisores Eléctricos
[Worker-3] Exterior
[Worker-3] Luces Halógenas
[Worker-3] Parrilla
[Worker-3] Aros de Aleación
[Worker-3] Aros
[Worker-3] Seguridad
[Worker-3] Airbag
[Worker-3] Láminas de Seguridad
[Worker-3] Faros antiniebla delantero
[Worker-3] Faros antiniebla traseros
[Worker-3] Inmovilizador de motor
[Worker-3] Repartidor electrónico de frenado
[Worker-3] Frenos ABS
[Worker-3] Alarma
[Worker-3] Extras
[Worker-3] Sunroof
[Worker-3] Asientos de cuero
[Worker-3] Climatizador
[Worker-3] Precios y costos
[Worker-3] Este aviso
[Worker-3] US$25,000
[Worker-3] Precio de mercado
[Worker-3] US$25,000*
[Worker-3] Excelente
[Worker-3] Competitivo
[Worker-3] Premium
[Worker-3] (*) Precio referencial
[Worker-3] ¿Cómo se calcula este rango?
[Worker-3] ¿Te toca renovar tu SOAT?
[Worker-3] Verifica el estado de tu SOAT aquí y evita multas.
[Worker-3] Consultar SOAT
[Worker-3] Precio
[Worker-3] US$25,000
[Worker-3] Contáctate con el anunciante
[Worker-3] Sn Sn
[Worker-3] 999 641...
[Worker-3] Más información
[Worker-3] Beneficios adicionales para ti:
[Worker-3] La mejor opción
[Worker-3] Financia tu auto con Santander Consumer
[Worker-3] Paga desde:
[Worker-3] US$2,051/mes*
[Worker-3] Simular crédito
[Worker-3] (*) Cuota mensual referencial. Calculada a 12 meses, 20% de inicial y TEA de 20.99%. No incluye seguro vehicular.
[Worker-3] Solicita tu Préstamo Personal hasta de S/45,000
[Worker-3] Me interesa
[Worker-3] Vehículos similares
[Worker-3] Ver todos los vehículos
[Worker-3] Unico Dueño
[Worker-3] Honda Pilot 2022
[Worker-3] 61,000km
[Worker-3] TOURING
[Worker-3] Automática - Se...
[Worker-3] Gasolina
[Worker-3] Precio
[Worker-3] US$35,000
[Worker-3] Con Crédito Vehicular
[Worker-3] US$34,000
[Worker-3] Ver detalle
[Worker-3] Vehículo de: Dante felices yupa
[Worker-3] De lujo
[Worker-3] Honda Cr-V 2019
[Worker-3] 62,000km
[Worker-3] EXL-T 4X4 AT
[Worker-3] Automática
[Worker-3] Gasolina
[Worker-3] Precio
[Worker-3] US$23,000
[Worker-3] Con Crédito Vehicular
[Worker-3] US$22,000
[Worker-3] Ver detalle
[Worker-3] Vehículo de: Luis Pretell
[Worker-3] Honda Cr-V 2023
[Worker-3] 44,000km
[Worker-3] EXL
[Worker-3] Automática
[Worker-3] Gasolina
[Worker-3] Precio
[Worker-3] US$36,300
[Worker-3] Con Crédito Vehicular
[Worker-3] US$35,300
[Worker-3] Ver detalle
[Worker-3] Vehículo de: EDWARD ZEGARRA
[Worker-3] Honda Hrv 2022
[Worker-3] 17,500km
[Worker-3] Automática
[Worker-3] Gasolina
[Worker-3] Precio
[Worker-3] US$20,500
[Worker-3] Con Crédito Vehicular
[Worker-3] US$553/mes
[Worker-3] Ver detalle
[Worker-3] Vehículo de: Julie Vergara Solís
[Worker-3] Unico Dueño
[Worker-3] Honda Hrv 2019
[Worker-3] 45,500km
[Worker-3] MT
[Worker-3] Mecánica
[Worker-3] Gasolina
[Worker-3] Precio
[Worker-3] US$18,000
[Worker-3] Con Crédito Vehicular
[Worker-3] US$17,000
[Worker-3] Ver detalle
[Worker-3] Vehículo de: Karen Garcia
[Worker-3] Auto verificado
[Worker-3] Premium
[Worker-3] Honda Wr-V 2018
[Worker-3] 83,000km
[Worker-3] EX CVT
[Worker-3] Automática
[Worker-3] Gasolina
[Worker-3] Precio
[Worker-3] US$11,900
[Worker-3] Con Crédito Vehicular
[Worker-3] US$10,900
[Worker-3] Ver detalle
[Worker-3] Vehículo de: Magda Llaja López
[Worker-3] Honda Wr-V 2019
[Worker-3] 79,982km
[Worker-3] EX CVT
[Worker-3] Mecánica
[Worker-3] Gasolina
[Worker-3] Precio
[Worker-3] US$13,500
[Worker-3] Con Crédito Vehicular
[Worker-3] US$12,500
[Worker-3] Ver detalle
[Worker-3] Vehículo de: pedro bloombergg
[Worker-3] Honda Wr-V 2019
[Worker-3] 40,300km
[Worker-3] Mecánica
[Worker-3] Gasolina
[Worker-3] Precio
[Worker-3] US$14,000
[Worker-3] Con Crédito Vehicular
[Worker-3] US$507/mes
[Worker-3] Ver detalle
[Worker-3] Vehículo de: Heydin Reátegui
[Worker-3] Seminuevos
[Worker-3] Autos
[Worker-3] Motos
[Worker-3] Camiones
[Worker-3] Usados
[Worker-3] Autos
[Worker-3] Motos
[Worker-3] Camiones
[Worker-3] Nuevos
[Worker-3] Autos
[Worker-3] Camiones
[Worker-3] Ayuda
[Worker-3] Términos y condiciones
[Worker-3] Políticas de publicación
[Worker-3] ¿Cómo protegemos tus datos?
[Worker-3] Legales
[Worker-3] Sobre NeoAuto
[Worker-3] Noticias
[Worker-3] Tips y guías
[Worker-3] Ayuda en línea
[Worker-3] © 2024 NeoAuto Inc. Todos los derechos reservados
[Worker-3] Síguenos
[Worker-3] Descripción: {"@context":"https://schema.org","@graph":[{"@type":"Organization","@id":"https://neoauto.com/#organ...
[Worker-3] Único dueño: Sí
[Worker-3] Datos guardados en: /home/richgutz/Scraper-Neoauto-ANTIGRAVITY/extractores/results_txt/semanal_result_20260126_172109_61fc12.txt
[Worker-6] No se pudo cerrar el popup de satisfacción
[Worker-6] Popups manejados POST-scroll
[Worker-6] Scroll adicional de confirmación...
[Worker-2] Intento 2: Page.click: Timeout 1000ms exceeded.
[Worker-2] Call log:
[Worker-2] - waiting for locator("button[class*='close']").locator("svg").locator("xpath=./ancestor::button")
[Worker-7] Título: Kia Rio 2022
[Worker-5] Intento 2: Page.click: Timeout 1000ms exceeded.
[Worker-5] Call log:
[Worker-5] - waiting for locator("button[class*='close']").locator("svg").locator("xpath=./ancestor::button")
[Worker-7] Precio: S/ nan
[Worker-7] Kilometraje: inf km
[Worker-7] Ubicación: ¡Arranca tu año sobre ruedas!
[Worker-7] Súbete a tu próximo seminuevo, el auto que mereces.
[Worker-7] ¡Arranca tu año sobre ruedas!
[Worker-7] Súbete a tu próximo seminuevo, el auto que mereces.
[Worker-7] ¡Arranca tu año sobre ruedas!
[Worker-7] Súbete a tu próximo seminuevo, el auto que mereces.
[Worker-7] ¡Arranca tu año sobre ruedas!
[Worker-7] Súbete a tu próximo seminuevo, el auto que mereces.
[Worker-7] Iniciar sesión
[Worker-7] Quiero vender
[Worker-7] Comprar
[Worker-7] Quiero vender
[Worker-7] Financiamiento
[Worker-7] Alquilar
[Worker-7] Nuevo
[Worker-7] Seguros
[Worker-7] Eventos
[Worker-7] Publicidad
[Worker-7] Ver fotos
[Worker-7] Autos usados
[Worker-7] Kia
[Worker-7] Rio
[Worker-7] Kia Rio 2022
[Worker-7] Ica, Ica, Ica
[Worker-7] Publicado hace más de una semana
[Worker-7] 1,571 vistas
[Worker-7] Reportar aviso
[Worker-7] Compartir
[Worker-7] Marcar como favorito
[Worker-7] Kia Rio 2022
[Worker-7] Reportar aviso
[Worker-7] Compartir
[Worker-7] Marcar como favorito
[Worker-7] Año modelo
[Worker-7] 2022
[Worker-7] Kilometraje
[Worker-7] 23,000 km
[Worker-7] Transmisión
[Worker-7] Automática
[Worker-7] Descripción
[Worker-7] Auto en excelente estado de conservacion , solo para uso particular , uso de jubilado , es full equipo , automatico , poco kilometraje , segundo dueño , el auto no presenta ninguna falla .
[Worker-7] Te recomendamos:
[Worker-7] ¿Te toca renovar tu SOAT?
[Worker-7] Verifica el estado de tu SOAT aquí y evita multas.
[Worker-7] Consultar SOAT
[Worker-7] Alquila autos con Kinto Share
[Worker-7] Que nada frene tus aventuras. Seguro,flexible y con garantia.
[Worker-7] Ver más
[Worker-7] Blog & Noticias
[Worker-7] Entérate de las últimas novedades del sector automotriz.
[Worker-7] Ver más
[Worker-7] Especificaciones técnicas
[Worker-7] Características
[Worker-7] Marca
[Worker-7] Kia
[Worker-7] Modelo
[Worker-7] RIO
[Worker-7] Versión
[Worker-7] AT FULL
[Worker-7] Año de fabricación
[Worker-7] 2022
[Worker-7] Categoría
[Worker-7] Sedán
[Worker-7] Combustible
[Worker-7] Dual
[Worker-7] Número de puertas
[Worker-7] 5
[Worker-7] Tracción
[Worker-7] 2WD
[Worker-7] Color
[Worker-7] Plata
[Worker-7] Número cilindros
[Worker-7] 4
[Worker-7] Cilindrada
[Worker-7] 1,300 cc
[Worker-7] Equipamiento
[Worker-7] Retrovisores Eléctricos
[Worker-7] Aire Acondicionado
[Worker-7] Full Equipo
[Worker-7] Parlantes/Bajos
[Worker-7] Radio MP3
[Worker-7] Exterior
[Worker-7] Aros de Aleación
[Worker-7] Seguridad
[Worker-7] Airbag
[Worker-7] Repartidor electrónico de frenado
[Worker-7] Frenos ABS
[Worker-7] Alarma
[Worker-7] Extras
[Worker-7] Climatizador
[Worker-7] Precios y costos
[Worker-7] Aún no tenemos suficiente información para determinar un rango de precio para este vehículo.
[Worker-7] Excelente
[Worker-7] Competitivo
[Worker-7] Premium
[Worker-7] (*) Precio referencial
[Worker-7] ¿Cómo se calcula este rango?
[Worker-7] ¿Te toca renovar tu SOAT?
[Worker-7] Verifica el estado de tu SOAT aquí y evita multas.
[Worker-7] Consultar SOAT
[Worker-7] Precio
[Worker-7] US$13,999
[Worker-7] Dscto. por adquirir el Crédito Vehicular
[Worker-7] -US$1,000*
[Worker-7] *Aplica si financias tu auto con Santander Consumer
[Worker-7] Contáctate con el anunciante
[Worker-7] Robert Moyano
[Worker-7] 966 399...
[Worker-7] Más información
[Worker-7] Beneficios adicionales para ti:
[Worker-7] La mejor opción
[Worker-7] Financia tu auto con Santander Consumer
[Worker-7] Paga desde:
[Worker-7] US$12,999 o
[Worker-7] US$381/mes*
[Worker-7] Simular crédito
[Worker-7] (*) Cuota mensual referencial. Calculada a 60 meses, 20% de inicial y TEA de 20.99%. No incluye seguro vehicular.
[Worker-7] Solicita tu Préstamo Personal hasta de S/45,000
[Worker-7] Me interesa
[Worker-7] Seminuevos
[Worker-7] Autos
[Worker-7] Motos
[Worker-7] Camiones
[Worker-7] Usados
[Worker-7] Autos
[Worker-7] Motos
[Worker-7] Camiones
[Worker-7] Nuevos
[Worker-7] Autos
[Worker-7] Camiones
[Worker-7] Ayuda
[Worker-7] Términos y condiciones
[Worker-7] Políticas de publicación
[Worker-7] ¿Cómo protegemos tus datos?
[Worker-7] Legales
[Worker-7] Sobre NeoAuto
[Worker-7] Noticias
[Worker-7] Tips y guías
[Worker-7] Ayuda en línea
[Worker-7] © 2024 NeoAuto Inc. Todos los derechos reservados
[Worker-7] Síguenos
[Worker-7] Descripción: {"@context":"https://schema.org","@graph":[{"@type":"Organization","@id":"https://neoauto.com/#organ...
[Worker-7] Único dueño: No
[Worker-7] Datos guardados en: /home/richgutz/Scraper-Neoauto-ANTIGRAVITY/extractores/results_txt/semanal_result_20260126_172110_722bfe.txt
[Worker-4] Navegación rápida (sin acciones)
[Worker-4] Paso 3/4: Filtro por Marca 'HYUNDAI'...
[Worker-6] Título: Jeep Grand Cherokee Limited 2016
[Worker-6] Precio: S/ nan
[Worker-6] Kilometraje: inf km
[Worker-6] Ubicación: ¡Arranca tu año sobre ruedas!
[Worker-6] Súbete a tu próximo seminuevo, el auto que mereces.
[Worker-6] ¡Arranca tu año sobre ruedas!
[Worker-6] Súbete a tu próximo seminuevo, el auto que mereces.
[Worker-6] ¡Arranca tu año sobre ruedas!
[Worker-6] Súbete a tu próximo seminuevo, el auto que mereces.
[Worker-6] ¡Arranca tu año sobre ruedas!
[Worker-6] Súbete a tu próximo seminuevo, el auto que mereces.
[Worker-6] Iniciar sesión
[Worker-6] Quiero vender
[Worker-6] Comprar
[Worker-6] Quiero vender
[Worker-6] Financiamiento
[Worker-6] Alquilar
[Worker-6] Nuevo
[Worker-6] Seguros
[Worker-6] Eventos
[Worker-6] Publicidad
[Worker-6] Ver fotos
[Worker-6] Super equipado
[Worker-6] Autos usados
[Worker-6] Jeep
[Worker-6] Grand Cherokee Limited
[Worker-6] Jeep Grand Cherokee Limited 2016
[Worker-6] Cajamarca, Cajamarca, Cajamarca
[Worker-6] Publicado hace más de una semana
[Worker-6] 379 vistas
[Worker-6] Reportar aviso
[Worker-6] Compartir
[Worker-6] Marcar como favorito
[Worker-6] Jeep Grand Cherokee Limited 2016
[Worker-6] Reportar aviso
[Worker-6] Compartir
[Worker-6] Marcar como favorito
[Worker-6] Año modelo
[Worker-6] 2016
[Worker-6] Kilometraje
[Worker-6] 62,000 km
[Worker-6] Transmisión
[Worker-6] Automática - Secuencial
[Worker-6] Descripción
[Worker-6] CAMIONETA JEEP GRAND CHEROKEE LIMITED, POCO KM, FULL EQUIPO,
[Worker-6] Te recomendamos:
[Worker-6] ¿Te toca renovar tu SOAT?
[Worker-6] Verifica el estado de tu SOAT aquí y evita multas.
[Worker-6] Consultar SOAT
[Worker-6] Alquila autos con Kinto Share
[Worker-6] Que nada frene tus aventuras. Seguro,flexible y con garantia.
[Worker-6] Ver más
[Worker-6] Blog & Noticias
[Worker-6] Entérate de las últimas novedades del sector automotriz.
[Worker-6] Ver más
[Worker-6] Especificaciones técnicas
[Worker-6] Características
[Worker-6] Marca
[Worker-6] Jeep
[Worker-6] Modelo
[Worker-6] GRAND CHEROKEE LIMITED
[Worker-6] Versión
[Worker-6] GRAND CHEROKEE LIMITED
[Worker-6] Año de fabricación
[Worker-6] 2016
[Worker-6] Categoría
[Worker-6] Camioneta
[Worker-6] Combustible
[Worker-6] Gasolina
[Worker-6] Número de puertas
[Worker-6] 5
[Worker-6] Tracción
[Worker-6] 4x4
[Worker-6] Color
[Worker-6] Negro Perlado
[Worker-6] Número cilindros
[Worker-6] 6
[Worker-6] Cilindrada
[Worker-6] 3,500 cc
[Worker-6] Equipamiento
[Worker-6] Neblineros
[Worker-6] Aire Acondicionado
[Worker-6] Full Equipo
[Worker-6] Computadora de abordo
[Worker-6] Parlantes/Bajos
[Worker-6] Radio CD
[Worker-6] Radio MP3
[Worker-6] Retrovisores Eléctricos
[Worker-6] Exterior
[Worker-6] Luces Halógenas
[Worker-6] Aros
[Worker-6] Seguridad
[Worker-6] Airbag
[Worker-6] Láminas de Seguridad
[Worker-6] Faros antiniebla delantero
[Worker-6] Faros antiniebla traseros
[Worker-6] Repartidor electrónico de frenado
[Worker-6] Frenos ABS
[Worker-6] Extras
[Worker-6] Sunroof
[Worker-6] Asientos de cuero
[Worker-6] Climatizador
[Worker-6] Precios y costos
[Worker-6] Este aviso
[Worker-6] US$23,800
[Worker-6] Precio de mercado
[Worker-6] US$23,850*
[Worker-6] Excelente
[Worker-6] Competitivo
[Worker-6] Premium
[Worker-6] (*) Precio referencial
[Worker-6] ¿Cómo se calcula este rango?
[Worker-6] ¿Te toca renovar tu SOAT?
[Worker-6] Verifica el estado de tu SOAT aquí y evita multas.
[Worker-6] Consultar SOAT
[Worker-6] Precio
[Worker-6] US$23,800
[Worker-6] Dscto. por adquirir el Crédito Vehicular
[Worker-6] -US$1,000*
[Worker-6] *Aplica si financias tu auto con Santander Consumer
[Worker-6] Contáctate con el anunciante
[Worker-6] Eduardo Soto Cotrina
[Worker-6] 965 401...
[Worker-6] Más información
[Worker-6] Beneficios adicionales para ti:
[Worker-6] La mejor opción
[Worker-6] Financia tu auto con Santander Consumer
[Worker-6] Paga desde:
[Worker-6] US$22,800 o
[Worker-6] US$1,954/mes*
[Worker-6] Simular crédito
[Worker-6] (*) Cuota mensual referencial. Calculada a 12 meses, 20% de inicial y TEA de 20.99%. No incluye seguro vehicular.
[Worker-6] Solicita tu Préstamo Personal hasta de S/45,000
[Worker-6] Me interesa
[Worker-6] Seminuevos
[Worker-6] Autos
[Worker-6] Motos
[Worker-6] Camiones
[Worker-6] Usados
[Worker-6] Autos
[Worker-6] Motos
[Worker-6] Camiones
[Worker-6] Nuevos
[Worker-6] Autos
[Worker-6] Camiones
[Worker-6] Ayuda
[Worker-6] Términos y condiciones
[Worker-6] Políticas de publicación
[Worker-6] ¿Cómo protegemos tus datos?
[Worker-6] Legales
[Worker-6] Sobre NeoAuto
[Worker-6] Noticias
[Worker-6] Tips y guías
[Worker-6] Ayuda en línea
[Worker-6] © 2024 NeoAuto Inc. Todos los derechos reservados
[Worker-6] Síguenos
[Worker-6] Descripción: {"@context":"https://schema.org","@graph":[{"@type":"Organization","@id":"https://neoauto.com/#organ...
[Worker-6] Único dueño: No
[Worker-6] Datos guardados en: /home/richgutz/Scraper-Neoauto-ANTIGRAVITY/extractores/results_txt/semanal_result_20260126_172112_5708ed.txt
[Worker-8] URLs restantes en urls_autos_random: 2002 | Procesadas en sesión: 6 | Próximo refresco en: 19 URLs
[Worker-7] URLs restantes en urls_autos_random: 2002 | Procesadas en sesión: 6 | Próximo refresco en: 19 URLs
[Worker-4] Navegación rápida (sin acciones)
[Worker-4] Paso 4/4: URL Final...
[Worker-3] URLs restantes en urls_autos_random: 2001 | Procesadas en sesión: 6 | Próximo refresco en: 19 URLs
[Worker-8] URL obtenida y bloqueada desde urls_autos_random: https://neoauto.com/auto/usado/audi-a3-sedan-2016-1852527
[Worker-8] Iniciando extracción para: https://neoauto.com/auto/usado/audi-a3-sedan-2016-1852527
[Worker-8] Iniciando navegación...
[Worker-8] Marca extraída: 'audi'
[Worker-8] Camino elegido (4 pasos).
[Worker-8] Paso 1/4: Página Principal...
[Worker-7] URL obtenida y bloqueada desde urls_autos_random: https://neoauto.com/auto/usado/mercedes-benz-c-200-coupe-2018-1856150
[Worker-7] Iniciando extracción para: https://neoauto.com/auto/usado/mercedes-benz-c-200-coupe-2018-1856150
[Worker-7] Iniciando navegación...
[Worker-7] Marca extraída: 'mercedes'
[Worker-7] Camino elegido (4 pasos).
[Worker-7] Paso 1/4: Página Principal...
[Worker-3] URL obtenida y bloqueada desde urls_autos_random: https://neoauto.com/auto/usado/ford-territory-2023-1858363
[Worker-3] Iniciando extracción para: https://neoauto.com/auto/usado/ford-territory-2023-1858363
[Worker-3] Iniciando navegación...
[Worker-3] Marca extraída: 'ford'
[Worker-3] Camino elegido (4 pasos).
[Worker-3] Paso 1/4: Página Principal...
[Worker-3] Navegación rápida (sin acciones)
[Worker-3] Paso 2/4: Categoría 'Usados'...
[Worker-7] Navegación rápida (sin acciones)
[Worker-7] Paso 2/4: Categoría 'Usados'...
[Worker-8] Navegación rápida (sin acciones)
[Worker-8] Paso 2/4: Categoría 'Usados'...
[Worker-4] Scroll INICIAL para activar contenido...
[Worker-3] Navegación rápida (sin acciones)
[Worker-3] Paso 3/4: Filtro por Marca 'FORD'...
[Worker-6] URLs restantes en urls_autos_random: 1998 | Procesadas en sesión: 6 | Próximo refresco en: 19 URLs
[Worker-7] Navegación rápida (sin acciones)
[Worker-7] Paso 3/4: Filtro por Marca 'MERCEDES'...
[Worker-8] Navegación rápida (sin acciones)
[Worker-8] Paso 3/4: Filtro por Marca 'AUDI'...
[Worker-6] URL obtenida y bloqueada desde urls_autos_random: https://neoauto.com/auto/usado/kia-rio-2014-1858914
[Worker-6] Iniciando extracción para: https://neoauto.com/auto/usado/kia-rio-2014-1858914
[Worker-6] Iniciando navegación...
[Worker-6] Marca extraída: 'kia'
[Worker-6] Camino elegido (4 pasos).
[Worker-6] Paso 1/4: Página Principal...
[Worker-1] Intento 1: Popup no encontrado
[Worker-3] Navegación rápida (sin acciones)
[Worker-3] Paso 4/4: URL Final...
[Worker-8] Navegación rápida (sin acciones)
[Worker-8] Paso 4/4: URL Final...
[Worker-6] Navegación rápida (sin acciones)
[Worker-6] Paso 2/4: Categoría 'Usados'...
[Worker-3] Scroll INICIAL para activar contenido...
[Worker-8] Scroll INICIAL para activar contenido...
[Worker-7] Navegación rápida (sin acciones)
[Worker-7] Paso 4/4: URL Final...
[Worker-6] Navegación rápida (sin acciones)
[Worker-6] Paso 3/4: Filtro por Marca 'KIA'...
[Worker-1] Intento 2: Popup no encontrado
[Worker-7] Scroll INICIAL para activar contenido...
[Worker-6] Navegación rápida (sin acciones)
[Worker-6] Paso 4/4: URL Final...
[Worker-6] Scroll INICIAL para activar contenido...
[Worker-1] Intento 3: Popup no encontrado
[Worker-2] Intento 1: Popup no encontrado
[Worker-5] Intento 1: Popup no encontrado
[Worker-1] No se pudo cerrar el popup de satisfacción
[Worker-1] Popups manejados POST-scroll
[Worker-1] Scroll adicional de confirmación...
[Worker-4] No apareció popup de cookies
[Worker-1] Título: Toyota Corolla 2015
[Worker-1] Precio: S/ nan
[Worker-1] Kilometraje: inf km
[Worker-1] Ubicación: ¡Arranca tu año sobre ruedas!
[Worker-1] Súbete a tu próximo seminuevo, el auto que mereces.
[Worker-1] ¡Arranca tu año sobre ruedas!
[Worker-1] Súbete a tu próximo seminuevo, el auto que mereces.
[Worker-1] ¡Arranca tu año sobre ruedas!
[Worker-1] Súbete a tu próximo seminuevo, el auto que mereces.
[Worker-1] ¡Arranca tu año sobre ruedas!
[Worker-1] Súbete a tu próximo seminuevo, el auto que mereces.
[Worker-1] Iniciar sesión
[Worker-1] Quiero vender
[Worker-1] Comprar
[Worker-1] Quiero vender
[Worker-1] Financiamiento
[Worker-1] Alquilar
[Worker-1] Nuevo
[Worker-1] Seguros
[Worker-1] Eventos
[Worker-1] Publicidad
[Worker-1] Ver fotos
[Worker-1] Autos usados
[Worker-1] Toyota
[Worker-1] Corolla
[Worker-1] Toyota Corolla 2015
[Worker-1] Jesus Maria, Lima, Lima
[Worker-1] Publicado hace más de un mes
[Worker-1] 4,823 vistas
[Worker-1] Reportar aviso
[Worker-1] Compartir
[Worker-1] Marcar como favorito
[Worker-1] Toyota Corolla 2015
[Worker-1] Reportar aviso
[Worker-1] Compartir
[Worker-1] Marcar como favorito
[Worker-1] Año modelo
[Worker-1] 2015
[Worker-1] Kilometraje
[Worker-1] 65,000 km
[Worker-1] Transmisión
[Worker-1] Mecánica
[Worker-1] Descripción
[Worker-1] AUTO EN EXCELENTE ESTADO, UNICO DUEÑO, SOLO USO PARTICULAR. VERSION PREMIUM TIENE SUNROOF ELECTRICO, PANTALLA MULTIMEDIA, CAMARA Y SENSORES DE RETROCESO, LUNAS Y ESPEJOS ELECTRICOS, SENSORES EN LAS PUERTAS , ENCENDIDO POR BOTON, ASIENTOS TIP CUERO.
[Worker-1] Te recomendamos:
[Worker-1] ¿Te toca renovar tu SOAT?
[Worker-1] Verifica el estado de tu SOAT aquí y evita multas.
[Worker-1] Consultar SOAT
[Worker-1] Alquila autos con Kinto Share
[Worker-1] Que nada frene tus aventuras. Seguro,flexible y con garantia.
[Worker-1] Ver más
[Worker-1] Blog & Noticias
[Worker-1] Entérate de las últimas novedades del sector automotriz.
[Worker-1] Ver más
[Worker-1] Especificaciones técnicas
[Worker-1] Características
[Worker-1] Marca
[Worker-1] Toyota
[Worker-1] Modelo
[Worker-1] COROLLA
[Worker-1] Versión
[Worker-1] PREMIUM 1.8 MT
[Worker-1] Versión
[Worker-1] PREMIUM 1.8 MT
[Worker-1] Año de fabricación
[Worker-1] 2014
[Worker-1] Categoría
[Worker-1] Sedán
[Worker-1] Combustible
[Worker-1] Gasolina
[Worker-1] Número de puertas
[Worker-1] 4
[Worker-1] Tracción
[Worker-1] 4x2
[Worker-1] Color
[Worker-1] Azul acero
[Worker-1] Número cilindros
[Worker-1] 4
[Worker-1] Cilindrada
[Worker-1] 1,800 cc
[Worker-1] Precios y costos
[Worker-1] Este aviso
[Worker-1] US$15,500
[Worker-1] Precio de mercado
[Worker-1] US$13,250*
[Worker-1] Excelente
[Worker-1] Competitivo
[Worker-1] Premium
[Worker-1] (*) Precio referencial
[Worker-1] ¿Cómo se calcula este rango?
[Worker-1] ¿Te toca renovar tu SOAT?
[Worker-1] Verifica el estado de tu SOAT aquí y evita multas.
[Worker-1] Consultar SOAT
[Worker-1] Precio
[Worker-1] US$15,500
[Worker-1] Contáctate con el anunciante
[Worker-1] Danyel Herrera Ore
[Worker-1] 965 009...
[Worker-1] Más información
[Worker-1] Beneficios adicionales para ti:
[Worker-1] La mejor opción
[Worker-1] Financia tu auto con Santander Consumer
[Worker-1] Paga desde:
[Worker-1] US$1,280/mes*
[Worker-1] Simular crédito
[Worker-1] (*) Cuota mensual referencial. Calculada a 12 meses, 20% de inicial y TEA de 20.99%. No incluye seguro vehicular.
[Worker-1] Solicita tu Préstamo Personal hasta de S/45,000
[Worker-1] Me interesa
[Worker-1] Vehículos similares
[Worker-1] Ver todos los vehículos
[Worker-1] Premium
[Worker-1] Toyota Corolla 2022
[Worker-1] 54,000km
[Worker-1] Automática - Se...
[Worker-1] Gasolina
[Worker-1] Precio
[Worker-1] US$20,000
[Worker-1] Con Crédito Vehicular
[Worker-1] US$19,000
[Worker-1] Ver detalle
[Worker-1] Vehículo de: Darwin Verde reyes
[Worker-1] Toyota Corolla 2015
[Worker-1] 75,000km
[Worker-1] Automática
[Worker-1] Gasolina
[Worker-1] Precio
[Worker-1] US$13,000
[Worker-1] Con Crédito Vehicular
[Worker-1] US$12,000
[Worker-1] Ver detalle
[Worker-1] Vehículo de: Walter Carhuas
[Worker-1] Premium
[Worker-1] Toyota Camry 2008
[Worker-1] 175,000km
[Worker-1] GX 3.5 A/T
[Worker-1] Automática - Se...
[Worker-1] Gasolina
[Worker-1] Precio
[Worker-1] US$8,171
[Worker-1] Ver detalle
[Worker-1] Vehículo de: Luis Seminario Molina
[Worker-1] Toyota Camry 1994
[Worker-1] 355,540km
[Worker-1] Automática
[Worker-1] Diesel
[Worker-1] Precio
[Worker-1] US$3,500
[Worker-1] Ver detalle
[Worker-1] Vehículo de: SN SN
[Worker-1] Toyota Avensis 2017
[Worker-1] 83,000km
[Worker-1] 2.0 A/T
[Worker-1] Automática - Se...
[Worker-1] Gasolina
[Worker-1] Precio
[Worker-1] US$14,800
[Worker-1] Con Crédito Vehicular
[Worker-1] US$1,224/mes
[Worker-1] Ver detalle
[Worker-1] Vehículo de: Brian Morris
[Worker-1] Auto verificado
[Worker-1] Premium
[Worker-1] Bmw 520-I 2014
[Worker-1] 90,000km
[Worker-1] SEDAN AT 2.0
[Worker-1] Automática - Se...
[Worker-1] Gasolina
[Worker-1] Precio
[Worker-1] US$15,000
[Worker-1] Con Crédito Vehicular
[Worker-1] US$14,000
[Worker-1] Ver detalle
[Worker-1] Vehículo de: Diego Herrera
[Worker-1] Auto verificado
[Worker-1] Volkswagen Gol 2023
[Worker-1] 72,000km
[Worker-1] Mecánica
[Worker-1] Dual
[Worker-1] Precio
[Worker-1] US$11,500
[Worker-1] Con Crédito Vehicular
[Worker-1] US$10,500
[Worker-1] Ver detalle
[Worker-1] Vehículo de: Diego Franco Silva
[Worker-1] De lujo
[Worker-1] Jaguar Xj 2017
[Worker-1] 67,000km
[Worker-1] PREMIUM LUXURY
[Worker-1] Automática
[Worker-1] Gasolina
[Worker-1] Precio
[Worker-1] US$37,500
[Worker-1] Con Crédito Vehicular
[Worker-1] US$36,500
[Worker-1] Ver detalle
[Worker-1] Vehículo de: Diego Sandoval
[Worker-1] Seminuevos
[Worker-1] Autos
[Worker-1] Motos
[Worker-1] Camiones
[Worker-1] Usados
[Worker-1] Autos
[Worker-1] Motos
[Worker-1] Camiones
[Worker-1] Nuevos
[Worker-1] Autos
[Worker-1] Camiones
[Worker-1] Ayuda
[Worker-1] Términos y condiciones
[Worker-1] Políticas de publicación
[Worker-1] ¿Cómo protegemos tus datos?
[Worker-1] Legales
[Worker-1] Sobre NeoAuto
[Worker-1] Noticias
[Worker-1] Tips y guías
[Worker-1] Ayuda en línea
[Worker-1] © 2024 NeoAuto Inc. Todos los derechos reservados
[Worker-1] Síguenos
[Worker-1] Descripción: {"@context":"https://schema.org","@graph":[{"@type":"Organization","@id":"https://neoauto.com/#organ...
[Worker-1] Único dueño: Sí
[Worker-1] Datos guardados en: /home/richgutz/Scraper-Neoauto-ANTIGRAVITY/extractores/results_txt/semanal_result_20260126_172133_cbb051.txt
[Worker-4] Intento 1: Page.click: Timeout 1000ms exceeded.
[Worker-4] Call log:
[Worker-4] - waiting for locator("button[class*='close']").locator("svg").locator("xpath=./ancestor::button")
[Worker-2] Intento 2: Popup no encontrado
[Worker-5] Intento 2: Popup no encontrado
[Worker-4] Intento 2: Page.click: Timeout 1000ms exceeded.
[Worker-4] Call log:
[Worker-4] - waiting for locator("button[class*='close']").locator("svg").locator("xpath=./ancestor::button")
[Worker-8] No apareció popup de cookies
[Worker-1] URLs restantes en urls_autos_random: 1997 | Procesadas en sesión: 7 | Próximo refresco en: 18 URLs
[Worker-8] Intento 1: Page.click: Timeout 1000ms exceeded.
[Worker-8] Call log:
[Worker-8] - waiting for locator("button[class*='close']").locator("svg").locator("xpath=./ancestor::button")
[Worker-1] URL obtenida y bloqueada desde urls_autos_random: https://neoauto.com/auto/usado/toyota-hilux-2022-1858815
[Worker-1] Iniciando extracción para: https://neoauto.com/auto/usado/toyota-hilux-2022-1858815
[Worker-1] Iniciando navegación...
[Worker-1] Marca extraída: 'toyota'
[Worker-1] Camino elegido (4 pasos).
[Worker-1] Paso 1/4: Página Principal...
[Worker-2] Intento 3: Popup no encontrado
[Worker-7] No apareció popup de cookies
[Worker-5] Intento 3: Popup no encontrado
[Worker-3] No apareció popup de cookies
[Worker-2] No se pudo cerrar el popup de satisfacción
[Worker-2] Popups manejados POST-scroll
[Worker-2] Scroll adicional de confirmación...
[Worker-8] Intento 2: Page.click: Timeout 1000ms exceeded.
[Worker-8] Call log:
[Worker-8] - waiting for locator("button[class*='close']").locator("svg").locator("xpath=./ancestor::button")
[Worker-7] Intento 1: Page.click: Timeout 1000ms exceeded.
[Worker-7] Call log:
[Worker-7] - waiting for locator("button[class*='close']").locator("svg").locator("xpath=./ancestor::button")
[Worker-5] No se pudo cerrar el popup de satisfacción
[Worker-5] Popups manejados POST-scroll
[Worker-5] Scroll adicional de confirmación...
[Worker-6] No apareció popup de cookies
[Worker-3] Intento 1: Page.click: Timeout 1000ms exceeded.
[Worker-3] Call log:
[Worker-3] - waiting for locator("button[class*='close']").locator("svg").locator("xpath=./ancestor::button")
[Worker-1] Navegación rápida (sin acciones)
[Worker-1] Paso 2/4: Categoría 'Usados'...
[Worker-6] Intento 1: Page.click: Timeout 1000ms exceeded.
[Worker-6] Call log:
[Worker-6] - waiting for locator("button[class*='close']").locator("svg").locator("xpath=./ancestor::button")
[Worker-7] Intento 2: Page.click: Timeout 1000ms exceeded.
[Worker-7] Call log:
[Worker-7] - waiting for locator("button[class*='close']").locator("svg").locator("xpath=./ancestor::button")
[Worker-3] Intento 2: Page.click: Timeout 1000ms exceeded.
[Worker-3] Call log:
[Worker-3] - waiting for locator("button[class*='close']").locator("svg").locator("xpath=./ancestor::button")
[Worker-6] Intento 2: Page.click: Timeout 1000ms exceeded.
[Worker-6] Call log:
[Worker-6] - waiting for locator("button[class*='close']").locator("svg").locator("xpath=./ancestor::button")
[Worker-1] Navegación rápida (sin acciones)
[Worker-1] Paso 3/4: Filtro por Marca 'TOYOTA'...
[Worker-2] Título: Toyota Fortuner 2022
[Worker-2] Precio: S/ nan
[Worker-2] Kilometraje: 3.200200123452022e+221 km
[Worker-2] Ubicación: ¡Arranca tu año sobre ruedas!
[Worker-2] Súbete a tu próximo seminuevo, el auto que mereces.
[Worker-2] ¡Arranca tu año sobre ruedas!
[Worker-2] Súbete a tu próximo seminuevo, el auto que mereces.
[Worker-2] ¡Arranca tu año sobre ruedas!
[Worker-2] Súbete a tu próximo seminuevo, el auto que mereces.
[Worker-2] ¡Arranca tu año sobre ruedas!
[Worker-2] Súbete a tu próximo seminuevo, el auto que mereces.
[Worker-2] Iniciar sesión
[Worker-2] Quiero vender
[Worker-2] Comprar
[Worker-2] Quiero vender
[Worker-2] Financiamiento
[Worker-2] Alquilar
[Worker-2] Nuevo
[Worker-2] Seguros
[Worker-2] Eventos
[Worker-2] Publicidad
[Worker-2] Ver fotos
[Worker-2] Autos usados
[Worker-2] Toyota
[Worker-2] Fortuner
[Worker-2] Toyota Fortuner 2022
[Worker-2] Cusco, Cusco, Cusco
[Worker-2] Publicado hace más de un mes
[Worker-2] 3,803 vistas
[Worker-2] Reportar aviso
[Worker-2] Compartir
[Worker-2] Marcar como favorito
[Worker-2] Toyota Fortuner 2022
[Worker-2] Reportar aviso
[Worker-2] Compartir
[Worker-2] Marcar como favorito
[Worker-2] Año modelo
[Worker-2] 2022
[Worker-2] Kilometraje
[Worker-2] 58,000 km
[Worker-2] Transmisión
[Worker-2] Mecánica
[Worker-2] Descripción
[Worker-2] Auto en exelente estado, unico dueño uso particular, mantenimientos al dia
[Worker-2] Te recomendamos:
[Worker-2] ¿Te toca renovar tu SOAT?
[Worker-2] Verifica el estado de tu SOAT aquí y evita multas.
[Worker-2] Consultar SOAT
[Worker-2] Alquila autos con Kinto Share
[Worker-2] Que nada frene tus aventuras. Seguro,flexible y con garantia.
[Worker-2] Ver más
[Worker-2] Blog & Noticias
[Worker-2] Entérate de las últimas novedades del sector automotriz.
[Worker-2] Ver más
[Worker-2] Especificaciones técnicas
[Worker-2] Características
[Worker-2] Marca
[Worker-2] Toyota
[Worker-2] Modelo
[Worker-2] FORTUNER
[Worker-2] Año de fabricación
[Worker-2] 2022
[Worker-2] Categoría
[Worker-2] Camioneta
[Worker-2] Combustible
[Worker-2] Gas GNV
[Worker-2] Número de puertas
[Worker-2] 5
[Worker-2] Tracción
[Worker-2] 4x2
[Worker-2] Color
[Worker-2] Gris Oscuro
[Worker-2] Cilindrada
[Worker-2] 2,600 cc
[Worker-2] Equipamiento
[Worker-2] Retrovisores Eléctricos
[Worker-2] Aire Acondicionado
[Worker-2] Full Equipo
[Worker-2] Exterior
[Worker-2] Aros de Aleación
[Worker-2] Seguridad
[Worker-2] Alarma
[Worker-2] Precios y costos
[Worker-2] Aún no tenemos suficiente información para determinar un rango de precio para este vehículo.
[Worker-2] Excelente
[Worker-2] Competitivo
[Worker-2] Premium
[Worker-2] (*) Precio referencial
[Worker-2] ¿Cómo se calcula este rango?
[Worker-2] ¿Te toca renovar tu SOAT?
[Worker-2] Verifica el estado de tu SOAT aquí y evita multas.
[Worker-2] Consultar SOAT
[Worker-2] Precio
[Worker-2] US$35,000
[Worker-2] Contáctate con el anunciante
[Worker-2] Juan Pfuño Gil
[Worker-2] 974 780...
[Worker-2] Más información
[Worker-2] Beneficios adicionales para ti:
[Worker-2] La mejor opción
[Worker-2] Financia tu auto con Santander Consumer
[Worker-2] Paga desde:
[Worker-2] US$937/mes*
[Worker-2] Simular crédito
[Worker-2] (*) Cuota mensual referencial. Calculada a 60 meses, 20% de inicial y TEA de 20.99%. No incluye seguro vehicular.
[Worker-2] Solicita tu Préstamo Personal hasta de S/45,000
[Worker-2] Me interesa
[Worker-2] Seminuevos
[Worker-2] Autos
[Worker-2] Motos
[Worker-2] Camiones
[Worker-2] Usados
[Worker-2] Autos
[Worker-2] Motos
[Worker-2] Camiones
[Worker-2] Nuevos
[Worker-2] Autos
[Worker-2] Camiones
[Worker-2] Ayuda
[Worker-2] Términos y condiciones
[Worker-2] Políticas de publicación
[Worker-2] ¿Cómo protegemos tus datos?
[Worker-2] Legales
[Worker-2] Sobre NeoAuto
[Worker-2] Noticias
[Worker-2] Tips y guías
[Worker-2] Ayuda en línea
[Worker-2] © 2024 NeoAuto Inc. Todos los derechos reservados
[Worker-2] Síguenos
[Worker-2] Descripción: {"@context":"https://schema.org","@graph":[{"@type":"Organization","@id":"https://neoauto.com/#organ...
[Worker-2] Único dueño: Sí
[Worker-2] Datos guardados en: /home/richgutz/Scraper-Neoauto-ANTIGRAVITY/extractores/results_txt/semanal_result_20260126_172145_81b990.txt
[Worker-5] Título: Jeep Compass 2023
[Worker-5] Precio: S/ nan
[Worker-5] Kilometraje: inf km
[Worker-5] Ubicación: ¡Arranca tu año sobre ruedas!
[Worker-5] Súbete a tu próximo seminuevo, el auto que mereces.
[Worker-5] ¡Arranca tu año sobre ruedas!
[Worker-5] Súbete a tu próximo seminuevo, el auto que mereces.
[Worker-5] ¡Arranca tu año sobre ruedas!
[Worker-5] Súbete a tu próximo seminuevo, el auto que mereces.
[Worker-5] ¡Arranca tu año sobre ruedas!
[Worker-5] Súbete a tu próximo seminuevo, el auto que mereces.
[Worker-5] Iniciar sesión
[Worker-5] Quiero vender
[Worker-5] Comprar
[Worker-5] Quiero vender
[Worker-5] Financiamiento
[Worker-5] Alquilar
[Worker-5] Nuevo
[Worker-5] Seguros
[Worker-5] Eventos
[Worker-5] Publicidad
[Worker-5] Ver fotos
[Worker-5] Unico Dueño
[Worker-5] Autos usados
[Worker-5] Jeep
[Worker-5] Compass
[Worker-5] Jeep Compass 2023
[Worker-5] La Molina, Lima, Lima
[Worker-5] Publicado ayer
[Worker-5] 18 vistas
[Worker-5] Reportar aviso
[Worker-5] Compartir
[Worker-5] Marcar como favorito
[Worker-5] Jeep Compass 2023
[Worker-5] Reportar aviso
[Worker-5] Compartir
[Worker-5] Marcar como favorito
[Worker-5] Año modelo
[Worker-5] 2023
[Worker-5] Kilometraje
[Worker-5] 39,000 km
[Worker-5] Transmisión
[Worker-5] Automática
[Worker-5] Descripción
[Worker-5] OCASIÓN
[Worker-5] Marca: Jeep
[Worker-5] Modelo: compass sport
[Worker-5] Motor : 1300
[Worker-5] Combustible:Gasolina
[Worker-5] Año:2023
[Worker-5] Transmisión: Automática
[Worker-5] Kilometraje: 39,000
[Worker-5] Tracción : 4x2
[Worker-5] Color : Gris
[Worker-5] Te recomendamos:
[Worker-5] ¿Te toca renovar tu SOAT?
[Worker-5] Verifica el estado de tu SOAT aquí y evita multas.
[Worker-5] Consultar SOAT
[Worker-5] Alquila autos con Kinto Share
[Worker-5] Que nada frene tus aventuras. Seguro,flexible y con garantia.
[Worker-5] Ver más
[Worker-5] Blog & Noticias
[Worker-5] Entérate de las últimas novedades del sector automotriz.
[Worker-5] Ver más
[Worker-5] Especificaciones técnicas
[Worker-5] Características
[Worker-5] Marca
[Worker-5] Jeep
[Worker-5] Modelo
[Worker-5] COMPASS
[Worker-5] Año de fabricación
[Worker-5] 2023
[Worker-5] Categoría
[Worker-5] Camioneta
[Worker-5] Combustible
[Worker-5] Gasolina
[Worker-5] Número de puertas
[Worker-5] 4
[Worker-5] Tracción
[Worker-5] 4x2
[Worker-5] Color
[Worker-5] Gris Oscuro
[Worker-5] Número cilindros
[Worker-5] 4
[Worker-5] Cilindrada
[Worker-5] 1,300 cc
[Worker-5] Equipamiento
[Worker-5] Retrovisores Eléctricos
[Worker-5] Neblineros
[Worker-5] Aire Acondicionado
[Worker-5] Seguridad
[Worker-5] Airbag
[Worker-5] Láminas de Seguridad
[Worker-5] Faros antiniebla delantero
[Worker-5] Precios y costos
[Worker-5] Aún no tenemos suficiente información para determinar un rango de precio para este vehículo.
[Worker-5] Excelente
[Worker-5] Competitivo
[Worker-5] Premium
[Worker-5] (*) Precio referencial
[Worker-5] ¿Cómo se calcula este rango?
[Worker-5] ¿Te toca renovar tu SOAT?
[Worker-5] Verifica el estado de tu SOAT aquí y evita multas.
[Worker-5] Consultar SOAT
[Worker-5] Precio
[Worker-5] US$22,700
[Worker-5] Contáctate con el anunciante
[Worker-5] Elizabeth De Piante
[Worker-5] 924 973...
[Worker-5] Más información
[Worker-5] Beneficios adicionales para ti:
[Worker-5] La mejor opción
[Worker-5] Financia tu auto con Santander Consumer
[Worker-5] Paga desde:
[Worker-5] US$611/mes*
[Worker-5] Simular crédito
[Worker-5] (*) Cuota mensual referencial. Calculada a 60 meses, 20% de inicial y TEA de 20.99%. No incluye seguro vehicular.
[Worker-5] Solicita tu Préstamo Personal hasta de S/45,000
[Worker-5] Me interesa
[Worker-5] Seminuevos
[Worker-5] Autos
[Worker-5] Motos
[Worker-5] Camiones
[Worker-5] Usados
[Worker-5] Autos
[Worker-5] Motos
[Worker-5] Camiones
[Worker-5] Nuevos
[Worker-5] Autos
[Worker-5] Camiones
[Worker-5] Ayuda
[Worker-5] Términos y condiciones
[Worker-5] Políticas de publicación
[Worker-5] ¿Cómo protegemos tus datos?
[Worker-5] Legales
[Worker-5] Sobre NeoAuto
[Worker-5] Noticias
[Worker-5] Tips y guías
[Worker-5] Ayuda en línea
[Worker-5] © 2024 NeoAuto Inc. Todos los derechos reservados
[Worker-5] Síguenos
[Worker-5] Descripción: {"@context":"https://schema.org","@graph":[{"@type":"Organization","@id":"https://neoauto.com/#organ...
[Worker-5] Único dueño: Sí
[Worker-5] Datos guardados en: /home/richgutz/Scraper-Neoauto-ANTIGRAVITY/extractores/results_txt/semanal_result_20260126_172145_f352e9.txt
[Worker-1] Navegación rápida (sin acciones)
[Worker-1] Paso 4/4: URL Final...
[Worker-1] Scroll INICIAL para activar contenido...
[Worker-5] URLs restantes en urls_autos_random: 1996 | Procesadas en sesión: 7 | Próximo refresco en: 18 URLs
[Worker-5] URL obtenida y bloqueada desde urls_autos_random: https://neoauto.com/auto/usado/ford-territory-2025-1861303
[Worker-5] Iniciando extracción para: https://neoauto.com/auto/usado/ford-territory-2025-1861303
[Worker-5] Iniciando navegación...
[Worker-5] Marca extraída: 'ford'
[Worker-5] Camino elegido (4 pasos).
[Worker-5] Paso 1/4: Página Principal...
[Worker-5] Navegación rápida (sin acciones)
[Worker-5] Paso 2/4: Categoría 'Usados'...
[Worker-2] URLs restantes en urls_autos_random: 1994 | Procesadas en sesión: 7 | Próximo refresco en: 18 URLs
[Worker-2] URL obtenida y bloqueada desde urls_autos_random: https://neoauto.com/auto/usado/kia-rio-2014-1863389
[Worker-2] Iniciando extracción para: https://neoauto.com/auto/usado/kia-rio-2014-1863389
[Worker-2] Iniciando navegación...
[Worker-2] Marca extraída: 'kia'
[Worker-2] Camino elegido (4 pasos).
[Worker-2] Paso 1/4: Página Principal...
[Worker-5] Navegación rápida (sin acciones)
[Worker-5] Paso 3/4: Filtro por Marca 'FORD'...
[Worker-2] Navegación rápida (sin acciones)
[Worker-2] Paso 2/4: Categoría 'Usados'...
[Worker-2] Navegación rápida (sin acciones)
[Worker-2] Paso 3/4: Filtro por Marca 'KIA'...
[Worker-5] Navegación rápida (sin acciones)
[Worker-5] Paso 4/4: URL Final...
[Worker-4] Intento 1: Popup no encontrado
[Worker-2] Navegación rápida (sin acciones)
[Worker-2] Paso 4/4: URL Final...
[Worker-5] Scroll INICIAL para activar contenido...
[Worker-2] Scroll INICIAL para activar contenido...
[Worker-4] Intento 2: Popup no encontrado
[Worker-8] Intento 1: Popup no encontrado
[Worker-1] No apareció popup de cookies
[Worker-1] Intento 1: Page.click: Timeout 1000ms exceeded.
[Worker-1] Call log:
[Worker-1] - waiting for locator("button[class*='close']").locator("svg").locator("xpath=./ancestor::button")
[Worker-7] Intento 1: Popup no encontrado
[Worker-3] Intento 1: Popup no encontrado
[Worker-6] Intento 1: Popup no encontrado
[Worker-1] Intento 2: Page.click: Timeout 1000ms exceeded.
[Worker-1] Call log:
[Worker-1] - waiting for locator("button[class*='close']").locator("svg").locator("xpath=./ancestor::button")
[Worker-4] Intento 3: Popup no encontrado
[Worker-8] Intento 2: Popup no encontrado
[Worker-4] No se pudo cerrar el popup de satisfacción
[Worker-4] Popups manejados POST-scroll
[Worker-4] Scroll adicional de confirmación...
[Worker-7] Intento 2: Popup no encontrado
[Worker-3] Intento 2: Popup no encontrado
[Worker-6] Intento 2: Popup no encontrado
[Worker-4] Título: Hyundai Sonata 2011
[Worker-5] No apareció popup de cookies
[Worker-4] Precio: S/ nan
[Worker-4] Kilometraje: 3.2002001234520112e+277 km
[Worker-4] Ubicación: ¡Arranca tu año sobre ruedas!
[Worker-4] Súbete a tu próximo seminuevo, el auto que mereces.
[Worker-4] ¡Arranca tu año sobre ruedas!
[Worker-4] Súbete a tu próximo seminuevo, el auto que mereces.
[Worker-4] ¡Arranca tu año sobre ruedas!
[Worker-4] Súbete a tu próximo seminuevo, el auto que mereces.
[Worker-4] ¡Arranca tu año sobre ruedas!
[Worker-4] Súbete a tu próximo seminuevo, el auto que mereces.
[Worker-4] Iniciar sesión
[Worker-4] Quiero vender
[Worker-4] Comprar
[Worker-4] Quiero vender
[Worker-4] Financiamiento
[Worker-4] Alquilar
[Worker-4] Nuevo
[Worker-4] Seguros
[Worker-4] Eventos
[Worker-4] Publicidad
[Worker-4] Ver fotos
[Worker-4] Autos usados
[Worker-4] Hyundai
[Worker-4] Sonata
[Worker-4] Hyundai Sonata 2011
[Worker-4] Santiago de Surco, Lima, Lima
[Worker-4] Publicado hace unos días
[Worker-4] 127 vistas
[Worker-4] Reportar aviso
[Worker-4] Compartir
[Worker-4] Marcar como favorito
[Worker-4] Hyundai Sonata 2011
[Worker-4] Reportar aviso
[Worker-4] Compartir
[Worker-4] Marcar como favorito
[Worker-4] Año modelo
[Worker-4] 2011
[Worker-4] Kilometraje
[Worker-4] 121,250 km
[Worker-4] Transmisión
[Worker-4] Automática - Secuencial
[Worker-4] Descripción
[Worker-4] Automovil en buen estado de conservació, uso particular, Gas GLP original, no usa gasolina, mantenimiento cada 5000 Kms., aros de aleación. cámara de retroceso, sensor de retroceso, mando centralizado, espejos eléctricos rebatibles, aire acondicionad...
[Worker-4] Seguir leyendo
[Worker-4] Te recomendamos:
[Worker-4] ¿Te toca renovar tu SOAT?
[Worker-4] Verifica el estado de tu SOAT aquí y evita multas.
[Worker-4] Consultar SOAT
[Worker-4] Alquila autos con Kinto Share
[Worker-4] Que nada frene tus aventuras. Seguro,flexible y con garantia.
[Worker-4] Ver más
[Worker-4] Blog & Noticias
[Worker-4] Entérate de las últimas novedades del sector automotriz.
[Worker-4] Ver más
[Worker-4] Especificaciones técnicas
[Worker-4] Características
[Worker-4] Marca
[Worker-4] Hyundai
[Worker-4] Modelo
[Worker-4] SONATA
[Worker-4] Versión
[Worker-4] 2.0 GLS AT
[Worker-4] Versión
[Worker-4] 2.0 GLS AT
[Worker-4] Año de fabricación
[Worker-4] 2011
[Worker-4] Categoría
[Worker-4] Sedán
[Worker-4] Combustible
[Worker-4] Gas GLP
[Worker-4] Número de puertas
[Worker-4] 4
[Worker-4] Tracción
[Worker-4] Delantera
[Worker-4] Color
[Worker-4] Gris Metálico
[Worker-4] Número cilindros
[Worker-4] 4
[Worker-4] Cilindrada
[Worker-4] 2,000 cc
[Worker-4] Equipamiento
[Worker-4] Retrovisores Eléctricos
[Worker-4] Neblineros
[Worker-4] Aire Acondicionado
[Worker-4] Computadora de abordo
[Worker-4] Parlantes/Bajos
[Worker-4] Radio CD
[Worker-4] Exterior
[Worker-4] Aros de Aleación
[Worker-4] Parrilla
[Worker-4] Seguridad
[Worker-4] Airbag
[Worker-4] Láminas de Seguridad
[Worker-4] Frenos ABS
[Worker-4] Extras
[Worker-4] Climatizador
[Worker-4] Precios y costos
[Worker-4] Aún no tenemos suficiente información para determinar un rango de precio para este vehículo.
[Worker-4] Excelente
[Worker-4] Competitivo
[Worker-4] Premium
[Worker-4] (*) Precio referencial
[Worker-4] ¿Cómo se calcula este rango?
[Worker-4] ¿Te toca renovar tu SOAT?
[Worker-4] Verifica el estado de tu SOAT aquí y evita multas.
[Worker-4] Consultar SOAT
[Worker-4] Precio
[Worker-4] US$8,500
[Worker-4] Contáctate con el anunciante
[Worker-4] Sn Sn
[Worker-4] 995 950...
[Worker-4] Más información
[Worker-4] Beneficios adicionales para ti:
[Worker-4] Solicita tu Préstamo Personal hasta de S/45,000
[Worker-4] Me interesa
[Worker-4] Seminuevos
[Worker-4] Autos
[Worker-4] Motos
[Worker-4] Camiones
[Worker-4] Usados
[Worker-4] Autos
[Worker-4] Motos
[Worker-4] Camiones
[Worker-4] Nuevos
[Worker-4] Autos
[Worker-4] Camiones
[Worker-4] Ayuda
[Worker-4] Términos y condiciones
[Worker-4] Políticas de publicación
[Worker-4] ¿Cómo protegemos tus datos?
[Worker-4] Legales
[Worker-4] Sobre NeoAuto
[Worker-4] Noticias
[Worker-4] Tips y guías
[Worker-4] Ayuda en línea
[Worker-4] © 2024 NeoAuto Inc. Todos los derechos reservados
[Worker-4] Síguenos
[Worker-4] Descripción: {"@context":"https://schema.org","@graph":[{"@type":"Organization","@id":"https://neoauto.com/#organ...
[Worker-4] Único dueño: No
[Worker-4] Datos guardados en: /home/richgutz/Scraper-Neoauto-ANTIGRAVITY/extractores/results_txt/semanal_result_20260126_172208_64551d.txt
[Worker-5] Intento 1: Page.click: Timeout 1000ms exceeded.
[Worker-5] Call log:
[Worker-5] - waiting for locator("button[class*='close']").locator("svg").locator("xpath=./ancestor::button")
[Worker-8] Intento 3: Popup no encontrado
[Worker-8] No se pudo cerrar el popup de satisfacción
[Worker-8] Popups manejados POST-scroll
[Worker-8] Scroll adicional de confirmación...
[Worker-5] Intento 2: Page.click: Timeout 1000ms exceeded.
[Worker-5] Call log:
[Worker-5] - waiting for locator("button[class*='close']").locator("svg").locator("xpath=./ancestor::button")
[Worker-7] Intento 3: Popup no encontrado
[Worker-2] No apareció popup de cookies
[Worker-3] Intento 3: Popup no encontrado
[Worker-7] No se pudo cerrar el popup de satisfacción
[Worker-7] Popups manejados POST-scroll
[Worker-7] Scroll adicional de confirmación...
[Worker-2] Intento 1: Page.click: Timeout 1000ms exceeded.
[Worker-2] Call log:
[Worker-2] - waiting for locator("button[class*='close']").locator("svg").locator("xpath=./ancestor::button")
[Worker-4] URLs restantes en urls_autos_random: 1993 | Procesadas en sesión: 7 | Próximo refresco en: 18 URLs
[Worker-3] No se pudo cerrar el popup de satisfacción
[Worker-3] Popups manejados POST-scroll
[Worker-3] Scroll adicional de confirmación...
[Worker-6] Intento 3: Popup no encontrado
[Worker-8] Título: Audi A3 Sedan 2016
[Worker-8] Precio: S/ nan
[Worker-8] Kilometraje: inf km
[Worker-8] Ubicación: ¡Arranca tu año sobre ruedas!
[Worker-8] Súbete a tu próximo seminuevo, el auto que mereces.
[Worker-8] ¡Arranca tu año sobre ruedas!
[Worker-8] Súbete a tu próximo seminuevo, el auto que mereces.
[Worker-8] ¡Arranca tu año sobre ruedas!
[Worker-8] Súbete a tu próximo seminuevo, el auto que mereces.
[Worker-8] ¡Arranca tu año sobre ruedas!
[Worker-8] Súbete a tu próximo seminuevo, el auto que mereces.
[Worker-8] Iniciar sesión
[Worker-8] Quiero vender
[Worker-8] Comprar
[Worker-8] Quiero vender
[Worker-8] Financiamiento
[Worker-8] Alquilar
[Worker-8] Nuevo
[Worker-8] Seguros
[Worker-8] Eventos
[Worker-8] Publicidad
[Worker-8] Ver fotos
[Worker-8] Como nuevo
[Worker-8] Autos usados
[Worker-8] Audi
[Worker-8] A3 Sedan
[Worker-8] Audi A3 Sedan 2016
[Worker-8] Lince, Lima, Lima
[Worker-8] Publicado hace más de un mes
[Worker-8] 1,275 vistas
[Worker-8] Reportar aviso
[Worker-8] Compartir
[Worker-8] Marcar como favorito
[Worker-8] Audi A3 Sedan 2016
[Worker-8] Reportar aviso
[Worker-8] Compartir
[Worker-8] Marcar como favorito
[Worker-8] Año modelo
[Worker-8] 2016
[Worker-8] Kilometraje
[Worker-8] 20,500 km
[Worker-8] Transmisión
[Worker-8] Automática - Secuencial
[Worker-8] Descripción
[Worker-8] Auto muy bien cuidado, con poco recorrido, uso casa - oficina. Viene con cámara de retro, sensores adelante y atrás, equipo de música potente. Viene con paquete S-line, todos sus mantenimiento realizados en el mismo concesionario.
[Worker-8] Te recomendamos:
[Worker-8] ¿Te toca renovar tu SOAT?
[Worker-8] Verifica el estado de tu SOAT aquí y evita multas.
[Worker-8] Consultar SOAT
[Worker-8] Alquila autos con Kinto Share
[Worker-8] Que nada frene tus aventuras. Seguro,flexible y con garantia.
[Worker-8] Ver más
[Worker-8] Blog & Noticias
[Worker-8] Entérate de las últimas novedades del sector automotriz.
[Worker-8] Ver más
[Worker-8] Especificaciones técnicas
[Worker-8] Características
[Worker-8] Marca
[Worker-8] Audi
[Worker-8] Modelo
[Worker-8] A3 SEDAN
[Worker-8] Versión
[Worker-8] 1.2 TFSI ATTRACTION
[Worker-8] Versión
[Worker-8] 1.2 TFSI ATTRACTION
[Worker-8] Año de fabricación
[Worker-8] 2016
[Worker-8] Categoría
[Worker-8] Sedán
[Worker-8] Combustible
[Worker-8] Gasolina
[Worker-8] Número de puertas
[Worker-8] 5
[Worker-8] Tracción
[Worker-8] 4x2
[Worker-8] Color
[Worker-8] Plata
[Worker-8] Número cilindros
[Worker-8] 4
[Worker-8] Cilindrada
[Worker-8] 1,200 cc
[Worker-8] Equipamiento
[Worker-8] Neblineros
[Worker-8] Aire Acondicionado
[Worker-8] Full Equipo
[Worker-8] Computadora de abordo
[Worker-8] Parlantes/Bajos
[Worker-8] Radio CD
[Worker-8] Radio MP3
[Worker-8] Retrovisores Eléctricos
[Worker-8] Exterior
[Worker-8] Aros de Aleación
[Worker-8] Luces Halógenas
[Worker-8] Seguridad
[Worker-8] Localizador (GPS)
[Worker-8] Alarma
[Worker-8] Frenos ABS
[Worker-8] Repartidor electrónico de frenado
[Worker-8] Faros antiniebla traseros
[Worker-8] Faros antiniebla delantero
[Worker-8] Láminas de Seguridad
[Worker-8] Airbag
[Worker-8] Extras
[Worker-8] Asientos de cuero
[Worker-8] Climatizador
[Worker-8] Precios y costos
[Worker-8] Este aviso
[Worker-8] US$18,900
[Worker-8] Precio de mercado
[Worker-8] US$17,900*
[Worker-8] Excelente
[Worker-8] Competitivo
[Worker-8] Premium
[Worker-8] (*) Precio referencial
[Worker-8] ¿Cómo se calcula este rango?
[Worker-8] ¿Te toca renovar tu SOAT?
[Worker-8] Verifica el estado de tu SOAT aquí y evita multas.
[Worker-8] Consultar SOAT
[Worker-8] Precio
[Worker-8] US$18,900
[Worker-8] Contáctate con el anunciante
[Worker-8] Diego Renato Figueroa
[Worker-8] 961 502...
[Worker-8] Más información
[Worker-8] Beneficios adicionales para ti:
[Worker-8] La mejor opción
[Worker-8] Financia tu auto con Santander Consumer
[Worker-8] Paga desde:
[Worker-8] US$1,556/mes*
[Worker-8] Simular crédito
[Worker-8] (*) Cuota mensual referencial. Calculada a 12 meses, 20% de inicial y TEA de 20.99%. No incluye seguro vehicular.
[Worker-8] Solicita tu Préstamo Personal hasta de S/45,000
[Worker-8] Me interesa
[Worker-8] Seminuevos
[Worker-8] Autos
[Worker-8] Motos
[Worker-8] Camiones
[Worker-8] Usados
[Worker-8] Autos
[Worker-8] Motos
[Worker-8] Camiones
[Worker-8] Nuevos
[Worker-8] Autos
[Worker-8] Camiones
[Worker-8] Ayuda
[Worker-8] Términos y condiciones
[Worker-8] Políticas de publicación
[Worker-8] ¿Cómo protegemos tus datos?
[Worker-8] Legales
[Worker-8] Sobre NeoAuto
[Worker-8] Noticias
[Worker-8] Tips y guías
[Worker-8] Ayuda en línea
[Worker-8] © 2024 NeoAuto Inc. Todos los derechos reservados
[Worker-8] Síguenos
[Worker-8] Descripción: {"@context":"https://schema.org","@graph":[{"@type":"Organization","@id":"https://neoauto.com/#organ...
[Worker-8] Único dueño: No
[Worker-8] Datos guardados en: /home/richgutz/Scraper-Neoauto-ANTIGRAVITY/extractores/results_txt/semanal_result_20260126_172213_4bb6b6.txt
[Worker-4] URL obtenida y bloqueada desde urls_autos_random: https://neoauto.com/auto/usado/suzuki-new-vitara-2025-1853986
[Worker-4] Iniciando extracción para: https://neoauto.com/auto/usado/suzuki-new-vitara-2025-1853986
[Worker-4] Iniciando navegación...
[Worker-4] Marca extraída: 'suzuki'
[Worker-4] Camino elegido (4 pasos).
[Worker-4] Paso 1/4: Página Principal...
[Worker-4] Navegación rápida (sin acciones)
[Worker-4] Paso 2/4: Categoría 'Usados'...
[Worker-6] No se pudo cerrar el popup de satisfacción
[Worker-6] Popups manejados POST-scroll
[Worker-6] Scroll adicional de confirmación...
[Worker-2] Intento 2: Page.click: Timeout 1000ms exceeded.
[Worker-2] Call log:
[Worker-2] - waiting for locator("button[class*='close']").locator("svg").locator("xpath=./ancestor::button")
[Worker-7] Título: Mercedes Benz C 200 Coupe 2018
[Worker-7] Precio: S/ nan
[Worker-7] Kilometraje: inf km
[Worker-7] Ubicación: ¡Arranca tu año sobre ruedas!
[Worker-7] Súbete a tu próximo seminuevo, el auto que mereces.
[Worker-7] ¡Arranca tu año sobre ruedas!
[Worker-7] Súbete a tu próximo seminuevo, el auto que mereces.
[Worker-7] ¡Arranca tu año sobre ruedas!
[Worker-7] Súbete a tu próximo seminuevo, el auto que mereces.
[Worker-7] ¡Arranca tu año sobre ruedas!
[Worker-7] Súbete a tu próximo seminuevo, el auto que mereces.
[Worker-7] Iniciar sesión
[Worker-7] Quiero vender
[Worker-7] Comprar
[Worker-7] Quiero vender
[Worker-7] Financiamiento
[Worker-7] Alquilar
[Worker-7] Nuevo
[Worker-7] Seguros
[Worker-7] Eventos
[Worker-7] Publicidad
[Worker-7] Ver fotos
[Worker-7] Autos usados
[Worker-7] Mercedes Benz
[Worker-7] C 200 Coupe
[Worker-7] Mercedes Benz C 200 Coupe 2018
[Worker-7] Yanahuara, Arequipa, Arequipa
[Worker-7] Publicado hace más de un mes
[Worker-7] 406 vistas
[Worker-7] Reportar aviso
[Worker-7] Compartir
[Worker-7] Marcar como favorito
[Worker-7] Mercedes Benz C 200 Coupe 2018
[Worker-7] Reportar aviso
[Worker-7] Compartir
[Worker-7] Marcar como favorito
[Worker-7] Año modelo
[Worker-7] 2018
[Worker-7] Kilometraje
[Worker-7] 35,000 km
[Worker-7] Transmisión
[Worker-7] Automática - Secuencial
[Worker-7] Descripción
[Worker-7] Auto en perfectas condiciones, uso familiar muy bien conservado , asientos color crema, extramadamente llamativo a la vista, 0 estafas contacto directo con dueño , se pueden realizar encuentros para que vea el vehículo,solo si hay intención de compra...
[Worker-7] Seguir leyendo
[Worker-7] Te recomendamos:
[Worker-7] ¿Te toca renovar tu SOAT?
[Worker-7] Verifica el estado de tu SOAT aquí y evita multas.
[Worker-7] Consultar SOAT
[Worker-7] Alquila autos con Kinto Share
[Worker-7] Que nada frene tus aventuras. Seguro,flexible y con garantia.
[Worker-7] Ver más
[Worker-7] Blog & Noticias
[Worker-7] Entérate de las últimas novedades del sector automotriz.
[Worker-7] Ver más
[Worker-7] Especificaciones técnicas
[Worker-7] Características
[Worker-7] Marca
[Worker-7] Mercedes Benz
[Worker-7] Modelo
[Worker-7] C 200 COUPE
[Worker-7] Año de fabricación
[Worker-7] 2018
[Worker-7] Categoría
[Worker-7] Sedán
[Worker-7] Combustible
[Worker-7] Gasolina
[Worker-7] Número de puertas
[Worker-7] 4
[Worker-7] Tracción
[Worker-7] Delantera
[Worker-7] Color
[Worker-7] Blanco
[Worker-7] Número cilindros
[Worker-7] 4
[Worker-7] Cilindrada
[Worker-7] 2,000 cc
[Worker-7] Equipamiento
[Worker-7] Retrovisores Eléctricos
[Worker-7] Neblineros
[Worker-7] Aire Acondicionado
[Worker-7] Full Equipo
[Worker-7] Computadora de abordo
[Worker-7] Parlantes/Bajos
[Worker-7] Radio CD
[Worker-7] Radio MP3
[Worker-7] Exterior
[Worker-7] Aros de Aleación
[Worker-7] Seguridad
[Worker-7] Airbag
[Worker-7] Láminas de Seguridad
[Worker-7] Frenos ABS
[Worker-7] Extras
[Worker-7] Asientos de cuero
[Worker-7] Precios y costos
[Worker-7] Aún no tenemos suficiente información para determinar un rango de precio para este vehículo.
[Worker-7] Excelente
[Worker-7] Competitivo
[Worker-7] Premium
[Worker-7] (*) Precio referencial
[Worker-7] ¿Cómo se calcula este rango?
[Worker-7] ¿Te toca renovar tu SOAT?
[Worker-7] Verifica el estado de tu SOAT aquí y evita multas.
[Worker-7] Consultar SOAT
[Worker-7] Precio
[Worker-7] US$23,000
[Worker-7] Dscto. por adquirir el Crédito Vehicular
[Worker-7] -US$1,000*
[Worker-7] *Aplica si financias tu auto con Santander Consumer
[Worker-7] Contáctate con el anunciante
[Worker-7] Antonio Arrascue Limo
[Worker-7] 977 742...
[Worker-7] Más información
[Worker-7] Beneficios adicionales para ti:
[Worker-7] La mejor opción
[Worker-7] Financia tu auto con Santander Consumer
[Worker-7] Paga desde:
[Worker-7] US$22,000 o
[Worker-7] US$825/mes*
[Worker-7] Simular crédito
[Worker-7] (*) Cuota mensual referencial. Calculada a 36 meses, 20% de inicial y TEA de 20.99%. No incluye seguro vehicular.
[Worker-7] Solicita tu Préstamo Personal hasta de S/45,000
[Worker-7] Me interesa
[Worker-7] Seminuevos
[Worker-7] Autos
[Worker-7] Motos
[Worker-7] Camiones
[Worker-7] Usados
[Worker-7] Autos
[Worker-7] Motos
[Worker-7] Camiones
[Worker-7] Nuevos
[Worker-7] Autos
[Worker-7] Camiones
[Worker-7] Ayuda
[Worker-7] Términos y condiciones
[Worker-7] Políticas de publicación
[Worker-7] ¿Cómo protegemos tus datos?
[Worker-7] Legales
[Worker-7] Sobre NeoAuto
[Worker-7] Noticias
[Worker-7] Tips y guías
[Worker-7] Ayuda en línea
[Worker-7] © 2024 NeoAuto Inc. Todos los derechos reservados
[Worker-7] Síguenos
[Worker-4] Navegación rápida (sin acciones)
[Worker-4] Paso 3/4: Filtro por Marca 'SUZUKI'...
[Worker-7] Descripción: {"@context":"https://schema.org","@graph":[{"@type":"Organization","@id":"https://neoauto.com/#organ...
[Worker-7] Único dueño: No
[Worker-7] Datos guardados en: /home/richgutz/Scraper-Neoauto-ANTIGRAVITY/extractores/results_txt/semanal_result_20260126_172215_e79f19.txt
[Worker-3] Título: Ford Territory 2023
[Worker-3] Precio: S/ nan
[Worker-3] Kilometraje: inf km
[Worker-3] Ubicación: ¡Arranca tu año sobre ruedas!
[Worker-3] Súbete a tu próximo seminuevo, el auto que mereces.
[Worker-3] ¡Arranca tu año sobre ruedas!
[Worker-3] Súbete a tu próximo seminuevo, el auto que mereces.
[Worker-3] ¡Arranca tu año sobre ruedas!
[Worker-3] Súbete a tu próximo seminuevo, el auto que mereces.
[Worker-3] ¡Arranca tu año sobre ruedas!
[Worker-3] Súbete a tu próximo seminuevo, el auto que mereces.
[Worker-3] Iniciar sesión
[Worker-3] Quiero vender
[Worker-3] Comprar
[Worker-3] Quiero vender
[Worker-3] Financiamiento
[Worker-3] Alquilar
[Worker-3] Nuevo
[Worker-3] Seguros
[Worker-3] Eventos
[Worker-3] Publicidad
[Worker-3] Ver fotos
[Worker-3] Auto Verificado
[Worker-3] Autos usados
[Worker-3] Ford
[Worker-3] Territory
[Worker-3] Ford Territory 2023
[Worker-3] Cayma, Arequipa, Arequipa
[Worker-3] Publicado hace más de un mes
[Worker-3] 1,062 vistas
[Worker-3] Reportar aviso
[Worker-3] Compartir
[Worker-3] Marcar como favorito
[Worker-3] Ford Territory 2023
[Worker-3] Reportar aviso
[Worker-3] Compartir
[Worker-3] Marcar como favorito
[Worker-3] Año modelo
[Worker-3] 2023
[Worker-3] Kilometraje
[Worker-3] 19,000 km
[Worker-3] Transmisión
[Worker-3] Automática
[Worker-3] Descripción
[Worker-3] Vendo Ford Territory 2023, SUV automática de motor 1.5 turbo, en perfecto estado seminueva.
[Worker-3] Este es un auto verificado
[Worker-3] El auto ha sido revisado y certificado por IBR PERÚ S.A.
[Worker-3] Libre de papeletas*
[Worker-3] Sin deudas de impuesto vehicular*
[Worker-3] Revisión técnica al día*
[Worker-3] SOAT vigente*
[Worker-3] Revisado al 27/11/2025. No incluye revisión mecánica.
[Worker-3] *Para mayor información, ingresa aquí.
[Worker-3] Te recomendamos:
[Worker-3] ¿Te toca renovar tu SOAT?
[Worker-3] Verifica el estado de tu SOAT aquí y evita multas.
[Worker-3] Consultar SOAT
[Worker-3] Alquila autos con Kinto Share
[Worker-3] Que nada frene tus aventuras. Seguro,flexible y con garantia.
[Worker-3] Ver más
[Worker-3] Blog & Noticias
[Worker-3] Entérate de las últimas novedades del sector automotriz.
[Worker-3] Ver más
[Worker-3] Especificaciones técnicas
[Worker-3] Características
[Worker-3] Marca
[Worker-3] Ford
[Worker-3] Modelo
[Worker-3] TERRITORY
[Worker-3] Versión
[Worker-3] TREND
[Worker-3] Año de fabricación
[Worker-3] 2023
[Worker-3] Categoría
[Worker-3] Camioneta
[Worker-3] Combustible
[Worker-3] Gasolina
[Worker-3] Tracción
[Worker-3] Delantera
[Worker-3] Color
[Worker-3] Negro
[Worker-3] Cilindrada
[Worker-3] 1,500 cc
[Worker-3] Equipamiento
[Worker-3] Retrovisores Eléctricos
[Worker-3] Neblineros
[Worker-3] Aire Acondicionado
[Worker-3] Exterior
[Worker-3] Aros de Aleación
[Worker-3] Seguridad
[Worker-3] Airbag
[Worker-3] Alarma
[Worker-3] Extras
[Worker-3] Sunroof
[Worker-3] Asientos de cuero
[Worker-3] Precios y costos
[Worker-3] Este aviso
[Worker-3] US$21,400
[Worker-3] Precio de mercado
[Worker-3] US$23,500*
[Worker-3] Excelente
[Worker-3] Competitivo
[Worker-3] Premium
[Worker-3] (*) Precio referencial
[Worker-3] ¿Cómo se calcula este rango?
[Worker-3] ¿Te toca renovar tu SOAT?
[Worker-3] Verifica el estado de tu SOAT aquí y evita multas.
[Worker-3] Consultar SOAT
[Worker-3] Precio
[Worker-3] US$21,400
[Worker-3] Dscto. por adquirir el Crédito Vehicular
[Worker-3] -US$1,000*
[Worker-3] *Aplica si financias tu auto con Santander Consumer
[Worker-3] Contáctate con el anunciante
[Worker-3] Wilber Lima Calcina
[Worker-3] 910 997...
[Worker-3] Más información
[Worker-3] Beneficios adicionales para ti:
[Worker-3] La mejor opción
[Worker-3] Financia tu auto con Santander Consumer
[Worker-3] Paga desde:
[Worker-3] US$20,400 o
[Worker-3] US$577/mes*
[Worker-3] Simular crédito
[Worker-3] (*) Cuota mensual referencial. Calculada a 60 meses, 20% de inicial y TEA de 20.99%. No incluye seguro vehicular.
[Worker-3] Solicita tu Préstamo Personal hasta de S/45,000
[Worker-3] Me interesa
[Worker-3] Seminuevos
[Worker-3] Autos
[Worker-3] Motos
[Worker-3] Camiones
[Worker-3] Usados
[Worker-3] Autos
[Worker-3] Motos
[Worker-3] Camiones
[Worker-3] Nuevos
[Worker-3] Autos
[Worker-3] Camiones
[Worker-3] Ayuda
[Worker-3] Términos y condiciones
[Worker-3] Políticas de publicación
[Worker-3] ¿Cómo protegemos tus datos?
[Worker-3] Legales
[Worker-3] Sobre NeoAuto
[Worker-3] Noticias
[Worker-3] Tips y guías
[Worker-3] Ayuda en línea
[Worker-3] © 2024 NeoAuto Inc. Todos los derechos reservados
[Worker-3] Síguenos
[Worker-3] Descripción: {"@context":"https://schema.org","@graph":[{"@type":"Organization","@id":"https://neoauto.com/#organ...
[Worker-3] Único dueño: No
[Worker-3] Datos guardados en: /home/richgutz/Scraper-Neoauto-ANTIGRAVITY/extractores/results_txt/semanal_result_20260126_172216_aa916b.txt
[Worker-4] Navegación rápida (sin acciones)
[Worker-4] Paso 4/4: URL Final...
[Worker-6] Título: Kia Rio 2014
[Worker-6] Precio: S/ nan
[Worker-6] Kilometraje: inf km
[Worker-6] Ubicación: ¡Arranca tu año sobre ruedas!
[Worker-6] Súbete a tu próximo seminuevo, el auto que mereces.
[Worker-6] ¡Arranca tu año sobre ruedas!
[Worker-6] Súbete a tu próximo seminuevo, el auto que mereces.
[Worker-6] ¡Arranca tu año sobre ruedas!
[Worker-6] Súbete a tu próximo seminuevo, el auto que mereces.
[Worker-6] ¡Arranca tu año sobre ruedas!
[Worker-6] Súbete a tu próximo seminuevo, el auto que mereces.
[Worker-6] Iniciar sesión
[Worker-6] Quiero vender
[Worker-6] Comprar
[Worker-6] Quiero vender
[Worker-6] Financiamiento
[Worker-6] Alquilar
[Worker-6] Nuevo
[Worker-6] Seguros
[Worker-6] Eventos
[Worker-6] Publicidad
[Worker-6] Ver fotos
[Worker-6] Autos usados
[Worker-6] Kia
[Worker-6] Rio
[Worker-6] Kia Rio 2014
[Worker-6] Miraflores, Lima, Lima
[Worker-6] Publicado hace más de un mes
[Worker-6] 81 vistas
[Worker-6] Reportar aviso
[Worker-6] Compartir
[Worker-6] Marcar como favorito
[Worker-6] Kia Rio 2014
[Worker-6] Reportar aviso
[Worker-6] Compartir
[Worker-6] Marcar como favorito
[Worker-6] Año modelo
[Worker-6] 2014
[Worker-6] Kilometraje
[Worker-6] 12,309 km
[Worker-6] Transmisión
[Worker-6] Mecánica
[Worker-6] Descripción
[Worker-6] Auto en excelente estado nuevo e impecable y bateria nueva. Se uso muy poco
[Worker-6] Te recomendamos:
[Worker-6] ¿Te toca renovar tu SOAT?
[Worker-6] Verifica el estado de tu SOAT aquí y evita multas.
[Worker-6] Consultar SOAT
[Worker-6] Alquila autos con Kinto Share
[Worker-6] Que nada frene tus aventuras. Seguro,flexible y con garantia.
[Worker-6] Ver más
[Worker-6] Blog & Noticias
[Worker-6] Entérate de las últimas novedades del sector automotriz.
[Worker-6] Ver más
[Worker-6] Especificaciones técnicas
[Worker-6] Características
[Worker-6] Marca
[Worker-6] Kia
[Worker-6] Modelo
[Worker-6] RIO
[Worker-6] Año de fabricación
[Worker-6] 2014
[Worker-6] Categoría
[Worker-6] Sedán
[Worker-6] Combustible
[Worker-6] Gasolina
[Worker-6] Número de puertas
[Worker-6] 4
[Worker-6] Tracción
[Worker-6] 4x2
[Worker-6] Color
[Worker-6] Gris Oscuro
[Worker-6] Número cilindros
[Worker-6] 4
[Worker-6] Cilindrada
[Worker-6] 1,200 cc
[Worker-6] Equipamiento
[Worker-6] Aire Acondicionado
[Worker-6] Precios y costos
[Worker-6] Aún no tenemos suficiente información para determinar un rango de precio para este vehículo.
[Worker-6] Excelente
[Worker-6] Competitivo
[Worker-6] Premium
[Worker-6] (*) Precio referencial
[Worker-6] ¿Cómo se calcula este rango?
[Worker-6] ¿Te toca renovar tu SOAT?
[Worker-6] Verifica el estado de tu SOAT aquí y evita multas.
[Worker-6] Consultar SOAT
[Worker-6] Precio
[Worker-6] US$12,000
[Worker-6] Dscto. por adquirir el Crédito Vehicular
[Worker-6] -US$1,000*
[Worker-6] *Aplica si financias tu auto con Santander Consumer
[Worker-6] Contáctate con el anunciante
[Worker-6] Gianfranco Dacunha
[Worker-6] 948 909...
[Worker-6] Más información
[Worker-6] Beneficios adicionales para ti:
[Worker-6] La mejor opción
[Worker-6] Financia tu auto con Santander Consumer
[Worker-6] Paga desde:
[Worker-6] US$11,000 o
[Worker-6] US$996/mes*
[Worker-6] Simular crédito
[Worker-6] (*) Cuota mensual referencial. Calculada a 12 meses, 20% de inicial y TEA de 20.99%. No incluye seguro vehicular.
[Worker-6] Solicita tu Préstamo Personal hasta de S/45,000
[Worker-6] Me interesa
[Worker-6] Vehículos similares
[Worker-6] Ver todos los vehículos
[Worker-6] Unico Dueño
[Worker-6] Kia Soluto 2024
[Worker-6] 34,450km
[Worker-6] LX-PLUS
[Worker-6] Mecánica
[Worker-6] Dual
[Worker-6] Precio
[Worker-6] US$12,000
[Worker-6] Con Crédito Vehicular
[Worker-6] US$328/mes
[Worker-6] Ver detalle
[Worker-6] Vehículo de: LUIS ENRIQUE ARIAS RAMIREZ
[Worker-6] Seminuevo
[Worker-6] Audi A3 Sedan 2017
[Worker-6] 45,500km
[Worker-6] 1.2 TFSI ATTRAC...
[Worker-6] Automática - Se...
[Worker-6] Gasolina
[Worker-6] Precio
[Worker-6] US$16,700
[Worker-6] Con Crédito Vehicular
[Worker-6] US$15,700
[Worker-6] Ver detalle
[Worker-6] Vehículo de: Jorge Tirado Melgar
[Worker-6] Nunca piques
[Worker-6] Subaru Impreza Wrx 2019
[Worker-6] 73,200km
[Worker-6] Mecánica
[Worker-6] Gasolina
[Worker-6] Precio
[Worker-6] US$22,000
[Worker-6] Con Crédito Vehicular
[Worker-6] US$21,000
[Worker-6] Ver detalle
[Worker-6] Vehículo de: Felipe Ramos
[Worker-6] Super equipado
[Worker-6] Mazda 6 2009
[Worker-6] 160,000km
[Worker-6] 2.0 AT SPORT
[Worker-6] Automática - Se...
[Worker-6] Gasolina
[Worker-6] Precio
[Worker-6] US$8,800
[Worker-6] Ver detalle
[Worker-6] Vehículo de: Diego Salvador Goicochea Arevalo
[Worker-6] Auto verificado
[Worker-6] Premium
[Worker-6] Bmw 520-I 2014
[Worker-6] 90,000km
[Worker-6] SEDAN AT 2.0
[Worker-6] Automática - Se...
[Worker-6] Gasolina
[Worker-6] Precio
[Worker-6] US$15,000
[Worker-6] Con Crédito Vehicular
[Worker-6] US$14,000
[Worker-6] Ver detalle
[Worker-6] Vehículo de: Diego Herrera
[Worker-6] Toyota Avensis 2017
[Worker-6] 83,000km
[Worker-6] 2.0 A/T
[Worker-6] Automática - Se...
[Worker-6] Gasolina
[Worker-6] Precio
[Worker-6] US$14,800
[Worker-6] Con Crédito Vehicular
[Worker-6] US$1,224/mes
[Worker-6] Ver detalle
[Worker-6] Vehículo de: Brian Morris
[Worker-6] Premium
[Worker-6] Toyota Corolla 2022
[Worker-6] 54,000km
[Worker-6] Automática - Se...
[Worker-6] Gasolina
[Worker-6] Precio
[Worker-6] US$20,000
[Worker-6] Con Crédito Vehicular
[Worker-6] US$19,000
[Worker-6] Ver detalle
[Worker-6] Vehículo de: Darwin Verde reyes
[Worker-6] Premium
[Worker-6] Audi A4 2017
[Worker-6] 44,000km
[Worker-6] 2.0 TFSI STRONI...
[Worker-6] Automática - Se...
[Worker-6] Gasolina
[Worker-6] Precio
[Worker-6] US$21,500
[Worker-6] Con Crédito Vehicular
[Worker-6] US$1,767/mes
[Worker-6] Ver detalle
[Worker-6] Vehículo de: Elio Espinoza
[Worker-6] Seminuevos
[Worker-6] Autos
[Worker-6] Motos
[Worker-6] Camiones
[Worker-6] Usados
[Worker-6] Autos
[Worker-6] Motos
[Worker-6] Camiones
[Worker-6] Nuevos
[Worker-6] Autos
[Worker-6] Camiones
[Worker-6] Ayuda
[Worker-6] Términos y condiciones
[Worker-6] Políticas de publicación
[Worker-6] ¿Cómo protegemos tus datos?
[Worker-6] Legales
[Worker-6] Sobre NeoAuto
[Worker-6] Noticias
[Worker-6] Tips y guías
[Worker-6] Ayuda en línea
[Worker-6] © 2024 NeoAuto Inc. Todos los derechos reservados
[Worker-6] Síguenos
[Worker-6] Descripción: {"@context":"https://schema.org","@graph":[{"@type":"Organization","@id":"https://neoauto.com/#organ...
[Worker-6] Único dueño: Sí
[Worker-6] Datos guardados en: /home/richgutz/Scraper-Neoauto-ANTIGRAVITY/extractores/results_txt/semanal_result_20260126_172217_b47811.txt
[Worker-4] Scroll INICIAL para activar contenido...
[Worker-8] URLs restantes en urls_autos_random: 1992 | Procesadas en sesión: 7 | Próximo refresco en: 18 URLs
[Worker-8] URL obtenida y bloqueada desde urls_autos_random: https://neoauto.com/auto/usado/kia-sorento-2016-1863038
[Worker-8] Iniciando extracción para: https://neoauto.com/auto/usado/kia-sorento-2016-1863038
[Worker-8] Iniciando navegación...
[Worker-8] Marca extraída: 'kia'
[Worker-8] Camino elegido (4 pasos).
[Worker-8] Paso 1/4: Página Principal...
[Worker-8] Navegación rápida (sin acciones)
[Worker-8] Paso 2/4: Categoría 'Usados'...
[Worker-3] URLs restantes en urls_autos_random: 1991 | Procesadas en sesión: 7 | Próximo refresco en: 18 URLs
[Worker-3] URL obtenida y bloqueada desde urls_autos_random: https://neoauto.com/auto/usado/mazda-cx-5-2016-1862862
[Worker-3] Iniciando extracción para: https://neoauto.com/auto/usado/mazda-cx-5-2016-1862862
[Worker-3] Iniciando navegación...
[Worker-3] Marca extraída: 'mazda'
[Worker-3] Camino elegido (4 pasos).
[Worker-3] Paso 1/4: Página Principal...
[Worker-7] URLs restantes en urls_autos_random: 1990 | Procesadas en sesión: 7 | Próximo refresco en: 18 URLs
[Worker-8] Navegación rápida (sin acciones)
[Worker-8] Paso 3/4: Filtro por Marca 'KIA'...
[Worker-3] Navegación rápida (sin acciones)
[Worker-3] Paso 2/4: Categoría 'Usados'...
[Worker-7] URL obtenida y bloqueada desde urls_autos_random: https://neoauto.com/auto/usado/mercedes-benz-glc-250-4matic-2019-1851525
[Worker-7] Iniciando extracción para: https://neoauto.com/auto/usado/mercedes-benz-glc-250-4matic-2019-1851525
[Worker-7] Iniciando navegación...
[Worker-7] Marca extraída: 'mercedes'
[Worker-7] Camino elegido (4 pasos).
[Worker-7] Paso 1/4: Página Principal...
[Worker-6] URLs restantes en urls_autos_random: 1988 | Procesadas en sesión: 7 | Próximo refresco en: 18 URLs
[Worker-6] URL obtenida y bloqueada desde urls_autos_random: https://neoauto.com/auto/usado/volkswagen-jetta-2021-1670394
[Worker-6] Iniciando extracción para: https://neoauto.com/auto/usado/volkswagen-jetta-2021-1670394
[Worker-6] Iniciando navegación...
[Worker-6] Marca extraída: 'volkswagen'
[Worker-6] Camino elegido (4 pasos).
[Worker-6] Paso 1/4: Página Principal...
[Worker-8] Navegación rápida (sin acciones)
[Worker-8] Paso 4/4: URL Final...
[Worker-7] Navegación rápida (sin acciones)
[Worker-7] Paso 2/4: Categoría 'Usados'...
[Worker-3] Navegación rápida (sin acciones)
[Worker-3] Paso 3/4: Filtro por Marca 'MAZDA'...
[Worker-1] Intento 1: Popup no encontrado
[Worker-6] Navegación rápida (sin acciones)
[Worker-6] Paso 2/4: Categoría 'Usados'...
[Worker-8] Scroll INICIAL para activar contenido...
[Worker-7] Navegación rápida (sin acciones)
[Worker-7] Paso 3/4: Filtro por Marca 'MERCEDES'...
[Worker-6] Navegación rápida (sin acciones)
[Worker-6] Paso 3/4: Filtro por Marca 'VOLKSWAGEN'...
[Worker-3] Navegación rápida (sin acciones)
[Worker-3] Paso 4/4: URL Final...
[Worker-3] Scroll INICIAL para activar contenido...
[Worker-1] Intento 2: Popup no encontrado
[Worker-7] Navegación rápida (sin acciones)
[Worker-7] Paso 4/4: URL Final...
[Worker-6] Navegación rápida (sin acciones)
[Worker-6] Paso 4/4: URL Final...
[Worker-5] Intento 1: Popup no encontrado
[Worker-4] No apareció popup de cookies
[Worker-7] Scroll INICIAL para activar contenido...
[Worker-6] Scroll INICIAL para activar contenido...
[Worker-4] Intento 1: Page.click: Timeout 1000ms exceeded.
[Worker-4] Call log:
[Worker-4] - waiting for locator("button[class*='close']").locator("svg").locator("xpath=./ancestor::button")
[Worker-1] Intento 3: Popup no encontrado
[Worker-4] Intento 2: Page.click: Timeout 1000ms exceeded.
[Worker-4] Call log:
[Worker-4] - waiting for locator("button[class*='close']").locator("svg").locator("xpath=./ancestor::button")
[Worker-1] No se pudo cerrar el popup de satisfacción
[Worker-1] Popups manejados POST-scroll
[Worker-1] Scroll adicional de confirmación...
[Worker-2] Intento 1: Popup no encontrado
[Worker-5] Intento 2: Popup no encontrado
[Worker-1] Título: Toyota Hilux 2022
[Worker-1] Precio: S/ nan
[Worker-1] Kilometraje: inf km
[Worker-1] Ubicación: ¡Arranca tu año sobre ruedas!
[Worker-1] Súbete a tu próximo seminuevo, el auto que mereces.
[Worker-1] ¡Arranca tu año sobre ruedas!
[Worker-1] Súbete a tu próximo seminuevo, el auto que mereces.
[Worker-1] ¡Arranca tu año sobre ruedas!
[Worker-1] Súbete a tu próximo seminuevo, el auto que mereces.
[Worker-1] ¡Arranca tu año sobre ruedas!
[Worker-1] Súbete a tu próximo seminuevo, el auto que mereces.
[Worker-1] Iniciar sesión
[Worker-1] Quiero vender
[Worker-1] Comprar
[Worker-1] Quiero vender
[Worker-1] Financiamiento
[Worker-1] Alquilar
[Worker-1] Nuevo
[Worker-1] Seguros
[Worker-1] Eventos
[Worker-1] Publicidad
[Worker-1] Ver fotos
[Worker-1] Autos usados
[Worker-1] Toyota
[Worker-1] Hilux
[Worker-1] Toyota Hilux 2022
[Worker-1] Los Olivos, Lima, Lima
[Worker-1] Publicado hace más de un mes
[Worker-1] 1,855 vistas
[Worker-1] Reportar aviso
[Worker-1] Compartir
[Worker-1] Marcar como favorito
[Worker-1] Toyota Hilux 2022
[Worker-1] Reportar aviso
[Worker-1] Compartir
[Worker-1] Marcar como favorito
[Worker-1] Año modelo
[Worker-1] 2022
[Worker-1] Kilometraje
[Worker-1] 112,000 km
[Worker-1] Transmisión
[Worker-1] Mecánica
[Worker-1] Descripción
[Worker-1] Se vende en ocasión camioneta 4x4 hilux TOYOTA SRV FULL EQUIPO. El motor es turbo intercooler en excelente estado, vehículo de uso particular (único dueño), nada de trabajos pesados, ni alquiler. Cuenta con documentos en regla, cero papeletas, cero c...
[Worker-1] Seguir leyendo
[Worker-1] Te recomendamos:
[Worker-1] ¿Te toca renovar tu SOAT?
[Worker-1] Verifica el estado de tu SOAT aquí y evita multas.
[Worker-1] Consultar SOAT
[Worker-1] Alquila autos con Kinto Share
[Worker-1] Que nada frene tus aventuras. Seguro,flexible y con garantia.
[Worker-1] Ver más
[Worker-1] Blog & Noticias
[Worker-1] Entérate de las últimas novedades del sector automotriz.
[Worker-1] Ver más
[Worker-1] Especificaciones técnicas
[Worker-1] Características
[Worker-1] Marca
[Worker-1] Toyota
[Worker-1] Modelo
[Worker-1] HILUX
[Worker-1] Versión
[Worker-1] 4X4 SRV
[Worker-1] Año de fabricación
[Worker-1] 2022
[Worker-1] Categoría
[Worker-1] Pick Up
[Worker-1] Combustible
[Worker-1] Diesel
[Worker-1] Número de puertas
[Worker-1] 4
[Worker-1] Tracción
[Worker-1] 4x4
[Worker-1] Color
[Worker-1] Blanco
[Worker-1] Número cilindros
[Worker-1] 4
[Worker-1] Cilindrada
[Worker-1] 2,755 cc
[Worker-1] Equipamiento
[Worker-1] Retrovisores Eléctricos
[Worker-1] Neblineros
[Worker-1] Aire Acondicionado
[Worker-1] Full Equipo
[Worker-1] Parlantes/Bajos
[Worker-1] Radio MP3
[Worker-1] Exterior
[Worker-1] Aros
[Worker-1] Parrilla
[Worker-1] Seguridad
[Worker-1] Localizador (GPS)
[Worker-1] Airbag
[Worker-1] Láminas de Seguridad
[Worker-1] Faros antiniebla delantero
[Worker-1] Frenos ABS
[Worker-1] Alarma
[Worker-1] Precios y costos
[Worker-1] Este aviso
[Worker-1] US$37,500
[Worker-1] Precio de mercado
[Worker-1] US$34,750*
[Worker-1] Excelente
[Worker-1] Competitivo
[Worker-1] Premium
[Worker-1] (*) Precio referencial
[Worker-1] ¿Cómo se calcula este rango?
[Worker-1] ¿Te toca renovar tu SOAT?
[Worker-1] Verifica el estado de tu SOAT aquí y evita multas.
[Worker-1] Consultar SOAT
[Worker-1] Precio
[Worker-1] US$37,500
[Worker-1] Contáctate con el anunciante
[Worker-1] Sn Sn
[Worker-1] 999 225...
[Worker-1] Más información
[Worker-1] Beneficios adicionales para ti:
[Worker-1] La mejor opción
[Worker-1] Financia tu auto con Santander Consumer
[Worker-1] Paga desde:
[Worker-1] US$1,004/mes*
[Worker-1] Simular crédito
[Worker-1] (*) Cuota mensual referencial. Calculada a 60 meses, 20% de inicial y TEA de 20.99%. No incluye seguro vehicular.
[Worker-1] Solicita tu Préstamo Personal hasta de S/45,000
[Worker-1] Me interesa
[Worker-1] Seminuevos
[Worker-1] Autos
[Worker-1] Motos
[Worker-1] Camiones
[Worker-1] Usados
[Worker-1] Autos
[Worker-1] Motos
[Worker-1] Camiones
[Worker-1] Nuevos
[Worker-1] Autos
[Worker-1] Camiones
[Worker-1] Ayuda
[Worker-1] Términos y condiciones
[Worker-1] Políticas de publicación
[Worker-1] ¿Cómo protegemos tus datos?
[Worker-1] Legales
[Worker-1] Sobre NeoAuto
[Worker-1] Noticias
[Worker-1] Tips y guías
[Worker-1] Ayuda en línea
[Worker-1] © 2024 NeoAuto Inc. Todos los derechos reservados
[Worker-1] Síguenos
[Worker-1] Descripción: {"@context":"https://schema.org","@graph":[{"@type":"Organization","@id":"https://neoauto.com/#organ...
[Worker-1] Único dueño: Sí
[Worker-1] Datos guardados en: /home/richgutz/Scraper-Neoauto-ANTIGRAVITY/extractores/results_txt/semanal_result_20260126_172237_e1ca73.txt
[Worker-8] No apareció popup de cookies
[Worker-2] Intento 2: Popup no encontrado
[Worker-8] Intento 1: Page.click: Timeout 1000ms exceeded.
[Worker-8] Call log:
[Worker-8] - waiting for locator("button[class*='close']").locator("svg").locator("xpath=./ancestor::button")
[Worker-1] URLs restantes en urls_autos_random: 1986 | Procesadas en sesión: 8 | Próximo refresco en: 17 URLs
[Worker-5] Intento 3: Popup no encontrado
[Worker-1] URL obtenida y bloqueada desde urls_autos_random: https://neoauto.com/auto/usado/subaru-new-xv-2016-1863521
[Worker-1] Iniciando extracción para: https://neoauto.com/auto/usado/subaru-new-xv-2016-1863521
[Worker-1] Iniciando navegación...
[Worker-1] Marca extraída: 'subaru'
[Worker-1] Camino elegido (4 pasos).
[Worker-1] Paso 1/4: Página Principal...
[Worker-5] No se pudo cerrar el popup de satisfacción
[Worker-5] Popups manejados POST-scroll
[Worker-5] Scroll adicional de confirmación...
[Worker-8] Intento 2: Page.click: Timeout 1000ms exceeded.
[Worker-8] Call log:
[Worker-8] - waiting for locator("button[class*='close']").locator("svg").locator("xpath=./ancestor::button")
[Worker-3] No apareció popup de cookies
[Worker-1] Navegación rápida (sin acciones)
[Worker-1] Paso 2/4: Categoría 'Usados'...
[Worker-3] Intento 1: Page.click: Timeout 1000ms exceeded.
[Worker-3] Call log:
[Worker-3] - waiting for locator("button[class*='close']").locator("svg").locator("xpath=./ancestor::button")
[Worker-2] Intento 3: Popup no encontrado
[Worker-1] Navegación rápida (sin acciones)
[Worker-1] Paso 3/4: Filtro por Marca 'SUBARU'...
[Worker-5] Título: Ford Territory 2025
[Worker-5] Precio: S/ nan
[Worker-5] Kilometraje: 3.200200123452025e+302 km
[Worker-5] Ubicación: ¡Arranca tu año sobre ruedas!
[Worker-5] Súbete a tu próximo seminuevo, el auto que mereces.
[Worker-5] ¡Arranca tu año sobre ruedas!
[Worker-5] Súbete a tu próximo seminuevo, el auto que mereces.
[Worker-5] ¡Arranca tu año sobre ruedas!
[Worker-5] Súbete a tu próximo seminuevo, el auto que mereces.
[Worker-5] ¡Arranca tu año sobre ruedas!
[Worker-5] Súbete a tu próximo seminuevo, el auto que mereces.
[Worker-5] Iniciar sesión
[Worker-5] Quiero vender
[Worker-5] Comprar
[Worker-5] Quiero vender
[Worker-5] Financiamiento
[Worker-5] Alquilar
[Worker-5] Nuevo
[Worker-5] Seguros
[Worker-5] Eventos
[Worker-5] Publicidad
[Worker-5] Ver fotos
[Worker-5] Autos usados
[Worker-5] Ford
[Worker-5] Territory
[Worker-5] Ford Territory 2025
[Worker-5] Magdalena del Mar, Lima, Lima
[Worker-5] Publicado hace más de una semana
[Worker-5] 469 vistas
[Worker-5] Reportar aviso
[Worker-5] Compartir
[Worker-5] Marcar como favorito
[Worker-5] Ford Territory 2025
[Worker-5] Reportar aviso
[Worker-5] Compartir
[Worker-5] Marcar como favorito
[Worker-5] Año modelo
[Worker-5] 2025
[Worker-5] Kilometraje
[Worker-5] 14,500 km
[Worker-5] Transmisión
[Worker-5] Automática - Secuencial
[Worker-5] Descripción
[Worker-5] Único dueño. Transmisión: Automática 7 vel. (DCT) 15,000 KM Tracción: Delantera (4x2) - Motor: 1.8 L EcoBoost Turbo – ≈187 hp • ≈320 Nm ▪ Apple CarPlay / Android Auto ▪ Cámara 360° + sensores del. y tras. ▪ Ford Co-Pilot360 (AEB, LKA, BSW, RCTA) ▪ EP...
[Worker-5] Seguir leyendo
[Worker-5] Te recomendamos:
[Worker-5] ¿Te toca renovar tu SOAT?
[Worker-5] Verifica el estado de tu SOAT aquí y evita multas.
[Worker-5] Consultar SOAT
[Worker-5] Alquila autos con Kinto Share
[Worker-5] Que nada frene tus aventuras. Seguro,flexible y con garantia.
[Worker-5] Ver más
[Worker-5] Blog & Noticias
[Worker-5] Entérate de las últimas novedades del sector automotriz.
[Worker-5] Ver más
[Worker-5] Especificaciones técnicas
[Worker-5] Características
[Worker-5] Marca
[Worker-5] Ford
[Worker-5] Modelo
[Worker-5] TERRITORY
[Worker-5] Año de fabricación
[Worker-5] 2025
[Worker-5] Categoría
[Worker-5] Camioneta
[Worker-5] Combustible
[Worker-5] Gasolina
[Worker-5] Número de puertas
[Worker-5] 4
[Worker-5] Tracción
[Worker-5] 4x2
[Worker-5] Color
[Worker-5] Azul
[Worker-5] Número cilindros
[Worker-5] 1
[Worker-5] Equipamiento
[Worker-5] Neblineros
[Worker-5] Aire Acondicionado
[Worker-5] Full Equipo
[Worker-5] Computadora de abordo
[Worker-5] Parlantes/Bajos
[Worker-5] Radio CD
[Worker-5] Radio MP3
[Worker-5] Retrovisores Eléctricos
[Worker-5] Exterior
[Worker-5] Aros
[Worker-5] Luces Halógenas
[Worker-5] Parrilla
[Worker-5] Aros de Aleación
[Worker-5] Seguridad
[Worker-5] Localizador (GPS)
[Worker-5] Alarma
[Worker-5] Frenos ABS
[Worker-5] Repartidor electrónico de frenado
[Worker-5] Inmovilizador de motor
[Worker-5] Faros antiniebla traseros
[Worker-5] Faros antiniebla delantero
[Worker-5] Blindado
[Worker-5] Láminas de Seguridad
[Worker-5] Airbag
[Worker-5] Extras
[Worker-5] Sunroof
[Worker-5] Asientos de cuero
[Worker-5] Climatizador
[Worker-5] Precios y costos
[Worker-5] Aún no tenemos suficiente información para determinar un rango de precio para este vehículo.
[Worker-5] Excelente
[Worker-5] Competitivo
[Worker-5] Premium
[Worker-5] (*) Precio referencial
[Worker-5] ¿Cómo se calcula este rango?
[Worker-5] ¿Te toca renovar tu SOAT?
[Worker-5] Verifica el estado de tu SOAT aquí y evita multas.
[Worker-5] Consultar SOAT
[Worker-5] Precio
[Worker-5] US$25,400
[Worker-5] Dscto. por adquirir el Crédito Vehicular
[Worker-5] -US$1,000*
[Worker-5] *Aplica si financias tu auto con Santander Consumer
[Worker-5] Contáctate con el anunciante
[Worker-5] Fernando Grimaldo Inocente Jacobe
[Worker-5] 992 288...
[Worker-5] Más información
[Worker-5] Beneficios adicionales para ti:
[Worker-5] La mejor opción
[Worker-5] Financia tu auto con Santander Consumer
[Worker-5] Paga desde:
[Worker-5] US$24,400 o
[Worker-5] US$683/mes*
[Worker-5] Simular crédito
[Worker-5] (*) Cuota mensual referencial. Calculada a 60 meses, 20% de inicial y TEA de 20.99%. No incluye seguro vehicular.
[Worker-5] Solicita tu Préstamo Personal hasta de S/45,000
[Worker-5] Me interesa
[Worker-5] Seminuevos
[Worker-5] Autos
[Worker-5] Motos
[Worker-5] Camiones
[Worker-5] Usados
[Worker-5] Autos
[Worker-5] Motos
[Worker-5] Camiones
[Worker-5] Nuevos
[Worker-5] Autos
[Worker-5] Camiones
[Worker-5] Ayuda
[Worker-5] Términos y condiciones
[Worker-5] Políticas de publicación
[Worker-5] ¿Cómo protegemos tus datos?
[Worker-5] Legales
[Worker-5] Sobre NeoAuto
[Worker-5] Noticias
[Worker-5] Tips y guías
[Worker-5] Ayuda en línea
[Worker-5] © 2024 NeoAuto Inc. Todos los derechos reservados
[Worker-5] Síguenos
[Worker-5] Descripción: {"@context":"https://schema.org","@graph":[{"@type":"Organization","@id":"https://neoauto.com/#organ...
[Worker-5] Único dueño: No
[Worker-5] Datos guardados en: /home/richgutz/Scraper-Neoauto-ANTIGRAVITY/extractores/results_txt/semanal_result_20260126_172244_d1a7b9.txt
[Worker-3] Intento 2: Page.click: Timeout 1000ms exceeded.
[Worker-3] Call log:
[Worker-3] - waiting for locator("button[class*='close']").locator("svg").locator("xpath=./ancestor::button")
[Worker-2] No se pudo cerrar el popup de satisfacción
[Worker-2] Popups manejados POST-scroll
[Worker-2] Scroll adicional de confirmación...
[Worker-6] No apareció popup de cookies
[Worker-7] No apareció popup de cookies
[Worker-1] Navegación rápida (sin acciones)
[Worker-1] Paso 4/4: URL Final...
[Worker-6] Intento 1: Page.click: Timeout 1000ms exceeded.
[Worker-6] Call log:
[Worker-6] - waiting for locator("button[class*='close']").locator("svg").locator("xpath=./ancestor::button")
[Worker-7] Intento 1: Page.click: Timeout 1000ms exceeded.
[Worker-7] Call log:
[Worker-7] - waiting for locator("button[class*='close']").locator("svg").locator("xpath=./ancestor::button")
[Worker-1] Scroll INICIAL para activar contenido...
[Worker-5] URLs restantes en urls_autos_random: 1984 | Procesadas en sesión: 8 | Próximo refresco en: 17 URLs
[Worker-2] Título: Kia Rio 2014
[Worker-2] Precio: S/ nan
[Worker-2] Kilometraje: inf km
[Worker-2] Ubicación: ¡Arranca tu año sobre ruedas!
[Worker-2] Súbete a tu próximo seminuevo, el auto que mereces.
[Worker-2] ¡Arranca tu año sobre ruedas!
[Worker-2] Súbete a tu próximo seminuevo, el auto que mereces.
[Worker-2] ¡Arranca tu año sobre ruedas!
[Worker-2] Súbete a tu próximo seminuevo, el auto que mereces.
[Worker-2] ¡Arranca tu año sobre ruedas!
[Worker-2] Súbete a tu próximo seminuevo, el auto que mereces.
[Worker-2] Iniciar sesión
[Worker-2] Quiero vender
[Worker-2] Comprar
[Worker-2] Quiero vender
[Worker-2] Financiamiento
[Worker-2] Alquilar
[Worker-2] Nuevo
[Worker-2] Seguros
[Worker-2] Eventos
[Worker-2] Publicidad
[Worker-2] Ver fotos
[Worker-2] Autos usados
[Worker-2] Kia
[Worker-2] Rio
[Worker-2] Kia Rio 2014
[Worker-2] Santiago de Surco, Lima, Lima
[Worker-2] Publicado hace unos días
[Worker-2] 83 vistas
[Worker-2] Reportar aviso
[Worker-2] Compartir
[Worker-2] Marcar como favorito
[Worker-2] Kia Rio 2014
[Worker-2] Reportar aviso
[Worker-2] Compartir
[Worker-2] Marcar como favorito
[Worker-2] Año modelo
[Worker-2] 2014
[Worker-2] Kilometraje
[Worker-2] 72,000 km
[Worker-2] Transmisión
[Worker-2] Automática
[Worker-2] Te recomendamos:
[Worker-2] ¿Te toca renovar tu SOAT?
[Worker-2] Verifica el estado de tu SOAT aquí y evita multas.
[Worker-2] Consultar SOAT
[Worker-2] Alquila autos con Kinto Share
[Worker-2] Que nada frene tus aventuras. Seguro,flexible y con garantia.
[Worker-2] Ver más
[Worker-2] Blog & Noticias
[Worker-2] Entérate de las últimas novedades del sector automotriz.
[Worker-2] Ver más
[Worker-2] Especificaciones técnicas
[Worker-2] Características
[Worker-2] Marca
[Worker-2] Kia
[Worker-2] Modelo
[Worker-2] RIO
[Worker-2] Versión
[Worker-2] 1.4 AT - EX FULL DELUXE
[Worker-2] Versión
[Worker-2] 1.4 AT - EX FULL DELUXE
[Worker-2] Año de fabricación
[Worker-2] 2014
[Worker-2] Categoría
[Worker-2] Hatchback
[Worker-2] Combustible
[Worker-2] Dual
[Worker-2] Número de puertas
[Worker-2] 5
[Worker-2] Tracción
[Worker-2] 4x2
[Worker-2] Color
[Worker-2] Azul
[Worker-2] Cilindrada
[Worker-2] 1,400 cc
[Worker-2] Equipamiento
[Worker-2] Retrovisores Eléctricos
[Worker-2] Neblineros
[Worker-2] Aire Acondicionado
[Worker-2] Full Equipo
[Worker-2] Computadora de abordo
[Worker-2] Parlantes/Bajos
[Worker-2] Radio CD
[Worker-2] Radio MP3
[Worker-2] Exterior
[Worker-2] Aros de Aleación
[Worker-2] Seguridad
[Worker-2] Airbag
[Worker-2] Faros antiniebla delantero
[Worker-2] Frenos ABS
[Worker-2] Alarma
[Worker-2] Extras
[Worker-2] Sunroof
[Worker-2] Precios y costos
[Worker-2] Aún no tenemos suficiente información para determinar un rango de precio para este vehículo.
[Worker-2] Excelente
[Worker-2] Competitivo
[Worker-2] Premium
[Worker-2] (*) Precio referencial
[Worker-2] ¿Cómo se calcula este rango?
[Worker-2] ¿Te toca renovar tu SOAT?
[Worker-2] Verifica el estado de tu SOAT aquí y evita multas.
[Worker-2] Consultar SOAT
[Worker-2] Precio
[Worker-2] US$10,000
[Worker-2] Contáctate con el anunciante
[Worker-2] Cynthia Del Carpio Alva
[Worker-2] 985 399...
[Worker-2] Más información
[Worker-2] Beneficios adicionales para ti:
[Worker-2] La mejor opción
[Worker-2] Financia tu auto con Santander Consumer
[Worker-2] Paga desde:
[Worker-2] US$834/mes*
[Worker-2] Simular crédito
[Worker-2] (*) Cuota mensual referencial. Calculada a 12 meses, 20% de inicial y TEA de 20.99%. No incluye seguro vehicular.
[Worker-2] Solicita tu Préstamo Personal hasta de S/45,000
[Worker-2] Me interesa
[Worker-2] Vehículos similares
[Worker-2] Ver todos los vehículos
[Worker-2] Volvo V40 2016
[Worker-2] 85,000km
[Worker-2] R-DESIGN
[Worker-2] Automática - Se...
[Worker-2] Gasolina
[Worker-2] Precio
[Worker-2] US$14,500
[Worker-2] Con Crédito Vehicular
[Worker-2] US$13,500
[Worker-2] Ver detalle
[Worker-2] Vehículo de: pamela gamarra mateo
[Worker-2] Suzuki Sx-4 2015
[Worker-2] 77,000km
[Worker-2] Automática
[Worker-2] Dual
[Worker-2] Precio
[Worker-2] US$10,000
[Worker-2] Con Crédito Vehicular
[Worker-2] US$834/mes
[Worker-2] Ver detalle
[Worker-2] Vehículo de: Andres Chumioque
[Worker-2] Toyota Corolla 2021
[Worker-2] 40,000km
[Worker-2] 1.2 TURBO CVT
[Worker-2] Automática - Se...
[Worker-2] Gasolina
[Worker-2] Precio
[Worker-2] US$20,000
[Worker-2] Con Crédito Vehicular
[Worker-2] US$540/mes
[Worker-2] Ver detalle
[Worker-2] Vehículo de: Rodolfo Gonzales Berrocal
[Worker-2] Volkswagen Gol Comfort 1.6 2014
[Worker-2] 45,000km
[Worker-2] Mecánica
[Worker-2] Gasolina
[Worker-2] Precio
[Worker-2] US$9,000
[Worker-2] Con Crédito Vehicular
[Worker-2] US$753/mes
[Worker-2] Ver detalle
[Worker-2] Vehículo de: Guillermo Martín mardon zarate
[Worker-2] Audi A7 Sportback Hb 2012
[Worker-2] 81,300km
[Worker-2] 3.0 TFSI QUATTR...
[Worker-2] Automática - Se...
[Worker-2] Gasolina
[Worker-2] Precio
[Worker-2] US$19,500
[Worker-2] Ver detalle
[Worker-2] Vehículo de: INVERSIONES GIRALDO DEL PORTA INVERSIONES GIRALDO DEL PORTA
[Worker-2] Como nuevo
[Worker-2] Suzuki Swift 2022
[Worker-2] 2,000km
[Worker-2] SWIFT GLS 1.2 M...
[Worker-2] Mecánica
[Worker-2] Gasolina
[Worker-2] Precio
[Worker-2] US$13,100
[Worker-2] Con Crédito Vehicular
[Worker-2] US$12,100
[Worker-2] Ver detalle
[Worker-2] Vehículo de: Luis Charca
[Worker-2] De lujo
[Worker-2] Mini John Cooper Works 2025
[Worker-2] 3,800km
[Worker-2] Automática - Se...
[Worker-2] Gasolina
[Worker-2] Precio
[Worker-2] US$46,000
[Worker-2] Con Crédito Vehicular
[Worker-2] US$45,000
[Worker-2] Ver detalle
[Worker-2] Vehículo de: Renato Ramos
[Worker-2] Auto verificado
[Worker-2] Unico Dueño
[Worker-2] Chevrolet Onix 2019
[Worker-2] 25,722km
[Worker-2] 1.4L LTZ MT
[Worker-2] Mecánica
[Worker-2] Gasolina
[Worker-2] Precio
[Worker-2] US$10,500
[Worker-2] Con Crédito Vehicular
[Worker-2] US$383/mes
[Worker-2] Ver detalle
[Worker-2] Vehículo de: MARITA CORREA CACERES
[Worker-2] Seminuevos
[Worker-2] Autos
[Worker-2] Motos
[Worker-2] Camiones
[Worker-2] Usados
[Worker-2] Autos
[Worker-2] Motos
[Worker-2] Camiones
[Worker-2] Nuevos
[Worker-2] Autos
[Worker-2] Camiones
[Worker-2] Ayuda
[Worker-2] Términos y condiciones
[Worker-2] Políticas de publicación
[Worker-2] ¿Cómo protegemos tus datos?
[Worker-2] Legales
[Worker-2] Sobre NeoAuto
[Worker-2] Noticias
[Worker-2] Tips y guías
[Worker-2] Ayuda en línea
[Worker-2] © 2024 NeoAuto Inc. Todos los derechos reservados
[Worker-2] Síguenos
[Worker-2] Descripción: {"@context":"https://schema.org","@graph":[{"@type":"Organization","@id":"https://neoauto.com/#organ...
[Worker-2] Único dueño: Sí
[Worker-2] Datos guardados en: /home/richgutz/Scraper-Neoauto-ANTIGRAVITY/extractores/results_txt/semanal_result_20260126_172248_f0975c.txt
[Worker-5] URL obtenida y bloqueada desde urls_autos_random: https://neoauto.com/auto/usado/subaru-xv-2021-1854115
[Worker-5] Iniciando extracción para: https://neoauto.com/auto/usado/subaru-xv-2021-1854115
[Worker-5] Iniciando navegación...
[Worker-5] Marca extraída: 'subaru'
[Worker-5] Camino elegido (4 pasos).
[Worker-5] Paso 1/4: Página Principal...
[Worker-6] Intento 2: Page.click: Timeout 1000ms exceeded.
[Worker-6] Call log:
[Worker-6] - waiting for locator("button[class*='close']").locator("svg").locator("xpath=./ancestor::button")
[Worker-7] Intento 2: Page.click: Timeout 1000ms exceeded.
[Worker-7] Call log:
[Worker-7] - waiting for locator("button[class*='close']").locator("svg").locator("xpath=./ancestor::button")
[Worker-5] Navegación rápida (sin acciones)
[Worker-5] Paso 2/4: Categoría 'Usados'...
[Worker-5] Navegación rápida (sin acciones)
[Worker-5] Paso 3/4: Filtro por Marca 'SUBARU'...
[Worker-5] Navegación rápida (sin acciones)
[Worker-5] Paso 4/4: URL Final...
[Worker-4] Intento 1: Popup no encontrado
[Worker-2] URLs restantes en urls_autos_random: 1983 | Procesadas en sesión: 8 | Próximo refresco en: 17 URLs
[Worker-5] Scroll INICIAL para activar contenido...
[Worker-2] URL obtenida y bloqueada desde urls_autos_random: https://neoauto.com/auto/usado/kia-sportage-2014-1854098
[Worker-2] Iniciando extracción para: https://neoauto.com/auto/usado/kia-sportage-2014-1854098
[Worker-2] Iniciando navegación...
[Worker-2] Marca extraída: 'kia'
[Worker-2] Camino elegido (4 pasos).
[Worker-2] Paso 1/4: Página Principal...
[Worker-2] Navegación rápida (sin acciones)
[Worker-2] Paso 2/4: Categoría 'Usados'...
[Worker-2] Navegación rápida (sin acciones)
[Worker-2] Paso 3/4: Filtro por Marca 'KIA'...
[Worker-4] Intento 2: Popup no encontrado
[Worker-2] Navegación rápida (sin acciones)
[Worker-2] Paso 4/4: URL Final...
[Worker-1] No apareció popup de cookies
[Worker-2] Scroll INICIAL para activar contenido...
[Worker-1] Intento 1: Page.click: Timeout 1000ms exceeded.
[Worker-1] Call log:
[Worker-1] - waiting for locator("button[class*='close']").locator("svg").locator("xpath=./ancestor::button")
[Worker-8] Intento 1: Popup no encontrado
[Worker-4] Intento 3: Popup no encontrado
[Worker-1] Intento 2: Page.click: Timeout 1000ms exceeded.
[Worker-1] Call log:
[Worker-1] - waiting for locator("button[class*='close']").locator("svg").locator("xpath=./ancestor::button")
[Worker-4] No se pudo cerrar el popup de satisfacción
[Worker-4] Popups manejados POST-scroll
[Worker-4] Scroll adicional de confirmación...
[Worker-3] Intento 1: Popup no encontrado
[Worker-8] Intento 2: Popup no encontrado
[Worker-4] Título: Suzuki New Vitara 2025
[Worker-4] Precio: S/ nan
[Worker-4] Kilometraje: 3.200200123452025e+306 km
[Worker-5] No apareció popup de cookies
[Worker-6] Intento 1: Popup no encontrado
[Worker-4] Ubicación: ¡Arranca tu año sobre ruedas!
[Worker-4] Súbete a tu próximo seminuevo, el auto que mereces.
[Worker-4] ¡Arranca tu año sobre ruedas!
[Worker-4] Súbete a tu próximo seminuevo, el auto que mereces.
[Worker-4] ¡Arranca tu año sobre ruedas!
[Worker-4] Súbete a tu próximo seminuevo, el auto que mereces.
[Worker-4] ¡Arranca tu año sobre ruedas!
[Worker-4] Súbete a tu próximo seminuevo, el auto que mereces.
[Worker-4] Iniciar sesión
[Worker-4] Quiero vender
[Worker-4] Comprar
[Worker-4] Quiero vender
[Worker-4] Financiamiento
[Worker-4] Alquilar
[Worker-4] Nuevo
[Worker-4] Seguros
[Worker-4] Eventos
[Worker-4] Publicidad
[Worker-4] Ver fotos
[Worker-4] Autos usados
[Worker-4] Suzuki
[Worker-4] New Vitara
[Worker-4] Suzuki New Vitara 2025
[Worker-4] San Sebastian, Cusco, Cusco
[Worker-4] Publicado hace más de un mes
[Worker-4] 428 vistas
[Worker-4] Reportar aviso
[Worker-4] Compartir
[Worker-4] Marcar como favorito
[Worker-4] Suzuki New Vitara 2025
[Worker-4] Reportar aviso
[Worker-4] Compartir
[Worker-4] Marcar como favorito
[Worker-4] Año modelo
[Worker-4] 2025
[Worker-4] Kilometraje
[Worker-4] 8,100 km
[Worker-4] Transmisión
[Worker-4] Mecánica
[Worker-4] Descripción
[Worker-4] Auto en excelente estado, único dueño, lunas y pestillos eléctricos, poco recorrido de kilometraje, todos los mantenimientos en el concesionario de la marca, en venta por motivos de salud.
[Worker-4] Te recomendamos:
[Worker-4] ¿Te toca renovar tu SOAT?
[Worker-4] Verifica el estado de tu SOAT aquí y evita multas.
[Worker-4] Consultar SOAT
[Worker-4] Alquila autos con Kinto Share
[Worker-4] Que nada frene tus aventuras. Seguro,flexible y con garantia.
[Worker-4] Ver más
[Worker-4] Blog & Noticias
[Worker-4] Entérate de las últimas novedades del sector automotriz.
[Worker-4] Ver más
[Worker-4] Especificaciones técnicas
[Worker-4] Características
[Worker-4] Marca
[Worker-4] Suzuki
[Worker-4] Modelo
[Worker-4] NEW VITARA
[Worker-4] Versión
[Worker-4] 1.6L GL CONFORT MT 2025
[Worker-4] Año de fabricación
[Worker-4] 2025
[Worker-4] Categoría
[Worker-4] Camioneta
[Worker-4] Combustible
[Worker-4] Gasolina
[Worker-4] Número de puertas
[Worker-4] 4
[Worker-4] Tracción
[Worker-4] Delantera
[Worker-4] Color
[Worker-4] Gris Metálico
[Worker-4] Número cilindros
[Worker-4] 4
[Worker-4] Cilindrada
[Worker-4] 1,586 cc
[Worker-4] Equipamiento
[Worker-4] Neblineros
[Worker-4] Aire Acondicionado
[Worker-4] Full Equipo
[Worker-4] Parlantes/Bajos
[Worker-4] Radio MP3
[Worker-4] Seguridad
[Worker-4] Airbag
[Worker-4] Frenos ABS
[Worker-4] Precios y costos
[Worker-4] Aún no tenemos suficiente información para determinar un rango de precio para este vehículo.
[Worker-4] Excelente
[Worker-4] Competitivo
[Worker-4] Premium
[Worker-4] (*) Precio referencial
[Worker-4] ¿Cómo se calcula este rango?
[Worker-4] ¿Te toca renovar tu SOAT?
[Worker-4] Verifica el estado de tu SOAT aquí y evita multas.
[Worker-4] Consultar SOAT
[Worker-4] Precio
[Worker-4] US$18,500
[Worker-4] Contáctate con el anunciante
[Worker-4] Karen Ortega Rojas
[Worker-4] 904 235...
[Worker-4] Más información
[Worker-4] Beneficios adicionales para ti:
[Worker-4] La mejor opción
[Worker-4] Financia tu auto con Santander Consumer
[Worker-4] Paga desde:
[Worker-4] US$500/mes*
[Worker-4] Simular crédito
[Worker-4] (*) Cuota mensual referencial. Calculada a 60 meses, 20% de inicial y TEA de 20.99%. No incluye seguro vehicular.
[Worker-4] Solicita tu Préstamo Personal hasta de S/45,000
[Worker-4] Me interesa
[Worker-4] Vehículos similares
[Worker-4] Ver todos los vehículos
[Worker-4] Suzuki Vitara 2018
[Worker-4] 113,000km
[Worker-4] NEW VITARA GL M...
[Worker-4] Mecánica
[Worker-4] Dual
[Worker-4] Precio
[Worker-4] US$13,500
[Worker-4] Con Crédito Vehicular
[Worker-4] US$12,500
[Worker-4] Ver detalle
[Worker-4] Vehículo de: Jesus Chavez
[Worker-4] Auto verificado
[Worker-4] Jeep Cherokee Sport 1998
[Worker-4] 254,750km
[Worker-4] Mecánica
[Worker-4] Dual
[Worker-4] Precio
[Worker-4] US$7,500
[Worker-4] Ver detalle
[Worker-4] Vehículo de: Christian Cepero
[Worker-4] Ford Edge Sel 2013
[Worker-4] 93,000km
[Worker-4] SEL
[Worker-4] Automática
[Worker-4] Gasolina
[Worker-4] Precio
[Worker-4] US$11,300
[Worker-4] Con Crédito Vehicular
[Worker-4] US$10,300
[Worker-4] Ver detalle
[Worker-4] Vehículo de: Michael Cerquera
[Worker-4] Unico Dueño
[Worker-4] Dodge Journey 2018
[Worker-4] 72,500km
[Worker-4] Automática
[Worker-4] Gasolina
[Worker-4] Precio
[Worker-4] US$16,000
[Worker-4] Con Crédito Vehicular
[Worker-4] US$577/mes
[Worker-4] Ver detalle
[Worker-4] Vehículo de: Melissa Fox
[Worker-4] Unico Dueño
[Worker-4] Jeep Grand Cherokee Laredo 2018
[Worker-4] 48,500km
[Worker-4] 4X2
[Worker-4] Automática - Se...
[Worker-4] Gasolina
[Worker-4] Precio
[Worker-4] US$24,900
[Worker-4] Con Crédito Vehicular
[Worker-4] US$892/mes
[Worker-4] Ver detalle
[Worker-4] Vehículo de: Rocio Calderon
[Worker-4] Premium
[Worker-4] Nissan Pathfinder 2012
[Worker-4] 210,000km
[Worker-4] Automática - Se...
[Worker-4] Diesel
[Worker-4] Precio
[Worker-4] US$15,900
[Worker-4] Ver detalle
[Worker-4] Vehículo de: CARLES MANUEL FARFAN NAVARRO
[Worker-4] Premium
[Worker-4] Bmw X5 35i 2016
[Worker-4] 89,900km
[Worker-4] XDRIVE35I
[Worker-4] Automática
[Worker-4] Gasolina
[Worker-4] Precio
[Worker-4] US$27,000
[Worker-4] Con Crédito Vehicular
[Worker-4] US$2,214/mes
[Worker-4] Ver detalle
[Worker-4] Vehículo de: ANA PATRICIA CARDOZO
[Worker-4] De lujo
[Worker-4] Jaguar F-Pace 2017
[Worker-4] 9,313km
[Worker-4] PRESTIGE
[Worker-4] Automática - Se...
[Worker-4] Gasolina
[Worker-4] Precio
[Worker-4] US$49,990
[Worker-4] Con Crédito Vehicular
[Worker-4] US$4,080/mes
[Worker-4] Ver detalle
[Worker-4] Vehículo de: MONICA CECILIA SALVATIERRA SALDAÑA
[Worker-4] Seminuevos
[Worker-4] Autos
[Worker-4] Motos
[Worker-4] Camiones
[Worker-4] Usados
[Worker-4] Autos
[Worker-4] Motos
[Worker-4] Camiones
[Worker-4] Nuevos
[Worker-4] Autos
[Worker-4] Camiones
[Worker-4] Ayuda
[Worker-4] Términos y condiciones
[Worker-4] Políticas de publicación
[Worker-4] ¿Cómo protegemos tus datos?
[Worker-4] Legales
[Worker-4] Sobre NeoAuto
[Worker-4] Noticias
[Worker-4] Tips y guías
[Worker-4] Ayuda en línea
[Worker-4] © 2024 NeoAuto Inc. Todos los derechos reservados
[Worker-4] Síguenos
[Worker-4] Descripción: {"@context":"https://schema.org","@graph":[{"@type":"Organization","@id":"https://neoauto.com/#organ...
[Worker-4] Único dueño: Sí
[Worker-4] Datos guardados en: /home/richgutz/Scraper-Neoauto-ANTIGRAVITY/extractores/results_txt/semanal_result_20260126_172308_3cd70b.txt
[Worker-7] Intento 1: Popup no encontrado
[Worker-5] Intento 1: Page.click: Timeout 1000ms exceeded.
[Worker-5] Call log:
[Worker-5] - waiting for locator("button[class*='close']").locator("svg").locator("xpath=./ancestor::button")
[Worker-3] Intento 2: Popup no encontrado
[Worker-5] Intento 2: Page.click: Timeout 1000ms exceeded.
[Worker-5] Call log:
[Worker-5] - waiting for locator("button[class*='close']").locator("svg").locator("xpath=./ancestor::button")
[Worker-8] Intento 3: Popup no encontrado
[Worker-4] URLs restantes en urls_autos_random: 1981 | Procesadas en sesión: 8 | Próximo refresco en: 17 URLs
[Worker-4] URL obtenida y bloqueada desde urls_autos_random: https://neoauto.com/auto/usado/volvo-xc-60-2017-1863382
[Worker-4] Iniciando extracción para: https://neoauto.com/auto/usado/volvo-xc-60-2017-1863382
[Worker-4] Iniciando navegación...
[Worker-4] Marca extraída: 'volvo'
[Worker-4] Camino elegido (4 pasos).
[Worker-4] Paso 1/4: Página Principal...
[Worker-8] No se pudo cerrar el popup de satisfacción
[Worker-8] Popups manejados POST-scroll
[Worker-8] Scroll adicional de confirmación...
[Worker-4] Navegación rápida (sin acciones)
[Worker-4] Paso 2/4: Categoría 'Usados'...
[Worker-6] Intento 2: Popup no encontrado
[Worker-7] Intento 2: Popup no encontrado
[Worker-2] No apareció popup de cookies
[Worker-4] Navegación rápida (sin acciones)
[Worker-4] Paso 3/4: Filtro por Marca 'VOLVO'...
[Worker-2] Intento 1: Page.click: Timeout 1000ms exceeded.
[Worker-2] Call log:
[Worker-2] - waiting for locator("button[class*='close']").locator("svg").locator("xpath=./ancestor::button")
[Worker-3] Intento 3: Popup no encontrado
[Worker-8] Título: Kia Sorento 2016
[Worker-8] Precio: S/ nan
[Worker-8] Kilometraje: inf km
[Worker-8] Ubicación: ¡Arranca tu año sobre ruedas!
[Worker-8] Súbete a tu próximo seminuevo, el auto que mereces.
[Worker-8] ¡Arranca tu año sobre ruedas!
[Worker-8] Súbete a tu próximo seminuevo, el auto que mereces.
[Worker-8] ¡Arranca tu año sobre ruedas!
[Worker-8] Súbete a tu próximo seminuevo, el auto que mereces.
[Worker-8] ¡Arranca tu año sobre ruedas!
[Worker-8] Súbete a tu próximo seminuevo, el auto que mereces.
[Worker-8] Iniciar sesión
[Worker-8] Quiero vender
[Worker-8] Comprar
[Worker-8] Quiero vender
[Worker-8] Financiamiento
[Worker-8] Alquilar
[Worker-8] Nuevo
[Worker-8] Seguros
[Worker-8] Eventos
[Worker-8] Publicidad
[Worker-8] Ver fotos
[Worker-8] Autos usados
[Worker-8] Kia
[Worker-8] Sorento
[Worker-8] Kia Sorento 2016
[Worker-8] Miraflores, Lima, Lima
[Worker-8] Publicado hace unos días
[Worker-8] 156 vistas
[Worker-8] Reportar aviso
[Worker-8] Compartir
[Worker-8] Marcar como favorito
[Worker-8] Kia Sorento 2016
[Worker-8] Reportar aviso
[Worker-8] Compartir
[Worker-8] Marcar como favorito
[Worker-8] Año modelo
[Worker-8] 2016
[Worker-8] Kilometraje
[Worker-8] 96,000 km
[Worker-8] Transmisión
[Worker-8] Automática - Secuencial
[Worker-8] Descripción
[Worker-8] KIA SORENTO 2016 full equipo, excelente estado. Motor de 3,300 cm3 V6. 270 HP. Aire acondicionado para parte delantera y parte posterior, 6 airbags, Aros originales 18 pulgadas. Techo panorámico en perfecto estado cuenta con Sunroof, asientos de cuer...
[Worker-8] Seguir leyendo
[Worker-8] Te recomendamos:
[Worker-8] ¿Te toca renovar tu SOAT?
[Worker-8] Verifica el estado de tu SOAT aquí y evita multas.
[Worker-8] Consultar SOAT
[Worker-8] Alquila autos con Kinto Share
[Worker-8] Que nada frene tus aventuras. Seguro,flexible y con garantia.
[Worker-8] Ver más
[Worker-8] Blog & Noticias
[Worker-8] Entérate de las últimas novedades del sector automotriz.
[Worker-8] Ver más
[Worker-8] Especificaciones técnicas
[Worker-8] Características
[Worker-8] Marca
[Worker-8] Kia
[Worker-8] Modelo
[Worker-8] SORENTO
[Worker-8] Versión
[Worker-8] 3.3 AT - EX 4X2 SPORT DE LUXE
[Worker-8] Versión
[Worker-8] 3.3 AT - EX 4X2 SPORT DE LUXE
[Worker-8] Año de fabricación
[Worker-8] 2016
[Worker-8] Categoría
[Worker-8] Camioneta
[Worker-8] Combustible
[Worker-8] Gasolina
[Worker-8] Número de puertas
[Worker-8] 4
[Worker-8] Tracción
[Worker-8] 4x2
[Worker-8] Color
[Worker-8] Gris Oscuro
[Worker-8] Número cilindros
[Worker-8] 6
[Worker-8] Cilindrada
[Worker-8] 3,342 cc
[Worker-8] Equipamiento
[Worker-8] Retrovisores Eléctricos
[Worker-8] Neblineros
[Worker-8] Aire Acondicionado
[Worker-8] Full Equipo
[Worker-8] Parlantes/Bajos
[Worker-8] Radio MP3
[Worker-8] Seguridad
[Worker-8] Alarma
[Worker-8] Extras
[Worker-8] Sunroof
[Worker-8] Asientos de cuero
[Worker-8] Precios y costos
[Worker-8] Este aviso
[Worker-8] US$17,500
[Worker-8] Precio de mercado
[Worker-8] US$18,200*
[Worker-8] Excelente
[Worker-8] Competitivo
[Worker-8] Premium
[Worker-8] (*) Precio referencial
[Worker-8] ¿Cómo se calcula este rango?
[Worker-8] ¿Te toca renovar tu SOAT?
[Worker-8] Verifica el estado de tu SOAT aquí y evita multas.
[Worker-8] Consultar SOAT
[Worker-8] Precio
[Worker-8] US$17,500
[Worker-8] Dscto. por adquirir el Crédito Vehicular
[Worker-8] -US$1,000*
[Worker-8] *Aplica si financias tu auto con Santander Consumer
[Worker-8] Contáctate con el anunciante
[Worker-8] Carlos Tamayo Lizarraga
[Worker-8] 990 202...
[Worker-8] Más información
[Worker-8] Beneficios adicionales para ti:
[Worker-8] La mejor opción
[Worker-8] Financia tu auto con Santander Consumer
[Worker-8] Paga desde:
[Worker-8] US$16,500 o
[Worker-8] US$1,443/mes*
[Worker-8] Simular crédito
[Worker-8] (*) Cuota mensual referencial. Calculada a 12 meses, 20% de inicial y TEA de 20.99%. No incluye seguro vehicular.
[Worker-8] Solicita tu Préstamo Personal hasta de S/45,000
[Worker-8] Me interesa
[Worker-8] Seminuevos
[Worker-8] Autos
[Worker-8] Motos
[Worker-8] Camiones
[Worker-8] Usados
[Worker-8] Autos
[Worker-8] Motos
[Worker-8] Camiones
[Worker-8] Nuevos
[Worker-8] Autos
[Worker-8] Camiones
[Worker-8] Ayuda
[Worker-8] Términos y condiciones
[Worker-8] Políticas de publicación
[Worker-8] ¿Cómo protegemos tus datos?
[Worker-8] Legales
[Worker-8] Sobre NeoAuto
[Worker-8] Noticias
[Worker-8] Tips y guías
[Worker-8] Ayuda en línea
[Worker-8] © 2024 NeoAuto Inc. Todos los derechos reservados
[Worker-8] Síguenos
[Worker-8] Descripción: {"@context":"https://schema.org","@graph":[{"@type":"Organization","@id":"https://neoauto.com/#organ...
[Worker-8] Único dueño: No
[Worker-8] Datos guardados en: /home/richgutz/Scraper-Neoauto-ANTIGRAVITY/extractores/results_txt/semanal_result_20260126_172315_ce14a1.txt
[Worker-3] No se pudo cerrar el popup de satisfacción
[Worker-3] Popups manejados POST-scroll
[Worker-3] Scroll adicional de confirmación...
[Worker-4] Navegación rápida (sin acciones)
[Worker-4] Paso 4/4: URL Final...
[Worker-2] Intento 2: Page.click: Timeout 1000ms exceeded.
[Worker-2] Call log:
[Worker-2] - waiting for locator("button[class*='close']").locator("svg").locator("xpath=./ancestor::button")
[Worker-4] Scroll INICIAL para activar contenido...
[Worker-6] Intento 3: Popup no encontrado
[Worker-3] Título: Mazda Cx-5 2016
[Worker-3] Precio: S/ nan
[Worker-3] Kilometraje: inf km
[Worker-8] URLs restantes en urls_autos_random: 1979 | Procesadas en sesión: 8 | Próximo refresco en: 17 URLs
[Worker-3] Ubicación: ¡Arranca tu año sobre ruedas!
[Worker-3] Súbete a tu próximo seminuevo, el auto que mereces.
[Worker-3] ¡Arranca tu año sobre ruedas!
[Worker-3] Súbete a tu próximo seminuevo, el auto que mereces.
[Worker-3] ¡Arranca tu año sobre ruedas!
[Worker-3] Súbete a tu próximo seminuevo, el auto que mereces.
[Worker-3] ¡Arranca tu año sobre ruedas!
[Worker-3] Súbete a tu próximo seminuevo, el auto que mereces.
[Worker-3] Iniciar sesión
[Worker-3] Quiero vender
[Worker-3] Comprar
[Worker-3] Quiero vender
[Worker-3] Financiamiento
[Worker-3] Alquilar
[Worker-3] Nuevo
[Worker-3] Seguros
[Worker-3] Eventos
[Worker-3] Publicidad
[Worker-3] Ver fotos
[Worker-3] Autos usados
[Worker-3] Mazda
[Worker-3] Cx-5
[Worker-3] Mazda Cx-5 2016
[Worker-3] San Borja, Lima, Lima
[Worker-3] Publicado hace una semana
[Worker-3] 141 vistas
[Worker-3] Reportar aviso
[Worker-3] Compartir
[Worker-3] Marcar como favorito
[Worker-3] Mazda Cx-5 2016
[Worker-3] Reportar aviso
[Worker-3] Compartir
[Worker-3] Marcar como favorito
[Worker-3] Año modelo
[Worker-3] 2016
[Worker-3] Kilometraje
[Worker-3] 70,500 km
[Worker-3] Transmisión
[Worker-3] Mecánica
[Worker-3] Descripción
[Worker-3] Se vende camioneta en excelente estado, único dueño, transmisión mecánica de 6 velocidades, lunas y pestillos electrónicos, poco recorrido de kilometraje, cuenta con todos sus mantenimientos, se vende por viaje, precio a tratar
[Worker-3] Te recomendamos:
[Worker-3] ¿Te toca renovar tu SOAT?
[Worker-3] Verifica el estado de tu SOAT aquí y evita multas.
[Worker-3] Consultar SOAT
[Worker-3] Alquila autos con Kinto Share
[Worker-3] Que nada frene tus aventuras. Seguro,flexible y con garantia.
[Worker-3] Ver más
[Worker-3] Blog & Noticias
[Worker-3] Entérate de las últimas novedades del sector automotriz.
[Worker-3] Ver más
[Worker-3] Especificaciones técnicas
[Worker-3] Características
[Worker-3] Marca
[Worker-3] Mazda
[Worker-3] Modelo
[Worker-3] CX-5
[Worker-3] Versión
[Worker-3] MT 2.0 2WD GS CORE IPM PE
[Worker-3] Versión
[Worker-3] MT 2.0 2WD GS CORE IPM PE
[Worker-3] Año de fabricación
[Worker-3] 2015
[Worker-3] Categoría
[Worker-3] Camioneta
[Worker-3] Combustible
[Worker-3] Gasolina
[Worker-3] Número de puertas
[Worker-3] 5
[Worker-3] Tracción
[Worker-3] 4x2
[Worker-3] Color
[Worker-3] Azul
[Worker-3] Número cilindros
[Worker-3] 4
[Worker-3] Cilindrada
[Worker-3] 1,998 cc
[Worker-3] Equipamiento
[Worker-3] Retrovisores Eléctricos
[Worker-3] Neblineros
[Worker-3] Aire Acondicionado
[Worker-3] Full Equipo
[Worker-3] Computadora de abordo
[Worker-3] Parlantes/Bajos
[Worker-3] Radio CD
[Worker-3] Radio MP3
[Worker-3] Exterior
[Worker-3] Aros
[Worker-3] Seguridad
[Worker-3] Airbag
[Worker-3] Láminas de Seguridad
[Worker-3] Faros antiniebla delantero
[Worker-3] Frenos ABS
[Worker-3] Alarma
[Worker-3] Precios y costos
[Worker-3] Este aviso
[Worker-3] US$17,900
[Worker-3] Precio de mercado
[Worker-3] US$15,000*
[Worker-3] Excelente
[Worker-3] Competitivo
[Worker-3] Premium
[Worker-3] (*) Precio referencial
[Worker-3] ¿Cómo se calcula este rango?
[Worker-3] ¿Te toca renovar tu SOAT?
[Worker-3] Verifica el estado de tu SOAT aquí y evita multas.
[Worker-3] Consultar SOAT
[Worker-3] Precio
[Worker-3] US$17,900
[Worker-3] Contáctate con el anunciante
[Worker-3] Alvaro Lopez
[Worker-3] 971 416...
[Worker-3] Más información
[Worker-3] Beneficios adicionales para ti:
[Worker-3] La mejor opción
[Worker-3] Financia tu auto con Santander Consumer
[Worker-3] Paga desde:
[Worker-3] US$1,475/mes*
[Worker-3] Simular crédito
[Worker-3] (*) Cuota mensual referencial. Calculada a 12 meses, 20% de inicial y TEA de 20.99%. No incluye seguro vehicular.
[Worker-3] Solicita tu Préstamo Personal hasta de S/45,000
[Worker-3] Me interesa
[Worker-3] Seminuevos
[Worker-3] Autos
[Worker-3] Motos
[Worker-3] Camiones
[Worker-3] Usados
[Worker-3] Autos
[Worker-3] Motos
[Worker-3] Camiones
[Worker-3] Nuevos
[Worker-3] Autos
[Worker-3] Camiones
[Worker-3] Ayuda
[Worker-3] Términos y condiciones
[Worker-3] Políticas de publicación
[Worker-3] ¿Cómo protegemos tus datos?
[Worker-3] Legales
[Worker-3] Sobre NeoAuto
[Worker-3] Noticias
[Worker-3] Tips y guías
[Worker-3] Ayuda en línea
[Worker-3] © 2024 NeoAuto Inc. Todos los derechos reservados
[Worker-3] Síguenos
[Worker-3] Descripción: {"@context":"https://schema.org","@graph":[{"@type":"Organization","@id":"https://neoauto.com/#organ...
[Worker-3] Único dueño: Sí
[Worker-3] Datos guardados en: /home/richgutz/Scraper-Neoauto-ANTIGRAVITY/extractores/results_txt/semanal_result_20260126_172318_be62ea.txt
[Worker-7] Intento 3: Popup no encontrado
[Worker-8] URL obtenida y bloqueada desde urls_autos_random: https://neoauto.com/auto/usado/nissan-qashqai-2015-1854911
[Worker-8] Iniciando extracción para: https://neoauto.com/auto/usado/nissan-qashqai-2015-1854911
[Worker-8] Iniciando navegación...
[Worker-8] Marca extraída: 'nissan'
[Worker-8] Camino elegido (4 pasos).
[Worker-8] Paso 1/4: Página Principal...
[Worker-6] No se pudo cerrar el popup de satisfacción
[Worker-6] Popups manejados POST-scroll
[Worker-6] Scroll adicional de confirmación...
[Worker-7] No se pudo cerrar el popup de satisfacción
[Worker-7] Popups manejados POST-scroll
[Worker-7] Scroll adicional de confirmación...
[Worker-8] Navegación rápida (sin acciones)
[Worker-8] Paso 2/4: Categoría 'Usados'...
[Worker-8] Navegación rápida (sin acciones)
[Worker-8] Paso 3/4: Filtro por Marca 'NISSAN'...
[Worker-6] Título: Volkswagen Jetta 2021
[Worker-6] Precio: S/ nan
[Worker-6] Kilometraje: inf km
[Worker-6] Ubicación: ¡Arranca tu año sobre ruedas!
[Worker-6] Súbete a tu próximo seminuevo, el auto que mereces.
[Worker-6] ¡Arranca tu año sobre ruedas!
[Worker-6] Súbete a tu próximo seminuevo, el auto que mereces.
[Worker-6] ¡Arranca tu año sobre ruedas!
[Worker-6] Súbete a tu próximo seminuevo, el auto que mereces.
[Worker-6] ¡Arranca tu año sobre ruedas!
[Worker-6] Súbete a tu próximo seminuevo, el auto que mereces.
[Worker-6] Iniciar sesión
[Worker-6] Quiero vender
[Worker-6] Comprar
[Worker-6] Quiero vender
[Worker-6] Financiamiento
[Worker-6] Alquilar
[Worker-6] Nuevo
[Worker-6] Seguros
[Worker-6] Eventos
[Worker-6] Publicidad
[Worker-6] Ver fotos
[Worker-6] Auto Verificado
[Worker-6] Autos usados
[Worker-6] Volkswagen
[Worker-6] Jetta
[Worker-6] Volkswagen Jetta 2021
[Worker-6] San Isidro, Lima, Lima
[Worker-6] Publicado hace más de un mes
[Worker-6] 4,710 vistas
[Worker-6] Reportar aviso
[Worker-6] Compartir
[Worker-6] Marcar como favorito
[Worker-6] Volkswagen Jetta 2021
[Worker-6] Reportar aviso
[Worker-6] Compartir
[Worker-6] Marcar como favorito
[Worker-6] Año modelo
[Worker-6] 2021
[Worker-6] Kilometraje
[Worker-6] 55,500 km
[Worker-6] Transmisión
[Worker-6] Mecánica
[Worker-6] Descripción
[Worker-6] Vendo Volkswagen Jetta, mecánico con 6 velocidades y retroceso, motor super económico 1.4cc, servicios en concesionario, espejos eléctricos, lunas eléctricas, cierre centralizado, control de velocidad crucero, laminas de seguridad, aire acondicionado...
[Worker-6] Seguir leyendo
[Worker-6] Este es un auto verificado
[Worker-6] El auto ha sido revisado y certificado por IBR PERÚ S.A.
[Worker-6] Libre de papeletas*
[Worker-6] Sin deudas de impuesto vehicular*
[Worker-6] Revisión técnica al día*
[Worker-6] SOAT vigente*
[Worker-6] Revisado al 10/12/2025. No incluye revisión mecánica.
[Worker-6] *Para mayor información, ingresa aquí.
[Worker-6] Te recomendamos:
[Worker-6] ¿Te toca renovar tu SOAT?
[Worker-6] Verifica el estado de tu SOAT aquí y evita multas.
[Worker-6] Consultar SOAT
[Worker-6] Alquila autos con Kinto Share
[Worker-6] Que nada frene tus aventuras. Seguro,flexible y con garantia.
[Worker-6] Ver más
[Worker-6] Blog & Noticias
[Worker-6] Entérate de las últimas novedades del sector automotriz.
[Worker-6] Ver más
[Worker-6] Especificaciones técnicas
[Worker-6] Características
[Worker-6] Marca
[Worker-6] Volkswagen
[Worker-6] Modelo
[Worker-6] JETTA
[Worker-6] Año de fabricación
[Worker-6] 2020
[Worker-6] Categoría
[Worker-6] Sedán
[Worker-6] Combustible
[Worker-6] Gasolina
[Worker-6] Número de puertas
[Worker-6] 5
[Worker-6] Tracción
[Worker-6] Delantera
[Worker-6] Color
[Worker-6] Azul
[Worker-6] Número cilindros
[Worker-6] 4
[Worker-6] Cilindrada
[Worker-6] 1,400 cc
[Worker-6] Equipamiento
[Worker-6] Retrovisores Eléctricos
[Worker-6] Neblineros
[Worker-6] Aire Acondicionado
[Worker-6] Full Equipo
[Worker-6] Computadora de abordo
[Worker-6] Parlantes/Bajos
[Worker-6] Radio CD
[Worker-6] Radio MP3
[Worker-6] Exterior
[Worker-6] Aros
[Worker-6] Aros de Aleación
[Worker-6] Seguridad
[Worker-6] Láminas de Seguridad
[Worker-6] Faros antiniebla delantero
[Worker-6] Repartidor electrónico de frenado
[Worker-6] Frenos ABS
[Worker-6] Extras
[Worker-6] Asientos de cuero
[Worker-6] Climatizador
[Worker-6] Precios y costos
[Worker-6] Este aviso
[Worker-6] US$16,500
[Worker-6] Precio de mercado
[Worker-6] US$16,000*
[Worker-6] Excelente
[Worker-6] Competitivo
[Worker-6] Premium
[Worker-6] (*) Precio referencial
[Worker-6] ¿Cómo se calcula este rango?
[Worker-6] ¿Te toca renovar tu SOAT?
[Worker-6] Verifica el estado de tu SOAT aquí y evita multas.
[Worker-6] Consultar SOAT
[Worker-6] Precio
[Worker-6] US$16,500
[Worker-6] Dscto. por adquirir el Crédito Vehicular
[Worker-6] -US$1,000*
[Worker-6] *Aplica si financias tu auto con Santander Consumer
[Worker-6] Contáctate con el anunciante
[Worker-6] Raisa J
[Worker-6] 991 370...
[Worker-6] Más información
[Worker-6] Beneficios adicionales para ti:
[Worker-6] La mejor opción
[Worker-6] Financia tu auto con Santander Consumer
[Worker-6] Paga desde:
[Worker-6] US$15,500 o
[Worker-6] US$447/mes*
[Worker-6] Simular crédito
[Worker-6] (*) Cuota mensual referencial. Calculada a 60 meses, 20% de inicial y TEA de 20.99%. No incluye seguro vehicular.
[Worker-6] Solicita tu Préstamo Personal hasta de S/45,000
[Worker-6] Me interesa
[Worker-6] Seminuevos
[Worker-6] Autos
[Worker-6] Motos
[Worker-6] Camiones
[Worker-6] Usados
[Worker-6] Autos
[Worker-6] Motos
[Worker-6] Camiones
[Worker-6] Nuevos
[Worker-6] Autos
[Worker-6] Camiones
[Worker-6] Ayuda
[Worker-6] Términos y condiciones
[Worker-6] Políticas de publicación
[Worker-6] ¿Cómo protegemos tus datos?
[Worker-6] Legales
[Worker-6] Sobre NeoAuto
[Worker-6] Noticias
[Worker-6] Tips y guías
[Worker-6] Ayuda en línea
[Worker-6] © 2024 NeoAuto Inc. Todos los derechos reservados
[Worker-6] Síguenos
[Worker-6] Descripción: {"@context":"https://schema.org","@graph":[{"@type":"Organization","@id":"https://neoauto.com/#organ...
[Worker-6] Único dueño: No
[Worker-6] Datos guardados en: /home/richgutz/Scraper-Neoauto-ANTIGRAVITY/extractores/results_txt/semanal_result_20260126_172321_f370d5.txt
[Worker-8] Navegación rápida (sin acciones)
[Worker-8] Paso 4/4: URL Final...
[Worker-7] Título: Mercedes Benz Glc 250 4matic 2019
[Worker-7] Precio: S/ nan
[Worker-7] Kilometraje: inf km
[Worker-3] URLs restantes en urls_autos_random: 1978 | Procesadas en sesión: 8 | Próximo refresco en: 17 URLs
[Worker-7] Ubicación: ¡Arranca tu año sobre ruedas!
[Worker-7] Súbete a tu próximo seminuevo, el auto que mereces.
[Worker-7] ¡Arranca tu año sobre ruedas!
[Worker-7] Súbete a tu próximo seminuevo, el auto que mereces.
[Worker-7] ¡Arranca tu año sobre ruedas!
[Worker-7] Súbete a tu próximo seminuevo, el auto que mereces.
[Worker-7] ¡Arranca tu año sobre ruedas!
[Worker-7] Súbete a tu próximo seminuevo, el auto que mereces.
[Worker-7] Iniciar sesión
[Worker-7] Quiero vender
[Worker-7] Comprar
[Worker-7] Quiero vender
[Worker-7] Financiamiento
[Worker-7] Alquilar
[Worker-7] Nuevo
[Worker-7] Seguros
[Worker-7] Eventos
[Worker-7] Publicidad
[Worker-7] Ver fotos
[Worker-7] Autos usados
[Worker-7] Mercedes Benz
[Worker-7] Glc 250 4matic
[Worker-7] Mercedes Benz Glc 250 4matic 2019
[Worker-7] Santiago de Surco, Lima, Lima
[Worker-7] Publicado ayer
[Worker-7] 702 vistas
[Worker-7] Reportar aviso
[Worker-7] Compartir
[Worker-7] Marcar como favorito
[Worker-7] Mercedes Benz Glc 250 4matic 2019
[Worker-7] Reportar aviso
[Worker-7] Compartir
[Worker-7] Marcar como favorito
[Worker-7] Año modelo
[Worker-7] 2019
[Worker-7] Kilometraje
[Worker-7] 68,000 km
[Worker-7] Transmisión
[Worker-7] Automática - Secuencial
[Worker-7] Descripción
[Worker-7] Vendo elegante Mercedes-Benz GLC 250 4MATIC (Tracción Integral) del año 2018. Cuenta con el potente motor 2.0L Turbo (211 CV) y la suave caja 9G-TRONIC. Interior de lujo con acabado en cuero aluminio. Mantenimiento al día y realizado solo con repuest...
[Worker-7] Seguir leyendo
[Worker-7] Te recomendamos:
[Worker-7] ¿Te toca renovar tu SOAT?
[Worker-7] Verifica el estado de tu SOAT aquí y evita multas.
[Worker-7] Consultar SOAT
[Worker-7] Alquila autos con Kinto Share
[Worker-7] Que nada frene tus aventuras. Seguro,flexible y con garantia.
[Worker-7] Ver más
[Worker-7] Blog & Noticias
[Worker-7] Entérate de las últimas novedades del sector automotriz.
[Worker-7] Ver más
[Worker-7] Especificaciones técnicas
[Worker-7] Características
[Worker-7] Marca
[Worker-7] Mercedes Benz
[Worker-7] Modelo
[Worker-7] GLC 250 4MATIC
[Worker-7] Versión
[Worker-7] GLC 250 4MATIC
[Worker-7] Versión
[Worker-7] GLC 250 4MATIC
[Worker-7] Año de fabricación
[Worker-7] 2018
[Worker-7] Categoría
[Worker-7] Camioneta
[Worker-7] Combustible
[Worker-7] Gasolina
[Worker-7] Número de puertas
[Worker-7] 5
[Worker-7] Tracción
[Worker-7] 4 Matic
[Worker-7] Color
[Worker-7] Azul
[Worker-7] Número cilindros
[Worker-7] 6
[Worker-7] Cilindrada
[Worker-7] 2,000 cc
[Worker-7] Equipamiento
[Worker-7] Neblineros
[Worker-7] Aire Acondicionado
[Worker-7] Full Equipo
[Worker-7] Computadora de abordo
[Worker-7] Parlantes/Bajos
[Worker-7] Radio CD
[Worker-7] Radio MP3
[Worker-7] Retrovisores Eléctricos
[Worker-7] Exterior
[Worker-7] Parrilla
[Worker-7] Luces Halógenas
[Worker-7] Aros de Aleación
[Worker-7] Seguridad
[Worker-7] Localizador (GPS)
[Worker-7] Airbag
[Worker-7] Faros antiniebla delantero
[Worker-7] Repartidor electrónico de frenado
[Worker-7] Frenos ABS
[Worker-7] Alarma
[Worker-7] Extras
[Worker-7] Asientos de cuero
[Worker-7] Climatizador
[Worker-7] Precios y costos
[Worker-7] Este aviso
[Worker-7] US$29,900
[Worker-7] Precio de mercado
[Worker-7] US$30,900*
[Worker-7] Excelente
[Worker-7] Competitivo
[Worker-7] Premium
[Worker-7] (*) Precio referencial
[Worker-7] ¿Cómo se calcula este rango?
[Worker-7] ¿Te toca renovar tu SOAT?
[Worker-7] Verifica el estado de tu SOAT aquí y evita multas.
[Worker-7] Consultar SOAT
[Worker-7] Precio
[Worker-7] US$29,900
[Worker-7] Dscto. por adquirir el Crédito Vehicular
[Worker-7] -US$1,000*
[Worker-7] *Aplica si financias tu auto con Santander Consumer
[Worker-7] Contáctate con el anunciante
[Worker-7] Ronald Valencia
[Worker-7] 987 743...
[Worker-7] Más información
[Worker-7] Beneficios adicionales para ti:
[Worker-7] La mejor opción
[Worker-7] Financia tu auto con Santander Consumer
[Worker-7] Paga desde:
[Worker-7] US$28,900 o
[Worker-7] US$1,069/mes*
[Worker-7] Simular crédito
[Worker-7] (*) Cuota mensual referencial. Calculada a 36 meses, 20% de inicial y TEA de 20.99%. No incluye seguro vehicular.
[Worker-7] Solicita tu Préstamo Personal hasta de S/45,000
[Worker-7] Me interesa
[Worker-7] Seminuevos
[Worker-7] Autos
[Worker-7] Motos
[Worker-7] Camiones
[Worker-7] Usados
[Worker-7] Autos
[Worker-7] Motos
[Worker-7] Camiones
[Worker-7] Nuevos
[Worker-7] Autos
[Worker-7] Camiones
[Worker-7] Ayuda
[Worker-7] Términos y condiciones
[Worker-7] Políticas de publicación
[Worker-7] ¿Cómo protegemos tus datos?
[Worker-7] Legales
[Worker-7] Sobre NeoAuto
[Worker-7] Noticias
[Worker-7] Tips y guías
[Worker-7] Ayuda en línea
[Worker-7] © 2024 NeoAuto Inc. Todos los derechos reservados
[Worker-7] Síguenos
[Worker-7] Descripción: {"@context":"https://schema.org","@graph":[{"@type":"Organization","@id":"https://neoauto.com/#organ...
[Worker-7] Único dueño: No
[Worker-7] Datos guardados en: /home/richgutz/Scraper-Neoauto-ANTIGRAVITY/extractores/results_txt/semanal_result_20260126_172322_8314ca.txt
[Worker-1] Intento 1: Popup no encontrado
[Worker-3] URL obtenida y bloqueada desde urls_autos_random: https://neoauto.com/auto/usado/mazda-3-2021-1783742
[Worker-3] Iniciando extracción para: https://neoauto.com/auto/usado/mazda-3-2021-1783742
[Worker-3] Iniciando navegación...
[Worker-3] Marca extraída: 'mazda'
[Worker-3] Camino elegido (4 pasos).
[Worker-3] Paso 1/4: Página Principal...
[Worker-8] Scroll INICIAL para activar contenido...
[Worker-3] Navegación rápida (sin acciones)
[Worker-3] Paso 2/4: Categoría 'Usados'...
[Worker-3] Navegación rápida (sin acciones)
[Worker-3] Paso 3/4: Filtro por Marca 'MAZDA'...
[Worker-6] URLs restantes en urls_autos_random: 1977 | Procesadas en sesión: 8 | Próximo refresco en: 17 URLs
[Worker-7] URLs restantes en urls_autos_random: 1977 | Procesadas en sesión: 8 | Próximo refresco en: 17 URLs
[Worker-3] Navegación rápida (sin acciones)
[Worker-3] Paso 4/4: URL Final...
[Worker-1] Intento 2: Popup no encontrado
[Worker-7] URL obtenida y bloqueada desde urls_autos_random: https://neoauto.com/auto/usado/hyundai-h350-2013-1862335
[Worker-7] Iniciando extracción para: https://neoauto.com/auto/usado/hyundai-h350-2013-1862335
[Worker-7] Iniciando navegación...
[Worker-7] Marca extraída: 'hyundai'
[Worker-7] Camino elegido (4 pasos).
[Worker-7] Paso 1/4: Página Principal...
[Worker-6] URL obtenida y bloqueada desde urls_autos_random: https://neoauto.com/auto/usado/toyota-yaris-2023-1861394
[Worker-6] Iniciando extracción para: https://neoauto.com/auto/usado/toyota-yaris-2023-1861394
[Worker-6] Iniciando navegación...
[Worker-6] Marca extraída: 'toyota'
[Worker-6] Camino elegido (4 pasos).
[Worker-6] Paso 1/4: Página Principal...
[Worker-3] Scroll INICIAL para activar contenido...
[Worker-7] Navegación rápida (sin acciones)
[Worker-7] Paso 2/4: Categoría 'Usados'...
[Worker-6] Navegación rápida (sin acciones)
[Worker-6] Paso 2/4: Categoría 'Usados'...
[Worker-5] Intento 1: Popup no encontrado
[Worker-7] Navegación rápida (sin acciones)
[Worker-7] Paso 3/4: Filtro por Marca 'HYUNDAI'...
[Worker-4] No apareció popup de cookies
[Worker-6] Navegación rápida (sin acciones)
[Worker-6] Paso 3/4: Filtro por Marca 'TOYOTA'...
[Worker-4] Intento 1: Page.click: Timeout 1000ms exceeded.
[Worker-4] Call log:
[Worker-4] - waiting for locator("button[class*='close']").locator("svg").locator("xpath=./ancestor::button")
[Worker-6] Navegación rápida (sin acciones)
[Worker-6] Paso 4/4: URL Final...
[Worker-1] Intento 3: Popup no encontrado
[Worker-6] Scroll INICIAL para activar contenido...
[Worker-1] No se pudo cerrar el popup de satisfacción
[Worker-1] Popups manejados POST-scroll
[Worker-1] Scroll adicional de confirmación...
[Worker-4] Intento 2: Page.click: Timeout 1000ms exceeded.
[Worker-4] Call log:
[Worker-4] - waiting for locator("button[class*='close']").locator("svg").locator("xpath=./ancestor::button")
[Worker-5] Intento 2: Popup no encontrado
[Worker-2] Intento 1: Popup no encontrado
[Worker-7] Navegación rápida (sin acciones)
[Worker-7] Paso 4/4: URL Final...
[Worker-1] Título: Subaru New Xv 2016
[Worker-1] Precio: S/ 2,022.00
[Worker-1] Kilometraje: 3.200200123452016e+288 km
[Worker-1] Sin ubicación
[Worker-1] Datos guardados en: /home/richgutz/Scraper-Neoauto-ANTIGRAVITY/extractores/results_txt/semanal_result_20260126_172336_896542.txt
[Worker-7] Scroll INICIAL para activar contenido...
[Worker-8] No apareció popup de cookies
[Worker-8] Intento 1: Page.click: Timeout 1000ms exceeded.
[Worker-8] Call log:
[Worker-8] - waiting for locator("button[class*='close']").locator("svg").locator("xpath=./ancestor::button")
[Worker-5] Intento 3: Popup no encontrado
[Worker-2] Intento 2: Popup no encontrado
[Worker-8] Intento 2: Page.click: Timeout 1000ms exceeded.
[Worker-8] Call log:
[Worker-8] - waiting for locator("button[class*='close']").locator("svg").locator("xpath=./ancestor::button")
[Worker-5] No se pudo cerrar el popup de satisfacción
[Worker-5] Popups manejados POST-scroll
[Worker-5] Scroll adicional de confirmación...
[Worker-1] URLs restantes en urls_autos_random: 1973 | Procesadas en sesión: 9 | Próximo refresco en: 16 URLs
[Worker-1] URL obtenida y bloqueada desde urls_autos_random: https://neoauto.com/auto/usado/subaru-legacy-1992-1854175
[Worker-1] Iniciando extracción para: https://neoauto.com/auto/usado/subaru-legacy-1992-1854175
[Worker-1] Iniciando navegación...
[Worker-1] Marca extraída: 'subaru'
[Worker-1] Camino elegido (4 pasos).
[Worker-1] Paso 1/4: Página Principal...
[Worker-3] No apareció popup de cookies
[Worker-1] Navegación rápida (sin acciones)
[Worker-1] Paso 2/4: Categoría 'Usados'...
[Worker-5] Título: Subaru Xv 2021
[Worker-5] Precio: S/ nan
[Worker-5] Kilometraje: inf km
[Worker-5] Ubicación: ¡Arranca tu año sobre ruedas!
[Worker-5] Súbete a tu próximo seminuevo, el auto que mereces.
[Worker-5] ¡Arranca tu año sobre ruedas!
[Worker-5] Súbete a tu próximo seminuevo, el auto que mereces.
[Worker-5] ¡Arranca tu año sobre ruedas!
[Worker-5] Súbete a tu próximo seminuevo, el auto que mereces.
[Worker-5] ¡Arranca tu año sobre ruedas!
[Worker-5] Súbete a tu próximo seminuevo, el auto que mereces.
[Worker-5] Iniciar sesión
[Worker-5] Quiero vender
[Worker-5] Comprar
[Worker-5] Quiero vender
[Worker-5] Financiamiento
[Worker-5] Alquilar
[Worker-5] Nuevo
[Worker-5] Seguros
[Worker-5] Eventos
[Worker-5] Publicidad
[Worker-5] Ver fotos
[Worker-5] Autos usados
[Worker-5] Subaru
[Worker-5] Xv
[Worker-5] Subaru Xv 2021
[Worker-5] Jesus Maria, Lima, Lima
[Worker-5] Publicado hace más de un mes
[Worker-5] 1,002 vistas
[Worker-5] Reportar aviso
[Worker-5] Compartir
[Worker-5] Marcar como favorito
[Worker-5] Subaru Xv 2021
[Worker-5] Reportar aviso
[Worker-5] Compartir
[Worker-5] Marcar como favorito
[Worker-5] Año modelo
[Worker-5] 2021
[Worker-5] Kilometraje
[Worker-5] 14,500 km
[Worker-5] Transmisión
[Worker-5] Automática
[Worker-5] Descripción
[Worker-5] Auto en excelente estado, único dueño, full equipo, lunas y pestillos eléctricos, poco recorrido de kilometraje, todos los mantenimientos en el concesionario de la marca, se vende por viaje.
[Worker-5] Te recomendamos:
[Worker-5] ¿Te toca renovar tu SOAT?
[Worker-5] Verifica el estado de tu SOAT aquí y evita multas.
[Worker-5] Consultar SOAT
[Worker-5] Alquila autos con Kinto Share
[Worker-5] Que nada frene tus aventuras. Seguro,flexible y con garantia.
[Worker-5] Ver más
[Worker-5] Blog & Noticias
[Worker-5] Entérate de las últimas novedades del sector automotriz.
[Worker-5] Ver más
[Worker-5] Especificaciones técnicas
[Worker-5] Características
[Worker-5] Marca
[Worker-5] Subaru
[Worker-5] Modelo
[Worker-5] XV
[Worker-5] Versión
[Worker-5] 2.0I AWD CVT
[Worker-5] Año de fabricación
[Worker-5] 2021
[Worker-5] Categoría
[Worker-5] Camioneta
[Worker-5] Combustible
[Worker-5] Gasolina
[Worker-5] Número de puertas
[Worker-5] 4
[Worker-5] Tracción
[Worker-5] 4x4
[Worker-5] Color
[Worker-5] Azul
[Worker-5] Número cilindros
[Worker-5] 4
[Worker-5] Cilindrada
[Worker-5] 2,000 cc
[Worker-5] Equipamiento
[Worker-5] Neblineros
[Worker-5] Aire Acondicionado
[Worker-5] Full Equipo
[Worker-5] Computadora de abordo
[Worker-5] Parlantes/Bajos
[Worker-5] Radio CD
[Worker-5] Radio MP3
[Worker-5] Retrovisores Eléctricos
[Worker-5] Exterior
[Worker-5] Aros
[Worker-5] Luces Halógenas
[Worker-5] Parrilla
[Worker-5] Aros de Aleación
[Worker-5] Seguridad
[Worker-5] Airbag
[Worker-5] Láminas de Seguridad
[Worker-5] Faros antiniebla delantero
[Worker-5] Frenos ABS
[Worker-5] Alarma
[Worker-5] Precios y costos
[Worker-5] Este aviso
[Worker-5] US$21,575
[Worker-5] Precio de mercado
[Worker-5] US$21,075*
[Worker-5] Excelente
[Worker-5] Competitivo
[Worker-5] Premium
[Worker-5] (*) Precio referencial
[Worker-5] ¿Cómo se calcula este rango?
[Worker-5] ¿Te toca renovar tu SOAT?
[Worker-5] Verifica el estado de tu SOAT aquí y evita multas.
[Worker-5] Consultar SOAT
[Worker-5] Precio
[Worker-5] US$21,575
[Worker-5] Contáctate con el anunciante
[Worker-5] Manuel Vilchez
[Worker-5] 962 722...
[Worker-5] Más información
[Worker-5] Beneficios adicionales para ti:
[Worker-5] La mejor opción
[Worker-5] Financia tu auto con Santander Consumer
[Worker-5] Paga desde:
[Worker-5] US$582/mes*
[Worker-5] Simular crédito
[Worker-5] (*) Cuota mensual referencial. Calculada a 60 meses, 20% de inicial y TEA de 20.99%. No incluye seguro vehicular.
[Worker-5] Solicita tu Préstamo Personal hasta de S/45,000
[Worker-5] Me interesa
[Worker-5] Seminuevos
[Worker-5] Autos
[Worker-5] Motos
[Worker-5] Camiones
[Worker-5] Usados
[Worker-5] Autos
[Worker-5] Motos
[Worker-5] Camiones
[Worker-5] Nuevos
[Worker-5] Autos
[Worker-5] Camiones
[Worker-5] Ayuda
[Worker-5] Términos y condiciones
[Worker-5] Políticas de publicación
[Worker-5] ¿Cómo protegemos tus datos?
[Worker-5] Legales
[Worker-5] Sobre NeoAuto
[Worker-5] Noticias
[Worker-5] Tips y guías
[Worker-5] Ayuda en línea
[Worker-5] © 2024 NeoAuto Inc. Todos los derechos reservados
[Worker-5] Síguenos
[Worker-5] Descripción: {"@context":"https://schema.org","@graph":[{"@type":"Organization","@id":"https://neoauto.com/#organ...
[Worker-5] Único dueño: Sí
[Worker-5] Datos guardados en: /home/richgutz/Scraper-Neoauto-ANTIGRAVITY/extractores/results_txt/semanal_result_20260126_172344_a94419.txt
[Worker-3] Intento 1: Page.click: Timeout 1000ms exceeded.
[Worker-3] Call log:
[Worker-3] - waiting for locator("button[class*='close']").locator("svg").locator("xpath=./ancestor::button")
[Worker-1] Navegación rápida (sin acciones)
[Worker-1] Paso 3/4: Filtro por Marca 'SUBARU'...
[Worker-2] Intento 3: Popup no encontrado
[Worker-3] Intento 2: Page.click: Timeout 1000ms exceeded.
[Worker-3] Call log:
[Worker-3] - waiting for locator("button[class*='close']").locator("svg").locator("xpath=./ancestor::button")
[Worker-2] No se pudo cerrar el popup de satisfacción
[Worker-2] Popups manejados POST-scroll
[Worker-2] Scroll adicional de confirmación...
[Worker-1] Navegación rápida (sin acciones)
[Worker-1] Paso 4/4: URL Final...
[Worker-6] No apareció popup de cookies
[Worker-6] Intento 1: Page.click: Timeout 1000ms exceeded.
[Worker-6] Call log:
[Worker-6] - waiting for locator("button[class*='close']").locator("svg").locator("xpath=./ancestor::button")
[Worker-5] URLs restantes en urls_autos_random: 1972 | Procesadas en sesión: 9 | Próximo refresco en: 16 URLs
[Worker-1] Scroll INICIAL para activar contenido...
[Worker-5] URL obtenida y bloqueada desde urls_autos_random: https://neoauto.com/auto/usado/toyota-hiace-1999-1855684
[Worker-5] Iniciando extracción para: https://neoauto.com/auto/usado/toyota-hiace-1999-1855684
[Worker-5] Iniciando navegación...
[Worker-5] Marca extraída: 'toyota'
[Worker-5] Camino elegido (4 pasos).
[Worker-5] Paso 1/4: Página Principal...
[Worker-2] Título: Kia Sportage 2014
[Worker-2] Precio: S/ nan
[Worker-2] Kilometraje: inf km
[Worker-2] Ubicación: ¡Arranca tu año sobre ruedas!
[Worker-2] Súbete a tu próximo seminuevo, el auto que mereces.
[Worker-2] ¡Arranca tu año sobre ruedas!
[Worker-2] Súbete a tu próximo seminuevo, el auto que mereces.
[Worker-2] ¡Arranca tu año sobre ruedas!
[Worker-2] Súbete a tu próximo seminuevo, el auto que mereces.
[Worker-2] ¡Arranca tu año sobre ruedas!
[Worker-2] Súbete a tu próximo seminuevo, el auto que mereces.
[Worker-2] Iniciar sesión
[Worker-2] Quiero vender
[Worker-2] Comprar
[Worker-2] Quiero vender
[Worker-2] Financiamiento
[Worker-2] Alquilar
[Worker-2] Nuevo
[Worker-2] Seguros
[Worker-2] Eventos
[Worker-2] Publicidad
[Worker-2] Ver fotos
[Worker-2] Autos usados
[Worker-2] Kia
[Worker-2] Sportage
[Worker-2] Kia Sportage 2014
[Worker-2] Trujillo, Trujillo, La Libertad
[Worker-2] Publicado hace más de un mes
[Worker-2] 1,050 vistas
[Worker-2] Reportar aviso
[Worker-2] Compartir
[Worker-2] Marcar como favorito
[Worker-2] Kia Sportage 2014
[Worker-2] Reportar aviso
[Worker-2] Compartir
[Worker-2] Marcar como favorito
[Worker-2] Año modelo
[Worker-2] 2014
[Worker-2] Kilometraje
[Worker-2] 98,110 km
[Worker-2] Transmisión
[Worker-2] Mecánica
[Worker-2] Descripción
[Worker-2] Motor Super económico, su Pinturita ok, lo tengo super conservado, sus Mantenimientos como corresponde y documentos al día.
[Worker-2] Si estan interesados, pueden escribirme por interno para coordinarlo si desea verlo.
[Worker-2] Si pido porfavor abstenerse de escrib...
[Worker-2] Seguir leyendo
[Worker-2] Te recomendamos:
[Worker-2] ¿Te toca renovar tu SOAT?
[Worker-2] Verifica el estado de tu SOAT aquí y evita multas.
[Worker-2] Consultar SOAT
[Worker-2] Alquila autos con Kinto Share
[Worker-2] Que nada frene tus aventuras. Seguro,flexible y con garantia.
[Worker-2] Ver más
[Worker-2] Blog & Noticias
[Worker-2] Entérate de las últimas novedades del sector automotriz.
[Worker-2] Ver más
[Worker-2] Especificaciones técnicas
[Worker-2] Características
[Worker-2] Marca
[Worker-2] Kia
[Worker-2] Modelo
[Worker-2] SPORTAGE
[Worker-2] Versión
[Worker-2] MT 2.0
[Worker-2] Año de fabricación
[Worker-2] 2014
[Worker-2] Categoría
[Worker-2] Camioneta
[Worker-2] Combustible
[Worker-2] Gasolina
[Worker-2] Número de puertas
[Worker-2] 4
[Worker-2] Tracción
[Worker-2] 4x2
[Worker-2] Color
[Worker-2] Verde Petroleo
[Worker-2] Número cilindros
[Worker-2] 4
[Worker-2] Cilindrada
[Worker-2] 2,000 cc
[Worker-2] Equipamiento
[Worker-2] Retrovisores Eléctricos
[Worker-2] Neblineros
[Worker-2] Aire Acondicionado
[Worker-2] Full Equipo
[Worker-2] Computadora de abordo
[Worker-2] Parlantes/Bajos
[Worker-2] Radio CD
[Worker-2] Radio MP3
[Worker-2] Exterior
[Worker-2] Aros
[Worker-2] Seguridad
[Worker-2] Airbag
[Worker-2] Frenos ABS
[Worker-2] Precios y costos
[Worker-2] Este aviso
[Worker-2] US$13,700
[Worker-2] Precio de mercado
[Worker-2] US$13,600*
[Worker-2] Excelente
[Worker-2] Competitivo
[Worker-2] Premium
[Worker-2] (*) Precio referencial
[Worker-2] ¿Cómo se calcula este rango?
[Worker-2] ¿Te toca renovar tu SOAT?
[Worker-2] Verifica el estado de tu SOAT aquí y evita multas.
[Worker-2] Consultar SOAT
[Worker-2] Precio
[Worker-2] US$13,700
[Worker-2] Contáctate con el anunciante
[Worker-2] Cris Murga Lazaro
[Worker-2] 982 446...
[Worker-2] Más información
[Worker-2] Beneficios adicionales para ti:
[Worker-2] La mejor opción
[Worker-2] Financia tu auto con Santander Consumer
[Worker-2] Paga desde:
[Worker-2] US$1,134/mes*
[Worker-2] Simular crédito
[Worker-2] (*) Cuota mensual referencial. Calculada a 12 meses, 20% de inicial y TEA de 20.99%. No incluye seguro vehicular.
[Worker-2] Solicita tu Préstamo Personal hasta de S/45,000
[Worker-2] Me interesa
[Worker-2] Seminuevos
[Worker-2] Autos
[Worker-2] Motos
[Worker-2] Camiones
[Worker-2] Usados
[Worker-2] Autos
[Worker-2] Motos
[Worker-2] Camiones
[Worker-2] Nuevos
[Worker-2] Autos
[Worker-2] Camiones
[Worker-2] Ayuda
[Worker-2] Términos y condiciones
[Worker-2] Políticas de publicación
[Worker-2] ¿Cómo protegemos tus datos?
[Worker-2] Legales
[Worker-2] Sobre NeoAuto
[Worker-2] Noticias
[Worker-2] Tips y guías
[Worker-2] Ayuda en línea
[Worker-2] © 2024 NeoAuto Inc. Todos los derechos reservados
[Worker-2] Síguenos
[Worker-2] Descripción: {"@context":"https://schema.org","@graph":[{"@type":"Organization","@id":"https://neoauto.com/#organ...
[Worker-2] Único dueño: No
[Worker-2] Datos guardados en: /home/richgutz/Scraper-Neoauto-ANTIGRAVITY/extractores/results_txt/semanal_result_20260126_172349_e5a26e.txt
[Worker-6] Intento 2: Page.click: Timeout 1000ms exceeded.
[Worker-6] Call log:
[Worker-6] - waiting for locator("button[class*='close']").locator("svg").locator("xpath=./ancestor::button")
[Worker-5] Navegación rápida (sin acciones)
[Worker-5] Paso 2/4: Categoría 'Usados'...
[Worker-7] No apareció popup de cookies
[Worker-5] Navegación rápida (sin acciones)
[Worker-5] Paso 3/4: Filtro por Marca 'TOYOTA'...
[Worker-7] Intento 1: Page.click: Timeout 1000ms exceeded.
[Worker-7] Call log:
[Worker-7] - waiting for locator("button[class*='close']").locator("svg").locator("xpath=./ancestor::button")
[Worker-4] Intento 1: Popup no encontrado
[Worker-7] Intento 2: Page.click: Timeout 1000ms exceeded.
[Worker-7] Call log:
[Worker-7] - waiting for locator("button[class*='close']").locator("svg").locator("xpath=./ancestor::button")
[Worker-2] URLs restantes en urls_autos_random: 1970 | Procesadas en sesión: 9 | Próximo refresco en: 16 URLs
[Worker-5] Navegación rápida (sin acciones)
[Worker-5] Paso 4/4: URL Final...
[Worker-2] URL obtenida y bloqueada desde urls_autos_random: https://neoauto.com/auto/usado/nissan-sentra-2021-1855911
[Worker-2] Iniciando extracción para: https://neoauto.com/auto/usado/nissan-sentra-2021-1855911
[Worker-2] Iniciando navegación...
[Worker-2] Marca extraída: 'nissan'
[Worker-2] Camino elegido (4 pasos).
[Worker-2] Paso 1/4: Página Principal...
[Worker-2] Navegación rápida (sin acciones)
[Worker-2] Paso 2/4: Categoría 'Usados'...
[Worker-2] Navegación rápida (sin acciones)
[Worker-2] Paso 3/4: Filtro por Marca 'NISSAN'...
[Worker-4] Intento 2: Popup no encontrado
[Worker-5] Scroll INICIAL para activar contenido...
[Worker-2] Navegación rápida (sin acciones)
[Worker-2] Paso 4/4: URL Final...
[Worker-8] Intento 1: Popup no encontrado
[Worker-2] Scroll INICIAL para activar contenido...
[Worker-1] No apareció popup de cookies
[Worker-1] Intento 1: Page.click: Timeout 1000ms exceeded.
[Worker-1] Call log:
[Worker-1] - waiting for locator("button[class*='close']").locator("svg").locator("xpath=./ancestor::button")
[Worker-4] Intento 3: Popup no encontrado
[Worker-4] No se pudo cerrar el popup de satisfacción
[Worker-4] Popups manejados POST-scroll
[Worker-4] Scroll adicional de confirmación...
[Worker-1] Intento 2: Page.click: Timeout 1000ms exceeded.
[Worker-1] Call log:
[Worker-1] - waiting for locator("button[class*='close']").locator("svg").locator("xpath=./ancestor::button")
[Worker-8] Intento 2: Popup no encontrado
[Worker-3] Intento 1: Popup no encontrado
[Worker-4] Título: Volvo Xc-60 2017
[Worker-4] Precio: S/ nan
[Worker-4] Kilometraje: inf km
[Worker-4] Ubicación: ¡Arranca tu año sobre ruedas!
[Worker-4] Súbete a tu próximo seminuevo, el auto que mereces.
[Worker-4] ¡Arranca tu año sobre ruedas!
[Worker-4] Súbete a tu próximo seminuevo, el auto que mereces.
[Worker-4] ¡Arranca tu año sobre ruedas!
[Worker-4] Súbete a tu próximo seminuevo, el auto que mereces.
[Worker-4] ¡Arranca tu año sobre ruedas!
[Worker-4] Súbete a tu próximo seminuevo, el auto que mereces.
[Worker-4] Iniciar sesión
[Worker-4] Quiero vender
[Worker-4] Comprar
[Worker-4] Quiero vender
[Worker-4] Financiamiento
[Worker-4] Alquilar
[Worker-4] Nuevo
[Worker-4] Seguros
[Worker-4] Eventos
[Worker-4] Publicidad
[Worker-4] Ver fotos
[Worker-4] Premium
[Worker-4] Autos usados
[Worker-4] Volvo
[Worker-4] Xc-60
[Worker-4] Volvo Xc-60 2017
[Worker-4] Santiago de Surco, Lima, Lima
[Worker-4] Publicado hace unos días
[Worker-4] 33 vistas
[Worker-4] Reportar aviso
[Worker-4] Compartir
[Worker-4] Marcar como favorito
[Worker-4] Volvo Xc-60 2017
[Worker-4] Reportar aviso
[Worker-4] Compartir
[Worker-4] Marcar como favorito
[Worker-4] Año modelo
[Worker-4] 2017
[Worker-4] Kilometraje
[Worker-4] 120,000 km
[Worker-4] Transmisión
[Worker-4] Automática - Secuencial
[Worker-4] Descripción
[Worker-4] Volvo XC60 T5 AWD 2017 4x4 motor 2.0 turbo de 254 HP. Aro [****],000 KM. Parlantes Harman/Kardon. Techo panorámico. Cambios secuenciales con Paddle Shift.
[Worker-4] Tracción integral, asientos de cuero, cámara de retroceso, sensores, versión tope de gama y t...
[Worker-4] Seguir leyendo
[Worker-4] Te recomendamos:
[Worker-4] ¿Te toca renovar tu SOAT?
[Worker-4] Verifica el estado de tu SOAT aquí y evita multas.
[Worker-4] Consultar SOAT
[Worker-4] Alquila autos con Kinto Share
[Worker-4] Que nada frene tus aventuras. Seguro,flexible y con garantia.
[Worker-4] Ver más
[Worker-4] Blog & Noticias
[Worker-4] Entérate de las últimas novedades del sector automotriz.
[Worker-4] Ver más
[Worker-4] Especificaciones técnicas
[Worker-4] Características
[Worker-4] Marca
[Worker-4] Volvo
[Worker-4] Modelo
[Worker-4] XC-60
[Worker-4] Versión
[Worker-4] T5 AWD 2.0 TURBO
[Worker-4] Año de fabricación
[Worker-4] 2017
[Worker-4] Categoría
[Worker-4] Camioneta
[Worker-4] Combustible
[Worker-4] Gasolina
[Worker-4] Número de puertas
[Worker-4] 4
[Worker-4] Tracción
[Worker-4] AWD
[Worker-4] Color
[Worker-4] Blanco
[Worker-4] Número cilindros
[Worker-4] 4
[Worker-4] Cilindrada
[Worker-4] 2,000 cc
[Worker-4] Equipamiento
[Worker-4] Retrovisores Eléctricos
[Worker-4] Neblineros
[Worker-4] Aire Acondicionado
[Worker-4] Full Equipo
[Worker-4] Seguridad
[Worker-4] Airbag
[Worker-4] Faros antiniebla delantero
[Worker-4] Extras
[Worker-4] Sunroof
[Worker-4] Asientos de cuero
[Worker-4] Climatizador
[Worker-4] Precios y costos
[Worker-4] Aún no tenemos suficiente información para determinar un rango de precio para este vehículo.
[Worker-4] Excelente
[Worker-4] Competitivo
[Worker-4] Premium
[Worker-4] (*) Precio referencial
[Worker-4] ¿Cómo se calcula este rango?
[Worker-4] ¿Te toca renovar tu SOAT?
[Worker-4] Verifica el estado de tu SOAT aquí y evita multas.
[Worker-4] Consultar SOAT
[Worker-4] Precio
[Worker-4] US$17,500
[Worker-4] Contáctate con el anunciante
[Worker-4] Franco Santa Maria
[Worker-4] 969 969...
[Worker-4] Más información
[Worker-4] Beneficios adicionales para ti:
[Worker-4] La mejor opción
[Worker-4] Financia tu auto con Santander Consumer
[Worker-4] Paga desde:
[Worker-4] US$1,443/mes*
[Worker-4] Simular crédito
[Worker-4] (*) Cuota mensual referencial. Calculada a 12 meses, 20% de inicial y TEA de 20.99%. No incluye seguro vehicular.
[Worker-4] Solicita tu Préstamo Personal hasta de S/45,000
[Worker-4] Me interesa
[Worker-4] Seminuevos
[Worker-4] Autos
[Worker-4] Motos
[Worker-4] Camiones
[Worker-4] Usados
[Worker-4] Autos
[Worker-4] Motos
[Worker-4] Camiones
[Worker-4] Nuevos
[Worker-4] Autos
[Worker-4] Camiones
[Worker-4] Ayuda
[Worker-4] Términos y condiciones
[Worker-4] Políticas de publicación
[Worker-4] ¿Cómo protegemos tus datos?
[Worker-4] Legales
[Worker-4] Sobre NeoAuto
[Worker-4] Noticias
[Worker-4] Tips y guías
[Worker-4] Ayuda en línea
[Worker-4] © 2024 NeoAuto Inc. Todos los derechos reservados
[Worker-4] Síguenos
[Worker-4] Descripción: {"@context":"https://schema.org","@graph":[{"@type":"Organization","@id":"https://neoauto.com/#organ...
[Worker-4] Único dueño: No
[Worker-4] Datos guardados en: /home/richgutz/Scraper-Neoauto-ANTIGRAVITY/extractores/results_txt/semanal_result_20260126_172407_4f4724.txt
[Worker-6] Intento 1: Popup no encontrado
[Worker-8] Intento 3: Popup no encontrado
[Worker-3] Intento 2: Popup no encontrado
[Worker-8] No se pudo cerrar el popup de satisfacción
[Worker-8] Popups manejados POST-scroll
[Worker-8] Scroll adicional de confirmación...
[Worker-5] No apareció popup de cookies
[Worker-4] URLs restantes en urls_autos_random: 1968 | Procesadas en sesión: 9 | Próximo refresco en: 16 URLs
[Worker-5] Intento 1: Page.click: Timeout 1000ms exceeded.
[Worker-5] Call log:
[Worker-5] - waiting for locator("button[class*='close']").locator("svg").locator("xpath=./ancestor::button")
[Worker-4] URL obtenida y bloqueada desde urls_autos_random: https://neoauto.com/auto/usado/honda-civic-lx-2017-1860317
[Worker-4] Iniciando extracción para: https://neoauto.com/auto/usado/honda-civic-lx-2017-1860317
[Worker-4] Iniciando navegación...
[Worker-4] Marca extraída: 'honda'
[Worker-4] Camino elegido (4 pasos).
[Worker-4] Paso 1/4: Página Principal...
[Worker-7] Intento 1: Popup no encontrado
[Worker-4] Navegación rápida (sin acciones)
[Worker-4] Paso 2/4: Categoría 'Usados'...
[Worker-8] Título: Nissan Qashqai 2015
[Worker-8] Precio: S/ nan
[Worker-8] Kilometraje: inf km
[Worker-8] Ubicación: ¡Arranca tu año sobre ruedas!
[Worker-8] Súbete a tu próximo seminuevo, el auto que mereces.
[Worker-8] ¡Arranca tu año sobre ruedas!
[Worker-8] Súbete a tu próximo seminuevo, el auto que mereces.
[Worker-8] ¡Arranca tu año sobre ruedas!
[Worker-8] Súbete a tu próximo seminuevo, el auto que mereces.
[Worker-8] ¡Arranca tu año sobre ruedas!
[Worker-8] Súbete a tu próximo seminuevo, el auto que mereces.
[Worker-8] Iniciar sesión
[Worker-8] Quiero vender
[Worker-8] Comprar
[Worker-8] Quiero vender
[Worker-8] Financiamiento
[Worker-8] Alquilar
[Worker-8] Nuevo
[Worker-8] Seguros
[Worker-8] Eventos
[Worker-8] Publicidad
[Worker-8] Ver fotos
[Worker-8] Premium
[Worker-8] Autos usados
[Worker-8] Nissan
[Worker-8] Qashqai
[Worker-8] Nissan Qashqai 2015
[Worker-8] San Juan de Miraflores, Lima, Lima
[Worker-8] Publicado hace más de un mes
[Worker-8] 1,715 vistas
[Worker-8] Reportar aviso
[Worker-8] Compartir
[Worker-8] Marcar como favorito
[Worker-8] Nissan Qashqai 2015
[Worker-8] Reportar aviso
[Worker-8] Compartir
[Worker-8] Marcar como favorito
[Worker-8] Año modelo
[Worker-8] 2015
[Worker-8] Kilometraje
[Worker-8] 200,350 km
[Worker-8] Transmisión
[Worker-8] Mecánica
[Worker-8] Descripción
[Worker-8] Vendo camioneta de uso personal Nissan qasqai año 2014 versión 2015 En buen estado, ●AC, ●CAMARA RETROCESO, ●DUAL GASOLINA y GNV ( sexta generación) tiene dos años de uso. ●LUNAS ELECTRICAS. ●ASIENTOS DE CUERO. ●PANTALLA TÁCTIL ANDROID. WHATSAPP. [**...
[Worker-8] Seguir leyendo
[Worker-8] Te recomendamos:
[Worker-8] ¿Te toca renovar tu SOAT?
[Worker-8] Verifica el estado de tu SOAT aquí y evita multas.
[Worker-8] Consultar SOAT
[Worker-8] Alquila autos con Kinto Share
[Worker-8] Que nada frene tus aventuras. Seguro,flexible y con garantia.
[Worker-8] Ver más
[Worker-8] Blog & Noticias
[Worker-8] Entérate de las últimas novedades del sector automotriz.
[Worker-8] Ver más
[Worker-8] Especificaciones técnicas
[Worker-8] Características
[Worker-8] Marca
[Worker-8] Nissan
[Worker-8] Modelo
[Worker-8] QASHQAI
[Worker-8] Año de fabricación
[Worker-8] 2014
[Worker-8] Categoría
[Worker-8] Camioneta
[Worker-8] Combustible
[Worker-8] Gas GNV
[Worker-8] Número de puertas
[Worker-8] 5
[Worker-8] Tracción
[Worker-8] 4x2
[Worker-8] Color
[Worker-8] Gris platino
[Worker-8] Número cilindros
[Worker-8] 4
[Worker-8] Equipamiento
[Worker-8] Retrovisores Eléctricos
[Worker-8] Aire Acondicionado
[Worker-8] Computadora de abordo
[Worker-8] Radio MP3
[Worker-8] Exterior
[Worker-8] Aros de Aleación
[Worker-8] Seguridad
[Worker-8] Airbag
[Worker-8] Láminas de Seguridad
[Worker-8] Frenos ABS
[Worker-8] Extras
[Worker-8] Asientos de cuero
[Worker-8] Precios y costos
[Worker-8] Aún no tenemos suficiente información para determinar un rango de precio para este vehículo.
[Worker-8] Excelente
[Worker-8] Competitivo
[Worker-8] Premium
[Worker-8] (*) Precio referencial
[Worker-8] ¿Cómo se calcula este rango?
[Worker-8] ¿Te toca renovar tu SOAT?
[Worker-8] Verifica el estado de tu SOAT aquí y evita multas.
[Worker-8] Consultar SOAT
[Worker-8] Precio
[Worker-8] US$12,300
[Worker-8] Contáctate con el anunciante
[Worker-8] Alexander Huaman Cruz
[Worker-8] 972 737...
[Worker-8] Más información
[Worker-8] Beneficios adicionales para ti:
[Worker-8] Solicita tu Préstamo Personal hasta de S/45,000
[Worker-8] Me interesa
[Worker-8] Seminuevos
[Worker-8] Autos
[Worker-8] Motos
[Worker-8] Camiones
[Worker-8] Usados
[Worker-8] Autos
[Worker-8] Motos
[Worker-8] Camiones
[Worker-8] Nuevos
[Worker-8] Autos
[Worker-8] Camiones
[Worker-8] Ayuda
[Worker-8] Términos y condiciones
[Worker-8] Políticas de publicación
[Worker-8] ¿Cómo protegemos tus datos?
[Worker-8] Legales
[Worker-8] Sobre NeoAuto
[Worker-8] Noticias
[Worker-8] Tips y guías
[Worker-8] Ayuda en línea
[Worker-8] © 2024 NeoAuto Inc. Todos los derechos reservados
[Worker-8] Síguenos
[Worker-8] Descripción: {"@context":"https://schema.org","@graph":[{"@type":"Organization","@id":"https://neoauto.com/#organ...
[Worker-8] Único dueño: No
[Worker-8] Datos guardados en: /home/richgutz/Scraper-Neoauto-ANTIGRAVITY/extractores/results_txt/semanal_result_20260126_172413_f1d100.txt
[Worker-6] Intento 2: Popup no encontrado
[Worker-5] Intento 2: Page.click: Timeout 1000ms exceeded.
[Worker-5] Call log:
[Worker-5] - waiting for locator("button[class*='close']").locator("svg").locator("xpath=./ancestor::button")
[Worker-4] Navegación rápida (sin acciones)
[Worker-4] Paso 3/4: Filtro por Marca 'HONDA'...
[Worker-2] No apareció popup de cookies
[Worker-3] Intento 3: Popup no encontrado
[Worker-2] Intento 1: Page.click: Timeout 1000ms exceeded.
[Worker-2] Call log:
[Worker-2] - waiting for locator("button[class*='close']").locator("svg").locator("xpath=./ancestor::button")
[Worker-3] No se pudo cerrar el popup de satisfacción
[Worker-3] Popups manejados POST-scroll
[Worker-3] Scroll adicional de confirmación...
[Worker-8] URLs restantes en urls_autos_random: 1966 | Procesadas en sesión: 9 | Próximo refresco en: 16 URLs
[Worker-4] Navegación rápida (sin acciones)
[Worker-4] Paso 4/4: URL Final...
[Worker-8] URL obtenida y bloqueada desde urls_autos_random: https://neoauto.com/auto/usado/hyundai-venue-2023-1863392
[Worker-8] Iniciando extracción para: https://neoauto.com/auto/usado/hyundai-venue-2023-1863392
[Worker-8] Iniciando navegación...
[Worker-8] Marca extraída: 'hyundai'
[Worker-8] Camino elegido (4 pasos).
[Worker-8] Paso 1/4: Página Principal...
[Worker-2] Intento 2: Page.click: Timeout 1000ms exceeded.
[Worker-2] Call log:
[Worker-2] - waiting for locator("button[class*='close']").locator("svg").locator("xpath=./ancestor::button")
[Worker-7] Intento 2: Popup no encontrado
[Worker-8] Navegación rápida (sin acciones)
[Worker-8] Paso 2/4: Categoría 'Usados'...
[Worker-3] Título: Mazda 3 2021
[Worker-6] Intento 3: Popup no encontrado
[Worker-3] Precio: S/ nan
[Worker-3] Kilometraje: inf km
[Worker-3] Ubicación: ¡Arranca tu año sobre ruedas!
[Worker-3] Súbete a tu próximo seminuevo, el auto que mereces.
[Worker-3] ¡Arranca tu año sobre ruedas!
[Worker-3] Súbete a tu próximo seminuevo, el auto que mereces.
[Worker-3] ¡Arranca tu año sobre ruedas!
[Worker-3] Súbete a tu próximo seminuevo, el auto que mereces.
[Worker-3] ¡Arranca tu año sobre ruedas!
[Worker-3] Súbete a tu próximo seminuevo, el auto que mereces.
[Worker-3] Iniciar sesión
[Worker-3] Quiero vender
[Worker-3] Comprar
[Worker-3] Quiero vender
[Worker-3] Financiamiento
[Worker-3] Alquilar
[Worker-3] Nuevo
[Worker-3] Seguros
[Worker-3] Eventos
[Worker-3] Publicidad
[Worker-3] Ver fotos
[Worker-3] Autos usados
[Worker-3] Mazda
[Worker-3] 3
[Worker-3] Mazda 3 2021
[Worker-3] Ate, Lima, Lima
[Worker-3] Publicado hace más de una semana
[Worker-3] 1,467 vistas
[Worker-3] Reportar aviso
[Worker-3] Compartir
[Worker-3] Marcar como favorito
[Worker-3] Mazda 3 2021
[Worker-3] Reportar aviso
[Worker-3] Compartir
[Worker-3] Marcar como favorito
[Worker-3] Año modelo
[Worker-3] 2021
[Worker-3] Kilometraje
[Worker-3] 58,000 km
[Worker-3] Transmisión
[Worker-3] Automática
[Worker-3] Descripción
[Worker-3] Auto en excelente estado. Mantenimientos al día realizados en KODOMOTORS . Uso particular.
[Worker-3] Te recomendamos:
[Worker-3] ¿Te toca renovar tu SOAT?
[Worker-3] Verifica el estado de tu SOAT aquí y evita multas.
[Worker-3] Consultar SOAT
[Worker-3] Alquila autos con Kinto Share
[Worker-3] Que nada frene tus aventuras. Seguro,flexible y con garantia.
[Worker-3] Ver más
[Worker-3] Blog & Noticias
[Worker-3] Entérate de las últimas novedades del sector automotriz.
[Worker-3] Ver más
[Worker-3] Especificaciones técnicas
[Worker-3] Características
[Worker-3] Marca
[Worker-3] Mazda
[Worker-3] Modelo
[Worker-3] 3
[Worker-3] Versión
[Worker-3] NEW CORE 2.0
[Worker-3] Año de fabricación
[Worker-3] 2021
[Worker-3] Categoría
[Worker-3] Sedán
[Worker-3] Combustible
[Worker-3] Gasolina
[Worker-3] Número de puertas
[Worker-3] 4
[Worker-3] Color
[Worker-3] Blanco
[Worker-3] Cilindrada
[Worker-3] 2,000 cc
[Worker-3] Equipamiento
[Worker-3] Retrovisores Eléctricos
[Worker-3] Aire Acondicionado
[Worker-3] Full Equipo
[Worker-3] Computadora de abordo
[Worker-3] Parlantes/Bajos
[Worker-3] Radio CD
[Worker-3] Radio MP3
[Worker-3] Exterior
[Worker-3] Aros de Aleación
[Worker-3] Seguridad
[Worker-3] Airbag
[Worker-3] Láminas de Seguridad
[Worker-3] Frenos ABS
[Worker-3] Extras
[Worker-3] Sunroof
[Worker-3] Asientos de cuero
[Worker-3] Climatizador
[Worker-3] Precios y costos
[Worker-3] Aún no tenemos suficiente información para determinar un rango de precio para este vehículo.
[Worker-3] Excelente
[Worker-3] Competitivo
[Worker-3] Premium
[Worker-3] (*) Precio referencial
[Worker-3] ¿Cómo se calcula este rango?
[Worker-3] ¿Te toca renovar tu SOAT?
[Worker-3] Verifica el estado de tu SOAT aquí y evita multas.
[Worker-3] Consultar SOAT
[Worker-3] Precio
[Worker-3] US$15,500
[Worker-3] Contáctate con el anunciante
[Worker-3] Jonathan Ysimura
[Worker-3] 951 831...
[Worker-3] Más información
[Worker-3] Beneficios adicionales para ti:
[Worker-3] La mejor opción
[Worker-3] Financia tu auto con Santander Consumer
[Worker-3] Paga desde:
[Worker-3] US$420/mes*
[Worker-3] Simular crédito
[Worker-3] (*) Cuota mensual referencial. Calculada a 60 meses, 20% de inicial y TEA de 20.99%. No incluye seguro vehicular.
[Worker-3] Solicita tu Préstamo Personal hasta de S/45,000
[Worker-3] Me interesa
[Worker-3] Seminuevos
[Worker-3] Autos
[Worker-3] Motos
[Worker-3] Camiones
[Worker-3] Usados
[Worker-3] Autos
[Worker-3] Motos
[Worker-3] Camiones
[Worker-3] Nuevos
[Worker-3] Autos
[Worker-3] Camiones
[Worker-3] Ayuda
[Worker-3] Términos y condiciones
[Worker-3] Políticas de publicación
[Worker-3] ¿Cómo protegemos tus datos?
[Worker-3] Legales
[Worker-3] Sobre NeoAuto
[Worker-3] Noticias
[Worker-3] Tips y guías
[Worker-3] Ayuda en línea
[Worker-3] © 2024 NeoAuto Inc. Todos los derechos reservados
[Worker-3] Síguenos
[Worker-3] Descripción: {"@context":"https://schema.org","@graph":[{"@type":"Organization","@id":"https://neoauto.com/#organ...
[Worker-3] Único dueño: No
[Worker-3] Datos guardados en: /home/richgutz/Scraper-Neoauto-ANTIGRAVITY/extractores/results_txt/semanal_result_20260126_172419_38903a.txt
[Worker-4] Scroll INICIAL para activar contenido...
[Worker-8] Navegación rápida (sin acciones)
[Worker-8] Paso 3/4: Filtro por Marca 'HYUNDAI'...
[Worker-6] No se pudo cerrar el popup de satisfacción
[Worker-6] Popups manejados POST-scroll
[Worker-6] Scroll adicional de confirmación...
[Worker-8] Navegación rápida (sin acciones)
[Worker-8] Paso 4/4: URL Final...
[Worker-8] Scroll INICIAL para activar contenido...
[Worker-6] Título: Toyota Yaris 2023
[Worker-6] Precio: S/ nan
[Worker-6] Kilometraje: inf km
[Worker-6] Ubicación: ¡Arranca tu año sobre ruedas!
[Worker-6] Súbete a tu próximo seminuevo, el auto que mereces.
[Worker-6] ¡Arranca tu año sobre ruedas!
[Worker-6] Súbete a tu próximo seminuevo, el auto que mereces.
[Worker-6] ¡Arranca tu año sobre ruedas!
[Worker-6] Súbete a tu próximo seminuevo, el auto que mereces.
[Worker-6] ¡Arranca tu año sobre ruedas!
[Worker-6] Súbete a tu próximo seminuevo, el auto que mereces.
[Worker-6] Iniciar sesión
[Worker-6] Quiero vender
[Worker-6] Comprar
[Worker-6] Quiero vender
[Worker-6] Financiamiento
[Worker-6] Alquilar
[Worker-6] Nuevo
[Worker-6] Seguros
[Worker-6] Eventos
[Worker-6] Publicidad
[Worker-6] Ver fotos
[Worker-6] Autos usados
[Worker-6] Toyota
[Worker-6] Yaris
[Worker-6] Toyota Yaris 2023
[Worker-6] Laredo, Trujillo, La Libertad
[Worker-6] Publicado hace más de una semana
[Worker-6] 343 vistas
[Worker-6] Reportar aviso
[Worker-6] Compartir
[Worker-6] Marcar como favorito
[Worker-6] Toyota Yaris 2023
[Worker-6] Reportar aviso
[Worker-6] Compartir
[Worker-6] Marcar como favorito
[Worker-6] Año modelo
[Worker-6] 2023
[Worker-6] Kilometraje
[Worker-6] 100,000 km
[Worker-6] Transmisión
[Worker-6] Mecánica
[Worker-6] Descripción
[Worker-6] Auto en buen estado, mecánico, dual GLP original de tienda super económico, único dueño, comprado en concesionaria de Toyota Trujillo con pestillos y lunas eléctricas, radio bluetooth y táctil, uso particular, cámara retroceso, seguro en llantas, esp...
[Worker-6] Seguir leyendo
[Worker-6] Te recomendamos:
[Worker-6] ¿Te toca renovar tu SOAT?
[Worker-6] Verifica el estado de tu SOAT aquí y evita multas.
[Worker-6] Consultar SOAT
[Worker-6] Alquila autos con Kinto Share
[Worker-6] Que nada frene tus aventuras. Seguro,flexible y con garantia.
[Worker-6] Ver más
[Worker-6] Blog & Noticias
[Worker-6] Entérate de las últimas novedades del sector automotriz.
[Worker-6] Ver más
[Worker-6] Especificaciones técnicas
[Worker-6] Características
[Worker-6] Marca
[Worker-6] Toyota
[Worker-6] Modelo
[Worker-6] YARIS
[Worker-6] Versión
[Worker-6] 1.3M/T
[Worker-6] Año de fabricación
[Worker-6] 2022
[Worker-6] Categoría
[Worker-6] Sedán
[Worker-6] Combustible
[Worker-6] Dual
[Worker-6] Número de puertas
[Worker-6] 4
[Worker-6] Tracción
[Worker-6] 4x2
[Worker-6] Color
[Worker-6] Negro
[Worker-6] Número cilindros
[Worker-6] 4
[Worker-6] Cilindrada
[Worker-6] 1,300 cc
[Worker-6] Equipamiento
[Worker-6] Retrovisores Eléctricos
[Worker-6] Aire Acondicionado
[Worker-6] Full Equipo
[Worker-6] Parlantes/Bajos
[Worker-6] Exterior
[Worker-6] Aros
[Worker-6] Seguridad
[Worker-6] Airbag
[Worker-6] Láminas de Seguridad
[Worker-6] Frenos ABS
[Worker-6] Alarma
[Worker-6] Extras
[Worker-6] Asientos de cuero
[Worker-6] Precios y costos
[Worker-6] Aún no tenemos suficiente información para determinar un rango de precio para este vehículo.
[Worker-6] Excelente
[Worker-6] Competitivo
[Worker-6] Premium
[Worker-6] (*) Precio referencial
[Worker-6] ¿Cómo se calcula este rango?
[Worker-6] ¿Te toca renovar tu SOAT?
[Worker-6] Verifica el estado de tu SOAT aquí y evita multas.
[Worker-6] Consultar SOAT
[Worker-6] Precio
[Worker-6] US$14,000
[Worker-6] Dscto. por adquirir el Crédito Vehicular
[Worker-6] -US$1,000*
[Worker-6] *Aplica si financias tu auto con Santander Consumer
[Worker-6] Contáctate con el anunciante
[Worker-6] Brando Rojas Cuba
[Worker-6] 997 325...
[Worker-6] Más información
[Worker-6] Beneficios adicionales para ti:
[Worker-6] La mejor opción
[Worker-6] Financia tu auto con Santander Consumer
[Worker-6] Paga desde:
[Worker-6] US$13,000 o
[Worker-6] US$381/mes*
[Worker-6] Simular crédito
[Worker-6] (*) Cuota mensual referencial. Calculada a 60 meses, 20% de inicial y TEA de 20.99%. No incluye seguro vehicular.
[Worker-6] Solicita tu Préstamo Personal hasta de S/45,000
[Worker-6] Me interesa
[Worker-6] Seminuevos
[Worker-6] Autos
[Worker-6] Motos
[Worker-6] Camiones
[Worker-6] Usados
[Worker-6] Autos
[Worker-6] Motos
[Worker-6] Camiones
[Worker-6] Nuevos
[Worker-6] Autos
[Worker-6] Camiones
[Worker-6] Ayuda
[Worker-6] Términos y condiciones
[Worker-6] Políticas de publicación
[Worker-6] ¿Cómo protegemos tus datos?
[Worker-6] Legales
[Worker-6] Sobre NeoAuto
[Worker-6] Noticias
[Worker-6] Tips y guías
[Worker-6] Ayuda en línea
[Worker-6] © 2024 NeoAuto Inc. Todos los derechos reservados
[Worker-6] Síguenos
[Worker-6] Descripción: {"@context":"https://schema.org","@graph":[{"@type":"Organization","@id":"https://neoauto.com/#organ...
[Worker-6] Único dueño: No
[Worker-6] Datos guardados en: /home/richgutz/Scraper-Neoauto-ANTIGRAVITY/extractores/results_txt/semanal_result_20260126_172423_49de80.txt
[Worker-3] URLs restantes en urls_autos_random: 1964 | Procesadas en sesión: 9 | Próximo refresco en: 16 URLs
[Worker-1] Intento 1: Popup no encontrado
[Worker-7] Intento 3: Popup no encontrado
[Worker-3] URL obtenida y bloqueada desde urls_autos_random: https://neoauto.com/auto/usado/volkswagen-amarok-2016-1858906
[Worker-3] Iniciando extracción para: https://neoauto.com/auto/usado/volkswagen-amarok-2016-1858906
[Worker-3] Iniciando navegación...
[Worker-3] Marca extraída: 'volkswagen'
[Worker-3] Camino elegido (4 pasos).
[Worker-3] Paso 1/4: Página Principal...
[Worker-7] No se pudo cerrar el popup de satisfacción
[Worker-7] Popups manejados POST-scroll
[Worker-7] Scroll adicional de confirmación...
[Worker-3] Navegación rápida (sin acciones)
[Worker-3] Paso 2/4: Categoría 'Usados'...
[Worker-3] Navegación rápida (sin acciones)
[Worker-3] Paso 3/4: Filtro por Marca 'VOLKSWAGEN'...
[Worker-7] Título: Hyundai H350 2013
[Worker-7] Precio: S/ nan
[Worker-7] Kilometraje: inf km
[Worker-7] Ubicación: ¡Arranca tu año sobre ruedas!
[Worker-7] Súbete a tu próximo seminuevo, el auto que mereces.
[Worker-7] ¡Arranca tu año sobre ruedas!
[Worker-7] Súbete a tu próximo seminuevo, el auto que mereces.
[Worker-7] ¡Arranca tu año sobre ruedas!
[Worker-7] Súbete a tu próximo seminuevo, el auto que mereces.
[Worker-7] ¡Arranca tu año sobre ruedas!
[Worker-7] Súbete a tu próximo seminuevo, el auto que mereces.
[Worker-7] Iniciar sesión
[Worker-7] Quiero vender
[Worker-7] Comprar
[Worker-7] Quiero vender
[Worker-7] Financiamiento
[Worker-7] Alquilar
[Worker-7] Nuevo
[Worker-7] Seguros
[Worker-7] Eventos
[Worker-7] Publicidad
[Worker-7] Ver fotos
[Worker-7] Autos usados
[Worker-7] Hyundai
[Worker-7] H350
[Worker-7] Hyundai H350 2013
[Worker-7] Cerro Colorado, Arequipa, Arequipa
[Worker-7] Publicado hace más de una semana
[Worker-7] 167 vistas
[Worker-7] Reportar aviso
[Worker-7] Compartir
[Worker-7] Marcar como favorito
[Worker-7] Hyundai H350 2013
[Worker-7] Reportar aviso
[Worker-7] Compartir
[Worker-7] Marcar como favorito
[Worker-7] Año modelo
[Worker-7] 2013
[Worker-7] Kilometraje
[Worker-7] 200,000 km
[Worker-7] Transmisión
[Worker-7] Mecánica
[Worker-7] Descripción
[Worker-7] Oración para la ciudad de arequipa con ruta incluida y GPS couster country de cono norte a l centro de arequipa nro [****]Precio negociable
[Worker-7] Te recomendamos:
[Worker-7] ¿Te toca renovar tu SOAT?
[Worker-7] Verifica el estado de tu SOAT aquí y evita multas.
[Worker-7] Consultar SOAT
[Worker-7] Alquila autos con Kinto Share
[Worker-7] Que nada frene tus aventuras. Seguro,flexible y con garantia.
[Worker-7] Ver más
[Worker-7] Blog & Noticias
[Worker-7] Entérate de las últimas novedades del sector automotriz.
[Worker-7] Ver más
[Worker-7] Especificaciones técnicas
[Worker-7] Características
[Worker-7] Marca
[Worker-7] Hyundai
[Worker-7] Modelo
[Worker-7] H350
[Worker-7] Año de fabricación
[Worker-7] 2013
[Worker-7] Categoría
[Worker-7] Vans
[Worker-7] Combustible
[Worker-7] Diesel
[Worker-7] Número de puertas
[Worker-7] 4
[Worker-7] Tracción
[Worker-7] 4x2
[Worker-7] Color
[Worker-7] Gris platino
[Worker-7] Precios y costos
[Worker-7] Aún no tenemos suficiente información para determinar un rango de precio para este vehículo.
[Worker-7] Excelente
[Worker-7] Competitivo
[Worker-7] Premium
[Worker-7] (*) Precio referencial
[Worker-7] ¿Cómo se calcula este rango?
[Worker-7] ¿Te toca renovar tu SOAT?
[Worker-7] Verifica el estado de tu SOAT aquí y evita multas.
[Worker-7] Consultar SOAT
[Worker-7] Precio
[Worker-7] US$33,000
[Worker-7] Contáctate con el anunciante
[Worker-7] Alvaro Eyzaguirre
[Worker-7] 922 511...
[Worker-7] Más información
[Worker-7] Beneficios adicionales para ti:
[Worker-7] Solicita tu Préstamo Personal hasta de S/45,000
[Worker-7] Me interesa
[Worker-7] Vehículos similares
[Worker-7] Ver todos los vehículos
[Worker-7] Auto verificado
[Worker-7] Motor Económico
[Worker-7] Hyundai H-1 2019
[Worker-7] 245,200km
[Worker-7] GL
[Worker-7] Mecánica
[Worker-7] Dual
[Worker-7] Precio
[Worker-7] US$23,000
[Worker-7] Ver detalle
[Worker-7] Vehículo de: Javier Salas
[Worker-7] Foton Van Px 2021
[Worker-7] 1,850km
[Worker-7] Mecánica
[Worker-7] Gasolina
[Worker-7] Precio
[Worker-7] US$14,800
[Worker-7] Con Crédito Vehicular
[Worker-7] US$402/mes
[Worker-7] Ver detalle
[Worker-7] Vehículo de: Hernan Cainicela
[Worker-7] Dfsk K07s 2020
[Worker-7] 80,000km
[Worker-7] DSFK K
[Worker-7] Mecánica
[Worker-7] Gas GLP
[Worker-7] Precio
[Worker-7] US$7,000
[Worker-7] Ver detalle
[Worker-7] Vehículo de: gonzalo castellanos pinto
[Worker-7] Premium
[Worker-7] Ram V700 2019
[Worker-7] 105,000km
[Worker-7] Mecánica
[Worker-7] Dual
[Worker-7] Precio
[Worker-7] US$5,800
[Worker-7] Ver detalle
[Worker-7] Vehículo de: Raul Bedoya Carcamo
[Worker-7] Papeles en regla
[Worker-7] Hyundai H-1 2009
[Worker-7] 143,000km
[Worker-7] Mecánica
[Worker-7] Diesel
[Worker-7] Precio
[Worker-7] US$11,000
[Worker-7] Ver detalle
[Worker-7] Vehículo de: Rodolfo Mamani
[Worker-7] Hyundai Staria 2023
[Worker-7] 79,000km
[Worker-7] PGL
[Worker-7] Mecánica
[Worker-7] Diesel
[Worker-7] Precio
[Worker-7] US$20,999
[Worker-7] Con Crédito Vehicular
[Worker-7] US$566/mes
[Worker-7] Ver detalle
[Worker-7] Vehículo de: Marco Borjas
[Worker-7] Hyundai H-1 2019
[Worker-7] 110,500km
[Worker-7] Mecánica
[Worker-7] Dual
[Worker-7] Precio
[Worker-7] US$23,800
[Worker-7] Con Crédito Vehicular
[Worker-7] US$853/mes
[Worker-7] Ver detalle
[Worker-7] Vehículo de:
[Worker-7] Hyundai H-1 2000
[Worker-7] 100,000km
[Worker-7] Mecánica
[Worker-7] Diesel
[Worker-7] Precio
[Worker-7] US$4,000
[Worker-7] Ver detalle
[Worker-7] Vehículo de: fausto janampa
[Worker-7] Seminuevos
[Worker-7] Autos
[Worker-7] Motos
[Worker-7] Camiones
[Worker-7] Usados
[Worker-7] Autos
[Worker-7] Motos
[Worker-7] Camiones
[Worker-7] Nuevos
[Worker-7] Autos
[Worker-7] Camiones
[Worker-7] Ayuda
[Worker-7] Términos y condiciones
[Worker-7] Políticas de publicación
[Worker-7] ¿Cómo protegemos tus datos?
[Worker-7] Legales
[Worker-7] Sobre NeoAuto
[Worker-7] Noticias
[Worker-7] Tips y guías
[Worker-7] Ayuda en línea
[Worker-7] © 2024 NeoAuto Inc. Todos los derechos reservados
[Worker-7] Síguenos
[Worker-7] Descripción: {"@context":"https://schema.org","@graph":[{"@type":"Organization","@id":"https://neoauto.com/#organ...
[Worker-7] Único dueño: No
[Worker-7] Datos guardados en: /home/richgutz/Scraper-Neoauto-ANTIGRAVITY/extractores/results_txt/semanal_result_20260126_172427_85c623.txt
[Worker-1] Intento 2: Popup no encontrado
[Worker-6] URLs restantes en urls_autos_random: 1963 | Procesadas en sesión: 9 | Próximo refresco en: 16 URLs
[Worker-6] URL obtenida y bloqueada desde urls_autos_random: https://neoauto.com/auto/usado/honda-wr-v-2019-1861674
[Worker-6] Iniciando extracción para: https://neoauto.com/auto/usado/honda-wr-v-2019-1861674
[Worker-6] Iniciando navegación...
[Worker-6] Marca extraída: 'honda'
[Worker-6] Camino elegido (4 pasos).
[Worker-6] Paso 1/4: Página Principal...
[Worker-3] Navegación rápida (sin acciones)
[Worker-3] Paso 4/4: URL Final...
[Worker-6] Navegación rápida (sin acciones)
[Worker-6] Paso 2/4: Categoría 'Usados'...
[Worker-7] URLs restantes en urls_autos_random: 1962 | Procesadas en sesión: 9 | Próximo refresco en: 16 URLs
[Worker-7] URL obtenida y bloqueada desde urls_autos_random: https://neoauto.com/auto/usado/audi-q5-2018-1860229
[Worker-7] Iniciando extracción para: https://neoauto.com/auto/usado/audi-q5-2018-1860229
[Worker-7] Iniciando navegación...
[Worker-7] Marca extraída: 'audi'
[Worker-7] Camino elegido (4 pasos).
[Worker-7] Paso 1/4: Página Principal...
[Worker-6] Navegación rápida (sin acciones)
[Worker-6] Paso 3/4: Filtro por Marca 'HONDA'...
[Worker-3] Scroll INICIAL para activar contenido...
[Worker-1] Intento 3: Popup no encontrado
[Worker-4] No apareció popup de cookies
[Worker-5] Intento 1: Popup no encontrado
[Worker-7] Navegación rápida (sin acciones)
[Worker-7] Paso 2/4: Categoría 'Usados'...
[Worker-1] No se pudo cerrar el popup de satisfacción
[Worker-1] Popups manejados POST-scroll
[Worker-1] Scroll adicional de confirmación...
[Worker-6] Navegación rápida (sin acciones)
[Worker-6] Paso 4/4: URL Final...
[Worker-4] Intento 1: Page.click: Timeout 1000ms exceeded.
[Worker-4] Call log:
[Worker-4] - waiting for locator("button[class*='close']").locator("svg").locator("xpath=./ancestor::button")
[Worker-6] Scroll INICIAL para activar contenido...
[Worker-7] Navegación rápida (sin acciones)
[Worker-7] Paso 3/4: Filtro por Marca 'AUDI'...
[Worker-4] Intento 2: Page.click: Timeout 1000ms exceeded.
[Worker-4] Call log:
[Worker-4] - waiting for locator("button[class*='close']").locator("svg").locator("xpath=./ancestor::button")
[Worker-1] Título: Subaru Legacy 1992
[Worker-1] Precio: S/ nan
[Worker-1] Kilometraje: inf km
[Worker-1] Ubicación: ¡Arranca tu año sobre ruedas!
[Worker-1] Súbete a tu próximo seminuevo, el auto que mereces.
[Worker-1] ¡Arranca tu año sobre ruedas!
[Worker-1] Súbete a tu próximo seminuevo, el auto que mereces.
[Worker-1] ¡Arranca tu año sobre ruedas!
[Worker-1] Súbete a tu próximo seminuevo, el auto que mereces.
[Worker-1] ¡Arranca tu año sobre ruedas!
[Worker-1] Súbete a tu próximo seminuevo, el auto que mereces.
[Worker-1] Iniciar sesión
[Worker-1] Quiero vender
[Worker-1] Comprar
[Worker-1] Quiero vender
[Worker-1] Financiamiento
[Worker-1] Alquilar
[Worker-1] Nuevo
[Worker-1] Seguros
[Worker-1] Eventos
[Worker-1] Publicidad
[Worker-1] Ver fotos
[Worker-1] Autos usados
[Worker-1] Subaru
[Worker-1] Legacy
[Worker-1] Subaru Legacy 1992
[Worker-1] San Borja, Lima, Lima
[Worker-1] Publicado hace más de un mes
[Worker-1] 1,569 vistas
[Worker-1] Reportar aviso
[Worker-1] Compartir
[Worker-1] Marcar como favorito
[Worker-1] Subaru Legacy 1992
[Worker-1] Reportar aviso
[Worker-1] Compartir
[Worker-1] Marcar como favorito
[Worker-1] Año modelo
[Worker-1] 1992
[Worker-1] Kilometraje
[Worker-1] 300,000 km
[Worker-1] Transmisión
[Worker-1] Automática
[Worker-1] Te recomendamos:
[Worker-1] ¿Te toca renovar tu SOAT?
[Worker-1] Verifica el estado de tu SOAT aquí y evita multas.
[Worker-1] Consultar SOAT
[Worker-1] Alquila autos con Kinto Share
[Worker-1] Que nada frene tus aventuras. Seguro,flexible y con garantia.
[Worker-1] Ver más
[Worker-1] Blog & Noticias
[Worker-1] Entérate de las últimas novedades del sector automotriz.
[Worker-1] Ver más
[Worker-1] Especificaciones técnicas
[Worker-1] Características
[Worker-1] Marca
[Worker-1] Subaru
[Worker-1] Modelo
[Worker-1] LEGACY
[Worker-1] Año de fabricación
[Worker-1] 1992
[Worker-1] Categoría
[Worker-1] Sedán
[Worker-1] Combustible
[Worker-1] Dual
[Worker-1] Número de puertas
[Worker-1] 4
[Worker-1] Tracción
[Worker-1] Posterior
[Worker-1] Color
[Worker-1] Negro
[Worker-1] Número cilindros
[Worker-1] 4
[Worker-1] Cilindrada
[Worker-1] 1,800 cc
[Worker-1] Equipamiento
[Worker-1] Retrovisores Eléctricos
[Worker-1] Full Equipo
[Worker-1] Seguridad
[Worker-1] Alarma
[Worker-1] Precios y costos
[Worker-1] Aún no tenemos suficiente información para determinar un rango de precio para este vehículo.
[Worker-1] Excelente
[Worker-1] Competitivo
[Worker-1] Premium
[Worker-1] (*) Precio referencial
[Worker-1] ¿Cómo se calcula este rango?
[Worker-1] ¿Te toca renovar tu SOAT?
[Worker-1] Verifica el estado de tu SOAT aquí y evita multas.
[Worker-1] Consultar SOAT
[Worker-1] Precio
[Worker-1] US$4,200
[Worker-1] Contáctate con el anunciante
[Worker-1] Mario Alberto Gonzales Arroyo
[Worker-1] 967 789...
[Worker-1] Más información
[Worker-1] Beneficios adicionales para ti:
[Worker-1] Solicita tu Préstamo Personal hasta de S/45,000
[Worker-1] Me interesa
[Worker-1] Vehículos similares
[Worker-1] Ver todos los vehículos
[Worker-1] Premium
[Worker-1] Subaru Legacy 2011
[Worker-1] 110,000km
[Worker-1] 2.5I 4D AWD CVT...
[Worker-1] Automática - Se...
[Worker-1] Gasolina
[Worker-1] Precio
[Worker-1] US$9,800
[Worker-1] Ver detalle
[Worker-1] Vehículo de: Humberto SN
[Worker-1] Nunca piques
[Worker-1] Subaru Impreza Wrx 2019
[Worker-1] 73,200km
[Worker-1] Mecánica
[Worker-1] Gasolina
[Worker-1] Precio
[Worker-1] US$22,000
[Worker-1] Con Crédito Vehicular
[Worker-1] US$21,000
[Worker-1] Ver detalle
[Worker-1] Vehículo de: Felipe Ramos
[Worker-1] Subaru Impreza 2014
[Worker-1] 119,000km
[Worker-1] Automática - Se...
[Worker-1] Gasolina
[Worker-1] Precio
[Worker-1] US$10,200
[Worker-1] Con Crédito Vehicular
[Worker-1] US$850/mes
[Worker-1] Ver detalle
[Worker-1] Vehículo de: Miguel Martínez Almeyda
[Worker-1] Unico Dueño
[Worker-1] Subaru Impreza Sport 2014
[Worker-1] 95,000km
[Worker-1] AWD 2.0
[Worker-1] Automática - Se...
[Worker-1] Gasolina
[Worker-1] Precio
[Worker-1] US$10,500
[Worker-1] Con Crédito Vehicular
[Worker-1] US$875/mes
[Worker-1] Ver detalle
[Worker-1] Vehículo de: Eduardo Yrigoyen Cook
[Worker-1] Super equipado
[Worker-1] Mazda 6 2009
[Worker-1] 160,000km
[Worker-1] 2.0 AT SPORT
[Worker-1] Automática - Se...
[Worker-1] Gasolina
[Worker-1] Precio
[Worker-1] US$8,800
[Worker-1] Ver detalle
[Worker-1] Vehículo de: Diego Salvador Goicochea Arevalo
[Worker-1] Premium
[Worker-1] Audi A4 2017
[Worker-1] 44,000km
[Worker-1] 2.0 TFSI STRONI...
[Worker-1] Automática - Se...
[Worker-1] Gasolina
[Worker-1] Precio
[Worker-1] US$21,500
[Worker-1] Con Crédito Vehicular
[Worker-1] US$1,767/mes
[Worker-1] Ver detalle
[Worker-1] Vehículo de: Elio Espinoza
[Worker-1] Auto verificado
[Worker-1] Servicio Concesionario
[Worker-1] Mercedes Benz A 200 2023
[Worker-1] 13,604km
[Worker-1] A200 SEDAN
[Worker-1] Automática - Se...
[Worker-1] Gasolina
[Worker-1] Precio
[Worker-1] US$33,900
[Worker-1] Con Crédito Vehicular
[Worker-1] US$908/mes
[Worker-1] Ver detalle
[Worker-1] Vehículo de: Martin Lazarte Laos
[Worker-1] Auto verificado
[Worker-1] Volkswagen Gol 2023
[Worker-1] 72,000km
[Worker-1] Mecánica
[Worker-1] Dual
[Worker-1] Precio
[Worker-1] US$11,500
[Worker-1] Con Crédito Vehicular
[Worker-1] US$10,500
[Worker-1] Ver detalle
[Worker-1] Vehículo de: Diego Franco Silva
[Worker-1] Seminuevos
[Worker-1] Autos
[Worker-1] Motos
[Worker-1] Camiones
[Worker-1] Usados
[Worker-1] Autos
[Worker-1] Motos
[Worker-1] Camiones
[Worker-1] Nuevos
[Worker-1] Autos
[Worker-1] Camiones
[Worker-1] Ayuda
[Worker-1] Términos y condiciones
[Worker-1] Políticas de publicación
[Worker-1] ¿Cómo protegemos tus datos?
[Worker-1] Legales
[Worker-1] Sobre NeoAuto
[Worker-1] Noticias
[Worker-1] Tips y guías
[Worker-1] Ayuda en línea
[Worker-1] © 2024 NeoAuto Inc. Todos los derechos reservados
[Worker-1] Síguenos
[Worker-1] Descripción: {"@context":"https://schema.org","@graph":[{"@type":"Organization","@id":"https://neoauto.com/#organ...
[Worker-1] Único dueño: Sí
[Worker-1] Datos guardados en: /home/richgutz/Scraper-Neoauto-ANTIGRAVITY/extractores/results_txt/semanal_result_20260126_172437_5498a6.txt
[Worker-2] Intento 1: Popup no encontrado
[Worker-8] No apareció popup de cookies
[Worker-7] Navegación rápida (sin acciones)
[Worker-7] Paso 4/4: URL Final...
[Worker-8] Intento 1: Page.click: Timeout 1000ms exceeded.
[Worker-8] Call log:
[Worker-8] - waiting for locator("button[class*='close']").locator("svg").locator("xpath=./ancestor::button")
[Worker-5] Intento 2: Popup no encontrado
[Worker-7] Scroll INICIAL para activar contenido...
[Worker-8] Intento 2: Page.click: Timeout 1000ms exceeded.
[Worker-8] Call log:
[Worker-8] - waiting for locator("button[class*='close']").locator("svg").locator("xpath=./ancestor::button")
[Worker-1] URLs restantes en urls_autos_random: 1961 | Procesadas en sesión: 10 | Próximo refresco en: 15 URLs
[Worker-1] URL obtenida y bloqueada desde urls_autos_random: https://neoauto.com/auto/usado/bmw-118i-2020-1861586
[Worker-1] Iniciando extracción para: https://neoauto.com/auto/usado/bmw-118i-2020-1861586
[Worker-1] Iniciando navegación...
[Worker-1] Marca extraída: 'bmw'
[Worker-1] Camino elegido (4 pasos).
[Worker-1] Paso 1/4: Página Principal...
[Worker-2] Intento 2: Popup no encontrado
[Worker-1] Navegación rápida (sin acciones)
[Worker-1] Paso 2/4: Categoría 'Usados'...
[Worker-5] Intento 3: Popup no encontrado
[Worker-1] Navegación rápida (sin acciones)
[Worker-1] Paso 3/4: Filtro por Marca 'BMW'...
[Worker-5] No se pudo cerrar el popup de satisfacción
[Worker-5] Popups manejados POST-scroll
[Worker-5] Scroll adicional de confirmación...
[Worker-1] Navegación rápida (sin acciones)
[Worker-1] Paso 4/4: URL Final...
[Worker-3] No apareció popup de cookies
[Worker-1] Scroll INICIAL para activar contenido...
[Worker-2] Intento 3: Popup no encontrado
[Worker-3] Intento 1: Page.click: Timeout 1000ms exceeded.
[Worker-3] Call log:
[Worker-3] - waiting for locator("button[class*='close']").locator("svg").locator("xpath=./ancestor::button")
[Worker-2] No se pudo cerrar el popup de satisfacción
[Worker-2] Popups manejados POST-scroll
[Worker-2] Scroll adicional de confirmación...
[Worker-5] Título: Toyota Hiace 1999
[Worker-5] Precio: S/ nan
[Worker-5] Kilometraje: 3.200200123451999e+261 km
[Worker-5] Ubicación: ¡Arranca tu año sobre ruedas!
[Worker-5] Súbete a tu próximo seminuevo, el auto que mereces.
[Worker-5] ¡Arranca tu año sobre ruedas!
[Worker-5] Súbete a tu próximo seminuevo, el auto que mereces.
[Worker-5] ¡Arranca tu año sobre ruedas!
[Worker-5] Súbete a tu próximo seminuevo, el auto que mereces.
[Worker-5] ¡Arranca tu año sobre ruedas!
[Worker-5] Súbete a tu próximo seminuevo, el auto que mereces.
[Worker-5] Iniciar sesión
[Worker-5] Quiero vender
[Worker-5] Comprar
[Worker-5] Quiero vender
[Worker-5] Financiamiento
[Worker-5] Alquilar
[Worker-5] Nuevo
[Worker-5] Seguros
[Worker-5] Eventos
[Worker-5] Publicidad
[Worker-5] Ver fotos
[Worker-5] Autos usados
[Worker-5] Toyota
[Worker-5] Hiace
[Worker-5] Toyota Hiace 1999
[Worker-5] San Miguel, Lima, Lima
[Worker-5] Publicado hace más de un mes
[Worker-5] 694 vistas
[Worker-5] Reportar aviso
[Worker-5] Compartir
[Worker-5] Marcar como favorito
[Worker-5] Toyota Hiace 1999
[Worker-5] Reportar aviso
[Worker-5] Compartir
[Worker-5] Marcar como favorito
[Worker-5] Año modelo
[Worker-5] 1999
[Worker-5] Kilometraje
[Worker-5] 100,000 km
[Worker-5] Transmisión
[Worker-5] Mecánica
[Worker-5] Descripción
[Worker-5] COMBI TOYOTA PANEL TECHO ALTO, DIESEL, PARA TRANSPORTAR MERCADERIA. FALTA REPARAR MOTOR. EFICIENTE RENDIDOR, TODO TERRENO, USO PERSONAL DE NEGOCIO PROPIO. SE VENDE POR OCASION POR MOTIVOS DE SALUD, NEGOCIABLE, CONTACTO [****]
[Worker-5] Te recomendamos:
[Worker-5] ¿Te toca renovar tu SOAT?
[Worker-5] Verifica el estado de tu SOAT aquí y evita multas.
[Worker-5] Consultar SOAT
[Worker-5] Alquila autos con Kinto Share
[Worker-5] Que nada frene tus aventuras. Seguro,flexible y con garantia.
[Worker-5] Ver más
[Worker-5] Blog & Noticias
[Worker-5] Entérate de las últimas novedades del sector automotriz.
[Worker-5] Ver más
[Worker-5] Especificaciones técnicas
[Worker-5] Características
[Worker-5] Marca
[Worker-5] Toyota
[Worker-5] Modelo
[Worker-5] HIACE
[Worker-5] Versión
[Worker-5] 3L
[Worker-5] Año de fabricación
[Worker-5] 1998
[Worker-5] Categoría
[Worker-5] Vans
[Worker-5] Combustible
[Worker-5] Diesel
[Worker-5] Número de puertas
[Worker-5] 5
[Worker-5] Tracción
[Worker-5] 4x2
[Worker-5] Color
[Worker-5] Blanco
[Worker-5] Número cilindros
[Worker-5] 4
[Worker-5] Cilindrada
[Worker-5] 2,700 cc
[Worker-5] Equipamiento
[Worker-5] Computadora de abordo
[Worker-5] Precios y costos
[Worker-5] Aún no tenemos suficiente información para determinar un rango de precio para este vehículo.
[Worker-5] Excelente
[Worker-5] Competitivo
[Worker-5] Premium
[Worker-5] (*) Precio referencial
[Worker-5] ¿Cómo se calcula este rango?
[Worker-5] ¿Te toca renovar tu SOAT?
[Worker-5] Verifica el estado de tu SOAT aquí y evita multas.
[Worker-5] Consultar SOAT
[Worker-5] Precio
[Worker-5] US$5,000
[Worker-5] Contáctate con el anunciante
[Worker-5] Rossi Matamoros Quispe
[Worker-5] 995 914...
[Worker-5] Más información
[Worker-5] Beneficios adicionales para ti:
[Worker-5] Solicita tu Préstamo Personal hasta de S/45,000
[Worker-5] Me interesa
[Worker-5] Seminuevos
[Worker-5] Autos
[Worker-5] Motos
[Worker-5] Camiones
[Worker-5] Usados
[Worker-5] Autos
[Worker-5] Motos
[Worker-5] Camiones
[Worker-5] Nuevos
[Worker-5] Autos
[Worker-5] Camiones
[Worker-5] Ayuda
[Worker-5] Términos y condiciones
[Worker-5] Políticas de publicación
[Worker-5] ¿Cómo protegemos tus datos?
[Worker-5] Legales
[Worker-5] Sobre NeoAuto
[Worker-5] Noticias
[Worker-5] Tips y guías
[Worker-5] Ayuda en línea
[Worker-5] © 2024 NeoAuto Inc. Todos los derechos reservados
[Worker-5] Síguenos
[Worker-5] Descripción: {"@context":"https://schema.org","@graph":[{"@type":"Organization","@id":"https://neoauto.com/#organ...
[Worker-5] Único dueño: No
[Worker-5] Datos guardados en: /home/richgutz/Scraper-Neoauto-ANTIGRAVITY/extractores/results_txt/semanal_result_20260126_172448_7979a4.txt
[Worker-6] No apareció popup de cookies
[Worker-3] Intento 2: Page.click: Timeout 1000ms exceeded.
[Worker-3] Call log:
[Worker-3] - waiting for locator("button[class*='close']").locator("svg").locator("xpath=./ancestor::button")
[Worker-6] Intento 1: Page.click: Timeout 1000ms exceeded.
[Worker-6] Call log:
[Worker-6] - waiting for locator("button[class*='close']").locator("svg").locator("xpath=./ancestor::button")
[Worker-2] Título: Nissan Sentra 2021
[Worker-6] Intento 2: Page.click: Timeout 1000ms exceeded.
[Worker-6] Call log:
[Worker-6] - waiting for locator("button[class*='close']").locator("svg").locator("xpath=./ancestor::button")
[Worker-2] Precio: S/ nan
[Worker-2] Kilometraje: 3.200200123452021e+296 km
[Worker-2] Ubicación: ¡Arranca tu año sobre ruedas!
[Worker-2] Súbete a tu próximo seminuevo, el auto que mereces.
[Worker-2] ¡Arranca tu año sobre ruedas!
[Worker-2] Súbete a tu próximo seminuevo, el auto que mereces.
[Worker-2] ¡Arranca tu año sobre ruedas!
[Worker-2] Súbete a tu próximo seminuevo, el auto que mereces.
[Worker-2] ¡Arranca tu año sobre ruedas!
[Worker-2] Súbete a tu próximo seminuevo, el auto que mereces.
[Worker-2] Iniciar sesión
[Worker-2] Quiero vender
[Worker-2] Comprar
[Worker-2] Quiero vender
[Worker-2] Financiamiento
[Worker-2] Alquilar
[Worker-2] Nuevo
[Worker-2] Seguros
[Worker-2] Eventos
[Worker-2] Publicidad
[Worker-2] Ver fotos
[Worker-2] Autos usados
[Worker-2] Nissan
[Worker-2] Sentra
[Worker-2] Nissan Sentra 2021
[Worker-2] San Miguel, Lima, Lima
[Worker-2] Publicado hace más de un mes
[Worker-2] 816 vistas
[Worker-2] Reportar aviso
[Worker-2] Compartir
[Worker-2] Marcar como favorito
[Worker-2] Nissan Sentra 2021
[Worker-2] Reportar aviso
[Worker-2] Compartir
[Worker-2] Marcar como favorito
[Worker-2] Año modelo
[Worker-2] 2021
[Worker-2] Kilometraje
[Worker-2] 35,850 km
[Worker-2] Transmisión
[Worker-2] Automática
[Worker-2] Descripción
[Worker-2] Auto Nissan Versa Drive en excelente estado único dueño, automático a gasolina
[Worker-2] Te recomendamos:
[Worker-2] ¿Te toca renovar tu SOAT?
[Worker-2] Verifica el estado de tu SOAT aquí y evita multas.
[Worker-2] Consultar SOAT
[Worker-2] Alquila autos con Kinto Share
[Worker-2] Que nada frene tus aventuras. Seguro,flexible y con garantia.
[Worker-2] Ver más
[Worker-2] Blog & Noticias
[Worker-2] Entérate de las últimas novedades del sector automotriz.
[Worker-2] Ver más
[Worker-2] Especificaciones técnicas
[Worker-2] Características
[Worker-2] Marca
[Worker-2] Nissan
[Worker-2] Modelo
[Worker-2] SENTRA
[Worker-2] Año de fabricación
[Worker-2] 2021
[Worker-2] Categoría
[Worker-2] Sedán
[Worker-2] Combustible
[Worker-2] Gasolina
[Worker-2] Número de puertas
[Worker-2] 5
[Worker-2] Color
[Worker-2] Negro
[Worker-2] Cilindrada
[Worker-2] 1,600 cc
[Worker-2] Seguridad
[Worker-2] Láminas de Seguridad
[Worker-2] Precios y costos
[Worker-2] Este aviso
[Worker-2] US$12,900
[Worker-2] Precio de mercado
[Worker-2] US$13,800*
[Worker-2] Excelente
[Worker-2] Competitivo
[Worker-2] Premium
[Worker-2] (*) Precio referencial
[Worker-2] ¿Cómo se calcula este rango?
[Worker-2] ¿Te toca renovar tu SOAT?
[Worker-2] Verifica el estado de tu SOAT aquí y evita multas.
[Worker-2] Consultar SOAT
[Worker-2] Precio
[Worker-2] US$12,900
[Worker-2] Dscto. por adquirir el Crédito Vehicular
[Worker-2] -US$1,000*
[Worker-2] *Aplica si financias tu auto con Santander Consumer
[Worker-2] Contáctate con el anunciante
[Worker-2] Ytala De Souza
[Worker-2] 917 363...
[Worker-2] Más información
[Worker-2] Beneficios adicionales para ti:
[Worker-2] La mejor opción
[Worker-2] Financia tu auto con Santander Consumer
[Worker-2] Paga desde:
[Worker-2] US$11,900 o
[Worker-2] US$352/mes*
[Worker-2] Simular crédito
[Worker-2] (*) Cuota mensual referencial. Calculada a 60 meses, 20% de inicial y TEA de 20.99%. No incluye seguro vehicular.
[Worker-2] Solicita tu Préstamo Personal hasta de S/45,000
[Worker-2] Me interesa
[Worker-2] Seminuevos
[Worker-2] Autos
[Worker-2] Motos
[Worker-2] Camiones
[Worker-2] Usados
[Worker-2] Autos
[Worker-2] Motos
[Worker-2] Camiones
[Worker-2] Nuevos
[Worker-2] Autos
[Worker-2] Camiones
[Worker-2] Ayuda
[Worker-2] Términos y condiciones
[Worker-2] Políticas de publicación
[Worker-2] ¿Cómo protegemos tus datos?
[Worker-2] Legales
[Worker-2] Sobre NeoAuto
[Worker-2] Noticias
[Worker-2] Tips y guías
[Worker-2] Ayuda en línea
[Worker-2] © 2024 NeoAuto Inc. Todos los derechos reservados
[Worker-2] Síguenos
[Worker-5] URLs restantes en urls_autos_random: 1959 | Procesadas en sesión: 10 | Próximo refresco en: 15 URLs
[Worker-2] Descripción: {"@context":"https://schema.org","@graph":[{"@type":"Organization","@id":"https://neoauto.com/#organ...
[Worker-2] Único dueño: No
[Worker-2] Datos guardados en: /home/richgutz/Scraper-Neoauto-ANTIGRAVITY/extractores/results_txt/semanal_result_20260126_172452_24128e.txt
[Worker-7] No apareció popup de cookies
[Worker-5] URL obtenida y bloqueada desde urls_autos_random: https://neoauto.com/auto/usado/ford-explorer-2021-1862187
[Worker-5] Iniciando extracción para: https://neoauto.com/auto/usado/ford-explorer-2021-1862187
[Worker-5] Iniciando navegación...
[Worker-5] Marca extraída: 'ford'
[Worker-5] Camino elegido (4 pasos).
[Worker-5] Paso 1/4: Página Principal...
[Worker-7] Intento 1: Page.click: Timeout 1000ms exceeded.
[Worker-7] Call log:
[Worker-7] - waiting for locator("button[class*='close']").locator("svg").locator("xpath=./ancestor::button")
[Worker-4] Intento 1: Popup no encontrado
[Worker-5] Navegación rápida (sin acciones)
[Worker-5] Paso 2/4: Categoría 'Usados'...
[Worker-2] URLs restantes en urls_autos_random: 1958 | Procesadas en sesión: 10 | Próximo refresco en: 15 URLs
[Worker-7] Intento 2: Page.click: Timeout 1000ms exceeded.
[Worker-7] Call log:
[Worker-7] - waiting for locator("button[class*='close']").locator("svg").locator("xpath=./ancestor::button")
[Worker-2] URL obtenida y bloqueada desde urls_autos_random: https://neoauto.com/auto/usado/toyota-yaris-2023-1861063
[Worker-2] Iniciando extracción para: https://neoauto.com/auto/usado/toyota-yaris-2023-1861063
[Worker-2] Iniciando navegación...
[Worker-2] Marca extraída: 'toyota'
[Worker-2] Camino elegido (4 pasos).
[Worker-2] Paso 1/4: Página Principal...
[Worker-5] Navegación rápida (sin acciones)
[Worker-5] Paso 3/4: Filtro por Marca 'FORD'...
[Worker-2] Navegación rápida (sin acciones)
[Worker-2] Paso 2/4: Categoría 'Usados'...
[Worker-5] Navegación rápida (sin acciones)
[Worker-5] Paso 4/4: URL Final...
[Worker-8] Intento 1: Popup no encontrado
[Worker-5] Scroll INICIAL para activar contenido...
[Worker-2] Navegación rápida (sin acciones)
[Worker-2] Paso 3/4: Filtro por Marca 'TOYOTA'...
[Worker-4] Intento 2: Popup no encontrado
[Worker-1] No apareció popup de cookies
[Worker-1] Intento 1: Page.click: Timeout 1000ms exceeded.
[Worker-1] Call log:
[Worker-1] - waiting for locator("button[class*='close']").locator("svg").locator("xpath=./ancestor::button")
[Worker-8] Intento 2: Popup no encontrado
[Worker-2] Navegación rápida (sin acciones)
[Worker-2] Paso 4/4: URL Final...
[Worker-1] Intento 2: Page.click: Timeout 1000ms exceeded.
[Worker-1] Call log:
[Worker-1] - waiting for locator("button[class*='close']").locator("svg").locator("xpath=./ancestor::button")
[Worker-2] Scroll INICIAL para activar contenido...
[Worker-4] Intento 3: Popup no encontrado
[Worker-4] No se pudo cerrar el popup de satisfacción
[Worker-4] Popups manejados POST-scroll
[Worker-4] Scroll adicional de confirmación...
[Worker-3] Intento 1: Popup no encontrado
[Worker-8] Intento 3: Popup no encontrado
[Worker-4] Título: Honda Civic Lx 2017
[Worker-4] Precio: S/ nan
[Worker-8] No se pudo cerrar el popup de satisfacción
[Worker-8] Popups manejados POST-scroll
[Worker-8] Scroll adicional de confirmación...
[Worker-4] Kilometraje: inf km
[Worker-4] Ubicación: ¡Arranca tu año sobre ruedas!
[Worker-4] Súbete a tu próximo seminuevo, el auto que mereces.
[Worker-4] ¡Arranca tu año sobre ruedas!
[Worker-4] Súbete a tu próximo seminuevo, el auto que mereces.
[Worker-4] ¡Arranca tu año sobre ruedas!
[Worker-4] Súbete a tu próximo seminuevo, el auto que mereces.
[Worker-4] ¡Arranca tu año sobre ruedas!
[Worker-4] Súbete a tu próximo seminuevo, el auto que mereces.
[Worker-4] Iniciar sesión
[Worker-4] Quiero vender
[Worker-4] Comprar
[Worker-4] Quiero vender
[Worker-4] Financiamiento
[Worker-4] Alquilar
[Worker-4] Nuevo
[Worker-4] Seguros
[Worker-4] Eventos
[Worker-4] Publicidad
[Worker-4] Ver fotos
[Worker-4] Autos usados
[Worker-4] Honda
[Worker-4] Civic Lx
[Worker-4] Honda Civic Lx 2017
[Worker-4] Santiago de Surco, Lima, Lima
[Worker-4] Publicado hace más de un mes
[Worker-4] 985 vistas
[Worker-4] Reportar aviso
[Worker-4] Compartir
[Worker-4] Marcar como favorito
[Worker-4] Honda Civic Lx 2017
[Worker-4] Reportar aviso
[Worker-4] Compartir
[Worker-4] Marcar como favorito
[Worker-4] Año modelo
[Worker-4] 2017
[Worker-4] Kilometraje
[Worker-4] 60,000 km
[Worker-4] Transmisión
[Worker-4] Automática - Secuencial
[Worker-4] Descripción
[Worker-4] Vendo mi Honda civic
[Worker-4] Año fabricación 2016 modelo 2017
[Worker-4] Motor 1.5 Turbo
[Worker-4] Transmisión Automática
[Worker-4] Sunroof Eléctrico
[Worker-4] Gasolinero
[Worker-4] Pintura impecable cero choques
[Worker-4] 60 mil km reales
[Worker-4] Aros de aleación 17
[Worker-4] Aire acondicionado 100%
[Worker-4] Función de encendido st...
[Worker-4] Seguir leyendo
[Worker-4] Te recomendamos:
[Worker-4] ¿Te toca renovar tu SOAT?
[Worker-4] Verifica el estado de tu SOAT aquí y evita multas.
[Worker-4] Consultar SOAT
[Worker-4] Alquila autos con Kinto Share
[Worker-4] Que nada frene tus aventuras. Seguro,flexible y con garantia.
[Worker-4] Ver más
[Worker-4] Blog & Noticias
[Worker-4] Entérate de las últimas novedades del sector automotriz.
[Worker-4] Ver más
[Worker-4] Especificaciones técnicas
[Worker-4] Características
[Worker-4] Marca
[Worker-4] Honda
[Worker-4] Modelo
[Worker-4] CIVIC LX
[Worker-4] Versión
[Worker-4] LX
[Worker-4] Año de fabricación
[Worker-4] 2016
[Worker-4] Categoría
[Worker-4] Sedán
[Worker-4] Combustible
[Worker-4] Gasolina
[Worker-4] Número de puertas
[Worker-4] 4
[Worker-4] Tracción
[Worker-4] Delantera
[Worker-4] Color
[Worker-4] Negro
[Worker-4] Número cilindros
[Worker-4] 4
[Worker-4] Cilindrada
[Worker-4] 1,500 cc
[Worker-4] Equipamiento
[Worker-4] Retrovisores Eléctricos
[Worker-4] Neblineros
[Worker-4] Aire Acondicionado
[Worker-4] Full Equipo
[Worker-4] Computadora de abordo
[Worker-4] Parlantes/Bajos
[Worker-4] Exterior
[Worker-4] Aros de Aleación
[Worker-4] Seguridad
[Worker-4] Airbag
[Worker-4] Láminas de Seguridad
[Worker-4] Faros antiniebla delantero
[Worker-4] Extras
[Worker-4] Sunroof
[Worker-4] Asientos de cuero
[Worker-4] Precios y costos
[Worker-4] Aún no tenemos suficiente información para determinar un rango de precio para este vehículo.
[Worker-4] Excelente
[Worker-4] Competitivo
[Worker-4] Premium
[Worker-4] (*) Precio referencial
[Worker-4] ¿Cómo se calcula este rango?
[Worker-4] ¿Te toca renovar tu SOAT?
[Worker-4] Verifica el estado de tu SOAT aquí y evita multas.
[Worker-4] Consultar SOAT
[Worker-4] Precio
[Worker-4] US$17,500
[Worker-4] Dscto. por adquirir el Crédito Vehicular
[Worker-4] -US$1,000*
[Worker-4] *Aplica si financias tu auto con Santander Consumer
[Worker-4] Contáctate con el anunciante
[Worker-4] Arturo Arias
[Worker-4] 946 580...
[Worker-4] Más información
[Worker-4] Beneficios adicionales para ti:
[Worker-4] La mejor opción
[Worker-4] Financia tu auto con Santander Consumer
[Worker-4] Paga desde:
[Worker-4] US$16,500 o
[Worker-4] US$832/mes*
[Worker-4] Simular crédito
[Worker-4] (*) Cuota mensual referencial. Calculada a 24 meses, 20% de inicial y TEA de 20.99%. No incluye seguro vehicular.
[Worker-4] Solicita tu Préstamo Personal hasta de S/45,000
[Worker-4] Me interesa
[Worker-4] Seminuevos
[Worker-4] Autos
[Worker-4] Motos
[Worker-4] Camiones
[Worker-4] Usados
[Worker-4] Autos
[Worker-4] Motos
[Worker-4] Camiones
[Worker-4] Nuevos
[Worker-4] Autos
[Worker-4] Camiones
[Worker-4] Ayuda
[Worker-4] Términos y condiciones
[Worker-4] Políticas de publicación
[Worker-4] ¿Cómo protegemos tus datos?
[Worker-4] Legales
[Worker-4] Sobre NeoAuto
[Worker-4] Noticias
[Worker-4] Tips y guías
[Worker-4] Ayuda en línea
[Worker-4] © 2024 NeoAuto Inc. Todos los derechos reservados
[Worker-4] Síguenos
[Worker-4] Descripción: {"@context":"https://schema.org","@graph":[{"@type":"Organization","@id":"https://neoauto.com/#organ...
[Worker-4] Único dueño: No
[Worker-4] Datos guardados en: /home/richgutz/Scraper-Neoauto-ANTIGRAVITY/extractores/results_txt/semanal_result_20260126_172510_655400.txt
[Worker-6] Intento 1: Popup no encontrado
[Worker-8] Título: Hyundai Venue 2023
[Worker-8] Precio: S/ nan
[Worker-3] Intento 2: Popup no encontrado
[Worker-8] Kilometraje: inf km
[Worker-8] Ubicación: ¡Arranca tu año sobre ruedas!
[Worker-8] Súbete a tu próximo seminuevo, el auto que mereces.
[Worker-8] ¡Arranca tu año sobre ruedas!
[Worker-8] Súbete a tu próximo seminuevo, el auto que mereces.
[Worker-8] ¡Arranca tu año sobre ruedas!
[Worker-8] Súbete a tu próximo seminuevo, el auto que mereces.
[Worker-8] ¡Arranca tu año sobre ruedas!
[Worker-8] Súbete a tu próximo seminuevo, el auto que mereces.
[Worker-8] Iniciar sesión
[Worker-8] Quiero vender
[Worker-8] Comprar
[Worker-8] Quiero vender
[Worker-8] Financiamiento
[Worker-8] Alquilar
[Worker-8] Nuevo
[Worker-8] Seguros
[Worker-8] Eventos
[Worker-8] Publicidad
[Worker-8] Ver fotos
[Worker-8] Autos usados
[Worker-8] Hyundai
[Worker-8] Venue
[Worker-8] Hyundai Venue 2023
[Worker-8] Lince, Lima, Lima
[Worker-8] Publicado hace unos días
[Worker-8] 41 vistas
[Worker-8] Reportar aviso
[Worker-8] Compartir
[Worker-8] Marcar como favorito
[Worker-8] Hyundai Venue 2023
[Worker-8] Reportar aviso
[Worker-8] Compartir
[Worker-8] Marcar como favorito
[Worker-8] Año modelo
[Worker-8] 2023
[Worker-8] Kilometraje
[Worker-8] 46,000 km
[Worker-8] Transmisión
[Worker-8] Mecánica
[Worker-8] Descripción
[Worker-8] Hyundai Venue 2023 - ¡Como Nuevo y Listo para la Ciudad!
[Worker-8] Estado: Impecable, mantenimiento al día.
[Worker-8] Kilometraje: 46 mil km.
[Worker-8] Color: Negro Perlado (elegante).
[Worker-8] Descripción: Vendo mi Hyundai Venue por renovación. Un SUV compacto, ágil y con un
[Worker-8] Seguir leyendo
[Worker-8] Te recomendamos:
[Worker-8] ¿Te toca renovar tu SOAT?
[Worker-8] Verifica el estado de tu SOAT aquí y evita multas.
[Worker-8] Consultar SOAT
[Worker-8] Alquila autos con Kinto Share
[Worker-8] Que nada frene tus aventuras. Seguro,flexible y con garantia.
[Worker-8] Ver más
[Worker-8] Blog & Noticias
[Worker-8] Entérate de las últimas novedades del sector automotriz.
[Worker-8] Ver más
[Worker-8] Especificaciones técnicas
[Worker-8] Características
[Worker-8] Marca
[Worker-8] Hyundai
[Worker-8] Modelo
[Worker-8] VENUE
[Worker-8] Versión
[Worker-8] GLS
[Worker-8] Año de fabricación
[Worker-8] 2022
[Worker-8] Categoría
[Worker-8] Camioneta
[Worker-8] Combustible
[Worker-8] Dual
[Worker-8] Número de puertas
[Worker-8] 4
[Worker-8] Tracción
[Worker-8] 4x2
[Worker-8] Color
[Worker-8] Negro
[Worker-8] Número cilindros
[Worker-8] 4
[Worker-8] Cilindrada
[Worker-8] 1,600 cc
[Worker-8] Equipamiento
[Worker-8] Retrovisores Eléctricos
[Worker-8] Neblineros
[Worker-8] Aire Acondicionado
[Worker-8] Full Equipo
[Worker-8] Parlantes/Bajos
[Worker-8] Exterior
[Worker-8] Aros
[Worker-8] Aros de Aleación
[Worker-8] Precios y costos
[Worker-8] Aún no tenemos suficiente información para determinar un rango de precio para este vehículo.
[Worker-8] Excelente
[Worker-8] Competitivo
[Worker-8] Premium
[Worker-8] (*) Precio referencial
[Worker-8] ¿Cómo se calcula este rango?
[Worker-8] ¿Te toca renovar tu SOAT?
[Worker-8] Verifica el estado de tu SOAT aquí y evita multas.
[Worker-8] Consultar SOAT
[Worker-8] Precio
[Worker-8] US$15,900
[Worker-8] Dscto. por adquirir el Crédito Vehicular
[Worker-8] -US$1,000*
[Worker-8] *Aplica si financias tu auto con Santander Consumer
[Worker-8] Contáctate con el anunciante
[Worker-8] Brandon Toledo Figueroa
[Worker-8] 935 130...
[Worker-8] Más información
[Worker-8] Beneficios adicionales para ti:
[Worker-8] La mejor opción
[Worker-8] Financia tu auto con Santander Consumer
[Worker-8] Paga desde:
[Worker-8] US$14,900 o
[Worker-8] US$431/mes*
[Worker-8] Simular crédito
[Worker-8] (*) Cuota mensual referencial. Calculada a 60 meses, 20% de inicial y TEA de 20.99%. No incluye seguro vehicular.
[Worker-8] Solicita tu Préstamo Personal hasta de S/45,000
[Worker-8] Me interesa
[Worker-8] Seminuevos
[Worker-8] Autos
[Worker-8] Motos
[Worker-8] Camiones
[Worker-8] Usados
[Worker-8] Autos
[Worker-8] Motos
[Worker-8] Camiones
[Worker-8] Nuevos
[Worker-8] Autos
[Worker-8] Camiones
[Worker-8] Ayuda
[Worker-8] Términos y condiciones
[Worker-8] Políticas de publicación
[Worker-8] ¿Cómo protegemos tus datos?
[Worker-8] Legales
[Worker-8] Sobre NeoAuto
[Worker-8] Noticias
[Worker-8] Tips y guías
[Worker-8] Ayuda en línea
[Worker-8] © 2024 NeoAuto Inc. Todos los derechos reservados
[Worker-8] Síguenos
[Worker-8] Descripción: {"@context":"https://schema.org","@graph":[{"@type":"Organization","@id":"https://neoauto.com/#organ...
[Worker-8] Único dueño: No
[Worker-8] Datos guardados en: /home/richgutz/Scraper-Neoauto-ANTIGRAVITY/extractores/results_txt/semanal_result_20260126_172514_d4277e.txt
[Worker-4] URLs restantes en urls_autos_random: 1957 | Procesadas en sesión: 10 | Próximo refresco en: 15 URLs
[Worker-5] No apareció popup de cookies
[Worker-5] Intento 1: Page.click: Timeout 1000ms exceeded.
[Worker-5] Call log:
[Worker-5] - waiting for locator("button[class*='close']").locator("svg").locator("xpath=./ancestor::button")
[Worker-4] URL obtenida y bloqueada desde urls_autos_random: https://neoauto.com/auto/usado/audi-a4-2015-1862547
[Worker-4] Iniciando extracción para: https://neoauto.com/auto/usado/audi-a4-2015-1862547
[Worker-4] Iniciando navegación...
[Worker-4] Marca extraída: 'audi'
[Worker-4] Camino elegido (4 pasos).
[Worker-4] Paso 1/4: Página Principal...
[Worker-7] Intento 1: Popup no encontrado
[Worker-6] Intento 2: Popup no encontrado
[Worker-5] Intento 2: Page.click: Timeout 1000ms exceeded.
[Worker-5] Call log:
[Worker-5] - waiting for locator("button[class*='close']").locator("svg").locator("xpath=./ancestor::button")
[Worker-8] URLs restantes en urls_autos_random: 1955 | Procesadas en sesión: 10 | Próximo refresco en: 15 URLs
[Worker-4] Navegación rápida (sin acciones)
[Worker-4] Paso 2/4: Categoría 'Usados'...
[Worker-3] Intento 3: Popup no encontrado
[Worker-8] URL obtenida y bloqueada desde urls_autos_random: https://neoauto.com/auto/usado/mercedes-benz-glk-250-2015-1854217
[Worker-8] Iniciando extracción para: https://neoauto.com/auto/usado/mercedes-benz-glk-250-2015-1854217
[Worker-8] Iniciando navegación...
[Worker-8] Marca extraída: 'mercedes'
[Worker-8] Camino elegido (4 pasos).
[Worker-8] Paso 1/4: Página Principal...
[Worker-3] No se pudo cerrar el popup de satisfacción
[Worker-3] Popups manejados POST-scroll
[Worker-3] Scroll adicional de confirmación...
[Worker-8] Navegación rápida (sin acciones)
[Worker-8] Paso 2/4: Categoría 'Usados'...
[Worker-2] No apareció popup de cookies
[Worker-4] Navegación rápida (sin acciones)
[Worker-4] Paso 3/4: Filtro por Marca 'AUDI'...
[Worker-7] Intento 2: Popup no encontrado
[Worker-6] Intento 3: Popup no encontrado
[Worker-8] Navegación rápida (sin acciones)
[Worker-8] Paso 3/4: Filtro por Marca 'MERCEDES'...
[Worker-2] Intento 1: Page.click: Timeout 1000ms exceeded.
[Worker-2] Call log:
[Worker-2] - waiting for locator("button[class*='close']").locator("svg").locator("xpath=./ancestor::button")
[Worker-6] No se pudo cerrar el popup de satisfacción
[Worker-6] Popups manejados POST-scroll
[Worker-6] Scroll adicional de confirmación...
[Worker-4] Navegación rápida (sin acciones)
[Worker-4] Paso 4/4: URL Final...
[Worker-3] Título: Volkswagen Amarok 2016
[Worker-3] Precio: S/ nan
[Worker-3] Kilometraje: inf km
[Worker-3] Ubicación: ¡Arranca tu año sobre ruedas!
[Worker-3] Súbete a tu próximo seminuevo, el auto que mereces.
[Worker-3] ¡Arranca tu año sobre ruedas!
[Worker-3] Súbete a tu próximo seminuevo, el auto que mereces.
[Worker-3] ¡Arranca tu año sobre ruedas!
[Worker-3] Súbete a tu próximo seminuevo, el auto que mereces.
[Worker-3] ¡Arranca tu año sobre ruedas!
[Worker-3] Súbete a tu próximo seminuevo, el auto que mereces.
[Worker-3] Iniciar sesión
[Worker-3] Quiero vender
[Worker-3] Comprar
[Worker-3] Quiero vender
[Worker-3] Financiamiento
[Worker-3] Alquilar
[Worker-3] Nuevo
[Worker-3] Seguros
[Worker-3] Eventos
[Worker-3] Publicidad
[Worker-3] Ver video
[Worker-3] Ver fotos
[Worker-3] Autos usados
[Worker-3] Volkswagen
[Worker-3] Amarok
[Worker-3] Volkswagen Amarok 2016
[Worker-3] La Victoria, Lima, Lima
[Worker-3] Publicado hace más de un mes
[Worker-3] 1,241 vistas
[Worker-3] Reportar aviso
[Worker-3] Compartir
[Worker-3] Marcar como favorito
[Worker-3] Volkswagen Amarok 2016
[Worker-3] Reportar aviso
[Worker-3] Compartir
[Worker-3] Marcar como favorito
[Worker-3] Año modelo
[Worker-3] 2016
[Worker-3] Kilometraje
[Worker-3] 146,757 km
[Worker-3] Transmisión
[Worker-3] Automática - Secuencial
[Worker-3] Descripción
[Worker-3] Oportunidad vendo por viaje , directo propietario , automatica TDI 4 motion, tapiceria en cuero , uso familiar, protector de tolva metalico retractil , en excelentes condiciones de uso, precio no negociable.
[Worker-3] Te recomendamos:
[Worker-3] ¿Te toca renovar tu SOAT?
[Worker-3] Verifica el estado de tu SOAT aquí y evita multas.
[Worker-3] Consultar SOAT
[Worker-3] Alquila autos con Kinto Share
[Worker-3] Que nada frene tus aventuras. Seguro,flexible y con garantia.
[Worker-3] Ver más
[Worker-3] Blog & Noticias
[Worker-3] Entérate de las últimas novedades del sector automotriz.
[Worker-3] Ver más
[Worker-3] Especificaciones técnicas
[Worker-3] Características
[Worker-3] Marca
[Worker-3] Volkswagen
[Worker-3] Modelo
[Worker-3] AMAROK
[Worker-3] Año de fabricación
[Worker-3] 2015
[Worker-3] Categoría
[Worker-3] Pick Up
[Worker-3] Combustible
[Worker-3] Diesel
[Worker-3] Número de puertas
[Worker-3] 4
[Worker-3] Tracción
[Worker-3] 4x4
[Worker-3] Color
[Worker-3] Plata
[Worker-3] Número cilindros
[Worker-3] 4
[Worker-3] Cilindrada
[Worker-3] 1,968 cc
[Worker-3] Equipamiento
[Worker-3] Neblineros
[Worker-3] Aire Acondicionado
[Worker-3] Full Equipo
[Worker-3] Computadora de abordo
[Worker-3] Parlantes/Bajos
[Worker-3] Radio MP3
[Worker-3] Retrovisores Eléctricos
[Worker-3] Exterior
[Worker-3] Parrilla
[Worker-3] Luces Halógenas
[Worker-3] Aros de Aleación
[Worker-3] Seguridad
[Worker-3] Airbag
[Worker-3] Láminas de Seguridad
[Worker-3] Faros antiniebla delantero
[Worker-3] Repartidor electrónico de frenado
[Worker-3] Frenos ABS
[Worker-3] Extras
[Worker-3] Asientos de cuero
[Worker-3] Climatizador
[Worker-3] Precios y costos
[Worker-3] Aún no tenemos suficiente información para determinar un rango de precio para este vehículo.
[Worker-3] Excelente
[Worker-3] Competitivo
[Worker-3] Premium
[Worker-3] (*) Precio referencial
[Worker-3] ¿Cómo se calcula este rango?
[Worker-3] ¿Te toca renovar tu SOAT?
[Worker-3] Verifica el estado de tu SOAT aquí y evita multas.
[Worker-3] Consultar SOAT
[Worker-3] Precio
[Worker-3] US$22,500
[Worker-3] Contáctate con el anunciante
[Worker-3] Juan Carlos Mancera Lopez
[Worker-3] 971 089...
[Worker-3] Más información
[Worker-3] Beneficios adicionales para ti:
[Worker-3] Solicita tu Préstamo Personal hasta de S/45,000
[Worker-3] Me interesa
[Worker-3] Seminuevos
[Worker-3] Autos
[Worker-3] Motos
[Worker-3] Camiones
[Worker-3] Usados
[Worker-3] Autos
[Worker-3] Motos
[Worker-3] Camiones
[Worker-3] Nuevos
[Worker-3] Autos
[Worker-3] Camiones
[Worker-3] Ayuda
[Worker-3] Términos y condiciones
[Worker-3] Políticas de publicación
[Worker-3] ¿Cómo protegemos tus datos?
[Worker-3] Legales
[Worker-3] Sobre NeoAuto
[Worker-3] Noticias
[Worker-3] Tips y guías
[Worker-3] Ayuda en línea
[Worker-3] © 2024 NeoAuto Inc. Todos los derechos reservados
[Worker-3] Síguenos
[Worker-3] Descripción: {"@context":"https://schema.org","@graph":[{"@type":"Organization","@id":"https://neoauto.com/#organ...
[Worker-3] Único dueño: Sí
[Worker-3] Datos guardados en: /home/richgutz/Scraper-Neoauto-ANTIGRAVITY/extractores/results_txt/semanal_result_20260126_172523_37f211.txt
[Worker-2] Intento 2: Page.click: Timeout 1000ms exceeded.
[Worker-2] Call log:
[Worker-2] - waiting for locator("button[class*='close']").locator("svg").locator("xpath=./ancestor::button")
[Worker-4] Scroll INICIAL para activar contenido...
[Worker-8] Navegación rápida (sin acciones)
[Worker-8] Paso 4/4: URL Final...
[Worker-1] Intento 1: Popup no encontrado
[Worker-6] Título: Honda Wr-v 2019
[Worker-6] Precio: S/ nan
[Worker-6] Kilometraje: inf km
[Worker-6] Ubicación: ¡Arranca tu año sobre ruedas!
[Worker-6] Súbete a tu próximo seminuevo, el auto que mereces.
[Worker-6] ¡Arranca tu año sobre ruedas!
[Worker-6] Súbete a tu próximo seminuevo, el auto que mereces.
[Worker-6] ¡Arranca tu año sobre ruedas!
[Worker-6] Súbete a tu próximo seminuevo, el auto que mereces.
[Worker-6] ¡Arranca tu año sobre ruedas!
[Worker-6] Súbete a tu próximo seminuevo, el auto que mereces.
[Worker-6] Iniciar sesión
[Worker-6] Quiero vender
[Worker-6] Comprar
[Worker-6] Quiero vender
[Worker-6] Financiamiento
[Worker-6] Alquilar
[Worker-6] Nuevo
[Worker-6] Seguros
[Worker-6] Eventos
[Worker-6] Publicidad
[Worker-6] Ver fotos
[Worker-6] Autos usados
[Worker-6] Honda
[Worker-6] Wr-v
[Worker-6] Honda Wr-v 2019
[Worker-6] San Isidro, Lima, Lima
[Worker-6] Publicado hace más de una semana
[Worker-6] 402 vistas
[Worker-6] Reportar aviso
[Worker-6] Compartir
[Worker-6] Marcar como favorito
[Worker-6] Honda Wr-v 2019
[Worker-6] Reportar aviso
[Worker-6] Compartir
[Worker-6] Marcar como favorito
[Worker-6] Descripción
[Worker-6] Te recomendamos:
[Worker-6] ¿Te toca renovar tu SOAT?
[Worker-6] Verifica el estado de tu SOAT aquí y evita multas.
[Worker-6] Consultar SOAT
[Worker-6] Alquila autos con Kinto Share
[Worker-6] Que nada frene tus aventuras. Seguro,flexible y con garantia.
[Worker-6] Ver más
[Worker-6] Blog & Noticias
[Worker-6] Entérate de las últimas novedades del sector automotriz.
[Worker-6] Ver más
[Worker-6] Especificaciones técnicas
[Worker-6] Características
[Worker-6] Marca
[Worker-6] Honda
[Worker-6] Modelo
[Worker-6] WR-V
[Worker-6] Versión
[Worker-6] EX CVT
[Worker-6] Versión
[Worker-6] EX CVT
[Worker-6] Año de fabricación
[Worker-6] 2018
[Worker-6] Categoría
[Worker-6] Camioneta
[Worker-6] Combustible
[Worker-6] Gasolina
[Worker-6] Número de puertas
[Worker-6] 5
[Worker-6] Color
[Worker-6] Blanco
[Worker-6] Precios y costos
[Worker-6] Este aviso
[Worker-6] US$12,900
[Worker-6] Precio de mercado
[Worker-6] US$12,500*
[Worker-6] Excelente
[Worker-6] Competitivo
[Worker-6] Premium
[Worker-6] (*) Precio referencial
[Worker-6] ¿Cómo se calcula este rango?
[Worker-6] ¿Te toca renovar tu SOAT?
[Worker-6] Verifica el estado de tu SOAT aquí y evita multas.
[Worker-6] Consultar SOAT
[Worker-6] Sobre el anunciante
[Worker-6] Lima, Lima
[Worker-6] Precio
[Worker-6] US$12,900
[Worker-6] Contáctate con el anunciante
[Worker-6] Fernando Espinosa
[Worker-6] 993 801...
[Worker-6] Más información
[Worker-6] Beneficios adicionales para ti:
[Worker-6] La mejor opción
[Worker-6] Financia tu auto con Santander Consumer
[Worker-6] Paga desde:
[Worker-6] US$468/mes*
[Worker-6] Simular crédito
[Worker-6] (*) Cuota mensual referencial. Calculada a 36 meses, 20% de inicial y TEA de 20.99%. No incluye seguro vehicular.
[Worker-6] Solicita tu Préstamo Personal hasta de S/45,000
[Worker-6] Me interesa
[Worker-6] Más de esta tienda
[Worker-6] Honda Hr-V 2016
[Worker-6] 49,000km
[Worker-6] Automática
[Worker-6] Gasolina
[Worker-6] Precio
[Worker-6] US$15,300
[Worker-6] Con Crédito Vehicular
[Worker-6] US$1,264/mes
[Worker-6] Ver detalle
[Worker-6] Vehículo de:
[Worker-6] Seminuevos
[Worker-6] Autos
[Worker-6] Motos
[Worker-6] Camiones
[Worker-6] Usados
[Worker-6] Autos
[Worker-6] Motos
[Worker-6] Camiones
[Worker-6] Nuevos
[Worker-6] Autos
[Worker-6] Camiones
[Worker-6] Ayuda
[Worker-6] Términos y condiciones
[Worker-6] Políticas de publicación
[Worker-6] ¿Cómo protegemos tus datos?
[Worker-6] Legales
[Worker-6] Sobre NeoAuto
[Worker-6] Noticias
[Worker-6] Tips y guías
[Worker-6] Ayuda en línea
[Worker-6] © 2024 NeoAuto Inc. Todos los derechos reservados
[Worker-6] Síguenos
[Worker-6] Descripción: {"@context":"https://schema.org","@graph":[{"@type":"Organization","@id":"https://neoauto.com/#organ...
[Worker-6] Único dueño: No
[Worker-6] Datos guardados en: /home/richgutz/Scraper-Neoauto-ANTIGRAVITY/extractores/results_txt/semanal_result_20260126_172525_b33252.txt
[Worker-8] Scroll INICIAL para activar contenido...
[Worker-7] Intento 3: Popup no encontrado
[Worker-7] No se pudo cerrar el popup de satisfacción
[Worker-7] Popups manejados POST-scroll
[Worker-7] Scroll adicional de confirmación...
[Worker-3] URLs restantes en urls_autos_random: 1954 | Procesadas en sesión: 10 | Próximo refresco en: 15 URLs
[Worker-1] Intento 2: Popup no encontrado
[Worker-3] URL obtenida y bloqueada desde urls_autos_random: https://neoauto.com/auto/usado/mazda-cx-3-2022-1863418
[Worker-3] Iniciando extracción para: https://neoauto.com/auto/usado/mazda-cx-3-2022-1863418
[Worker-3] Iniciando navegación...
[Worker-3] Marca extraída: 'mazda'
[Worker-3] Camino elegido (4 pasos).
[Worker-3] Paso 1/4: Página Principal...
[Worker-7] Título: Audi Q5 2018
[Worker-7] Precio: S/ nan
[Worker-7] Kilometraje: inf km
[Worker-7] Ubicación: ¡Arranca tu año sobre ruedas!
[Worker-7] Súbete a tu próximo seminuevo, el auto que mereces.
[Worker-7] ¡Arranca tu año sobre ruedas!
[Worker-7] Súbete a tu próximo seminuevo, el auto que mereces.
[Worker-7] ¡Arranca tu año sobre ruedas!
[Worker-7] Súbete a tu próximo seminuevo, el auto que mereces.
[Worker-7] ¡Arranca tu año sobre ruedas!
[Worker-7] Súbete a tu próximo seminuevo, el auto que mereces.
[Worker-7] Iniciar sesión
[Worker-7] Quiero vender
[Worker-7] Comprar
[Worker-7] Quiero vender
[Worker-7] Financiamiento
[Worker-7] Alquilar
[Worker-7] Nuevo
[Worker-7] Seguros
[Worker-7] Eventos
[Worker-7] Publicidad
[Worker-7] Ver video
[Worker-7] Ver fotos
[Worker-7] Autos usados
[Worker-7] Audi
[Worker-7] Q5
[Worker-7] Audi Q5 2018
[Worker-7] San Borja, Lima, Lima
[Worker-7] Publicado hace más de un mes
[Worker-7] 452 vistas
[Worker-7] Reportar aviso
[Worker-7] Compartir
[Worker-7] Marcar como favorito
[Worker-7] Audi Q5 2018
[Worker-7] Reportar aviso
[Worker-7] Compartir
[Worker-7] Marcar como favorito
[Worker-7] Año modelo
[Worker-7] 2018
[Worker-7] Kilometraje
[Worker-7] 76,000 km
[Worker-7] Transmisión
[Worker-7] Automática - Secuencial
[Worker-7] Descripción
[Worker-7] El Audi Q5 es un SUV Premium con diseño deportivo y elegante con una gran funcionalidad y versatilidad para el uso diario y la aventura. Ofrece un interior confortable y tecnológicamente avanzado, una dinámica de conducción ágil gracias a la tracción...
[Worker-7] Seguir leyendo
[Worker-7] Te recomendamos:
[Worker-7] ¿Te toca renovar tu SOAT?
[Worker-7] Verifica el estado de tu SOAT aquí y evita multas.
[Worker-7] Consultar SOAT
[Worker-7] Alquila autos con Kinto Share
[Worker-7] Que nada frene tus aventuras. Seguro,flexible y con garantia.
[Worker-7] Ver más
[Worker-7] Blog & Noticias
[Worker-7] Entérate de las últimas novedades del sector automotriz.
[Worker-7] Ver más
[Worker-7] Especificaciones técnicas
[Worker-7] Características
[Worker-7] Marca
[Worker-7] Audi
[Worker-7] Modelo
[Worker-7] Q5
[Worker-7] Versión
[Worker-7] 2.0 TFSI QUATTRO ATTRACTION
[Worker-7] Versión
[Worker-7] 2.0 TFSI QUATTRO ATTRACTION
[Worker-7] Año de fabricación
[Worker-7] 2018
[Worker-7] Categoría
[Worker-7] Camioneta
[Worker-7] Combustible
[Worker-7] Gasolina
[Worker-7] Número de puertas
[Worker-7] 5
[Worker-7] Tracción
[Worker-7] Quattro
[Worker-7] Color
[Worker-7] Blanco
[Worker-7] Número cilindros
[Worker-7] 4
[Worker-7] Cilindrada
[Worker-7] 2,000 cc
[Worker-7] Equipamiento
[Worker-7] Retrovisores Eléctricos
[Worker-7] Aire Acondicionado
[Worker-7] Full Equipo
[Worker-7] Computadora de abordo
[Worker-7] Parlantes/Bajos
[Worker-7] Radio CD
[Worker-7] Radio MP3
[Worker-7] Exterior
[Worker-7] Aros
[Worker-7] Aros de Aleación
[Worker-7] Parrilla
[Worker-7] Luces Halógenas
[Worker-7] Seguridad
[Worker-7] Airbag
[Worker-7] Alarma
[Worker-7] Extras
[Worker-7] Sunroof
[Worker-7] Asientos de cuero
[Worker-7] Climatizador
[Worker-7] Precios y costos
[Worker-7] Este aviso
[Worker-7] US$26,500
[Worker-7] Precio de mercado
[Worker-7] US$28,900*
[Worker-7] Excelente
[Worker-7] Competitivo
[Worker-7] Premium
[Worker-7] (*) Precio referencial
[Worker-7] ¿Cómo se calcula este rango?
[Worker-7] ¿Te toca renovar tu SOAT?
[Worker-7] Verifica el estado de tu SOAT aquí y evita multas.
[Worker-7] Consultar SOAT
[Worker-7] Precio
[Worker-7] US$26,500
[Worker-7] Contáctate con el anunciante
[Worker-7] Jhan Huayra
[Worker-7] 986 807...
[Worker-7] Más información
[Worker-7] Beneficios adicionales para ti:
[Worker-7] La mejor opción
[Worker-7] Financia tu auto con Santander Consumer
[Worker-7] Paga desde:
[Worker-7] US$948/mes*
[Worker-7] Simular crédito
[Worker-7] (*) Cuota mensual referencial. Calculada a 36 meses, 20% de inicial y TEA de 20.99%. No incluye seguro vehicular.
[Worker-7] Solicita tu Préstamo Personal hasta de S/45,000
[Worker-7] Me interesa
[Worker-7] Seminuevos
[Worker-7] Autos
[Worker-7] Motos
[Worker-7] Camiones
[Worker-7] Usados
[Worker-7] Autos
[Worker-7] Motos
[Worker-7] Camiones
[Worker-7] Nuevos
[Worker-7] Autos
[Worker-7] Camiones
[Worker-7] Ayuda
[Worker-7] Términos y condiciones
[Worker-7] Políticas de publicación
[Worker-7] ¿Cómo protegemos tus datos?
[Worker-7] Legales
[Worker-7] Sobre NeoAuto
[Worker-7] Noticias
[Worker-7] Tips y guías
[Worker-7] Ayuda en línea
[Worker-7] © 2024 NeoAuto Inc. Todos los derechos reservados
[Worker-7] Síguenos
[Worker-7] Descripción: {"@context":"https://schema.org","@graph":[{"@type":"Organization","@id":"https://neoauto.com/#organ...
[Worker-7] Único dueño: No
[Worker-7] Datos guardados en: /home/richgutz/Scraper-Neoauto-ANTIGRAVITY/extractores/results_txt/semanal_result_20260126_172531_0f35aa.txt
[Worker-6] URLs restantes en urls_autos_random: 1952 | Procesadas en sesión: 10 | Próximo refresco en: 15 URLs
[Worker-3] Navegación rápida (sin acciones)
[Worker-3] Paso 2/4: Categoría 'Usados'...
[Worker-6] URL obtenida y bloqueada desde urls_autos_random: https://neoauto.com/auto/usado/jeep-grand-cherokee-laredo-2015-1851982
[Worker-6] Iniciando extracción para: https://neoauto.com/auto/usado/jeep-grand-cherokee-laredo-2015-1851982
[Worker-6] Iniciando navegación...
[Worker-6] Marca extraída: 'jeep'
[Worker-6] Camino elegido (4 pasos).
[Worker-6] Paso 1/4: Página Principal...
[Worker-6] Navegación rápida (sin acciones)
[Worker-6] Paso 2/4: Categoría 'Usados'...
[Worker-3] Navegación rápida (sin acciones)
[Worker-3] Paso 3/4: Filtro por Marca 'MAZDA'...
[Worker-7] URLs restantes en urls_autos_random: 1951 | Procesadas en sesión: 10 | Próximo refresco en: 15 URLs
[Worker-1] Intento 3: Popup no encontrado
[Worker-3] Navegación rápida (sin acciones)
[Worker-3] Paso 4/4: URL Final...
[Worker-7] URL obtenida y bloqueada desde urls_autos_random: https://neoauto.com/auto/usado/jeep-grand-cherokee-limited-2018-1860745
[Worker-7] Iniciando extracción para: https://neoauto.com/auto/usado/jeep-grand-cherokee-limited-2018-1860745
[Worker-7] Iniciando navegación...
[Worker-7] Marca extraída: 'jeep'
[Worker-7] Camino elegido (4 pasos).
[Worker-7] Paso 1/4: Página Principal...
[Worker-1] No se pudo cerrar el popup de satisfacción
[Worker-1] Popups manejados POST-scroll
[Worker-1] Scroll adicional de confirmación...
[Worker-3] Scroll INICIAL para activar contenido...
[Worker-6] Navegación rápida (sin acciones)
[Worker-6] Paso 3/4: Filtro por Marca 'JEEP'...
[Worker-7] Navegación rápida (sin acciones)
[Worker-7] Paso 2/4: Categoría 'Usados'...
[Worker-5] Intento 1: Popup no encontrado
[Worker-6] Navegación rápida (sin acciones)
[Worker-6] Paso 4/4: URL Final...
[Worker-7] Navegación rápida (sin acciones)
[Worker-7] Paso 3/4: Filtro por Marca 'JEEP'...
[Worker-4] No apareció popup de cookies
[Worker-1] Título: Bmw 118i 2020
[Worker-1] Precio: S/ nan
[Worker-1] Kilometraje: inf km
[Worker-1] Ubicación: ¡Arranca tu año sobre ruedas!
[Worker-1] Súbete a tu próximo seminuevo, el auto que mereces.
[Worker-1] ¡Arranca tu año sobre ruedas!
[Worker-1] Súbete a tu próximo seminuevo, el auto que mereces.
[Worker-1] ¡Arranca tu año sobre ruedas!
[Worker-1] Súbete a tu próximo seminuevo, el auto que mereces.
[Worker-1] ¡Arranca tu año sobre ruedas!
[Worker-1] Súbete a tu próximo seminuevo, el auto que mereces.
[Worker-1] Iniciar sesión
[Worker-1] Quiero vender
[Worker-1] Comprar
[Worker-1] Quiero vender
[Worker-1] Financiamiento
[Worker-1] Alquilar
[Worker-1] Nuevo
[Worker-1] Seguros
[Worker-1] Eventos
[Worker-1] Publicidad
[Worker-1] Ver fotos
[Worker-1] Autos usados
[Worker-1] Bmw
[Worker-1] 118i
[Worker-1] Bmw 118i 2020
[Worker-1] La Molina, Lima, Lima
[Worker-1] Publicado hace más de una semana
[Worker-1] 338 vistas
[Worker-1] Reportar aviso
[Worker-1] Compartir
[Worker-1] Marcar como favorito
[Worker-1] Bmw 118i 2020
[Worker-1] Reportar aviso
[Worker-1] Compartir
[Worker-1] Marcar como favorito
[Worker-1] Año modelo
[Worker-1] 2020
[Worker-1] Kilometraje
[Worker-1] 32,000 km
[Worker-1] Transmisión
[Worker-1] Automática - Secuencial
[Worker-1] Descripción
[Worker-1] BMW 118i 2020 / mantenimientos realizados en inchacape, lo entrego con su último mantenimiento realizado [****]6, el auto está impecable el precio es de 23,000 dólares negociable trato directo con el dueño
[Worker-1] Te recomendamos:
[Worker-1] ¿Te toca renovar tu SOAT?
[Worker-1] Verifica el estado de tu SOAT aquí y evita multas.
[Worker-1] Consultar SOAT
[Worker-1] Alquila autos con Kinto Share
[Worker-1] Que nada frene tus aventuras. Seguro,flexible y con garantia.
[Worker-1] Ver más
[Worker-1] Blog & Noticias
[Worker-1] Entérate de las últimas novedades del sector automotriz.
[Worker-1] Ver más
[Worker-1] Especificaciones técnicas
[Worker-1] Características
[Worker-1] Marca
[Worker-1] Bmw
[Worker-1] Modelo
[Worker-1] 118i
[Worker-1] Año de fabricación
[Worker-1] 2020
[Worker-1] Categoría
[Worker-1] Hatchback
[Worker-1] Combustible
[Worker-1] Gasolina
[Worker-1] Número de puertas
[Worker-1] 5
[Worker-1] Tracción
[Worker-1] Delantera
[Worker-1] Color
[Worker-1] Gris Metálico
[Worker-1] Número cilindros
[Worker-1] 6
[Worker-1] Cilindrada
[Worker-1] 15 cc
[Worker-1] Equipamiento
[Worker-1] Retrovisores Eléctricos
[Worker-1] Aire Acondicionado
[Worker-1] Full Equipo
[Worker-1] Exterior
[Worker-1] Aros
[Worker-1] Aros de Aleación
[Worker-1] Seguridad
[Worker-1] Localizador (GPS)
[Worker-1] Airbag
[Worker-1] Láminas de Seguridad
[Worker-1] Blindado
[Worker-1] Faros antiniebla delantero
[Worker-1] Faros antiniebla traseros
[Worker-1] Inmovilizador de motor
[Worker-1] Extras
[Worker-1] Asientos de cuero
[Worker-1] Climatizador
[Worker-1] Precios y costos
[Worker-1] Este aviso
[Worker-1] US$23,000
[Worker-1] Precio de mercado
[Worker-1] US$22,650*
[Worker-1] Excelente
[Worker-1] Competitivo
[Worker-1] Premium
[Worker-1] (*) Precio referencial
[Worker-1] ¿Cómo se calcula este rango?
[Worker-1] ¿Te toca renovar tu SOAT?
[Worker-1] Verifica el estado de tu SOAT aquí y evita multas.
[Worker-1] Consultar SOAT
[Worker-1] Precio
[Worker-1] US$23,000
[Worker-1] Dscto. por adquirir el Crédito Vehicular
[Worker-1] -US$1,000*
[Worker-1] *Aplica si financias tu auto con Santander Consumer
[Worker-1] Contáctate con el anunciante
[Worker-1] Sn Sn
[Worker-1] 983 535...
[Worker-1] Más información
[Worker-1] Beneficios adicionales para ti:
[Worker-1] La mejor opción
[Worker-1] Financia tu auto con Santander Consumer
[Worker-1] Paga desde:
[Worker-1] US$22,000 o
[Worker-1] US$695/mes*
[Worker-1] Simular crédito
[Worker-1] (*) Cuota mensual referencial. Calculada a 48 meses, 20% de inicial y TEA de 20.99%. No incluye seguro vehicular.
[Worker-1] Solicita tu Préstamo Personal hasta de S/45,000
[Worker-1] Me interesa
[Worker-1] Seminuevos
[Worker-1] Autos
[Worker-1] Motos
[Worker-1] Camiones
[Worker-1] Usados
[Worker-1] Autos
[Worker-1] Motos
[Worker-1] Camiones
[Worker-1] Nuevos
[Worker-1] Autos
[Worker-1] Camiones
[Worker-1] Ayuda
[Worker-1] Términos y condiciones
[Worker-1] Políticas de publicación
[Worker-1] ¿Cómo protegemos tus datos?
[Worker-1] Legales
[Worker-1] Sobre NeoAuto
[Worker-1] Noticias
[Worker-1] Tips y guías
[Worker-1] Ayuda en línea
[Worker-1] © 2024 NeoAuto Inc. Todos los derechos reservados
[Worker-1] Síguenos
[Worker-1] Descripción: {"@context":"https://schema.org","@graph":[{"@type":"Organization","@id":"https://neoauto.com/#organ...
[Worker-1] Único dueño: No
[Worker-1] Datos guardados en: /home/richgutz/Scraper-Neoauto-ANTIGRAVITY/extractores/results_txt/semanal_result_20260126_172539_14f8ed.txt
[Worker-4] Intento 1: Page.click: Timeout 1000ms exceeded.
[Worker-4] Call log:
[Worker-4] - waiting for locator("button[class*='close']").locator("svg").locator("xpath=./ancestor::button")
[Worker-6] Scroll INICIAL para activar contenido...
[Worker-8] No apareció popup de cookies
[Worker-7] Navegación rápida (sin acciones)
[Worker-7] Paso 4/4: URL Final...
[Worker-8] Intento 1: Page.click: Timeout 1000ms exceeded.
[Worker-8] Call log:
[Worker-8] - waiting for locator("button[class*='close']").locator("svg").locator("xpath=./ancestor::button")
[Worker-4] Intento 2: Page.click: Timeout 1000ms exceeded.
[Worker-4] Call log:
[Worker-4] - waiting for locator("button[class*='close']").locator("svg").locator("xpath=./ancestor::button")
[Worker-5] Intento 2: Popup no encontrado
[Worker-7] Scroll INICIAL para activar contenido...
[Worker-2] Intento 1: Popup no encontrado
[Worker-8] Intento 2: Page.click: Timeout 1000ms exceeded.
[Worker-8] Call log:
[Worker-8] - waiting for locator("button[class*='close']").locator("svg").locator("xpath=./ancestor::button")
[Worker-1] URLs restantes en urls_autos_random: 1949 | Procesadas en sesión: 11 | Próximo refresco en: 14 URLs
[Worker-1] URL obtenida y bloqueada desde urls_autos_random: https://neoauto.com/auto/usado/bmw-m135i-2013-1858766
[Worker-1] Iniciando extracción para: https://neoauto.com/auto/usado/bmw-m135i-2013-1858766
[Worker-1] Iniciando navegación...
[Worker-1] Marca extraída: 'bmw'
[Worker-1] Camino elegido (4 pasos).
[Worker-1] Paso 1/4: Página Principal...
[Worker-5] Intento 3: Popup no encontrado
[Worker-1] Navegación rápida (sin acciones)
[Worker-1] Paso 2/4: Categoría 'Usados'...
[Worker-2] Intento 2: Popup no encontrado
[Worker-5] No se pudo cerrar el popup de satisfacción
[Worker-5] Popups manejados POST-scroll
[Worker-5] Scroll adicional de confirmación...
[Worker-1] Navegación rápida (sin acciones)
[Worker-1] Paso 3/4: Filtro por Marca 'BMW'...
[Worker-3] No apareció popup de cookies
[Worker-5] Título: Ford Explorer 2021
[Worker-5] Precio: S/ nan
[Worker-5] Ubicación: ¡Arranca tu año sobre ruedas!
[Worker-5] Súbete a tu próximo seminuevo, el auto que mereces.
[Worker-5] ¡Arranca tu año sobre ruedas!
[Worker-5] Súbete a tu próximo seminuevo, el auto que mereces.
[Worker-5] ¡Arranca tu año sobre ruedas!
[Worker-5] Súbete a tu próximo seminuevo, el auto que mereces.
[Worker-5] ¡Arranca tu año sobre ruedas!
[Worker-5] Súbete a tu próximo seminuevo, el auto que mereces.
[Worker-5] Iniciar sesión
[Worker-5] Quiero vender
[Worker-5] Comprar
[Worker-5] Quiero vender
[Worker-5] Financiamiento
[Worker-5] Alquilar
[Worker-5] Nuevo
[Worker-5] Seguros
[Worker-5] Eventos
[Worker-5] Publicidad
[Worker-5] Ver fotos
[Worker-5] Autos usados
[Worker-5] Ford
[Worker-5] Explorer
[Worker-5] Ford Explorer 2021
[Worker-5] Los Olivos, Lima, Lima
[Worker-5] Publicado hace más de una semana
[Worker-5] 194 vistas
[Worker-5] Reportar aviso
[Worker-5] Compartir
[Worker-5] Marcar como favorito
[Worker-5] Ford Explorer 2021
[Worker-5] Reportar aviso
[Worker-5] Compartir
[Worker-5] Marcar como favorito
[Worker-5] Descripción
[Worker-5] Te recomendamos:
[Worker-5] ¿Te toca renovar tu SOAT?
[Worker-5] Verifica el estado de tu SOAT aquí y evita multas.
[Worker-5] Consultar SOAT
[Worker-5] Alquila autos con Kinto Share
[Worker-5] Que nada frene tus aventuras. Seguro,flexible y con garantia.
[Worker-5] Ver más
[Worker-5] Blog & Noticias
[Worker-5] Entérate de las últimas novedades del sector automotriz.
[Worker-5] Ver más
[Worker-5] Especificaciones técnicas
[Worker-5] Características
[Worker-5] Marca
[Worker-5] Ford
[Worker-5] Modelo
[Worker-5] EXPLORER
[Worker-5] Versión
[Worker-5] EXPLORER ST
[Worker-5] Año de fabricación
[Worker-5] 2021
[Worker-5] Categoría
[Worker-5] Camioneta
[Worker-5] Combustible
[Worker-5] Gasolina
[Worker-5] Número de puertas
[Worker-5] 4
[Worker-5] Tracción
[Worker-5] AWD
[Worker-5] Color
[Worker-5] Azul acero
[Worker-5] Número cilindros
[Worker-5] 6
[Worker-5] Cilindrada
[Worker-5] 3,000 cc
[Worker-5] Equipamiento
[Worker-5] Retrovisores Eléctricos
[Worker-5] Neblineros
[Worker-5] Aire Acondicionado
[Worker-5] Full Equipo
[Worker-5] Computadora de abordo
[Worker-5] Parlantes/Bajos
[Worker-5] Radio CD
[Worker-5] Exterior
[Worker-5] Aros de Aleación
[Worker-5] Parrilla
[Worker-5] Seguridad
[Worker-5] Localizador (GPS)
[Worker-5] Airbag
[Worker-5] Láminas de Seguridad
[Worker-5] Frenos ABS
[Worker-5] Extras
[Worker-5] Sunroof
[Worker-5] Asientos de cuero
[Worker-5] Climatizador
[Worker-5] Precios y costos
[Worker-5] Aún no tenemos suficiente información para determinar un rango de precio para este vehículo.
[Worker-5] Excelente
[Worker-5] Competitivo
[Worker-5] Premium
[Worker-5] (*) Precio referencial
[Worker-5] ¿Cómo se calcula este rango?
[Worker-5] ¿Te toca renovar tu SOAT?
[Worker-5] Verifica el estado de tu SOAT aquí y evita multas.
[Worker-5] Consultar SOAT
[Worker-5] Precio
[Worker-5] US$49,000
[Worker-5] Dscto. por adquirir el Crédito Vehicular
[Worker-5] -US$1,000*
[Worker-5] *Aplica si financias tu auto con Santander Consumer
[Worker-5] Contáctate con el anunciante
[Worker-5] Nestor De Los Santos Joo
[Worker-5] 973 570...
[Worker-5] Más información
[Worker-5] Beneficios adicionales para ti:
[Worker-5] La mejor opción
[Worker-5] Financia tu auto con Santander Consumer
[Worker-5] Paga desde:
[Worker-5] US$48,000 o
[Worker-5] US$1,309/mes*
[Worker-5] Simular crédito
[Worker-5] (*) Cuota mensual referencial. Calculada a 60 meses, 20% de inicial y TEA de 20.99%. No incluye seguro vehicular.
[Worker-5] Solicita tu Préstamo Personal hasta de S/45,000
[Worker-5] Me interesa
[Worker-5] Seminuevos
[Worker-5] Autos
[Worker-5] Motos
[Worker-5] Camiones
[Worker-5] Usados
[Worker-5] Autos
[Worker-5] Motos
[Worker-5] Camiones
[Worker-5] Nuevos
[Worker-5] Autos
[Worker-5] Camiones
[Worker-5] Ayuda
[Worker-5] Términos y condiciones
[Worker-5] Políticas de publicación
[Worker-5] ¿Cómo protegemos tus datos?
[Worker-5] Legales
[Worker-5] Sobre NeoAuto
[Worker-5] Noticias
[Worker-5] Tips y guías
[Worker-5] Ayuda en línea
[Worker-5] © 2024 NeoAuto Inc. Todos los derechos reservados
[Worker-5] Síguenos
[Worker-5] Descripción: {"@context":"https://schema.org","@graph":[{"@type":"Organization","@id":"https://neoauto.com/#organ...
[Worker-5] Único dueño: Sí
[Worker-5] Datos guardados en: /home/richgutz/Scraper-Neoauto-ANTIGRAVITY/extractores/results_txt/semanal_result_20260126_172551_3c18c8.txt
[Worker-1] Navegación rápida (sin acciones)
[Worker-1] Paso 4/4: URL Final...
[Worker-3] Intento 1: Page.click: Timeout 1000ms exceeded.
[Worker-3] Call log:
[Worker-3] - waiting for locator("button[class*='close']").locator("svg").locator("xpath=./ancestor::button")
[Worker-2] Intento 3: Popup no encontrado
[Worker-1] Scroll INICIAL para activar contenido...
[Worker-2] No se pudo cerrar el popup de satisfacción
[Worker-2] Popups manejados POST-scroll
[Worker-2] Scroll adicional de confirmación...
[Worker-3] Intento 2: Page.click: Timeout 1000ms exceeded.
[Worker-3] Call log:
[Worker-3] - waiting for locator("button[class*='close']").locator("svg").locator("xpath=./ancestor::button")
[Worker-6] No apareció popup de cookies
[Worker-6] Intento 1: Page.click: Timeout 1000ms exceeded.
[Worker-6] Call log:
[Worker-6] - waiting for locator("button[class*='close']").locator("svg").locator("xpath=./ancestor::button")
[Worker-5] URLs restantes en urls_autos_random: 1948 | Procesadas en sesión: 11 | Próximo refresco en: 14 URLs
[Worker-7] No apareció popup de cookies
[Worker-6] Intento 2: Page.click: Timeout 1000ms exceeded.
[Worker-6] Call log:
[Worker-6] - waiting for locator("button[class*='close']").locator("svg").locator("xpath=./ancestor::button")
[Worker-7] Intento 1: Page.click: Timeout 1000ms exceeded.
[Worker-7] Call log:
[Worker-7] - waiting for locator("button[class*='close']").locator("svg").locator("xpath=./ancestor::button")
[Worker-5] URL obtenida y bloqueada desde urls_autos_random: https://neoauto.com/auto/usado/bmw-520-i-2025-1860786
[Worker-5] Iniciando extracción para: https://neoauto.com/auto/usado/bmw-520-i-2025-1860786
[Worker-5] Iniciando navegación...
[Worker-5] Marca extraída: 'bmw'
[Worker-5] Camino elegido (4 pasos).
[Worker-5] Paso 1/4: Página Principal...
[Worker-2] Título: Toyota Yaris 2023
[Worker-2] Precio: S/ nan
[Worker-2] Kilometraje: inf km
[Worker-2] Ubicación: ¡Arranca tu año sobre ruedas!
[Worker-2] Súbete a tu próximo seminuevo, el auto que mereces.
[Worker-2] ¡Arranca tu año sobre ruedas!
[Worker-2] Súbete a tu próximo seminuevo, el auto que mereces.
[Worker-2] ¡Arranca tu año sobre ruedas!
[Worker-2] Súbete a tu próximo seminuevo, el auto que mereces.
[Worker-2] ¡Arranca tu año sobre ruedas!
[Worker-2] Súbete a tu próximo seminuevo, el auto que mereces.
[Worker-2] Iniciar sesión
[Worker-2] Quiero vender
[Worker-2] Comprar
[Worker-2] Quiero vender
[Worker-2] Financiamiento
[Worker-2] Alquilar
[Worker-2] Nuevo
[Worker-2] Seguros
[Worker-2] Eventos
[Worker-2] Publicidad
[Worker-2] Ver video
[Worker-2] Ver fotos
[Worker-2] Como nuevo
[Worker-2] Autos usados
[Worker-2] Toyota
[Worker-2] Yaris
[Worker-2] Toyota Yaris 2023
[Worker-2] San Isidro, Lima, Lima
[Worker-2] Publicado hace más de una semana
[Worker-2] 563 vistas
[Worker-2] Reportar aviso
[Worker-2] Compartir
[Worker-2] Marcar como favorito
[Worker-2] Toyota Yaris 2023
[Worker-2] Reportar aviso
[Worker-2] Compartir
[Worker-2] Marcar como favorito
[Worker-2] Año modelo
[Worker-2] 2023
[Worker-2] Kilometraje
[Worker-2] 30,300 km
[Worker-2] Transmisión
[Worker-2] Automática - Secuencial
[Worker-2] Descripción
[Worker-2] Toyota Yaris HB 2023
[Worker-2] * Excelente estado
[Worker-2] * ⁠Único dueño
[Worker-2] - 30,000 KM
[Worker-2] - Motor 1.3
[Worker-2] - Tapizado de cuero premium, hecho por Toyota
[Worker-2] - ⁠Automático
[Worker-2] - Aire acondicionado
[Worker-2] - Sistema multimedia con pantalla táctil
[Worker-2] - Conectividad USB
[Worker-2] - Amplio maletero
[Worker-2] -...
[Worker-2] Seguir leyendo
[Worker-2] Te recomendamos:
[Worker-2] ¿Te toca renovar tu SOAT?
[Worker-2] Verifica el estado de tu SOAT aquí y evita multas.
[Worker-2] Consultar SOAT
[Worker-2] Alquila autos con Kinto Share
[Worker-2] Que nada frene tus aventuras. Seguro,flexible y con garantia.
[Worker-2] Ver más
[Worker-2] Blog & Noticias
[Worker-2] Entérate de las últimas novedades del sector automotriz.
[Worker-2] Ver más
[Worker-2] Especificaciones técnicas
[Worker-2] Características
[Worker-2] Marca
[Worker-2] Toyota
[Worker-2] Modelo
[Worker-2] YARIS
[Worker-2] Año de fabricación
[Worker-2] 2023
[Worker-2] Categoría
[Worker-2] Hatchback
[Worker-2] Combustible
[Worker-2] Gasolina
[Worker-2] Número de puertas
[Worker-2] 5
[Worker-2] Tracción
[Worker-2] 2WD
[Worker-2] Color
[Worker-2] Gris Metálico
[Worker-2] Número cilindros
[Worker-2] 4
[Worker-2] Cilindrada
[Worker-2] 1,329 cc
[Worker-2] Equipamiento
[Worker-2] Retrovisores Eléctricos
[Worker-2] Aire Acondicionado
[Worker-2] Full Equipo
[Worker-2] Computadora de abordo
[Worker-2] Parlantes/Bajos
[Worker-2] Exterior
[Worker-2] Aros
[Worker-2] Aros de Aleación
[Worker-2] Luces Halógenas
[Worker-2] Seguridad
[Worker-2] Localizador (GPS)
[Worker-2] Airbag
[Worker-2] Frenos ABS
[Worker-2] Alarma
[Worker-2] Extras
[Worker-2] Asientos de cuero
[Worker-2] Climatizador
[Worker-2] Precios y costos
[Worker-2] Aún no tenemos suficiente información para determinar un rango de precio para este vehículo.
[Worker-2] Excelente
[Worker-2] Competitivo
[Worker-2] Premium
[Worker-2] (*) Precio referencial
[Worker-2] ¿Cómo se calcula este rango?
[Worker-2] ¿Te toca renovar tu SOAT?
[Worker-2] Verifica el estado de tu SOAT aquí y evita multas.
[Worker-2] Consultar SOAT
[Worker-2] Precio
[Worker-2] US$16,490
[Worker-2] Dscto. por adquirir el Crédito Vehicular
[Worker-2] -US$1,000*
[Worker-2] *Aplica si financias tu auto con Santander Consumer
[Worker-2] Contáctate con el anunciante
[Worker-2] Tomas Volpacchio
[Worker-2] 962 851...
[Worker-2] Más información
[Worker-2] Beneficios adicionales para ti:
[Worker-2] La mejor opción
[Worker-2] Financia tu auto con Santander Consumer
[Worker-2] Paga desde:
[Worker-2] US$15,490 o
[Worker-2] US$447/mes*
[Worker-2] Simular crédito
[Worker-2] (*) Cuota mensual referencial. Calculada a 60 meses, 20% de inicial y TEA de 20.99%. No incluye seguro vehicular.
[Worker-2] Solicita tu Préstamo Personal hasta de S/45,000
[Worker-2] Me interesa
[Worker-2] Seminuevos
[Worker-2] Autos
[Worker-2] Motos
[Worker-2] Camiones
[Worker-2] Usados
[Worker-2] Autos
[Worker-2] Motos
[Worker-2] Camiones
[Worker-2] Nuevos
[Worker-2] Autos
[Worker-2] Camiones
[Worker-2] Ayuda
[Worker-2] Términos y condiciones
[Worker-2] Políticas de publicación
[Worker-2] ¿Cómo protegemos tus datos?
[Worker-2] Legales
[Worker-2] Sobre NeoAuto
[Worker-2] Noticias
[Worker-2] Tips y guías
[Worker-2] Ayuda en línea
[Worker-2] © 2024 NeoAuto Inc. Todos los derechos reservados
[Worker-2] Síguenos
[Worker-2] Descripción: {"@context":"https://schema.org","@graph":[{"@type":"Organization","@id":"https://neoauto.com/#organ...
[Worker-2] Único dueño: No
[Worker-2] Datos guardados en: /home/richgutz/Scraper-Neoauto-ANTIGRAVITY/extractores/results_txt/semanal_result_20260126_172559_b207a6.txt
[Worker-5] Navegación rápida (sin acciones)
[Worker-5] Paso 2/4: Categoría 'Usados'...
[Worker-7] Intento 2: Page.click: Timeout 1000ms exceeded.
[Worker-7] Call log:
[Worker-7] - waiting for locator("button[class*='close']").locator("svg").locator("xpath=./ancestor::button")
[Worker-4] Intento 1: Popup no encontrado
[Worker-5] Navegación rápida (sin acciones)
[Worker-5] Paso 3/4: Filtro por Marca 'BMW'...
[Worker-8] Intento 1: Popup no encontrado
[Worker-5] Navegación rápida (sin acciones)
[Worker-5] Paso 4/4: URL Final...
[Worker-2] URLs restantes en urls_autos_random: 1947 | Procesadas en sesión: 11 | Próximo refresco en: 14 URLs
[Worker-2] URL obtenida y bloqueada desde urls_autos_random: https://neoauto.com/auto/usado/mazda-3-sport-2009-1863330
[Worker-2] Iniciando extracción para: https://neoauto.com/auto/usado/mazda-3-sport-2009-1863330
[Worker-2] Iniciando navegación...
[Worker-2] Marca extraída: 'mazda'
[Worker-2] Camino elegido (4 pasos).
[Worker-2] Paso 1/4: Página Principal...
[Worker-5] Scroll INICIAL para activar contenido...
[Worker-4] Intento 2: Popup no encontrado
[Worker-2] Navegación rápida (sin acciones)
[Worker-2] Paso 2/4: Categoría 'Usados'...
[Worker-8] Intento 2: Popup no encontrado
[Worker-2] Navegación rápida (sin acciones)
[Worker-2] Paso 3/4: Filtro por Marca 'MAZDA'...
[Worker-1] No apareció popup de cookies
[Worker-1] Intento 1: Page.click: Timeout 1000ms exceeded.
[Worker-1] Call log:
[Worker-1] - waiting for locator("button[class*='close']").locator("svg").locator("xpath=./ancestor::button")
[Worker-4] Intento 3: Popup no encontrado
[Worker-2] Navegación rápida (sin acciones)
[Worker-2] Paso 4/4: URL Final...
[Worker-1] Intento 2: Page.click: Timeout 1000ms exceeded.
[Worker-1] Call log:
[Worker-1] - waiting for locator("button[class*='close']").locator("svg").locator("xpath=./ancestor::button")
[Worker-4] No se pudo cerrar el popup de satisfacción
[Worker-4] Popups manejados POST-scroll
[Worker-4] Scroll adicional de confirmación...
[Worker-8] Intento 3: Popup no encontrado
[Worker-3] Intento 1: Popup no encontrado
[Worker-2] Scroll INICIAL para activar contenido...
[Worker-8] No se pudo cerrar el popup de satisfacción
[Worker-8] Popups manejados POST-scroll
[Worker-8] Scroll adicional de confirmación...
[Worker-4] Título: Audi A4 2015
[Worker-4] Precio: S/ nan
[Worker-4] Kilometraje: inf km
[Worker-4] Ubicación: ¡Arranca tu año sobre ruedas!
[Worker-4] Súbete a tu próximo seminuevo, el auto que mereces.
[Worker-4] ¡Arranca tu año sobre ruedas!
[Worker-4] Súbete a tu próximo seminuevo, el auto que mereces.
[Worker-4] ¡Arranca tu año sobre ruedas!
[Worker-4] Súbete a tu próximo seminuevo, el auto que mereces.
[Worker-4] ¡Arranca tu año sobre ruedas!
[Worker-4] Súbete a tu próximo seminuevo, el auto que mereces.
[Worker-4] Iniciar sesión
[Worker-4] Quiero vender
[Worker-4] Comprar
[Worker-4] Quiero vender
[Worker-4] Financiamiento
[Worker-4] Alquilar
[Worker-4] Nuevo
[Worker-4] Seguros
[Worker-4] Eventos
[Worker-4] Publicidad
[Worker-4] Ver fotos
[Worker-4] Autos usados
[Worker-4] Audi
[Worker-4] A4
[Worker-4] Audi A4 2015
[Worker-4] Magdalena del Mar, Lima, Lima
[Worker-4] Publicado hace más de una semana
[Worker-4] 176 vistas
[Worker-4] Reportar aviso
[Worker-4] Compartir
[Worker-4] Marcar como favorito
[Worker-4] Audi A4 2015
[Worker-4] Reportar aviso
[Worker-4] Compartir
[Worker-4] Marcar como favorito
[Worker-4] Año modelo
[Worker-4] 2015
[Worker-4] Kilometraje
[Worker-4] 73,000 km
[Worker-4] Transmisión
[Worker-4] Automática - Secuencial
[Worker-4] Descripción
[Worker-4] Auto excelente estado, automatico secuencial, 1,8 turbo, vidrios y espejos electricos, asientos de cuero, aire acondicionado, 13,600 dolares
[Worker-4] Te recomendamos:
[Worker-4] ¿Te toca renovar tu SOAT?
[Worker-4] Verifica el estado de tu SOAT aquí y evita multas.
[Worker-4] Consultar SOAT
[Worker-4] Alquila autos con Kinto Share
[Worker-4] Que nada frene tus aventuras. Seguro,flexible y con garantia.
[Worker-4] Ver más
[Worker-4] Blog & Noticias
[Worker-4] Entérate de las últimas novedades del sector automotriz.
[Worker-4] Ver más
[Worker-4] Especificaciones técnicas
[Worker-4] Características
[Worker-4] Marca
[Worker-4] Audi
[Worker-4] Modelo
[Worker-4] A4
[Worker-4] Versión
[Worker-4] 1.8 TFSI MULTITRONIC
[Worker-4] Versión
[Worker-4] 1.8 TFSI MULTITRONIC
[Worker-4] Año de fabricación
[Worker-4] 2015
[Worker-4] Categoría
[Worker-4] Sedán
[Worker-4] Combustible
[Worker-4] Gasolina
[Worker-4] Número de puertas
[Worker-4] 4
[Worker-4] Tracción
[Worker-4] 4x2
[Worker-4] Color
[Worker-4] Gris Metálico
[Worker-4] Número cilindros
[Worker-4] 4
[Worker-4] Cilindrada
[Worker-4] 1,800 cc
[Worker-4] Equipamiento
[Worker-4] Retrovisores Eléctricos
[Worker-4] Neblineros
[Worker-4] Aire Acondicionado
[Worker-4] Full Equipo
[Worker-4] Computadora de abordo
[Worker-4] Parlantes/Bajos
[Worker-4] Radio CD
[Worker-4] Exterior
[Worker-4] Aros de Aleación
[Worker-4] Seguridad
[Worker-4] Airbag
[Worker-4] Láminas de Seguridad
[Worker-4] Frenos ABS
[Worker-4] Alarma
[Worker-4] Extras
[Worker-4] Asientos de cuero
[Worker-4] Climatizador
[Worker-4] Precios y costos
[Worker-4] Este aviso
[Worker-4] US$13,600
[Worker-4] Precio de mercado
[Worker-4] US$13,990*
[Worker-4] Excelente
[Worker-4] Competitivo
[Worker-4] Premium
[Worker-4] (*) Precio referencial
[Worker-4] ¿Cómo se calcula este rango?
[Worker-4] ¿Te toca renovar tu SOAT?
[Worker-4] Verifica el estado de tu SOAT aquí y evita multas.
[Worker-4] Consultar SOAT
[Worker-4] Precio
[Worker-4] US$13,600
[Worker-4] Dscto. por adquirir el Crédito Vehicular
[Worker-4] -US$1,000*
[Worker-4] *Aplica si financias tu auto con Santander Consumer
[Worker-4] Contáctate con el anunciante
[Worker-4] Miguel Okamura
[Worker-4] 987 183...
[Worker-4] Más información
[Worker-4] Beneficios adicionales para ti:
[Worker-4] La mejor opción
[Worker-4] Financia tu auto con Santander Consumer
[Worker-4] Paga desde:
[Worker-4] US$12,600 o
[Worker-4] US$1,126/mes*
[Worker-4] Simular crédito
[Worker-4] (*) Cuota mensual referencial. Calculada a 12 meses, 20% de inicial y TEA de 20.99%. No incluye seguro vehicular.
[Worker-4] Solicita tu Préstamo Personal hasta de S/45,000
[Worker-4] Me interesa
[Worker-4] Seminuevos
[Worker-4] Autos
[Worker-4] Motos
[Worker-4] Camiones
[Worker-4] Usados
[Worker-4] Autos
[Worker-4] Motos
[Worker-4] Camiones
[Worker-4] Nuevos
[Worker-4] Autos
[Worker-4] Camiones
[Worker-4] Ayuda
[Worker-4] Términos y condiciones
[Worker-4] Políticas de publicación
[Worker-4] ¿Cómo protegemos tus datos?
[Worker-4] Legales
[Worker-4] Sobre NeoAuto
[Worker-4] Noticias
[Worker-4] Tips y guías
[Worker-4] Ayuda en línea
[Worker-4] © 2024 NeoAuto Inc. Todos los derechos reservados
[Worker-4] Síguenos
[Worker-4] Descripción: {"@context":"https://schema.org","@graph":[{"@type":"Organization","@id":"https://neoauto.com/#organ...
[Worker-4] Único dueño: No
[Worker-4] Datos guardados en: /home/richgutz/Scraper-Neoauto-ANTIGRAVITY/extractores/results_txt/semanal_result_20260126_172616_6a70b1.txt
[Worker-6] Intento 1: Popup no encontrado
[Worker-8] Título: Mercedes Benz Glk 250 2015
[Worker-8] Precio: S/ nan
[Worker-8] Kilometraje: inf km
[Worker-8] Ubicación: ¡Arranca tu año sobre ruedas!
[Worker-8] Súbete a tu próximo seminuevo, el auto que mereces.
[Worker-8] ¡Arranca tu año sobre ruedas!
[Worker-8] Súbete a tu próximo seminuevo, el auto que mereces.
[Worker-8] ¡Arranca tu año sobre ruedas!
[Worker-8] Súbete a tu próximo seminuevo, el auto que mereces.
[Worker-8] ¡Arranca tu año sobre ruedas!
[Worker-8] Súbete a tu próximo seminuevo, el auto que mereces.
[Worker-8] Iniciar sesión
[Worker-8] Quiero vender
[Worker-8] Comprar
[Worker-8] Quiero vender
[Worker-8] Financiamiento
[Worker-8] Alquilar
[Worker-8] Nuevo
[Worker-8] Seguros
[Worker-8] Eventos
[Worker-8] Publicidad
[Worker-8] Ver fotos
[Worker-8] Autos usados
[Worker-8] Mercedes Benz
[Worker-8] Glk 250
[Worker-8] Mercedes Benz Glk 250 2015
[Worker-8] La Molina, Lima, Lima
[Worker-8] Publicado hace más de una semana
[Worker-8] 859 vistas
[Worker-8] Reportar aviso
[Worker-8] Compartir
[Worker-8] Marcar como favorito
[Worker-8] Mercedes Benz Glk 250 2015
[Worker-8] Reportar aviso
[Worker-8] Compartir
[Worker-8] Marcar como favorito
[Worker-8] Año modelo
[Worker-8] 2015
[Worker-8] Kilometraje
[Worker-8] 84,000 km
[Worker-8] Transmisión
[Worker-8] Automática - Secuencial
[Worker-8] Descripción
[Worker-8] MERCEDES BENZ GLK 250 4MATIC AÑO 2015 MODELO 2015 COLOR MARRON USO PERSONAL TOTALMENTE EQUIPADO EN PERFECTO ESTADO DE CONSERVACION 84000km DE RECORRIDO SECUENCIAL 4X4 MOTOR 1.9CC GASOLINERO 4 CILINDROS PRECIO $16,750 CEL [****]
[Worker-8] Te recomendamos:
[Worker-8] ¿Te toca renovar tu SOAT?
[Worker-8] Verifica el estado de tu SOAT aquí y evita multas.
[Worker-8] Consultar SOAT
[Worker-8] Alquila autos con Kinto Share
[Worker-8] Que nada frene tus aventuras. Seguro,flexible y con garantia.
[Worker-8] Ver más
[Worker-8] Blog & Noticias
[Worker-8] Entérate de las últimas novedades del sector automotriz.
[Worker-8] Ver más
[Worker-8] Especificaciones técnicas
[Worker-8] Características
[Worker-8] Marca
[Worker-8] Mercedes Benz
[Worker-8] Modelo
[Worker-8] GLK 250
[Worker-8] Versión
[Worker-8] 4MATIC
[Worker-8] Versión
[Worker-8] 4MATIC
[Worker-8] Año de fabricación
[Worker-8] 2015
[Worker-8] Categoría
[Worker-8] Camioneta
[Worker-8] Combustible
[Worker-8] Gasolina
[Worker-8] Número de puertas
[Worker-8] 5
[Worker-8] Tracción
[Worker-8] 4x4
[Worker-8] Color
[Worker-8] Marrón
[Worker-8] Número cilindros
[Worker-8] 4
[Worker-8] Cilindrada
[Worker-8] 1,800 cc
[Worker-8] Equipamiento
[Worker-8] Neblineros
[Worker-8] Aire Acondicionado
[Worker-8] Full Equipo
[Worker-8] Computadora de abordo
[Worker-8] Parlantes/Bajos
[Worker-8] Radio CD
[Worker-8] Radio MP3
[Worker-8] Retrovisores Eléctricos
[Worker-8] Exterior
[Worker-8] Luces Halógenas
[Worker-8] Parrilla
[Worker-8] Aros de Aleaci��n
[Worker-8] Aros
[Worker-8] Seguridad
[Worker-8] Localizador (GPS)
[Worker-8] Airbag
[Worker-8] Láminas de Seguridad
[Worker-8] Faros antiniebla delantero
[Worker-8] Faros antiniebla traseros
[Worker-8] Inmovilizador de motor
[Worker-8] Repartidor electrónico de frenado
[Worker-8] Frenos ABS
[Worker-8] Alarma
[Worker-8] Extras
[Worker-8] Asientos de cuero
[Worker-8] Climatizador
[Worker-8] Precios y costos
[Worker-8] Aún no tenemos suficiente información para determinar un rango de precio para este vehículo.
[Worker-8] Excelente
[Worker-8] Competitivo
[Worker-8] Premium
[Worker-8] (*) Precio referencial
[Worker-8] ¿Cómo se calcula este rango?
[Worker-8] ¿Te toca renovar tu SOAT?
[Worker-8] Verifica el estado de tu SOAT aquí y evita multas.
[Worker-8] Consultar SOAT
[Worker-8] Precio
[Worker-8] US$16,750
[Worker-8] Dscto. por adquirir el Crédito Vehicular
[Worker-8] -US$1,000*
[Worker-8] *Aplica si financias tu auto con Santander Consumer
[Worker-8] Contáctate con el anunciante
[Worker-8] Aldo Renato Filomeno
[Worker-8] 992 775...
[Worker-8] Más información
[Worker-8] Beneficios adicionales para ti:
[Worker-8] La mejor opción
[Worker-8] Financia tu auto con Santander Consumer
[Worker-8] Paga desde:
[Worker-8] US$15,750 o
[Worker-8] US$1,382/mes*
[Worker-8] Simular crédito
[Worker-8] (*) Cuota mensual referencial. Calculada a 12 meses, 20% de inicial y TEA de 20.99%. No incluye seguro vehicular.
[Worker-8] Solicita tu Préstamo Personal hasta de S/45,000
[Worker-8] Me interesa
[Worker-8] Seminuevos
[Worker-8] Autos
[Worker-8] Motos
[Worker-8] Camiones
[Worker-8] Usados
[Worker-8] Autos
[Worker-8] Motos
[Worker-8] Camiones
[Worker-8] Nuevos
[Worker-8] Autos
[Worker-8] Camiones
[Worker-8] Ayuda
[Worker-8] Términos y condiciones
[Worker-8] Políticas de publicación
[Worker-8] ¿Cómo protegemos tus datos?
[Worker-8] Legales
[Worker-8] Sobre NeoAuto
[Worker-8] Noticias
[Worker-8] Tips y guías
[Worker-8] Ayuda en línea
[Worker-8] © 2024 NeoAuto Inc. Todos los derechos reservados
[Worker-8] Síguenos
[Worker-8] Descripción: {"@context":"https://schema.org","@graph":[{"@type":"Organization","@id":"https://neoauto.com/#organ...
[Worker-8] Único dueño: No
[Worker-8] Datos guardados en: /home/richgutz/Scraper-Neoauto-ANTIGRAVITY/extractores/results_txt/semanal_result_20260126_172617_6f393b.txt
[Worker-3] Intento 2: Popup no encontrado
[Worker-5] No apareció popup de cookies
[Worker-5] Intento 1: Page.click: Timeout 1000ms exceeded.
[Worker-5] Call log:
[Worker-5] - waiting for locator("button[class*='close']").locator("svg").locator("xpath=./ancestor::button")
[Worker-4] URLs restantes en urls_autos_random: 1945 | Procesadas en sesión: 11 | Próximo refresco en: 14 URLs
[Worker-7] Intento 1: Popup no encontrado
[Worker-4] URL obtenida y bloqueada desde urls_autos_random: https://neoauto.com/auto/usado/nissan-qashqai-2012-1862944
[Worker-4] Iniciando extracción para: https://neoauto.com/auto/usado/nissan-qashqai-2012-1862944
[Worker-4] Iniciando navegación...
[Worker-4] Marca extraída: 'nissan'
[Worker-4] Camino elegido (4 pasos).
[Worker-4] Paso 1/4: Página Principal...
[Worker-8] URLs restantes en urls_autos_random: 1944 | Procesadas en sesión: 11 | Próximo refresco en: 14 URLs
[Worker-4] Navegación rápida (sin acciones)
[Worker-4] Paso 2/4: Categoría 'Usados'...
[Worker-8] URL obtenida y bloqueada desde urls_autos_random: https://neoauto.com/auto/usado/chevrolet-n-300-work-2020-1855814
[Worker-8] Iniciando extracción para: https://neoauto.com/auto/usado/chevrolet-n-300-work-2020-1855814
[Worker-8] Iniciando navegación...
[Worker-8] Marca extraída: 'chevrolet'
[Worker-8] Camino elegido (4 pasos).
[Worker-8] Paso 1/4: Página Principal...
[Worker-5] Intento 2: Page.click: Timeout 1000ms exceeded.
[Worker-5] Call log:
[Worker-5] - waiting for locator("button[class*='close']").locator("svg").locator("xpath=./ancestor::button")
[Worker-6] Intento 2: Popup no encontrado
[Worker-4] Navegación rápida (sin acciones)
[Worker-4] Paso 3/4: Filtro por Marca 'NISSAN'...
[Worker-8] Navegación rápida (sin acciones)
[Worker-8] Paso 2/4: Categoría 'Usados'...
[Worker-3] Intento 3: Popup no encontrado
[Worker-8] Navegación rápida (sin acciones)
[Worker-8] Paso 3/4: Filtro por Marca 'CHEVROLET'...
[Worker-3] No se pudo cerrar el popup de satisfacción
[Worker-3] Popups manejados POST-scroll
[Worker-3] Scroll adicional de confirmación...
[Worker-7] Intento 2: Popup no encontrado
[Worker-8] Navegación rápida (sin acciones)
[Worker-8] Paso 4/4: URL Final...
[Worker-6] Intento 3: Popup no encontrado
[Worker-3] Título: Mazda Cx-3 2022
[Worker-3] Precio: S/ nan
[Worker-3] Kilometraje: inf km
[Worker-8] Scroll INICIAL para activar contenido...
[Worker-3] Ubicación: ¡Arranca tu año sobre ruedas!
[Worker-3] Súbete a tu próximo seminuevo, el auto que mereces.
[Worker-3] ¡Arranca tu año sobre ruedas!
[Worker-3] Súbete a tu próximo seminuevo, el auto que mereces.
[Worker-3] ¡Arranca tu año sobre ruedas!
[Worker-3] Súbete a tu próximo seminuevo, el auto que mereces.
[Worker-3] ¡Arranca tu año sobre ruedas!
[Worker-3] Súbete a tu próximo seminuevo, el auto que mereces.
[Worker-3] Iniciar sesión
[Worker-3] Quiero vender
[Worker-3] Comprar
[Worker-3] Quiero vender
[Worker-3] Financiamiento
[Worker-3] Alquilar
[Worker-3] Nuevo
[Worker-3] Seguros
[Worker-3] Eventos
[Worker-3] Publicidad
[Worker-3] Ver fotos
[Worker-3] Autos usados
[Worker-3] Mazda
[Worker-3] Cx-3
[Worker-3] Mazda Cx-3 2022
[Worker-3] San Isidro, Lima, Lima
[Worker-3] Publicado ayer
[Worker-3] 28 vistas
[Worker-3] Reportar aviso
[Worker-3] Compartir
[Worker-3] Marcar como favorito
[Worker-3] Mazda Cx-3 2022
[Worker-3] Reportar aviso
[Worker-3] Compartir
[Worker-3] Marcar como favorito
[Worker-3] Año modelo
[Worker-3] 2022
[Worker-3] Kilometraje
[Worker-3] 19,856 km
[Worker-3] Transmisión
[Worker-3] Automática
[Worker-3] Descripción
[Worker-3] Auto particular, muy bien cuidado y en excelente estado. Mazda CX-3 modelo 2022, motor 2.0, transmisión automática, solo 19,856km. Uso personal, mantenimiento al dia (enero 2026), lunas polarizadas y protección inferior. Papeles en regla, listo para
[Worker-3] Seguir leyendo
[Worker-3] Te recomendamos:
[Worker-3] ¿Te toca renovar tu SOAT?
[Worker-3] Verifica el estado de tu SOAT aquí y evita multas.
[Worker-3] Consultar SOAT
[Worker-3] Alquila autos con Kinto Share
[Worker-3] Que nada frene tus aventuras. Seguro,flexible y con garantia.
[Worker-3] Ver más
[Worker-3] Blog & Noticias
[Worker-3] Entérate de las últimas novedades del sector automotriz.
[Worker-3] Ver más
[Worker-3] Especificaciones técnicas
[Worker-3] Características
[Worker-3] Marca
[Worker-3] Mazda
[Worker-3] Modelo
[Worker-3] CX-3
[Worker-3] Año de fabricación
[Worker-3] 2021
[Worker-3] Categoría
[Worker-3] Camioneta
[Worker-3] Combustible
[Worker-3] Gasolina
[Worker-3] Número de puertas
[Worker-3] 5
[Worker-3] Tracción
[Worker-3] 2WD
[Worker-3] Color
[Worker-3] Blanco
[Worker-3] Número cilindros
[Worker-3] 4
[Worker-3] Cilindrada
[Worker-3] 2 cc
[Worker-3] Equipamiento
[Worker-3] Aire Acondicionado
[Worker-3] Computadora de abordo
[Worker-3] Radio MP3
[Worker-3] Exterior
[Worker-3] Aros de Aleación
[Worker-3] Seguridad
[Worker-3] Airbag
[Worker-3] Láminas de Seguridad
[Worker-3] Inmovilizador de motor
[Worker-3] Repartidor electrónico de frenado
[Worker-3] Frenos ABS
[Worker-3] Alarma
[Worker-3] Precios y costos
[Worker-3] Aún no tenemos suficiente información para determinar un rango de precio para este vehículo.
[Worker-3] Excelente
[Worker-3] Competitivo
[Worker-3] Premium
[Worker-3] (*) Precio referencial
[Worker-3] ¿Cómo se calcula este rango?
[Worker-3] ¿Te toca renovar tu SOAT?
[Worker-3] Verifica el estado de tu SOAT aquí y evita multas.
[Worker-3] Consultar SOAT
[Worker-3] Precio
[Worker-3] US$19,500
[Worker-3] Contáctate con el anunciante
[Worker-3] Ana Urbina Valdivia
[Worker-3] 962 885...
[Worker-3] Más información
[Worker-3] Beneficios adicionales para ti:
[Worker-3] La mejor opción
[Worker-3] Financia tu auto con Santander Consumer
[Worker-3] Paga desde:
[Worker-3] US$527/mes*
[Worker-3] Simular crédito
[Worker-3] (*) Cuota mensual referencial. Calculada a 60 meses, 20% de inicial y TEA de 20.99%. No incluye seguro vehicular.
[Worker-3] Solicita tu Préstamo Personal hasta de S/45,000
[Worker-3] Me interesa
[Worker-3] Seminuevos
[Worker-3] Autos
[Worker-3] Motos
[Worker-3] Camiones
[Worker-3] Usados
[Worker-3] Autos
[Worker-3] Motos
[Worker-3] Camiones
[Worker-3] Nuevos
[Worker-3] Autos
[Worker-3] Camiones
[Worker-3] Ayuda
[Worker-3] Términos y condiciones
[Worker-3] Políticas de publicación
[Worker-3] ¿Cómo protegemos tus datos?
[Worker-3] Legales
[Worker-3] Sobre NeoAuto
[Worker-3] Noticias
[Worker-3] Tips y guías
[Worker-3] Ayuda en línea
[Worker-3] © 2024 NeoAuto Inc. Todos los derechos reservados
[Worker-3] Síguenos
[Worker-3] Descripción: {"@context":"https://schema.org","@graph":[{"@type":"Organization","@id":"https://neoauto.com/#organ...
[Worker-3] Único dueño: Sí
[Worker-3] Datos guardados en: /home/richgutz/Scraper-Neoauto-ANTIGRAVITY/extractores/results_txt/semanal_result_20260126_172627_8b7c29.txt
[Worker-2] No apareció popup de cookies
[Worker-4] Navegación rápida (sin acciones)
[Worker-4] Paso 4/4: URL Final...
[Worker-6] No se pudo cerrar el popup de satisfacción
[Worker-6] Popups manejados POST-scroll
[Worker-6] Scroll adicional de confirmación...
[Worker-2] Intento 1: Page.click: Timeout 1000ms exceeded.
[Worker-2] Call log:
[Worker-2] - waiting for locator("button[class*='close']").locator("svg").locator("xpath=./ancestor::button")
[Worker-4] Scroll INICIAL para activar contenido...
[Worker-7] Intento 3: Popup no encontrado
[Worker-3] URLs restantes en urls_autos_random: 1943 | Procesadas en sesión: 11 | Próximo refresco en: 14 URLs
[Worker-2] Intento 2: Page.click: Timeout 1000ms exceeded.
[Worker-2] Call log:
[Worker-2] - waiting for locator("button[class*='close']").locator("svg").locator("xpath=./ancestor::button")
[Worker-7] No se pudo cerrar el popup de satisfacción
[Worker-7] Popups manejados POST-scroll
[Worker-7] Scroll adicional de confirmación...
[Worker-6] Título: Jeep Grand Cherokee Laredo 2015
[Worker-6] Precio: S/ nan
[Worker-1] Intento 1: Popup no encontrado
[Worker-3] URL obtenida y bloqueada desde urls_autos_random: https://neoauto.com/auto/usado/mitsubishi-montero-sport-2016-1858136
[Worker-3] Iniciando extracción para: https://neoauto.com/auto/usado/mitsubishi-montero-sport-2016-1858136
[Worker-3] Iniciando navegación...
[Worker-3] Marca extraída: 'mitsubishi'
[Worker-3] Camino elegido (4 pasos).
[Worker-3] Paso 1/4: Página Principal...
[Worker-6] Kilometraje: inf km
[Worker-6] Ubicación: ¡Arranca tu año sobre ruedas!
[Worker-6] Súbete a tu próximo seminuevo, el auto que mereces.
[Worker-6] ¡Arranca tu año sobre ruedas!
[Worker-6] Súbete a tu próximo seminuevo, el auto que mereces.
[Worker-6] ¡Arranca tu año sobre ruedas!
[Worker-6] Súbete a tu próximo seminuevo, el auto que mereces.
[Worker-6] ¡Arranca tu año sobre ruedas!
[Worker-6] Súbete a tu próximo seminuevo, el auto que mereces.
[Worker-6] Iniciar sesión
[Worker-6] Quiero vender
[Worker-6] Comprar
[Worker-6] Quiero vender
[Worker-6] Financiamiento
[Worker-6] Alquilar
[Worker-6] Nuevo
[Worker-6] Seguros
[Worker-6] Eventos
[Worker-6] Publicidad
[Worker-6] Ver fotos
[Worker-6] Unico Dueño
[Worker-6] Autos usados
[Worker-6] Jeep
[Worker-6] Grand Cherokee Laredo
[Worker-6] Jeep Grand Cherokee Laredo 2015
[Worker-6] Santiago de Surco, Lima, Lima
[Worker-6] Publicado hace más de una semana
[Worker-6] 444 vistas
[Worker-6] Reportar aviso
[Worker-6] Compartir
[Worker-6] Marcar como favorito
[Worker-6] Jeep Grand Cherokee Laredo 2015
[Worker-6] Reportar aviso
[Worker-6] Compartir
[Worker-6] Marcar como favorito
[Worker-6] Año modelo
[Worker-6] 2015
[Worker-6] Kilometraje
[Worker-6] 131,900 km
[Worker-6] Transmisión
[Worker-6] Automática - Secuencial
[Worker-6] Descripción
[Worker-6] Camioneta en excelente estado, Único dueño, uso gerencial, es Facturable, Radio original CD MP3 USB AUX SD Bluetooth ,2 filas de asientos de cuero, Regulación electrónica asiento piloto y copiloto, Airbags, Lunas, pestillos y retrovisores eléctricos,...
[Worker-6] Seguir leyendo
[Worker-6] Te recomendamos:
[Worker-6] ¿Te toca renovar tu SOAT?
[Worker-6] Verifica el estado de tu SOAT aquí y evita multas.
[Worker-6] Consultar SOAT
[Worker-6] Alquila autos con Kinto Share
[Worker-6] Que nada frene tus aventuras. Seguro,flexible y con garantia.
[Worker-6] Ver más
[Worker-6] Blog & Noticias
[Worker-6] Entérate de las últimas novedades del sector automotriz.
[Worker-6] Ver más
[Worker-6] Especificaciones técnicas
[Worker-6] Características
[Worker-6] Marca
[Worker-6] Jeep
[Worker-6] Modelo
[Worker-6] GRAND CHEROKEE LAREDO
[Worker-6] Versión
[Worker-6] 4X4
[Worker-6] Año de fabricación
[Worker-6] 2014
[Worker-6] Categoría
[Worker-6] Camioneta
[Worker-6] Combustible
[Worker-6] Gasolina
[Worker-6] Número de puertas
[Worker-6] 5
[Worker-6] Tracción
[Worker-6] 4x4
[Worker-6] Color
[Worker-6] Plata
[Worker-6] Número cilindros
[Worker-6] 6
[Worker-6] Cilindrada
[Worker-6] 3,600 cc
[Worker-6] Equipamiento
[Worker-6] Retrovisores Eléctricos
[Worker-6] Neblineros
[Worker-6] Aire Acondicionado
[Worker-6] Computadora de abordo
[Worker-6] Radio CD
[Worker-6] Exterior
[Worker-6] Aros de Aleación
[Worker-6] Seguridad
[Worker-6] Airbag
[Worker-6] Láminas de Seguridad
[Worker-6] Faros antiniebla delantero
[Worker-6] Frenos ABS
[Worker-6] Alarma
[Worker-6] Extras
[Worker-6] Asientos de cuero
[Worker-6] Precios y costos
[Worker-6] Este aviso
[Worker-6] US$17,000
[Worker-6] Precio de mercado
[Worker-6] US$17,600*
[Worker-6] Excelente
[Worker-6] Competitivo
[Worker-6] Premium
[Worker-6] (*) Precio referencial
[Worker-6] ¿Cómo se calcula este rango?
[Worker-6] ¿Te toca renovar tu SOAT?
[Worker-6] Verifica el estado de tu SOAT aquí y evita multas.
[Worker-6] Consultar SOAT
[Worker-6] Precio
[Worker-6] US$17,000
[Worker-6] Contáctate con el anunciante
[Worker-6] Claudia Julissa Livia
[Worker-6] 981 222...
[Worker-6] Más información
[Worker-6] Beneficios adicionales para ti:
[Worker-6] Solicita tu Préstamo Personal hasta de S/45,000
[Worker-6] Me interesa
[Worker-6] Seminuevos
[Worker-6] Autos
[Worker-6] Motos
[Worker-6] Camiones
[Worker-6] Usados
[Worker-6] Autos
[Worker-6] Motos
[Worker-6] Camiones
[Worker-6] Nuevos
[Worker-6] Autos
[Worker-6] Camiones
[Worker-6] Ayuda
[Worker-6] Términos y condiciones
[Worker-6] Políticas de publicación
[Worker-6] ¿Cómo protegemos tus datos?
[Worker-6] Legales
[Worker-6] Sobre NeoAuto
[Worker-6] Noticias
[Worker-6] Tips y guías
[Worker-6] Ayuda en línea
[Worker-6] © 2024 NeoAuto Inc. Todos los derechos reservados
[Worker-6] Síguenos
[Worker-6] Descripción: {"@context":"https://schema.org","@graph":[{"@type":"Organization","@id":"https://neoauto.com/#organ...
[Worker-6] Único dueño: Sí
[Worker-6] Datos guardados en: /home/richgutz/Scraper-Neoauto-ANTIGRAVITY/extractores/results_txt/semanal_result_20260126_172631_517d8e.txt
[Worker-3] Navegación rápida (sin acciones)
[Worker-3] Paso 2/4: Categoría 'Usados'...
[Worker-7] Título: Jeep Grand Cherokee Limited 2018
[Worker-7] Precio: S/ nan
[Worker-7] Kilometraje: inf km
[Worker-7] Ubicación: ¡Arranca tu año sobre ruedas!
[Worker-7] Súbete a tu próximo seminuevo, el auto que mereces.
[Worker-7] ¡Arranca tu año sobre ruedas!
[Worker-7] Súbete a tu próximo seminuevo, el auto que mereces.
[Worker-7] ¡Arranca tu año sobre ruedas!
[Worker-7] Súbete a tu próximo seminuevo, el auto que mereces.
[Worker-7] ¡Arranca tu año sobre ruedas!
[Worker-7] Súbete a tu próximo seminuevo, el auto que mereces.
[Worker-7] Iniciar sesión
[Worker-7] Quiero vender
[Worker-7] Comprar
[Worker-7] Quiero vender
[Worker-7] Financiamiento
[Worker-7] Alquilar
[Worker-7] Nuevo
[Worker-7] Seguros
[Worker-7] Eventos
[Worker-7] Publicidad
[Worker-7] Ver fotos
[Worker-7] Autos usados
[Worker-7] Jeep
[Worker-7] Grand Cherokee Limited
[Worker-7] Jeep Grand Cherokee Limited 2018
[Worker-7] San Isidro, Lima, Lima
[Worker-7] Publicado hace más de un mes
[Worker-7] 657 vistas
[Worker-7] Reportar aviso
[Worker-7] Compartir
[Worker-7] Marcar como favorito
[Worker-7] Jeep Grand Cherokee Limited 2018
[Worker-7] Reportar aviso
[Worker-7] Compartir
[Worker-7] Marcar como favorito
[Worker-7] Año modelo
[Worker-7] 2018
[Worker-7] Kilometraje
[Worker-7] 86,000 km
[Worker-7] Transmisión
[Worker-7] Automática - Secuencial
[Worker-7] Descripción
[Worker-7] Camioneta en excelente estado.Uso ciudad. Asientos cuero, mantenimiento en Divemotor y taller Jeep . Servicios al dia, soat , revisión técnica vigente. Llantas nuevas. 2 llaves . No choques. Impecable. Uso ciudad, Propietaria
[Worker-7] Te recomendamos:
[Worker-7] ¿Te toca renovar tu SOAT?
[Worker-7] Verifica el estado de tu SOAT aquí y evita multas.
[Worker-7] Consultar SOAT
[Worker-7] Alquila autos con Kinto Share
[Worker-7] Que nada frene tus aventuras. Seguro,flexible y con garantia.
[Worker-7] Ver más
[Worker-7] Blog & Noticias
[Worker-7] Entérate de las últimas novedades del sector automotriz.
[Worker-7] Ver más
[Worker-7] Especificaciones técnicas
[Worker-7] Características
[Worker-7] Marca
[Worker-7] Jeep
[Worker-7] Modelo
[Worker-7] GRAND CHEROKEE LIMITED
[Worker-7] Año de fabricación
[Worker-7] 2017
[Worker-7] Categoría
[Worker-7] Camioneta
[Worker-7] Combustible
[Worker-7] Gasolina
[Worker-7] Número de puertas
[Worker-7] 5
[Worker-7] Tracción
[Worker-7] 4x4
[Worker-7] Color
[Worker-7] Gris platino
[Worker-7] Número cilindros
[Worker-7] 6
[Worker-7] Cilindrada
[Worker-7] 3,600 cc
[Worker-7] Equipamiento
[Worker-7] Neblineros
[Worker-7] Aire Acondicionado
[Worker-7] Full Equipo
[Worker-7] Computadora de abordo
[Worker-7] Parlantes/Bajos
[Worker-7] Radio MP3
[Worker-7] Retrovisores Eléctricos
[Worker-7] Exterior
[Worker-7] Aros de Aleación
[Worker-7] Luces Halógenas
[Worker-7] Seguridad
[Worker-7] Airbag
[Worker-7] Alarma
[Worker-7] Frenos ABS
[Worker-7] Repartidor electrónico de frenado
[Worker-7] Faros antiniebla traseros
[Worker-7] Faros antiniebla delantero
[Worker-7] Láminas de Seguridad
[Worker-7] Extras
[Worker-7] Asientos de cuero
[Worker-7] Climatizador
[Worker-7] Precios y costos
[Worker-7] Aún no tenemos suficiente información para determinar un rango de precio para este vehículo.
[Worker-7] Excelente
[Worker-7] Competitivo
[Worker-7] Premium
[Worker-7] (*) Precio referencial
[Worker-7] ¿Cómo se calcula este rango?
[Worker-7] ¿Te toca renovar tu SOAT?
[Worker-7] Verifica el estado de tu SOAT aquí y evita multas.
[Worker-7] Consultar SOAT
[Worker-7] Precio
[Worker-7] US$22,000
[Worker-7] Dscto. por adquirir el Crédito Vehicular
[Worker-7] -US$1,000*
[Worker-7] *Aplica si financias tu auto con Santander Consumer
[Worker-7] Contáctate con el anunciante
[Worker-7] Sn Sn
[Worker-7] 998 191...
[Worker-7] Más información
[Worker-7] Beneficios adicionales para ti:
[Worker-7] La mejor opción
[Worker-7] Financia tu auto con Santander Consumer
[Worker-7] Paga desde:
[Worker-7] US$21,000 o
[Worker-7] US$1,042/mes*
[Worker-7] Simular crédito
[Worker-7] (*) Cuota mensual referencial. Calculada a 24 meses, 20% de inicial y TEA de 20.99%. No incluye seguro vehicular.
[Worker-7] Solicita tu Préstamo Personal hasta de S/45,000
[Worker-7] Me interesa
[Worker-7] Seminuevos
[Worker-7] Autos
[Worker-7] Motos
[Worker-7] Camiones
[Worker-7] Usados
[Worker-7] Autos
[Worker-7] Motos
[Worker-7] Camiones
[Worker-7] Nuevos
[Worker-7] Autos
[Worker-7] Camiones
[Worker-7] Ayuda
[Worker-7] Términos y condiciones
[Worker-7] Políticas de publicación
[Worker-7] ¿Cómo protegemos tus datos?
[Worker-7] Legales
[Worker-7] Sobre NeoAuto
[Worker-7] Noticias
[Worker-7] Tips y guías
[Worker-7] Ayuda en línea
[Worker-7] © 2024 NeoAuto Inc. Todos los derechos reservados
[Worker-7] Síguenos
[Worker-7] Descripción: {"@context":"https://schema.org","@graph":[{"@type":"Organization","@id":"https://neoauto.com/#organ...
[Worker-7] Único dueño: No
[Worker-7] Datos guardados en: /home/richgutz/Scraper-Neoauto-ANTIGRAVITY/extractores/results_txt/semanal_result_20260126_172635_929070.txt
[Worker-6] URLs restantes en urls_autos_random: 1942 | Procesadas en sesión: 11 | Próximo refresco en: 14 URLs
[Worker-3] Navegación rápida (sin acciones)
[Worker-3] Paso 3/4: Filtro por Marca 'MITSUBISHI'...
[Worker-6] URL obtenida y bloqueada desde urls_autos_random: https://neoauto.com/auto/usado/ford-ecosport-2014-1862214
[Worker-6] Iniciando extracción para: https://neoauto.com/auto/usado/ford-ecosport-2014-1862214
[Worker-6] Iniciando navegación...
[Worker-6] Marca extraída: 'ford'
[Worker-6] Camino elegido (4 pasos).
[Worker-6] Paso 1/4: Página Principal...
[Worker-1] Intento 2: Popup no encontrado
[Worker-6] Navegación rápida (sin acciones)
[Worker-6] Paso 2/4: Categoría 'Usados'...
[Worker-3] Navegación rápida (sin acciones)
[Worker-3] Paso 4/4: URL Final...
[Worker-3] Scroll INICIAL para activar contenido...
[Worker-6] Navegación rápida (sin acciones)
[Worker-6] Paso 3/4: Filtro por Marca 'FORD'...
[Worker-7] URLs restantes en urls_autos_random: 1940 | Procesadas en sesión: 11 | Próximo refresco en: 14 URLs
[Worker-5] Intento 1: Popup no encontrado
[Worker-7] URL obtenida y bloqueada desde urls_autos_random: https://neoauto.com/auto/usado/toyota-land-cruiser-prado-2011-1862682
[Worker-7] Iniciando extracción para: https://neoauto.com/auto/usado/toyota-land-cruiser-prado-2011-1862682
[Worker-7] Iniciando navegación...
[Worker-7] Marca extraída: 'toyota'
[Worker-7] Camino elegido (4 pasos).
[Worker-7] Paso 1/4: Página Principal...
[Worker-1] Intento 3: Popup no encontrado
[Worker-6] Navegación rápida (sin acciones)
[Worker-6] Paso 4/4: URL Final...
[Worker-1] No se pudo cerrar el popup de satisfacción
[Worker-1] Popups manejados POST-scroll
[Worker-1] Scroll adicional de confirmación...
[Worker-6] Scroll INICIAL para activar contenido...
[Worker-7] Navegación rápida (sin acciones)
[Worker-7] Paso 2/4: Categoría 'Usados'...
[Worker-4] No apareció popup de cookies
[Worker-8] No apareció popup de cookies
[Worker-7] Navegación rápida (sin acciones)
[Worker-7] Paso 3/4: Filtro por Marca 'TOYOTA'...
[Worker-4] Intento 1: Page.click: Timeout 1000ms exceeded.
[Worker-4] Call log:
[Worker-4] - waiting for locator("button[class*='close']").locator("svg").locator("xpath=./ancestor::button")
[Worker-8] Intento 1: Page.click: Timeout 1000ms exceeded.
[Worker-8] Call log:
[Worker-8] - waiting for locator("button[class*='close']").locator("svg").locator("xpath=./ancestor::button")
[Worker-5] Intento 2: Popup no encontrado
[Worker-1] Título: Bmw M135i 2013
[Worker-1] Precio: S/ nan
[Worker-1] Kilometraje: inf km
[Worker-1] Ubicación: ¡Arranca tu año sobre ruedas!
[Worker-1] Súbete a tu próximo seminuevo, el auto que mereces.
[Worker-1] ¡Arranca tu año sobre ruedas!
[Worker-1] Súbete a tu próximo seminuevo, el auto que mereces.
[Worker-1] ¡Arranca tu año sobre ruedas!
[Worker-1] Súbete a tu próximo seminuevo, el auto que mereces.
[Worker-1] ¡Arranca tu año sobre ruedas!
[Worker-1] Súbete a tu próximo seminuevo, el auto que mereces.
[Worker-1] Iniciar sesión
[Worker-1] Quiero vender
[Worker-1] Comprar
[Worker-1] Quiero vender
[Worker-1] Financiamiento
[Worker-1] Alquilar
[Worker-1] Nuevo
[Worker-1] Seguros
[Worker-1] Eventos
[Worker-1] Publicidad
[Worker-1] Ver fotos
[Worker-1] Autos usados
[Worker-1] Bmw
[Worker-1] M135i
[Worker-1] Bmw M135i 2013
[Worker-1] San Isidro, Lima, Lima
[Worker-1] Publicado hace más de un mes
[Worker-1] 2,090 vistas
[Worker-1] Reportar aviso
[Worker-1] Compartir
[Worker-1] Marcar como favorito
[Worker-1] Bmw M135i 2013
[Worker-1] Reportar aviso
[Worker-1] Compartir
[Worker-1] Marcar como favorito
[Worker-1] Año modelo
[Worker-1] 2013
[Worker-1] Kilometraje
[Worker-1] 64,500 km
[Worker-1] Transmisión
[Worker-1] Automática - Secuencial
[Worker-1] Descripción
[Worker-1] Por viaje, se vende BMW M135i Hatchback (Carrocería F20 - 5 Puertas), año 2013. Vehículo de alto rendimiento con motor N55 de 6 cilindros y tracción trasera. Unidad con mantenimiento al día y mejoras de performance (Stage 2).
[Worker-1] ESPECIFICACIONES TÉCN...
[Worker-1] Seguir leyendo
[Worker-1] Te recomendamos:
[Worker-1] ¿Te toca renovar tu SOAT?
[Worker-1] Verifica el estado de tu SOAT aquí y evita multas.
[Worker-1] Consultar SOAT
[Worker-1] Alquila autos con Kinto Share
[Worker-1] Que nada frene tus aventuras. Seguro,flexible y con garantia.
[Worker-1] Ver más
[Worker-1] Blog & Noticias
[Worker-1] Entérate de las últimas novedades del sector automotriz.
[Worker-1] Ver más
[Worker-1] Especificaciones técnicas
[Worker-1] Características
[Worker-1] Marca
[Worker-1] Bmw
[Worker-1] Modelo
[Worker-1] M135i
[Worker-1] Versión
[Worker-1] M135I
[Worker-1] Año de fabricación
[Worker-1] 2012
[Worker-1] Categoría
[Worker-1] Hatchback
[Worker-1] Combustible
[Worker-1] Gasolina
[Worker-1] Número de puertas
[Worker-1] 2
[Worker-1] Tracción
[Worker-1] 2WD
[Worker-1] Color
[Worker-1] Azul
[Worker-1] Número cilindros
[Worker-1] 6
[Worker-1] Cilindrada
[Worker-1] 2,979 cc
[Worker-1] Equipamiento
[Worker-1] Neblineros
[Worker-1] Aire Acondicionado
[Worker-1] Full Equipo
[Worker-1] Computadora de abordo
[Worker-1] Parlantes/Bajos
[Worker-1] Radio CD
[Worker-1] Radio MP3
[Worker-1] Retrovisores Eléctricos
[Worker-1] Exterior
[Worker-1] Aros de Aleación
[Worker-1] Aros
[Worker-1] Seguridad
[Worker-1] Airbag
[Worker-1] Láminas de Seguridad
[Worker-1] Faros antiniebla delantero
[Worker-1] Faros antiniebla traseros
[Worker-1] Frenos ABS
[Worker-1] Alarma
[Worker-1] Extras
[Worker-1] Sunroof
[Worker-1] Asientos de cuero
[Worker-1] Climatizador
[Worker-1] Precios y costos
[Worker-1] Aún no tenemos suficiente información para determinar un rango de precio para este vehículo.
[Worker-1] Excelente
[Worker-1] Competitivo
[Worker-1] Premium
[Worker-1] (*) Precio referencial
[Worker-1] ¿Cómo se calcula este rango?
[Worker-1] ¿Te toca renovar tu SOAT?
[Worker-1] Verifica el estado de tu SOAT aquí y evita multas.
[Worker-1] Consultar SOAT
[Worker-1] Precio
[Worker-1] US$15,500
[Worker-1] Dscto. por adquirir el Crédito Vehicular
[Worker-1] -US$1,000*
[Worker-1] *Aplica si financias tu auto con Santander Consumer
[Worker-1] Contáctate con el anunciante
[Worker-1] Diego Merino Villavicencio
[Worker-1] 956 851...
[Worker-1] Más información
[Worker-1] Beneficios adicionales para ti:
[Worker-1] La mejor opción
[Worker-1] Financia tu auto con Santander Consumer
[Worker-1] Paga desde:
[Worker-1] US$14,500 o
[Worker-1] US$1,280/mes*
[Worker-1] Simular crédito
[Worker-1] (*) Cuota mensual referencial. Calculada a 12 meses, 20% de inicial y TEA de 20.99%. No incluye seguro vehicular.
[Worker-1] Solicita tu Préstamo Personal hasta de S/45,000
[Worker-1] Me interesa
[Worker-1] Seminuevos
[Worker-1] Autos
[Worker-1] Motos
[Worker-1] Camiones
[Worker-1] Usados
[Worker-1] Autos
[Worker-1] Motos
[Worker-1] Camiones
[Worker-1] Nuevos
[Worker-1] Autos
[Worker-1] Camiones
[Worker-1] Ayuda
[Worker-1] Términos y condiciones
[Worker-1] Políticas de publicación
[Worker-1] ¿Cómo protegemos tus datos?
[Worker-1] Legales
[Worker-1] Sobre NeoAuto
[Worker-1] Noticias
[Worker-1] Tips y guías
[Worker-1] Ayuda en línea
[Worker-1] © 2024 NeoAuto Inc. Todos los derechos reservados
[Worker-1] Síguenos
[Worker-1] Descripción: {"@context":"https://schema.org","@graph":[{"@type":"Organization","@id":"https://neoauto.com/#organ...
[Worker-1] Único dueño: Sí
[Worker-1] Datos guardados en: /home/richgutz/Scraper-Neoauto-ANTIGRAVITY/extractores/results_txt/semanal_result_20260126_172646_6b4d3f.txt
[Worker-4] Intento 2: Page.click: Timeout 1000ms exceeded.
[Worker-4] Call log:
[Worker-4] - waiting for locator("button[class*='close']").locator("svg").locator("xpath=./ancestor::button")
[Worker-7] Navegación rápida (sin acciones)
[Worker-7] Paso 4/4: URL Final...
[Worker-8] Intento 2: Page.click: Timeout 1000ms exceeded.
[Worker-8] Call log:
[Worker-8] - waiting for locator("button[class*='close']").locator("svg").locator("xpath=./ancestor::button")
[Worker-7] Scroll INICIAL para activar contenido...
[Worker-2] Intento 1: Popup no encontrado
[Worker-5] Intento 3: Popup no encontrado
[Worker-1] URLs restantes en urls_autos_random: 1939 | Procesadas en sesión: 12 | Próximo refresco en: 13 URLs
[Worker-5] No se pudo cerrar el popup de satisfacción
[Worker-5] Popups manejados POST-scroll
[Worker-5] Scroll adicional de confirmación...
[Worker-1] URL obtenida y bloqueada desde urls_autos_random: https://neoauto.com/auto/usado/toyota-land-cruiser-1991-1863021
[Worker-1] Iniciando extracción para: https://neoauto.com/auto/usado/toyota-land-cruiser-1991-1863021
[Worker-1] Iniciando navegación...
[Worker-1] Marca extraída: 'toyota'
[Worker-1] Camino elegido (4 pasos).
[Worker-1] Paso 1/4: Página Principal...
[Worker-1] Navegación rápida (sin acciones)
[Worker-1] Paso 2/4: Categoría 'Usados'...
[Worker-3] No apareció popup de cookies
[Worker-2] Intento 2: Popup no encontrado
[Worker-1] Navegación rápida (sin acciones)
[Worker-1] Paso 3/4: Filtro por Marca 'TOYOTA'...
[Worker-5] Título: Bmw 520-i 2025
[Worker-5] Precio: S/ nan
[Worker-5] Kilometraje: inf km
[Worker-3] Intento 1: Page.click: Timeout 1000ms exceeded.
[Worker-3] Call log:
[Worker-3] - waiting for locator("button[class*='close']").locator("svg").locator("xpath=./ancestor::button")
[Worker-5] Ubicación: ¡Arranca tu año sobre ruedas!
[Worker-5] Súbete a tu próximo seminuevo, el auto que mereces.
[Worker-5] ¡Arranca tu año sobre ruedas!
[Worker-5] Súbete a tu próximo seminuevo, el auto que mereces.
[Worker-5] ¡Arranca tu año sobre ruedas!
[Worker-5] Súbete a tu próximo seminuevo, el auto que mereces.
[Worker-5] ¡Arranca tu año sobre ruedas!
[Worker-5] Súbete a tu próximo seminuevo, el auto que mereces.
[Worker-5] Iniciar sesión
[Worker-5] Quiero vender
[Worker-5] Comprar
[Worker-5] Quiero vender
[Worker-5] Financiamiento
[Worker-5] Alquilar
[Worker-5] Nuevo
[Worker-5] Seguros
[Worker-5] Eventos
[Worker-5] Publicidad
[Worker-5] Ver fotos
[Worker-5] Autos usados
[Worker-5] Bmw
[Worker-5] 520-i
[Worker-5] Bmw 520-i 2025
[Worker-5] Miraflores, Lima, Lima
[Worker-5] Publicado hace más de un mes
[Worker-5] 353 vistas
[Worker-5] Reportar aviso
[Worker-5] Compartir
[Worker-5] Marcar como favorito
[Worker-5] Bmw 520-i 2025
[Worker-5] Reportar aviso
[Worker-5] Compartir
[Worker-5] Marcar como favorito
[Worker-5] Año modelo
[Worker-5] 2025
[Worker-5] Kilometraje
[Worker-5] 1,200 km
[Worker-5] Transmisión
[Worker-5] Automática - Secuencial
[Worker-5] Descripción
[Worker-5] BMW 520I último modelo, del 2025, solo míl kilómetros, único dueño, tapiz de cuero, techo panorámico, parlantes Hartman kardom, todos los extras electrónicos de un BMW. Impecable, Garantía y servicios gratis por 3 años. $ 60500 mil dólares. Favor no
[Worker-5] Seguir leyendo
[Worker-5] Te recomendamos:
[Worker-5] ¿Te toca renovar tu SOAT?
[Worker-5] Verifica el estado de tu SOAT aquí y evita multas.
[Worker-5] Consultar SOAT
[Worker-5] Alquila autos con Kinto Share
[Worker-5] Que nada frene tus aventuras. Seguro,flexible y con garantia.
[Worker-5] Ver más
[Worker-5] Blog & Noticias
[Worker-5] Entérate de las últimas novedades del sector automotriz.
[Worker-5] Ver más
[Worker-5] Especificaciones técnicas
[Worker-5] Características
[Worker-5] Marca
[Worker-5] Bmw
[Worker-5] Modelo
[Worker-5] 520-i
[Worker-5] Año de fabricación
[Worker-5] 2025
[Worker-5] Categoría
[Worker-5] Sedán
[Worker-5] Combustible
[Worker-5] Gasolina
[Worker-5] Número de puertas
[Worker-5] 4
[Worker-5] Tracción
[Worker-5] 2WD
[Worker-5] Color
[Worker-5] Azul
[Worker-5] Número cilindros
[Worker-5] 4
[Worker-5] Cilindrada
[Worker-5] 2,000 cc
[Worker-5] Equipamiento
[Worker-5] Neblineros
[Worker-5] Full Equipo
[Worker-5] Computadora de abordo
[Worker-5] Parlantes/Bajos
[Worker-5] Radio MP3
[Worker-5] Retrovisores Eléctricos
[Worker-5] Exterior
[Worker-5] Aros de Aleación
[Worker-5] Seguridad
[Worker-5] Láminas de Seguridad
[Worker-5] Alarma
[Worker-5] Frenos ABS
[Worker-5] Repartidor electrónico de frenado
[Worker-5] Inmovilizador de motor
[Worker-5] Faros antiniebla delantero
[Worker-5] Airbag
[Worker-5] Extras
[Worker-5] Sunroof
[Worker-5] Asientos de cuero
[Worker-5] Climatizador
[Worker-5] Precios y costos
[Worker-5] Aún no tenemos suficiente información para determinar un rango de precio para este vehículo.
[Worker-5] Excelente
[Worker-5] Competitivo
[Worker-5] Premium
[Worker-5] (*) Precio referencial
[Worker-5] ¿Cómo se calcula este rango?
[Worker-5] ¿Te toca renovar tu SOAT?
[Worker-5] Verifica el estado de tu SOAT aquí y evita multas.
[Worker-5] Consultar SOAT
[Worker-5] Precio
[Worker-5] US$60,500
[Worker-5] Dscto. por adquirir el Crédito Vehicular
[Worker-5] -US$1,000*
[Worker-5] *Aplica si financias tu auto con Santander Consumer
[Worker-5] Contáctate con el anunciante
[Worker-5] Gonzalo De La Cruz
[Worker-5] 990 182...
[Worker-5] Más información
[Worker-5] Beneficios adicionales para ti:
[Worker-5] La mejor opción
[Worker-5] Financia tu auto con Santander Consumer
[Worker-5] Paga desde:
[Worker-5] US$59,500 o
[Worker-5] US$1,613/mes*
[Worker-5] Simular crédito
[Worker-5] (*) Cuota mensual referencial. Calculada a 60 meses, 20% de inicial y TEA de 20.99%. No incluye seguro vehicular.
[Worker-5] Solicita tu Préstamo Personal hasta de S/45,000
[Worker-5] Me interesa
[Worker-5] Seminuevos
[Worker-5] Autos
[Worker-5] Motos
[Worker-5] Camiones
[Worker-5] Usados
[Worker-5] Autos
[Worker-5] Motos
[Worker-5] Camiones
[Worker-5] Nuevos
[Worker-5] Autos
[Worker-5] Camiones
[Worker-5] Ayuda
[Worker-5] Términos y condiciones
[Worker-5] Políticas de publicación
[Worker-5] ¿Cómo protegemos tus datos?
[Worker-5] Legales
[Worker-5] Sobre NeoAuto
[Worker-5] Noticias
[Worker-5] Tips y guías
[Worker-5] Ayuda en línea
[Worker-5] © 2024 NeoAuto Inc. Todos los derechos reservados
[Worker-5] Síguenos
[Worker-5] Descripción: {"@context":"https://schema.org","@graph":[{"@type":"Organization","@id":"https://neoauto.com/#organ...
[Worker-5] Único dueño: No
[Worker-5] Datos guardados en: /home/richgutz/Scraper-Neoauto-ANTIGRAVITY/extractores/results_txt/semanal_result_20260126_172655_278d1e.txt
[Worker-1] Navegación rápida (sin acciones)
[Worker-1] Paso 4/4: URL Final...
[Worker-3] Intento 2: Page.click: Timeout 1000ms exceeded.
[Worker-3] Call log:
[Worker-3] - waiting for locator("button[class*='close']").locator("svg").locator("xpath=./ancestor::button")
[Worker-1] Scroll INICIAL para activar contenido...
[Worker-5] URLs restantes en urls_autos_random: 1938 | Procesadas en sesión: 12 | Próximo refresco en: 13 URLs
[Worker-6] No apareció popup de cookies
[Worker-5] URL obtenida y bloqueada desde urls_autos_random: https://neoauto.com/auto/usado/toyota-land-cruiser-prado-2014-1863476
[Worker-5] Iniciando extracción para: https://neoauto.com/auto/usado/toyota-land-cruiser-prado-2014-1863476
[Worker-5] Iniciando navegación...
[Worker-5] Marca extraída: 'toyota'
[Worker-5] Camino elegido (4 pasos).
[Worker-5] Paso 1/4: Página Principal...
[Worker-2] Intento 3: Popup no encontrado
[Worker-6] Intento 1: Page.click: Timeout 1000ms exceeded.
[Worker-6] Call log:
[Worker-6] - waiting for locator("button[class*='close']").locator("svg").locator("xpath=./ancestor::button")
[Worker-2] No se pudo cerrar el popup de satisfacción
[Worker-2] Popups manejados POST-scroll
[Worker-2] Scroll adicional de confirmación...
[Worker-5] Navegación rápida (sin acciones)
[Worker-5] Paso 2/4: Categoría 'Usados'...
[Worker-6] Intento 2: Page.click: Timeout 1000ms exceeded.
[Worker-6] Call log:
[Worker-6] - waiting for locator("button[class*='close']").locator("svg").locator("xpath=./ancestor::button")
[Worker-5] Navegación rápida (sin acciones)
[Worker-5] Paso 3/4: Filtro por Marca 'TOYOTA'...
[Worker-7] No apareció popup de cookies
[Worker-2] Título: Mazda 3 Sport 2009
[Worker-2] Precio: S/ nan
[Worker-7] Intento 1: Page.click: Timeout 1000ms exceeded.
[Worker-7] Call log:
[Worker-7] - waiting for locator("button[class*='close']").locator("svg").locator("xpath=./ancestor::button")
[Worker-2] Kilometraje: inf km
[Worker-2] Ubicación: ¡Arranca tu año sobre ruedas!
[Worker-2] Súbete a tu próximo seminuevo, el auto que mereces.
[Worker-2] ¡Arranca tu año sobre ruedas!
[Worker-2] Súbete a tu próximo seminuevo, el auto que mereces.
[Worker-2] ¡Arranca tu año sobre ruedas!
[Worker-2] Súbete a tu próximo seminuevo, el auto que mereces.
[Worker-2] ¡Arranca tu año sobre ruedas!
[Worker-2] Súbete a tu próximo seminuevo, el auto que mereces.
[Worker-2] Iniciar sesión
[Worker-2] Quiero vender
[Worker-2] Comprar
[Worker-2] Quiero vender
[Worker-2] Financiamiento
[Worker-2] Alquilar
[Worker-2] Nuevo
[Worker-2] Seguros
[Worker-2] Eventos
[Worker-2] Publicidad
[Worker-2] Ver fotos
[Worker-2] Autos usados
[Worker-2] Mazda
[Worker-2] 3 Sport
[Worker-2] Mazda 3 Sport 2009
[Worker-2] Lima, Lima, Lima
[Worker-2] Publicado hace unos días
[Worker-2] 161 vistas
[Worker-2] Reportar aviso
[Worker-2] Compartir
[Worker-2] Marcar como favorito
[Worker-2] Mazda 3 Sport 2009
[Worker-2] Reportar aviso
[Worker-2] Compartir
[Worker-2] Marcar como favorito
[Worker-2] Año modelo
[Worker-2] 2009
[Worker-2] Kilometraje
[Worker-2] 76,000 km
[Worker-2] Transmisión
[Worker-2] Mecánica
[Worker-2] Descripción
[Worker-2] 2008-09 MAZDA3 versión MAZDASPEED3 japones Motor de 2.3 litros turbo alimentado de 263 caballos y 280 libras de torque De cero a 100 en 5.5 a 6.3 segundos Caja mecánica de 6 velocidades suspensión deportiva El icónico motor MZR 2.3 EN PERFECTAS CONDI...
[Worker-2] Seguir leyendo
[Worker-2] Te recomendamos:
[Worker-2] ¿Te toca renovar tu SOAT?
[Worker-2] Verifica el estado de tu SOAT aquí y evita multas.
[Worker-2] Consultar SOAT
[Worker-2] Alquila autos con Kinto Share
[Worker-2] Que nada frene tus aventuras. Seguro,flexible y con garantia.
[Worker-2] Ver más
[Worker-2] Blog & Noticias
[Worker-2] Entérate de las últimas novedades del sector automotriz.
[Worker-2] Ver más
[Worker-2] Especificaciones técnicas
[Worker-2] Características
[Worker-2] Marca
[Worker-2] Mazda
[Worker-2] Modelo
[Worker-2] 3 SPORT
[Worker-2] Versión
[Worker-2] MAZDASPEED3
[Worker-2] Año de fabricación
[Worker-2] 2008
[Worker-2] Categoría
[Worker-2] Hatchback
[Worker-2] Combustible
[Worker-2] Gasolina
[Worker-2] Número de puertas
[Worker-2] 4
[Worker-2] Tracción
[Worker-2] Delantera
[Worker-2] Color
[Worker-2] Gris Metálico
[Worker-2] Número cilindros
[Worker-2] 4
[Worker-2] Cilindrada
[Worker-2] 2,300 cc
[Worker-2] Equipamiento
[Worker-2] Aire Acondicionado
[Worker-2] Full Equipo
[Worker-2] Computadora de abordo
[Worker-2] Parlantes/Bajos
[Worker-2] Radio CD
[Worker-2] Radio MP3
[Worker-2] Exterior
[Worker-2] Aros de Aleación
[Worker-2] Parrilla
[Worker-2] Seguridad
[Worker-2] Airbag
[Worker-2] Frenos ABS
[Worker-2] Precios y costos
[Worker-2] Aún no tenemos suficiente información para determinar un rango de precio para este vehículo.
[Worker-2] Excelente
[Worker-2] Competitivo
[Worker-2] Premium
[Worker-2] (*) Precio referencial
[Worker-2] ¿Cómo se calcula este rango?
[Worker-2] ¿Te toca renovar tu SOAT?
[Worker-2] Verifica el estado de tu SOAT aquí y evita multas.
[Worker-2] Consultar SOAT
[Worker-2] Precio
[Worker-2] US$8,500
[Worker-2] Contáctate con el anunciante
[Worker-2] Jaime Martin Salazar Pérez Barreto
[Worker-2] 900 456...
[Worker-2] Más información
[Worker-2] Beneficios adicionales para ti:
[Worker-2] Solicita tu Préstamo Personal hasta de S/45,000
[Worker-2] Me interesa
[Worker-2] Seminuevos
[Worker-2] Autos
[Worker-2] Motos
[Worker-2] Camiones
[Worker-2] Usados
[Worker-2] Autos
[Worker-2] Motos
[Worker-2] Camiones
[Worker-2] Nuevos
[Worker-2] Autos
[Worker-2] Camiones
[Worker-2] Ayuda
[Worker-2] Términos y condiciones
[Worker-2] Políticas de publicación
[Worker-2] ¿Cómo protegemos tus datos?
[Worker-2] Legales
[Worker-2] Sobre NeoAuto
[Worker-2] Noticias
[Worker-2] Tips y guías
[Worker-2] Ayuda en línea
[Worker-2] © 2024 NeoAuto Inc. Todos los derechos reservados
[Worker-2] Síguenos
[Worker-2] Descripción: {"@context":"https://schema.org","@graph":[{"@type":"Organization","@id":"https://neoauto.com/#organ...
[Worker-2] Único dueño: No
[Worker-2] Datos guardados en: /home/richgutz/Scraper-Neoauto-ANTIGRAVITY/extractores/results_txt/semanal_result_20260126_172705_571432.txt
[Worker-5] Navegación rápida (sin acciones)
[Worker-5] Paso 4/4: URL Final...
[Worker-4] Intento 1: Popup no encontrado
[Worker-5] Scroll INICIAL para activar contenido...
[Worker-8] Intento 1: Popup no encontrado
[Worker-7] Intento 2: Page.click: Timeout 1000ms exceeded.
[Worker-7] Call log:
[Worker-7] - waiting for locator("button[class*='close']").locator("svg").locator("xpath=./ancestor::button")
[Worker-2] URLs restantes en urls_autos_random: 1937 | Procesadas en sesión: 12 | Próximo refresco en: 13 URLs
[Worker-4] Intento 2: Popup no encontrado
[Worker-2] URL obtenida y bloqueada desde urls_autos_random: https://neoauto.com/auto/usado/nissan-x-trail-2019-1862436
[Worker-2] Iniciando extracción para: https://neoauto.com/auto/usado/nissan-x-trail-2019-1862436
[Worker-2] Iniciando navegación...
[Worker-2] Marca extraída: 'nissan'
[Worker-2] Camino elegido (4 pasos).
[Worker-2] Paso 1/4: Página Principal...
[Worker-8] Intento 2: Popup no encontrado
[Worker-1] No apareció popup de cookies
[Worker-2] Navegación rápida (sin acciones)
[Worker-2] Paso 2/4: Categoría 'Usados'...
[Worker-1] Intento 1: Page.click: Timeout 1000ms exceeded.
[Worker-1] Call log:
[Worker-1] - waiting for locator("button[class*='close']").locator("svg").locator("xpath=./ancestor::button")
[Worker-2] Navegación rápida (sin acciones)
[Worker-2] Paso 3/4: Filtro por Marca 'NISSAN'...
[Worker-2] Navegación rápida (sin acciones)
[Worker-2] Paso 4/4: URL Final...
[Worker-1] Intento 2: Page.click: Timeout 1000ms exceeded.
[Worker-1] Call log:
[Worker-1] - waiting for locator("button[class*='close']").locator("svg").locator("xpath=./ancestor::button")
[Worker-2] Scroll INICIAL para activar contenido...
[Worker-4] Intento 3: Popup no encontrado
[Worker-3] Intento 1: Popup no encontrado
[Worker-8] Intento 3: Popup no encontrado
[Worker-4] No se pudo cerrar el popup de satisfacción
[Worker-4] Popups manejados POST-scroll
[Worker-4] Scroll adicional de confirmación...
[Worker-8] No se pudo cerrar el popup de satisfacción
[Worker-8] Popups manejados POST-scroll
[Worker-8] Scroll adicional de confirmación...
[Worker-5] No apareció popup de cookies
[Worker-4] Título: Nissan Qashqai 2012
[Worker-4] Precio: S/ nan
[Worker-4] Kilometraje: 3.200200123452012e+227 km
[Worker-4] Ubicación: ¡Arranca tu año sobre ruedas!
[Worker-4] Súbete a tu próximo seminuevo, el auto que mereces.
[Worker-4] ¡Arranca tu año sobre ruedas!
[Worker-4] Súbete a tu próximo seminuevo, el auto que mereces.
[Worker-4] ¡Arranca tu año sobre ruedas!
[Worker-4] Súbete a tu próximo seminuevo, el auto que mereces.
[Worker-4] ¡Arranca tu año sobre ruedas!
[Worker-4] Súbete a tu próximo seminuevo, el auto que mereces.
[Worker-4] Iniciar sesión
[Worker-4] Quiero vender
[Worker-4] Comprar
[Worker-4] Quiero vender
[Worker-4] Financiamiento
[Worker-4] Alquilar
[Worker-4] Nuevo
[Worker-4] Seguros
[Worker-4] Eventos
[Worker-4] Publicidad
[Worker-4] Ver fotos
[Worker-4] Autos usados
[Worker-4] Nissan
[Worker-4] Qashqai
[Worker-4] Nissan Qashqai 2012
[Worker-4] Los Olivos, Lima, Lima
[Worker-4] Publicado hace una semana
[Worker-4] 114 vistas
[Worker-4] Reportar aviso
[Worker-4] Compartir
[Worker-4] Marcar como favorito
[Worker-4] Nissan Qashqai 2012
[Worker-4] Reportar aviso
[Worker-4] Compartir
[Worker-4] Marcar como favorito
[Worker-4] Año modelo
[Worker-4] 2012
[Worker-4] Kilometraje
[Worker-4] 144 km
[Worker-4] Transmisión
[Worker-4] Mecánica
[Worker-4] Descripción
[Worker-4] Vendo por mptivo de viaje, precio negociable en persona, uso particular # nueve cuatro cuatro seis tres cuatro nueve siete cero
[Worker-4] Te recomendamos:
[Worker-4] ¿Te toca renovar tu SOAT?
[Worker-4] Verifica el estado de tu SOAT aquí y evita multas.
[Worker-4] Consultar SOAT
[Worker-4] Alquila autos con Kinto Share
[Worker-4] Que nada frene tus aventuras. Seguro,flexible y con garantia.
[Worker-4] Ver más
[Worker-4] Blog & Noticias
[Worker-4] Entérate de las últimas novedades del sector automotriz.
[Worker-4] Ver más
[Worker-4] Especificaciones técnicas
[Worker-4] Características
[Worker-4] Marca
[Worker-4] Nissan
[Worker-4] Modelo
[Worker-4] QASHQAI
[Worker-4] Año de fabricación
[Worker-4] 2012
[Worker-4] Categoría
[Worker-4] Camioneta
[Worker-4] Combustible
[Worker-4] Gasolina
[Worker-4] Número de puertas
[Worker-4] 5
[Worker-4] Tracción
[Worker-4] 4x2
[Worker-4] Color
[Worker-4] Negro
[Worker-4] Número cilindros
[Worker-4] 6
[Worker-4] Cilindrada
[Worker-4] 2 cc
[Worker-4] Equipamiento
[Worker-4] Retrovisores Eléctricos
[Worker-4] Neblineros
[Worker-4] Aire Acondicionado
[Worker-4] Parlantes/Bajos
[Worker-4] Radio MP3
[Worker-4] Exterior
[Worker-4] Aros
[Worker-4] Aros de Aleación
[Worker-4] Seguridad
[Worker-4] Airbag
[Worker-4] Láminas de Seguridad
[Worker-4] Faros antiniebla delantero
[Worker-4] Frenos ABS
[Worker-4] Alarma
[Worker-4] Precios y costos
[Worker-4] Aún no tenemos suficiente información para determinar un rango de precio para este vehículo.
[Worker-4] Excelente
[Worker-4] Competitivo
[Worker-4] Premium
[Worker-4] (*) Precio referencial
[Worker-4] ¿Cómo se calcula este rango?
[Worker-4] ¿Te toca renovar tu SOAT?
[Worker-4] Verifica el estado de tu SOAT aquí y evita multas.
[Worker-4] Consultar SOAT
[Worker-4] Precio
[Worker-4] US$10,890
[Worker-4] Contáctate con el anunciante
[Worker-4] Roni Repoma Barrios
[Worker-4] 944 634...
[Worker-4] Más información
[Worker-4] Beneficios adicionales para ti:
[Worker-4] Solicita tu Préstamo Personal hasta de S/45,000
[Worker-4] Me interesa
[Worker-4] Seminuevos
[Worker-4] Autos
[Worker-4] Motos
[Worker-4] Camiones
[Worker-4] Usados
[Worker-4] Autos
[Worker-4] Motos
[Worker-4] Camiones
[Worker-4] Nuevos
[Worker-4] Autos
[Worker-4] Camiones
[Worker-4] Ayuda
[Worker-4] Términos y condiciones
[Worker-4] Políticas de publicación
[Worker-4] ¿Cómo protegemos tus datos?
[Worker-4] Legales
[Worker-4] Sobre NeoAuto
[Worker-4] Noticias
[Worker-4] Tips y guías
[Worker-4] Ayuda en línea
[Worker-4] © 2024 NeoAuto Inc. Todos los derechos reservados
[Worker-4] Síguenos
[Worker-8] Título: Chevrolet N-300 Work 2020
[Worker-4] Descripción: {"@context":"https://schema.org","@graph":[{"@type":"Organization","@id":"https://neoauto.com/#organ...
[Worker-4] Único dueño: No
[Worker-4] Datos guardados en: /home/richgutz/Scraper-Neoauto-ANTIGRAVITY/extractores/results_txt/semanal_result_20260126_172720_9d55a0.txt
[Worker-8] Precio: S/ nan
[Worker-8] Kilometraje: inf km
[Worker-8] Ubicación: ¡Arranca tu año sobre ruedas!
[Worker-8] Súbete a tu próximo seminuevo, el auto que mereces.
[Worker-8] ¡Arranca tu año sobre ruedas!
[Worker-8] Súbete a tu próximo seminuevo, el auto que mereces.
[Worker-8] ¡Arranca tu año sobre ruedas!
[Worker-8] Súbete a tu próximo seminuevo, el auto que mereces.
[Worker-8] ¡Arranca tu año sobre ruedas!
[Worker-8] Súbete a tu próximo seminuevo, el auto que mereces.
[Worker-8] Iniciar sesión
[Worker-8] Quiero vender
[Worker-8] Comprar
[Worker-8] Quiero vender
[Worker-8] Financiamiento
[Worker-8] Alquilar
[Worker-8] Nuevo
[Worker-8] Seguros
[Worker-8] Eventos
[Worker-8] Publicidad
[Worker-8] Ver fotos
[Worker-8] Autos usados
[Worker-8] Chevrolet
[Worker-8] N-300 Work
[Worker-8] Chevrolet N-300 Work 2020
[Worker-8] Lima, Lima, Lima
[Worker-8] Publicado hace más de un mes
[Worker-8] 271 vistas
[Worker-8] Reportar aviso
[Worker-8] Compartir
[Worker-8] Marcar como favorito
[Worker-8] Chevrolet N-300 Work 2020
[Worker-8] Reportar aviso
[Worker-8] Compartir
[Worker-8] Marcar como favorito
[Worker-8] Año modelo
[Worker-8] 2020
[Worker-8] Kilometraje
[Worker-8] 120,000 km
[Worker-8] Transmisión
[Worker-8] Mecánica
[Worker-8] Descripción
[Worker-8] Vendo Chevrolet N300 WORK, camioneta de carga lista para trabajar de inmediato. Económica en combustible y con mantenimiento anual al día, combina resistencia, confiabilidad y durabilidad, soportando cargas pesadas sin problemas. Motor y transmisión
[Worker-8] Seguir leyendo
[Worker-8] Te recomendamos:
[Worker-8] ¿Te toca renovar tu SOAT?
[Worker-8] Verifica el estado de tu SOAT aquí y evita multas.
[Worker-8] Consultar SOAT
[Worker-8] Alquila autos con Kinto Share
[Worker-8] Que nada frene tus aventuras. Seguro,flexible y con garantia.
[Worker-8] Ver más
[Worker-8] Blog & Noticias
[Worker-8] Entérate de las últimas novedades del sector automotriz.
[Worker-8] Ver más
[Worker-8] Especificaciones técnicas
[Worker-8] Características
[Worker-8] Marca
[Worker-8] Chevrolet
[Worker-8] Modelo
[Worker-8] N-300 WORK
[Worker-8] Año de fabricación
[Worker-8] 2020
[Worker-8] Categoría
[Worker-8] Pick Up
[Worker-8] Combustible
[Worker-8] Gasolina
[Worker-8] Número de puertas
[Worker-8] 2
[Worker-8] Color
[Worker-8] Blanco
[Worker-8] Número cilindros
[Worker-8] 4
[Worker-8] Cilindrada
[Worker-8] 1,485 cc
[Worker-8] Seguridad
[Worker-8] Localizador (GPS)
[Worker-8] Airbag
[Worker-8] Precios y costos
[Worker-8] Aún no tenemos suficiente información para determinar un rango de precio para este vehículo.
[Worker-8] Excelente
[Worker-8] Competitivo
[Worker-8] Premium
[Worker-8] (*) Precio referencial
[Worker-8] ¿Cómo se calcula este rango?
[Worker-8] ¿Te toca renovar tu SOAT?
[Worker-8] Verifica el estado de tu SOAT aquí y evita multas.
[Worker-8] Consultar SOAT
[Worker-8] Precio
[Worker-8] US$8,100
[Worker-8] Contáctate con el anunciante
[Worker-8] Brenny Baldeon Bermudez
[Worker-8] 951 166...
[Worker-8] Más información
[Worker-8] Beneficios adicionales para ti:
[Worker-8] La mejor opción
[Worker-8] Financia tu auto con Santander Consumer
[Worker-8] Paga desde:
[Worker-8] US$224/mes*
[Worker-8] Simular crédito
[Worker-8] (*) Cuota mensual referencial. Calculada a 60 meses, 20% de inicial y TEA de 20.99%. No incluye seguro vehicular.
[Worker-8] Solicita tu Préstamo Personal hasta de S/45,000
[Worker-8] Me interesa
[Worker-8] Vehículos similares
[Worker-8] Ver todos los vehículos
[Worker-8] Ocasión
[Worker-8] Volkswagen Amarok 2016
[Worker-8] 144,500km
[Worker-8] TRENDLINE BITDI...
[Worker-8] Automática
[Worker-8] Diesel
[Worker-8] Precio
[Worker-8] US$17,500
[Worker-8] Ver detalle
[Worker-8] Vehículo de: Rayso Luis Higa Diez
[Worker-8] Ford Ranger Limited 2022
[Worker-8] 35,600km
[Worker-8] LIMITED
[Worker-8] Automática - Se...
[Worker-8] Diesel
[Worker-8] Precio
[Worker-8] US$33,500
[Worker-8] Con Crédito Vehicular
[Worker-8] US$898/mes
[Worker-8] Ver detalle
[Worker-8] Vehículo de: Juan Llantoy
[Worker-8] Como nuevo
[Worker-8] Mitsubishi L200 2022
[Worker-8] 5,000km
[Worker-8] 4X2 2.4 TD GLX ...
[Worker-8] Mecánica
[Worker-8] Diesel
[Worker-8] Precio
[Worker-8] US$24,000
[Worker-8] Con Crédito Vehicular
[Worker-8] US$23,000
[Worker-8] Ver detalle
[Worker-8] Vehículo de: Franco Eliot Mares Aldana
[Worker-8] Premium
[Worker-8] Renault Oroch 2023
[Worker-8] 70,000km
[Worker-8] Mecánica
[Worker-8] Gasolina
[Worker-8] Precio
[Worker-8] US$13,500
[Worker-8] Con Crédito Vehicular
[Worker-8] US$367/mes
[Worker-8] Ver detalle
[Worker-8] Vehículo de: Alexander Toribio
[Worker-8] De lujo
[Worker-8] Volkswagen Amarok 2016
[Worker-8] 256,000km
[Worker-8] HIGHLINE BITDI ...
[Worker-8] Automática
[Worker-8] Diesel
[Worker-8] Precio
[Worker-8] US$19,500
[Worker-8] Ver detalle
[Worker-8] Vehículo de: Michael Huaracallo Guerrero
[Worker-8] Mahindra Pik Up 2017
[Worker-8] 142,000km
[Worker-8] Mecánica
[Worker-8] Diesel
[Worker-8] Precio
[Worker-8] US$10,100
[Worker-8] Ver detalle
[Worker-8] Vehículo de: jesus apsa taje
[Worker-8] Ocasión
[Worker-8] Mahindra Pik Up 2018
[Worker-8] 118,000km
[Worker-8] DC 4X2 S4
[Worker-8] Mecánica
[Worker-8] Diesel
[Worker-8] Precio
[Worker-8] US$10,500
[Worker-8] Con Crédito Vehicular
[Worker-8] US$383/mes
[Worker-8] Ver detalle
[Worker-8] Vehículo de: JHOSSY DIOMEDES CHIRCCA
[Worker-8] Ford Ranger Limited 2022
[Worker-8] 30,500km
[Worker-8] LIMITED
[Worker-8] Automática - Se...
[Worker-8] Diesel
[Worker-8] Precio
[Worker-8] US$33,000
[Worker-8] Con Crédito Vehicular
[Worker-8] US$884/mes
[Worker-8] Ver detalle
[Worker-8] Vehículo de: Gianpier Muchaypiña
[Worker-8] Seminuevos
[Worker-8] Autos
[Worker-8] Motos
[Worker-8] Camiones
[Worker-8] Usados
[Worker-8] Autos
[Worker-8] Motos
[Worker-8] Camiones
[Worker-8] Nuevos
[Worker-8] Autos
[Worker-8] Camiones
[Worker-8] Ayuda
[Worker-8] Términos y condiciones
[Worker-8] Políticas de publicación
[Worker-8] ¿Cómo protegemos tus datos?
[Worker-8] Legales
[Worker-8] Sobre NeoAuto
[Worker-8] Noticias
[Worker-8] Tips y guías
[Worker-8] Ayuda en línea
[Worker-8] © 2024 NeoAuto Inc. Todos los derechos reservados
[Worker-8] Síguenos
[Worker-8] Descripción: {"@context":"https://schema.org","@graph":[{"@type":"Organization","@id":"https://neoauto.com/#organ...
[Worker-8] Único dueño: Sí
[Worker-8] Datos guardados en: /home/richgutz/Scraper-Neoauto-ANTIGRAVITY/extractores/results_txt/semanal_result_20260126_172720_a53847.txt
[Worker-5] Intento 1: Page.click: Timeout 1000ms exceeded.
[Worker-5] Call log:
[Worker-5] - waiting for locator("button[class*='close']").locator("svg").locator("xpath=./ancestor::button")
[Worker-3] Intento 2: Popup no encontrado
[Worker-6] Intento 1: Popup no encontrado
[Worker-5] Intento 2: Page.click: Timeout 1000ms exceeded.
[Worker-5] Call log:
[Worker-5] - waiting for locator("button[class*='close']").locator("svg").locator("xpath=./ancestor::button")
[Worker-4] URLs restantes en urls_autos_random: 1935 | Procesadas en sesión: 12 | Próximo refresco en: 13 URLs
[Worker-4] URL obtenida y bloqueada desde urls_autos_random: https://neoauto.com/auto/usado/toyota-corona-1971-1855688
[Worker-4] Iniciando extracción para: https://neoauto.com/auto/usado/toyota-corona-1971-1855688
[Worker-4] Iniciando navegación...
[Worker-4] Marca extraída: 'toyota'
[Worker-4] Camino elegido (4 pasos).
[Worker-4] Paso 1/4: Página Principal...
[Worker-4] Navegación rápida (sin acciones)
[Worker-4] Paso 2/4: Categoría 'Usados'...
[Worker-7] Intento 1: Popup no encontrado
[Worker-8] URLs restantes en urls_autos_random: 1933 | Procesadas en sesión: 12 | Próximo refresco en: 13 URLs
[Worker-4] Navegación rápida (sin acciones)
[Worker-4] Paso 3/4: Filtro por Marca 'TOYOTA'...
[Worker-8] URL obtenida y bloqueada desde urls_autos_random: https://neoauto.com/auto/usado/bmw-x-3-2015-1860706
[Worker-8] Iniciando extracción para: https://neoauto.com/auto/usado/bmw-x-3-2015-1860706
[Worker-8] Iniciando navegación...
[Worker-8] Marca extraída: 'bmw'
[Worker-8] Camino elegido (4 pasos).
[Worker-8] Paso 1/4: Página Principal...
[Worker-3] Intento 3: Popup no encontrado
[Worker-6] Intento 2: Popup no encontrado
[Worker-3] No se pudo cerrar el popup de satisfacción
[Worker-3] Popups manejados POST-scroll
[Worker-3] Scroll adicional de confirmación...
[Worker-4] Navegación rápida (sin acciones)
[Worker-4] Paso 4/4: URL Final...
[Worker-8] Navegación rápida (sin acciones)
[Worker-8] Paso 2/4: Categoría 'Usados'...
[Worker-4] Scroll INICIAL para activar contenido...
[Worker-2] No apareció popup de cookies
[Worker-8] Navegación rápida (sin acciones)
[Worker-8] Paso 3/4: Filtro por Marca 'BMW'...
[Worker-2] Intento 1: Page.click: Timeout 1000ms exceeded.
[Worker-2] Call log:
[Worker-2] - waiting for locator("button[class*='close']").locator("svg").locator("xpath=./ancestor::button")
[Worker-7] Intento 2: Popup no encontrado
[Worker-3] Título: Mitsubishi Montero Sport 2016
[Worker-3] Precio: S/ nan
[Worker-3] Kilometraje: inf km
[Worker-3] Ubicación: ¡Arranca tu año sobre ruedas!
[Worker-3] Súbete a tu próximo seminuevo, el auto que mereces.
[Worker-3] ¡Arranca tu año sobre ruedas!
[Worker-3] Súbete a tu próximo seminuevo, el auto que mereces.
[Worker-3] ¡Arranca tu año sobre ruedas!
[Worker-3] Súbete a tu próximo seminuevo, el auto que mereces.
[Worker-3] ¡Arranca tu año sobre ruedas!
[Worker-3] Súbete a tu próximo seminuevo, el auto que mereces.
[Worker-3] Iniciar sesión
[Worker-3] Quiero vender
[Worker-3] Comprar
[Worker-3] Quiero vender
[Worker-3] Financiamiento
[Worker-3] Alquilar
[Worker-3] Nuevo
[Worker-3] Seguros
[Worker-3] Eventos
[Worker-3] Publicidad
[Worker-3] Ver fotos
[Worker-3] Autos usados
[Worker-3] Mitsubishi
[Worker-3] Montero Sport
[Worker-3] Mitsubishi Montero Sport 2016
[Worker-3] La Molina, Lima, Lima
[Worker-3] Publicado hace más de un mes
[Worker-3] 1,506 vistas
[Worker-3] Reportar aviso
[Worker-3] Compartir
[Worker-3] Marcar como favorito
[Worker-3] Mitsubishi Montero Sport 2016
[Worker-3] Reportar aviso
[Worker-3] Compartir
[Worker-3] Marcar como favorito
[Worker-3] Año modelo
[Worker-3] 2016
[Worker-3] Kilometraje
[Worker-3] 100,000 km
[Worker-3] Transmisión
[Worker-3] Automática - Secuencial
[Worker-3] Descripción
[Worker-3] MITSUBISHI MONTERO SPORT, VERSION TOPE DE LINEA. Vehículo de uso gerencial. Utilizada solo en ciudad.
[Worker-3] Estado IMPECABLE por dentro y por fuera.
[Worker-3] Características principales:
[Worker-3] Caja automática
[Worker-3] Mantenimientos en concesionario Mitsubishi
[Worker-3] Interi...
[Worker-3] Seguir leyendo
[Worker-3] Te recomendamos:
[Worker-3] ¿Te toca renovar tu SOAT?
[Worker-3] Verifica el estado de tu SOAT aquí y evita multas.
[Worker-3] Consultar SOAT
[Worker-3] Alquila autos con Kinto Share
[Worker-3] Que nada frene tus aventuras. Seguro,flexible y con garantia.
[Worker-3] Ver más
[Worker-3] Blog & Noticias
[Worker-3] Entérate de las últimas novedades del sector automotriz.
[Worker-3] Ver más
[Worker-3] Especificaciones técnicas
[Worker-3] Características
[Worker-3] Marca
[Worker-3] Mitsubishi
[Worker-3] Modelo
[Worker-3] MONTERO SPORT
[Worker-3] Versión
[Worker-3] 2.4 HP TDI GLS AT 4X4
[Worker-3] Versión
[Worker-3] 2.4 HP TDI GLS AT 4X4
[Worker-3] Año de fabricación
[Worker-3] 2016
[Worker-3] Categoría
[Worker-3] Camioneta
[Worker-3] Combustible
[Worker-3] Diesel
[Worker-3] Número de puertas
[Worker-3] 5
[Worker-3] Tracción
[Worker-3] 4x4
[Worker-3] Color
[Worker-3] Marrón Perlado
[Worker-3] Número cilindros
[Worker-3] 4
[Worker-3] Cilindrada
[Worker-3] 2,500 cc
[Worker-3] Equipamiento
[Worker-3] Retrovisores Eléctricos
[Worker-3] Neblineros
[Worker-3] Aire Acondicionado
[Worker-3] Full Equipo
[Worker-3] Parlantes/Bajos
[Worker-3] Exterior
[Worker-3] Aros de Aleación
[Worker-3] Parrilla
[Worker-3] Seguridad
[Worker-3] Airbag
[Worker-3] Láminas de Seguridad
[Worker-3] Faros antiniebla delantero
[Worker-3] Frenos ABS
[Worker-3] Extras
[Worker-3] Sunroof
[Worker-3] Asientos de cuero
[Worker-3] Climatizador
[Worker-3] Precios y costos
[Worker-3] Aún no tenemos suficiente información para determinar un rango de precio para este vehículo.
[Worker-3] Excelente
[Worker-3] Competitivo
[Worker-3] Premium
[Worker-3] (*) Precio referencial
[Worker-3] ¿Cómo se calcula este rango?
[Worker-3] ¿Te toca renovar tu SOAT?
[Worker-3] Verifica el estado de tu SOAT aquí y evita multas.
[Worker-3] Consultar SOAT
[Worker-3] Precio
[Worker-3] US$33,000
[Worker-3] Contáctate con el anunciante
[Worker-3] Javier Vivas
[Worker-3] 955 739...
[Worker-3] Más información
[Worker-3] Beneficios adicionales para ti:
[Worker-3] La mejor opción
[Worker-3] Financia tu auto con Santander Consumer
[Worker-3] Paga desde:
[Worker-3] US$2,701/mes*
[Worker-3] Simular crédito
[Worker-3] (*) Cuota mensual referencial. Calculada a 12 meses, 20% de inicial y TEA de 20.99%. No incluye seguro vehicular.
[Worker-3] Solicita tu Préstamo Personal hasta de S/45,000
[Worker-3] Me interesa
[Worker-3] Seminuevos
[Worker-3] Autos
[Worker-3] Motos
[Worker-3] Camiones
[Worker-3] Usados
[Worker-3] Autos
[Worker-3] Motos
[Worker-3] Camiones
[Worker-3] Nuevos
[Worker-3] Autos
[Worker-3] Camiones
[Worker-3] Ayuda
[Worker-3] Términos y condiciones
[Worker-3] Políticas de publicación
[Worker-3] ¿Cómo protegemos tus datos?
[Worker-3] Legales
[Worker-3] Sobre NeoAuto
[Worker-3] Noticias
[Worker-3] Tips y guías
[Worker-3] Ayuda en línea
[Worker-3] © 2024 NeoAuto Inc. Todos los derechos reservados
[Worker-3] Síguenos
[Worker-3] Descripción: {"@context":"https://schema.org","@graph":[{"@type":"Organization","@id":"https://neoauto.com/#organ...
[Worker-3] Único dueño: No
[Worker-3] Datos guardados en: /home/richgutz/Scraper-Neoauto-ANTIGRAVITY/extractores/results_txt/semanal_result_20260126_172731_b87f9e.txt
[Worker-6] Intento 3: Popup no encontrado
[Worker-2] Intento 2: Page.click: Timeout 1000ms exceeded.
[Worker-2] Call log:
[Worker-2] - waiting for locator("button[class*='close']").locator("svg").locator("xpath=./ancestor::button")
[Worker-6] No se pudo cerrar el popup de satisfacción
[Worker-6] Popups manejados POST-scroll
[Worker-6] Scroll adicional de confirmación...
[Worker-8] Navegación rápida (sin acciones)
[Worker-8] Paso 4/4: URL Final...
[Worker-1] Intento 1: Popup no encontrado
[Worker-8] Scroll INICIAL para activar contenido...
[Worker-7] Intento 3: Popup no encontrado
[Worker-6] Título: Ford Ecosport 2014
[Worker-6] Precio: S/ nan
[Worker-6] Ubicación: ¡Arranca tu año sobre ruedas!
[Worker-6] Súbete a tu próximo seminuevo, el auto que mereces.
[Worker-6] ¡Arranca tu año sobre ruedas!
[Worker-6] Súbete a tu próximo seminuevo, el auto que mereces.
[Worker-6] ¡Arranca tu año sobre ruedas!
[Worker-6] Súbete a tu próximo seminuevo, el auto que mereces.
[Worker-6] ¡Arranca tu año sobre ruedas!
[Worker-6] Súbete a tu próximo seminuevo, el auto que mereces.
[Worker-6] Iniciar sesión
[Worker-6] Quiero vender
[Worker-6] Comprar
[Worker-6] Quiero vender
[Worker-6] Financiamiento
[Worker-6] Alquilar
[Worker-6] Nuevo
[Worker-6] Seguros
[Worker-6] Eventos
[Worker-6] Publicidad
[Worker-6] Ver fotos
[Worker-6] Auto Verificado
[Worker-6] Autos usados
[Worker-6] Ford
[Worker-6] Ecosport
[Worker-6] Ford Ecosport 2014
[Worker-6] Miraflores, Lima, Lima
[Worker-6] Publicado hace más de una semana
[Worker-6] 1,888 vistas
[Worker-6] Reportar aviso
[Worker-6] Compartir
[Worker-6] Marcar como favorito
[Worker-6] Ford Ecosport 2014
[Worker-6] Reportar aviso
[Worker-6] Compartir
[Worker-6] Marcar como favorito
[Worker-6] Descripción
[Worker-6] Este es un auto verificado
[Worker-6] El auto ha sido revisado y certificado por IBR PERÚ S.A.
[Worker-6] Libre de papeletas*
[Worker-6] Sin deudas de impuesto vehicular*
[Worker-6] Revisión técnica al día*
[Worker-6] SOAT vigente*
[Worker-6] Revisado al 13/01/2026. No incluye revisión mecánica.
[Worker-6] *Para mayor información, ingresa aquí.
[Worker-6] Te recomendamos:
[Worker-6] ¿Te toca renovar tu SOAT?
[Worker-6] Verifica el estado de tu SOAT aquí y evita multas.
[Worker-6] Consultar SOAT
[Worker-6] Alquila autos con Kinto Share
[Worker-6] Que nada frene tus aventuras. Seguro,flexible y con garantia.
[Worker-6] Ver más
[Worker-6] Blog & Noticias
[Worker-6] Entérate de las últimas novedades del sector automotriz.
[Worker-6] Ver más
[Worker-6] Especificaciones técnicas
[Worker-6] Características
[Worker-6] Marca
[Worker-6] Ford
[Worker-6] Modelo
[Worker-6] ECOSPORT
[Worker-6] Versión
[Worker-6] 1.6 MT - 4X2 TITANIUM
[Worker-6] Versión
[Worker-6] 1.6 MT - 4X2 TITANIUM
[Worker-6] Año de fabricación
[Worker-6] 2013
[Worker-6] Categoría
[Worker-6] Camioneta
[Worker-6] Combustible
[Worker-6] Gasolina
[Worker-6] Número de puertas
[Worker-6] 4
[Worker-6] Tracción
[Worker-6] 4x2
[Worker-6] Color
[Worker-6] Rojo
[Worker-6] Número cilindros
[Worker-6] 4
[Worker-6] Cilindrada
[Worker-6] 1,600 cc
[Worker-6] Equipamiento
[Worker-6] Retrovisores Eléctricos
[Worker-6] Neblineros
[Worker-6] Aire Acondicionado
[Worker-6] Full Equipo
[Worker-6] Computadora de abordo
[Worker-6] Radio CD
[Worker-6] Exterior
[Worker-6] Aros de Aleación
[Worker-6] Seguridad
[Worker-6] Airbag
[Worker-6] Faros antiniebla delantero
[Worker-6] Frenos ABS
[Worker-6] Extras
[Worker-6] Climatizador
[Worker-6] Precios y costos
[Worker-6] Este aviso
[Worker-6] US$12,900
[Worker-6] Precio de mercado
[Worker-6] US$10,950*
[Worker-6] Excelente
[Worker-6] Competitivo
[Worker-6] Premium
[Worker-6] (*) Precio referencial
[Worker-6] ¿Cómo se calcula este rango?
[Worker-6] ¿Te toca renovar tu SOAT?
[Worker-6] Verifica el estado de tu SOAT aquí y evita multas.
[Worker-6] Consultar SOAT
[Worker-6] Precio
[Worker-6] US$12,900
[Worker-6] Contáctate con el anunciante
[Worker-6] Alexis Quiroz
[Worker-6] 992 129...
[Worker-6] Más información
[Worker-6] Beneficios adicionales para ti:
[Worker-6] La mejor opción
[Worker-6] Financia tu auto con Santander Consumer
[Worker-6] Paga desde:
[Worker-6] US$1,069/mes*
[Worker-6] Simular crédito
[Worker-6] (*) Cuota mensual referencial. Calculada a 12 meses, 20% de inicial y TEA de 20.99%. No incluye seguro vehicular.
[Worker-6] Solicita tu Préstamo Personal hasta de S/45,000
[Worker-6] Me interesa
[Worker-6] Seminuevos
[Worker-6] Autos
[Worker-6] Motos
[Worker-6] Camiones
[Worker-6] Usados
[Worker-6] Autos
[Worker-6] Motos
[Worker-6] Camiones
[Worker-6] Nuevos
[Worker-6] Autos
[Worker-6] Camiones
[Worker-6] Ayuda
[Worker-6] Términos y condiciones
[Worker-6] Políticas de publicación
[Worker-6] ¿Cómo protegemos tus datos?
[Worker-6] Legales
[Worker-6] Sobre NeoAuto
[Worker-6] Noticias
[Worker-6] Tips y guías
[Worker-6] Ayuda en línea
[Worker-6] © 2024 NeoAuto Inc. Todos los derechos reservados
[Worker-6] Síguenos
[Worker-3] URLs restantes en urls_autos_random: 1931 | Procesadas en sesión: 12 | Próximo refresco en: 13 URLs
[Worker-6] Descripción: {"@context":"https://schema.org","@graph":[{"@type":"Organization","@id":"https://neoauto.com/#organ...
[Worker-6] Único dueño: No
[Worker-6] Datos guardados en: /home/richgutz/Scraper-Neoauto-ANTIGRAVITY/extractores/results_txt/semanal_result_20260126_172736_286c47.txt
[Worker-7] No se pudo cerrar el popup de satisfacción
[Worker-7] Popups manejados POST-scroll
[Worker-7] Scroll adicional de confirmación...
[Worker-3] URL obtenida y bloqueada desde urls_autos_random: https://neoauto.com/auto/usado/hyundai-h-1-2021-1861342
[Worker-3] Iniciando extracción para: https://neoauto.com/auto/usado/hyundai-h-1-2021-1861342
[Worker-3] Iniciando navegación...
[Worker-3] Marca extraída: 'hyundai'
[Worker-3] Camino elegido (4 pasos).
[Worker-3] Paso 1/4: Página Principal...
[Worker-3] Navegación rápida (sin acciones)
[Worker-3] Paso 2/4: Categoría 'Usados'...
[Worker-6] URLs restantes en urls_autos_random: 1930 | Procesadas en sesión: 12 | Próximo refresco en: 13 URLs
[Worker-1] Intento 2: Popup no encontrado
[Worker-7] Título: Toyota Land Cruiser Prado 2011
[Worker-6] URL obtenida y bloqueada desde urls_autos_random: https://neoauto.com/auto/usado/mercedes-benz-b180-2012-1848854
[Worker-6] Iniciando extracción para: https://neoauto.com/auto/usado/mercedes-benz-b180-2012-1848854
[Worker-6] Iniciando navegación...
[Worker-6] Marca extraída: 'mercedes'
[Worker-6] Camino elegido (4 pasos).
[Worker-6] Paso 1/4: Página Principal...
[Worker-7] Precio: S/ nan
[Worker-7] Kilometraje: 3.2002001234520114e+278 km
[Worker-7] Ubicación: ¡Arranca tu año sobre ruedas!
[Worker-7] Súbete a tu próximo seminuevo, el auto que mereces.
[Worker-7] ¡Arranca tu año sobre ruedas!
[Worker-7] Súbete a tu próximo seminuevo, el auto que mereces.
[Worker-7] ¡Arranca tu año sobre ruedas!
[Worker-7] Súbete a tu próximo seminuevo, el auto que mereces.
[Worker-7] ¡Arranca tu año sobre ruedas!
[Worker-7] Súbete a tu próximo seminuevo, el auto que mereces.
[Worker-7] Iniciar sesión
[Worker-7] Quiero vender
[Worker-7] Comprar
[Worker-7] Quiero vender
[Worker-7] Financiamiento
[Worker-7] Alquilar
[Worker-7] Nuevo
[Worker-7] Seguros
[Worker-7] Eventos
[Worker-7] Publicidad
[Worker-7] Ver fotos
[Worker-7] Autos usados
[Worker-7] Toyota
[Worker-7] Land Cruiser Prado
[Worker-7] Toyota Land Cruiser Prado 2011
[Worker-7] Arequipa, Arequipa, Arequipa
[Worker-7] Publicado hace más de una semana
[Worker-7] 447 vistas
[Worker-7] Reportar aviso
[Worker-7] Compartir
[Worker-7] Marcar como favorito
[Worker-7] Toyota Land Cruiser Prado 2011
[Worker-7] Reportar aviso
[Worker-7] Compartir
[Worker-7] Marcar como favorito
[Worker-7] Año modelo
[Worker-7] 2011
[Worker-7] Kilometraje
[Worker-7] 200,000 km
[Worker-7] Transmisión
[Worker-7] Mecánica
[Worker-7] Descripción
[Worker-7] Camioneta en muy buen estado y todos los equipamientos originales al 100% operativos, 4x4 único dueño comprado desde tienda, ningún problema en todas las rutas de viaje, camioneta altamente confiable.
[Worker-7] Te recomendamos:
[Worker-7] ¿Te toca renovar tu SOAT?
[Worker-7] Verifica el estado de tu SOAT aquí y evita multas.
[Worker-7] Consultar SOAT
[Worker-7] Alquila autos con Kinto Share
[Worker-7] Que nada frene tus aventuras. Seguro,flexible y con garantia.
[Worker-7] Ver más
[Worker-7] Blog & Noticias
[Worker-7] Entérate de las últimas novedades del sector automotriz.
[Worker-7] Ver más
[Worker-7] Especificaciones técnicas
[Worker-7] Características
[Worker-7] Marca
[Worker-7] Toyota
[Worker-7] Modelo
[Worker-7] LAND CRUISER PRADO
[Worker-7] Versión
[Worker-7] 2.7 TX-L AT
[Worker-7] Versión
[Worker-7] 2.7 TX-L AT
[Worker-7] Año de fabricación
[Worker-7] 2011
[Worker-7] Categoría
[Worker-7] Camioneta
[Worker-7] Combustible
[Worker-7] Gasolina
[Worker-7] Número de puertas
[Worker-7] 5
[Worker-7] Tracción
[Worker-7] 4x4
[Worker-7] Color
[Worker-7] Beige
[Worker-7] Cilindrada
[Worker-7] 2,700 cc
[Worker-7] Equipamiento
[Worker-7] Retrovisores Eléctricos
[Worker-7] Neblineros
[Worker-7] Aire Acondicionado
[Worker-7] Full Equipo
[Worker-7] Parlantes/Bajos
[Worker-7] Radio MP3
[Worker-7] Exterior
[Worker-7] Aros de Aleación
[Worker-7] Seguridad
[Worker-7] Airbag
[Worker-7] Láminas de Seguridad
[Worker-7] Repartidor electrónico de frenado
[Worker-7] Frenos ABS
[Worker-7] Extras
[Worker-7] Climatizador
[Worker-7] Precios y costos
[Worker-7] Aún no tenemos suficiente información para determinar un rango de precio para este vehículo.
[Worker-7] Excelente
[Worker-7] Competitivo
[Worker-7] Premium
[Worker-7] (*) Precio referencial
[Worker-7] ¿Cómo se calcula este rango?
[Worker-7] ¿Te toca renovar tu SOAT?
[Worker-7] Verifica el estado de tu SOAT aquí y evita multas.
[Worker-7] Consultar SOAT
[Worker-7] Precio
[Worker-7] US$21,800
[Worker-7] Contáctate con el anunciante
[Worker-7] Ruben Centeno
[Worker-7] 967 736...
[Worker-7] Más información
[Worker-7] Beneficios adicionales para ti:
[Worker-7] Solicita tu Préstamo Personal hasta de S/45,000
[Worker-7] Me interesa
[Worker-7] Seminuevos
[Worker-7] Autos
[Worker-7] Motos
[Worker-7] Camiones
[Worker-7] Usados
[Worker-7] Autos
[Worker-7] Motos
[Worker-7] Camiones
[Worker-7] Nuevos
[Worker-7] Autos
[Worker-7] Camiones
[Worker-7] Ayuda
[Worker-7] Términos y condiciones
[Worker-7] Políticas de publicación
[Worker-7] ¿Cómo protegemos tus datos?
[Worker-7] Legales
[Worker-7] Sobre NeoAuto
[Worker-7] Noticias
[Worker-7] Tips y guías
[Worker-7] Ayuda en línea
[Worker-7] © 2024 NeoAuto Inc. Todos los derechos reservados
[Worker-7] Síguenos
[Worker-7] Descripción: {"@context":"https://schema.org","@graph":[{"@type":"Organization","@id":"https://neoauto.com/#organ...
[Worker-7] Único dueño: No
[Worker-7] Datos guardados en: /home/richgutz/Scraper-Neoauto-ANTIGRAVITY/extractores/results_txt/semanal_result_20260126_172740_bf331d.txt
[Worker-3] Navegación rápida (sin acciones)
[Worker-3] Paso 3/4: Filtro por Marca 'HYUNDAI'...
[Worker-5] Intento 1: Popup no encontrado
[Worker-6] Navegación rápida (sin acciones)
[Worker-6] Paso 2/4: Categoría 'Usados'...
[Worker-3] Navegación rápida (sin acciones)
[Worker-3] Paso 4/4: URL Final...
[Worker-4] No apareció popup de cookies
[Worker-1] Intento 3: Popup no encontrado
[Worker-3] Scroll INICIAL para activar contenido...
[Worker-6] Navegación rápida (sin acciones)
[Worker-6] Paso 3/4: Filtro por Marca 'MERCEDES'...
[Worker-4] Intento 1: Page.click: Timeout 1000ms exceeded.
[Worker-4] Call log:
[Worker-4] - waiting for locator("button[class*='close']").locator("svg").locator("xpath=./ancestor::button")
[Worker-1] No se pudo cerrar el popup de satisfacción
[Worker-1] Popups manejados POST-scroll
[Worker-1] Scroll adicional de confirmación...
[Worker-7] URLs restantes en urls_autos_random: 1928 | Procesadas en sesión: 12 | Próximo refresco en: 13 URLs
[Worker-7] URL obtenida y bloqueada desde urls_autos_random: https://neoauto.com/auto/usado/jeep-compass-sport-2016-1862769
[Worker-7] Iniciando extracción para: https://neoauto.com/auto/usado/jeep-compass-sport-2016-1862769
[Worker-7] Iniciando navegación...
[Worker-7] Marca extraída: 'jeep'
[Worker-7] Camino elegido (4 pasos).
[Worker-7] Paso 1/4: Página Principal...
[Worker-5] Intento 2: Popup no encontrado
[Worker-4] Intento 2: Page.click: Timeout 1000ms exceeded.
[Worker-4] Call log:
[Worker-4] - waiting for locator("button[class*='close']").locator("svg").locator("xpath=./ancestor::button")
[Worker-7] Navegación rápida (sin acciones)
[Worker-7] Paso 2/4: Categoría 'Usados'...
[Worker-1] Título: Toyota Land Cruiser 1991
[Worker-1] Precio: S/ nan
[Worker-1] Kilometraje: inf km
[Worker-1] Ubicación: ¡Arranca tu año sobre ruedas!
[Worker-1] Súbete a tu próximo seminuevo, el auto que mereces.
[Worker-1] ¡Arranca tu año sobre ruedas!
[Worker-1] Súbete a tu próximo seminuevo, el auto que mereces.
[Worker-1] ¡Arranca tu año sobre ruedas!
[Worker-1] Súbete a tu próximo seminuevo, el auto que mereces.
[Worker-1] ¡Arranca tu año sobre ruedas!
[Worker-1] Súbete a tu próximo seminuevo, el auto que mereces.
[Worker-1] Iniciar sesión
[Worker-1] Quiero vender
[Worker-1] Comprar
[Worker-1] Quiero vender
[Worker-1] Financiamiento
[Worker-1] Alquilar
[Worker-1] Nuevo
[Worker-1] Seguros
[Worker-1] Eventos
[Worker-1] Publicidad
[Worker-1] Ver fotos
[Worker-1] Autos usados
[Worker-1] Toyota
[Worker-1] Land Cruiser
[Worker-1] Toyota Land Cruiser 1991
[Worker-1] Santiago de Surco, Lima, Lima
[Worker-1] Publicado hace unos días
[Worker-1] 462 vistas
[Worker-1] Reportar aviso
[Worker-1] Compartir
[Worker-1] Marcar como favorito
[Worker-1] Toyota Land Cruiser 1991
[Worker-1] Reportar aviso
[Worker-1] Compartir
[Worker-1] Marcar como favorito
[Worker-1] Año modelo
[Worker-1] 1991
[Worker-1] Kilometraje
[Worker-1] 200,000 km
[Worker-1] Transmisión
[Worker-1] Automática
[Worker-1] Descripción
[Worker-1] Camioneta en excelente estado. Totalmente funcional. Una de la pocas que quedan en circulación.
[Worker-1] Te recomendamos:
[Worker-1] ¿Te toca renovar tu SOAT?
[Worker-1] Verifica el estado de tu SOAT aquí y evita multas.
[Worker-1] Consultar SOAT
[Worker-1] Alquila autos con Kinto Share
[Worker-1] Que nada frene tus aventuras. Seguro,flexible y con garantia.
[Worker-1] Ver más
[Worker-1] Blog & Noticias
[Worker-1] Entérate de las últimas novedades del sector automotriz.
[Worker-1] Ver más
[Worker-1] Especificaciones técnicas
[Worker-1] Características
[Worker-1] Marca
[Worker-1] Toyota
[Worker-1] Modelo
[Worker-1] LAND CRUISER
[Worker-1] Año de fabricación
[Worker-1] 1991
[Worker-1] Categoría
[Worker-1] Camioneta
[Worker-1] Combustible
[Worker-1] Dual
[Worker-1] Número de puertas
[Worker-1] 5
[Worker-1] Tracción
[Worker-1] 4x4
[Worker-1] Color
[Worker-1] Rojo Cereza
[Worker-1] Número cilindros
[Worker-1] 6
[Worker-1] Cilindrada
[Worker-1] 4,500 cc
[Worker-1] Equipamiento
[Worker-1] Neblineros
[Worker-1] Aire Acondicionado
[Worker-1] Full Equipo
[Worker-1] Parlantes/Bajos
[Worker-1] Radio CD
[Worker-1] Radio MP3
[Worker-1] Retrovisores Eléctricos
[Worker-1] Exterior
[Worker-1] Luces Halógenas
[Worker-1] Parrilla
[Worker-1] Aros de Aleación
[Worker-1] Aros
[Worker-1] Seguridad
[Worker-1] Airbag
[Worker-1] Láminas de Seguridad
[Worker-1] Faros antiniebla delantero
[Worker-1] Inmovilizador de motor
[Worker-1] Frenos ABS
[Worker-1] Alarma
[Worker-1] Extras
[Worker-1] Sunroof
[Worker-1] Asientos de cuero
[Worker-1] Climatizador
[Worker-1] Precios y costos
[Worker-1] Aún no tenemos suficiente información para determinar un rango de precio para este vehículo.
[Worker-1] Excelente
[Worker-1] Competitivo
[Worker-1] Premium
[Worker-1] (*) Precio referencial
[Worker-1] ¿Cómo se calcula este rango?
[Worker-1] ¿Te toca renovar tu SOAT?
[Worker-1] Verifica el estado de tu SOAT aquí y evita multas.
[Worker-1] Consultar SOAT
[Worker-1] Precio
[Worker-1] US$18,000
[Worker-1] Contáctate con el anunciante
[Worker-1] Cecilia Paola Perata
[Worker-1] 965 073...
[Worker-1] Más información
[Worker-1] Beneficios adicionales para ti:
[Worker-1] Solicita tu Préstamo Personal hasta de S/45,000
[Worker-1] Me interesa
[Worker-1] Seminuevos
[Worker-1] Autos
[Worker-1] Motos
[Worker-1] Camiones
[Worker-1] Usados
[Worker-1] Autos
[Worker-1] Motos
[Worker-1] Camiones
[Worker-1] Nuevos
[Worker-1] Autos
[Worker-1] Camiones
[Worker-1] Ayuda
[Worker-1] Términos y condiciones
[Worker-1] Políticas de publicación
[Worker-1] ¿Cómo protegemos tus datos?
[Worker-1] Legales
[Worker-1] Sobre NeoAuto
[Worker-1] Noticias
[Worker-1] Tips y guías
[Worker-1] Ayuda en línea
[Worker-1] © 2024 NeoAuto Inc. Todos los derechos reservados
[Worker-1] Síguenos
[Worker-1] Descripción: {"@context":"https://schema.org","@graph":[{"@type":"Organization","@id":"https://neoauto.com/#organ...
[Worker-1] Único dueño: No
[Worker-1] Datos guardados en: /home/richgutz/Scraper-Neoauto-ANTIGRAVITY/extractores/results_txt/semanal_result_20260126_172749_c8441b.txt
[Worker-7] Navegación rápida (sin acciones)
[Worker-7] Paso 3/4: Filtro por Marca 'JEEP'...
[Worker-8] No apareció popup de cookies
[Worker-2] Intento 1: Popup no encontrado
[Worker-8] Intento 1: Page.click: Timeout 1000ms exceeded.
[Worker-8] Call log:
[Worker-8] - waiting for locator("button[class*='close']").locator("svg").locator("xpath=./ancestor::button")
[Worker-7] Navegación rápida (sin acciones)
[Worker-7] Paso 4/4: URL Final...
[Worker-5] Intento 3: Popup no encontrado
[Worker-6] Navegación rápida (sin acciones)
[Worker-6] Paso 4/4: URL Final...
[Worker-5] No se pudo cerrar el popup de satisfacción
[Worker-5] Popups manejados POST-scroll
[Worker-5] Scroll adicional de confirmación...
[Worker-1] URLs restantes en urls_autos_random: 1927 | Procesadas en sesión: 13 | Próximo refresco en: 12 URLs
[Worker-6] Scroll INICIAL para activar contenido...
[Worker-7] Scroll INICIAL para activar contenido...
[Worker-8] Intento 2: Page.click: Timeout 1000ms exceeded.
[Worker-8] Call log:
[Worker-8] - waiting for locator("button[class*='close']").locator("svg").locator("xpath=./ancestor::button")
[Worker-1] URL obtenida y bloqueada desde urls_autos_random: https://neoauto.com/auto/usado/jeep-compass-2023-1856185
[Worker-1] Iniciando extracción para: https://neoauto.com/auto/usado/jeep-compass-2023-1856185
[Worker-1] Iniciando navegación...
[Worker-1] Marca extraída: 'jeep'
[Worker-1] Camino elegido (4 pasos).
[Worker-1] Paso 1/4: Página Principal...
[Worker-1] Navegación rápida (sin acciones)
[Worker-1] Paso 2/4: Categoría 'Usados'...
[Worker-5] Título: Toyota Land Cruiser Prado 2014
[Worker-5] Precio: S/ nan
[Worker-2] Intento 2: Popup no encontrado
[Worker-5] Kilometraje: 3.200200123452014e+298 km
[Worker-5] Ubicación: ¡Arranca tu año sobre ruedas!
[Worker-5] Súbete a tu próximo seminuevo, el auto que mereces.
[Worker-5] ¡Arranca tu año sobre ruedas!
[Worker-5] Súbete a tu próximo seminuevo, el auto que mereces.
[Worker-5] ¡Arranca tu año sobre ruedas!
[Worker-5] Súbete a tu próximo seminuevo, el auto que mereces.
[Worker-5] ¡Arranca tu año sobre ruedas!
[Worker-5] Súbete a tu próximo seminuevo, el auto que mereces.
[Worker-5] Iniciar sesión
[Worker-5] Quiero vender
[Worker-5] Comprar
[Worker-5] Quiero vender
[Worker-5] Financiamiento
[Worker-5] Alquilar
[Worker-5] Nuevo
[Worker-5] Seguros
[Worker-5] Eventos
[Worker-5] Publicidad
[Worker-5] Ver fotos
[Worker-5] Autos usados
[Worker-5] Toyota
[Worker-5] Land Cruiser Prado
[Worker-5] Toyota Land Cruiser Prado 2014
[Worker-5] San Isidro, Lima, Lima
[Worker-5] Publicado ayer
[Worker-5] 10 vistas
[Worker-5] Reportar aviso
[Worker-5] Compartir
[Worker-5] Marcar como favorito
[Worker-5] Toyota Land Cruiser Prado 2014
[Worker-5] Reportar aviso
[Worker-5] Compartir
[Worker-5] Marcar como favorito
[Worker-5] Año modelo
[Worker-5] 2014
[Worker-5] Kilometraje
[Worker-5] 231,708 km
[Worker-5] Transmisión
[Worker-5] Automática
[Worker-5] Descripción
[Worker-5] Vendo camioneta Toyota Prado uso único propietario en excelente estado de conservación. Es la versión TX-L con caja automática y tracción 4x4, ideal tanto para la ciudad como para rutas exigentes. Mantenimientos: Realizados estrictamente en el conces...
[Worker-5] Seguir leyendo
[Worker-5] Te recomendamos:
[Worker-5] ¿Te toca renovar tu SOAT?
[Worker-5] Verifica el estado de tu SOAT aquí y evita multas.
[Worker-5] Consultar SOAT
[Worker-5] Alquila autos con Kinto Share
[Worker-5] Que nada frene tus aventuras. Seguro,flexible y con garantia.
[Worker-5] Ver más
[Worker-5] Blog & Noticias
[Worker-5] Entérate de las últimas novedades del sector automotriz.
[Worker-5] Ver más
[Worker-5] Especificaciones técnicas
[Worker-5] Características
[Worker-5] Marca
[Worker-5] Toyota
[Worker-5] Modelo
[Worker-5] LAND CRUISER PRADO
[Worker-5] Versión
[Worker-5] 2.7 TX-L AT
[Worker-5] Versión
[Worker-5] 2.7 TX-L AT
[Worker-5] Año de fabricación
[Worker-5] 2013
[Worker-5] Categoría
[Worker-5] Camioneta
[Worker-5] Combustible
[Worker-5] Gasolina
[Worker-5] Número de puertas
[Worker-5] 5
[Worker-5] Tracción
[Worker-5] 4x4
[Worker-5] Color
[Worker-5] Azul
[Worker-5] Número cilindros
[Worker-5] 4
[Worker-5] Cilindrada
[Worker-5] 2,694 cc
[Worker-5] Equipamiento
[Worker-5] Retrovisores Eléctricos
[Worker-5] Neblineros
[Worker-5] Aire Acondicionado
[Worker-5] Full Equipo
[Worker-5] Parlantes/Bajos
[Worker-5] Radio CD
[Worker-5] Radio MP3
[Worker-5] Exterior
[Worker-5] Aros
[Worker-5] Aros de Aleación
[Worker-5] Luces Halógenas
[Worker-5] Seguridad
[Worker-5] Airbag
[Worker-5] Láminas de Seguridad
[Worker-5] Faros antiniebla delantero
[Worker-5] Frenos ABS
[Worker-5] Alarma
[Worker-5] Precios y costos
[Worker-5] Aún no tenemos suficiente información para determinar un rango de precio para este vehículo.
[Worker-5] Excelente
[Worker-5] Competitivo
[Worker-5] Premium
[Worker-5] (*) Precio referencial
[Worker-5] ¿Cómo se calcula este rango?
[Worker-5] ¿Te toca renovar tu SOAT?
[Worker-5] Verifica el estado de tu SOAT aquí y evita multas.
[Worker-5] Consultar SOAT
[Worker-5] Precio
[Worker-5] US$26,000
[Worker-5] Contáctate con el anunciante
[Worker-5] Alexander Acosta Martínez
[Worker-5] 922 225...
[Worker-5] Más información
[Worker-5] Beneficios adicionales para ti:
[Worker-5] Solicita tu Préstamo Personal hasta de S/45,000
[Worker-5] Me interesa
[Worker-5] Seminuevos
[Worker-5] Autos
[Worker-5] Motos
[Worker-5] Camiones
[Worker-5] Usados
[Worker-5] Autos
[Worker-5] Motos
[Worker-5] Camiones
[Worker-5] Nuevos
[Worker-5] Autos
[Worker-5] Camiones
[Worker-5] Ayuda
[Worker-5] Términos y condiciones
[Worker-5] Políticas de publicación
[Worker-5] ¿Cómo protegemos tus datos?
[Worker-5] Legales
[Worker-5] Sobre NeoAuto
[Worker-5] Noticias
[Worker-5] Tips y guías
[Worker-5] Ayuda en línea
[Worker-5] © 2024 NeoAuto Inc. Todos los derechos reservados
[Worker-5] Síguenos
[Worker-5] Descripción: {"@context":"https://schema.org","@graph":[{"@type":"Organization","@id":"https://neoauto.com/#organ...
[Worker-5] Único dueño: No
[Worker-5] Datos guardados en: /home/richgutz/Scraper-Neoauto-ANTIGRAVITY/extractores/results_txt/semanal_result_20260126_172757_7be286.txt
[Worker-1] Navegación rápida (sin acciones)
[Worker-1] Paso 3/4: Filtro por Marca 'JEEP'...
[Worker-3] No apareció popup de cookies
[Worker-3] Intento 1: Page.click: Timeout 1000ms exceeded.
[Worker-3] Call log:
[Worker-3] - waiting for locator("button[class*='close']").locator("svg").locator("xpath=./ancestor::button")
[Worker-1] Navegación rápida (sin acciones)
[Worker-1] Paso 4/4: URL Final...
[Worker-5] URLs restantes en urls_autos_random: 1925 | Procesadas en sesión: 13 | Próximo refresco en: 12 URLs
[Worker-5] URL obtenida y bloqueada desde urls_autos_random: https://neoauto.com/auto/usado/hyundai-creta-2023-1861843
[Worker-5] Iniciando extracción para: https://neoauto.com/auto/usado/hyundai-creta-2023-1861843
[Worker-5] Iniciando navegación...
[Worker-5] Marca extraída: 'hyundai'
[Worker-5] Camino elegido (4 pasos).
[Worker-5] Paso 1/4: Página Principal...
[Worker-2] Intento 3: Popup no encontrado
[Worker-3] Intento 2: Page.click: Timeout 1000ms exceeded.
[Worker-3] Call log:
[Worker-3] - waiting for locator("button[class*='close']").locator("svg").locator("xpath=./ancestor::button")
[Worker-1] Scroll INICIAL para activar contenido...
[Worker-2] No se pudo cerrar el popup de satisfacción
[Worker-2] Popups manejados POST-scroll
[Worker-2] Scroll adicional de confirmación...
[Worker-5] Navegación rápida (sin acciones)
[Worker-5] Paso 2/4: Categoría 'Usados'...
[Worker-2] Título: Nissan X-trail 2019
[Worker-5] Navegación rápida (sin acciones)
[Worker-5] Paso 3/4: Filtro por Marca 'HYUNDAI'...
[Worker-2] Precio: S/ nan
[Worker-2] Ubicación: ¡Arranca tu año sobre ruedas!
[Worker-2] Súbete a tu próximo seminuevo, el auto que mereces.
[Worker-2] ¡Arranca tu año sobre ruedas!
[Worker-2] Súbete a tu próximo seminuevo, el auto que mereces.
[Worker-2] ¡Arranca tu año sobre ruedas!
[Worker-2] Súbete a tu próximo seminuevo, el auto que mereces.
[Worker-2] ¡Arranca tu año sobre ruedas!
[Worker-2] Súbete a tu próximo seminuevo, el auto que mereces.
[Worker-2] Iniciar sesión
[Worker-2] Quiero vender
[Worker-2] Comprar
[Worker-2] Quiero vender
[Worker-2] Financiamiento
[Worker-2] Alquilar
[Worker-2] Nuevo
[Worker-2] Seguros
[Worker-2] Eventos
[Worker-2] Publicidad
[Worker-2] Ver fotos
[Worker-2] Autos usados
[Worker-2] Nissan
[Worker-2] X-trail
[Worker-2] Nissan X-trail 2019
[Worker-2] Miraflores, Lima, Lima
[Worker-2] Publicado hace más de una semana
[Worker-2] 94 vistas
[Worker-2] Reportar aviso
[Worker-2] Compartir
[Worker-2] Marcar como favorito
[Worker-2] Nissan X-trail 2019
[Worker-2] Reportar aviso
[Worker-2] Compartir
[Worker-2] Marcar como favorito
[Worker-2] Descripción
[Worker-2] Te recomendamos:
[Worker-2] ¿Te toca renovar tu SOAT?
[Worker-2] Verifica el estado de tu SOAT aquí y evita multas.
[Worker-2] Consultar SOAT
[Worker-2] Alquila autos con Kinto Share
[Worker-2] Que nada frene tus aventuras. Seguro,flexible y con garantia.
[Worker-2] Ver más
[Worker-2] Blog & Noticias
[Worker-2] Entérate de las últimas novedades del sector automotriz.
[Worker-2] Ver más
[Worker-2] Especificaciones técnicas
[Worker-2] Características
[Worker-2] Marca
[Worker-2] Nissan
[Worker-2] Modelo
[Worker-2] X-TRAIL
[Worker-2] Versión
[Worker-2] Advance 2.5 4X2 CVT
[Worker-2] Versión
[Worker-2] Advance 2.5 4X2 CVT
[Worker-2] Año de fabricación
[Worker-2] 2019
[Worker-2] Categoría
[Worker-2] Camioneta
[Worker-2] Combustible
[Worker-2] Gasolina
[Worker-2] Número de puertas
[Worker-2] 5
[Worker-2] Tracción
[Worker-2] 4x2
[Worker-2] Color
[Worker-2] Azul
[Worker-2] Número cilindros
[Worker-2] 4
[Worker-2] Cilindrada
[Worker-2] 2,500 cc
[Worker-2] Equipamiento
[Worker-2] Retrovisores Eléctricos
[Worker-2] Neblineros
[Worker-2] Aire Acondicionado
[Worker-2] Computadora de abordo
[Worker-2] Radio MP3
[Worker-2] Exterior
[Worker-2] Aros de Aleación
[Worker-2] Seguridad
[Worker-2] Airbag
[Worker-2] Láminas de Seguridad
[Worker-2] Repartidor electrónico de frenado
[Worker-2] Frenos ABS
[Worker-2] Alarma
[Worker-2] Extras
[Worker-2] Sunroof
[Worker-2] Asientos de cuero
[Worker-2] Climatizador
[Worker-2] Precios y costos
[Worker-2] Este aviso
[Worker-2] US$20,000
[Worker-2] Precio de mercado
[Worker-2] US$18,999*
[Worker-2] Excelente
[Worker-2] Competitivo
[Worker-2] Premium
[Worker-2] (*) Precio referencial
[Worker-2] ¿Cómo se calcula este rango?
[Worker-2] ¿Te toca renovar tu SOAT?
[Worker-2] Verifica el estado de tu SOAT aquí y evita multas.
[Worker-2] Consultar SOAT
[Worker-2] Precio
[Worker-2] US$20,000
[Worker-2] Contáctate con el anunciante
[Worker-2] Jorge Cachay Salcedo
[Worker-2] 989 252...
[Worker-2] Más información
[Worker-2] Beneficios adicionales para ti:
[Worker-2] La mejor opción
[Worker-2] Financia tu auto con Santander Consumer
[Worker-2] Paga desde:
[Worker-2] US$719/mes*
[Worker-2] Simular crédito
[Worker-2] (*) Cuota mensual referencial. Calculada a 36 meses, 20% de inicial y TEA de 20.99%. No incluye seguro vehicular.
[Worker-2] Solicita tu Préstamo Personal hasta de S/45,000
[Worker-2] Me interesa
[Worker-2] Seminuevos
[Worker-2] Autos
[Worker-2] Motos
[Worker-2] Camiones
[Worker-2] Usados
[Worker-2] Autos
[Worker-2] Motos
[Worker-2] Camiones
[Worker-2] Nuevos
[Worker-2] Autos
[Worker-2] Camiones
[Worker-2] Ayuda
[Worker-2] Términos y condiciones
[Worker-2] Políticas de publicación
[Worker-2] ¿Cómo protegemos tus datos?
[Worker-2] Legales
[Worker-2] Sobre NeoAuto
[Worker-2] Noticias
[Worker-2] Tips y guías
[Worker-2] Ayuda en línea
[Worker-2] © 2024 NeoAuto Inc. Todos los derechos reservados
[Worker-2] Síguenos
[Worker-2] Descripción: {"@context":"https://schema.org","@graph":[{"@type":"Organization","@id":"https://neoauto.com/#organ...
[Worker-2] Único dueño: No
[Worker-2] Datos guardados en: /home/richgutz/Scraper-Neoauto-ANTIGRAVITY/extractores/results_txt/semanal_result_20260126_172806_3fc3f7.txt
[Worker-4] Intento 1: Popup no encontrado
[Worker-7] No apareció popup de cookies
[Worker-5] Navegación rápida (sin acciones)
[Worker-5] Paso 4/4: URL Final...
[Worker-7] Intento 1: Page.click: Timeout 1000ms exceeded.
[Worker-7] Call log:
[Worker-7] - waiting for locator("button[class*='close']").locator("svg").locator("xpath=./ancestor::button")
[Worker-6] No apareció popup de cookies
[Worker-5] Scroll INICIAL para activar contenido...
[Worker-7] Intento 2: Page.click: Timeout 1000ms exceeded.
[Worker-7] Call log:
[Worker-7] - waiting for locator("button[class*='close']").locator("svg").locator("xpath=./ancestor::button")
[Worker-2] URLs restantes en urls_autos_random: 1924 | Procesadas en sesión: 13 | Próximo refresco en: 12 URLs
[Worker-6] Intento 1: Page.click: Timeout 1000ms exceeded.
[Worker-6] Call log:
[Worker-6] - waiting for locator("button[class*='close']").locator("svg").locator("xpath=./ancestor::button")
[Worker-4] Intento 2: Popup no encontrado
[Worker-2] URL obtenida y bloqueada desde urls_autos_random: https://neoauto.com/auto/usado/subaru-forester-2017-1854296
[Worker-2] Iniciando extracción para: https://neoauto.com/auto/usado/subaru-forester-2017-1854296
[Worker-2] Iniciando navegación...
[Worker-2] Marca extraída: 'subaru'
[Worker-2] Camino elegido (4 pasos).
[Worker-2] Paso 1/4: Página Principal...
[Worker-6] Intento 2: Page.click: Timeout 1000ms exceeded.
[Worker-6] Call log:
[Worker-6] - waiting for locator("button[class*='close']").locator("svg").locator("xpath=./ancestor::button")
[Worker-8] Intento 1: Popup no encontrado
[Worker-2] Navegación rápida (sin acciones)
[Worker-2] Paso 2/4: Categoría 'Usados'...
[Worker-2] Navegación rápida (sin acciones)
[Worker-2] Paso 3/4: Filtro por Marca 'SUBARU'...
[Worker-4] Intento 3: Popup no encontrado
[Worker-4] No se pudo cerrar el popup de satisfacción
[Worker-4] Popups manejados POST-scroll
[Worker-4] Scroll adicional de confirmación...
[Worker-1] No apareció popup de cookies
[Worker-8] Intento 2: Popup no encontrado
[Worker-1] Intento 1: Page.click: Timeout 1000ms exceeded.
[Worker-1] Call log:
[Worker-1] - waiting for locator("button[class*='close']").locator("svg").locator("xpath=./ancestor::button")
[Worker-2] Navegación rápida (sin acciones)
[Worker-2] Paso 4/4: URL Final...
[Worker-2] Scroll INICIAL para activar contenido...
[Worker-4] Título: Toyota Corona 1971
[Worker-4] Precio: S/ nan
[Worker-1] Intento 2: Page.click: Timeout 1000ms exceeded.
[Worker-1] Call log:
[Worker-1] - waiting for locator("button[class*='close']").locator("svg").locator("xpath=./ancestor::button")
[Worker-4] Kilometraje: 3.200200123451971e+283 km
[Worker-4] Ubicación: ¡Arranca tu año sobre ruedas!
[Worker-4] Súbete a tu próximo seminuevo, el auto que mereces.
[Worker-4] ¡Arranca tu año sobre ruedas!
[Worker-4] Súbete a tu próximo seminuevo, el auto que mereces.
[Worker-4] ¡Arranca tu año sobre ruedas!
[Worker-4] Súbete a tu próximo seminuevo, el auto que mereces.
[Worker-4] ¡Arranca tu año sobre ruedas!
[Worker-4] Súbete a tu próximo seminuevo, el auto que mereces.
[Worker-4] Iniciar sesión
[Worker-4] Quiero vender
[Worker-4] Comprar
[Worker-4] Quiero vender
[Worker-4] Financiamiento
[Worker-4] Alquilar
[Worker-4] Nuevo
[Worker-4] Seguros
[Worker-4] Eventos
[Worker-4] Publicidad
[Worker-4] Ver fotos
[Worker-4] Autos usados
[Worker-4] Toyota
[Worker-4] Corona
[Worker-4] Toyota Corona 1971
[Worker-4] Lima, Lima, Lima
[Worker-4] Publicado hace más de un mes
[Worker-4] 1,236 vistas
[Worker-4] Reportar aviso
[Worker-4] Compartir
[Worker-4] Marcar como favorito
[Worker-4] Toyota Corona 1971
[Worker-4] Reportar aviso
[Worker-4] Compartir
[Worker-4] Marcar como favorito
[Worker-4] Año modelo
[Worker-4] 1971
[Worker-4] Kilometraje
[Worker-4] 800,000 km
[Worker-4] Transmisión
[Worker-4] Mecánica
[Worker-4] Descripción
[Worker-4] Auto en excelente estado de conservación desde su adquisición paso de mano en mano de familiares directos, es uno de los autos de la marca toyota qué emblemáticos de su época, desde su fabricación solo tiene dos reparadas de motor, el vehículo se enc...
[Worker-4] Seguir leyendo
[Worker-4] Te recomendamos:
[Worker-4] ¿Te toca renovar tu SOAT?
[Worker-4] Verifica el estado de tu SOAT aquí y evita multas.
[Worker-4] Consultar SOAT
[Worker-4] Alquila autos con Kinto Share
[Worker-4] Que nada frene tus aventuras. Seguro,flexible y con garantia.
[Worker-4] Ver más
[Worker-4] Blog & Noticias
[Worker-4] Entérate de las últimas novedades del sector automotriz.
[Worker-4] Ver más
[Worker-4] Especificaciones técnicas
[Worker-4] Características
[Worker-4] Marca
[Worker-4] Toyota
[Worker-4] Modelo
[Worker-4] CORONA
[Worker-4] Versión
[Worker-4] CORONA
[Worker-4] Año de fabricación
[Worker-4] 1971
[Worker-4] Categoría
[Worker-4] Sedán
[Worker-4] Combustible
[Worker-4] Gasolina
[Worker-4] Número de puertas
[Worker-4] 4
[Worker-4] Tracción
[Worker-4] Delantera
[Worker-4] Color
[Worker-4] Blanco
[Worker-4] Número cilindros
[Worker-4] 4
[Worker-4] Cilindrada
[Worker-4] 1,780 cc
[Worker-4] Exterior
[Worker-4] Aros de Aleación
[Worker-4] Extras
[Worker-4] Asientos de cuero
[Worker-4] Precios y costos
[Worker-4] Aún no tenemos suficiente información para determinar un rango de precio para este vehículo.
[Worker-4] Excelente
[Worker-4] Competitivo
[Worker-4] Premium
[Worker-4] (*) Precio referencial
[Worker-4] ¿Cómo se calcula este rango?
[Worker-4] ¿Te toca renovar tu SOAT?
[Worker-4] Verifica el estado de tu SOAT aquí y evita multas.
[Worker-4] Consultar SOAT
[Worker-4] Precio
[Worker-4] US$2,500
[Worker-4] Contáctate con el anunciante
[Worker-4] Edgard Rayme
[Worker-4] 905 454...
[Worker-4] Más información
[Worker-4] Beneficios adicionales para ti:
[Worker-4] Solicita tu Préstamo Personal hasta de S/45,000
[Worker-4] Me interesa
[Worker-4] Seminuevos
[Worker-4] Autos
[Worker-4] Motos
[Worker-4] Camiones
[Worker-4] Usados
[Worker-4] Autos
[Worker-4] Motos
[Worker-4] Camiones
[Worker-4] Nuevos
[Worker-4] Autos
[Worker-4] Camiones
[Worker-4] Ayuda
[Worker-4] Términos y condiciones
[Worker-4] Políticas de publicación
[Worker-4] ¿Cómo protegemos tus datos?
[Worker-4] Legales
[Worker-4] Sobre NeoAuto
[Worker-4] Noticias
[Worker-4] Tips y guías
[Worker-4] Ayuda en línea
[Worker-4] © 2024 NeoAuto Inc. Todos los derechos reservados
[Worker-4] Síguenos
[Worker-4] Descripción: {"@context":"https://schema.org","@graph":[{"@type":"Organization","@id":"https://neoauto.com/#organ...
[Worker-4] Único dueño: No
[Worker-4] Datos guardados en: /home/richgutz/Scraper-Neoauto-ANTIGRAVITY/extractores/results_txt/semanal_result_20260126_172820_67e562.txt
[Worker-3] Intento 1: Popup no encontrado
[Worker-8] Intento 3: Popup no encontrado
[Worker-8] No se pudo cerrar el popup de satisfacción
[Worker-8] Popups manejados POST-scroll
[Worker-8] Scroll adicional de confirmación...
[Worker-4] URLs restantes en urls_autos_random: 1923 | Procesadas en sesión: 13 | Próximo refresco en: 12 URLs
[Worker-5] No apareció popup de cookies
[Worker-4] URL obtenida y bloqueada desde urls_autos_random: https://neoauto.com/auto/usado/chevrolet-onix-2023-1855532
[Worker-4] Iniciando extracción para: https://neoauto.com/auto/usado/chevrolet-onix-2023-1855532
[Worker-4] Iniciando navegación...
[Worker-4] Marca extraída: 'chevrolet'
[Worker-4] Camino elegido (4 pasos).
[Worker-4] Paso 1/4: Página Principal...
[Worker-5] Intento 1: Page.click: Timeout 1000ms exceeded.
[Worker-5] Call log:
[Worker-5] - waiting for locator("button[class*='close']").locator("svg").locator("xpath=./ancestor::button")
[Worker-3] Intento 2: Popup no encontrado
[Worker-4] Navegación rápida (sin acciones)
[Worker-4] Paso 2/4: Categoría 'Usados'...
[Worker-8] Título: Bmw X-3 2015
[Worker-8] Precio: S/ nan
[Worker-8] Kilometraje: inf km
[Worker-5] Intento 2: Page.click: Timeout 1000ms exceeded.
[Worker-5] Call log:
[Worker-5] - waiting for locator("button[class*='close']").locator("svg").locator("xpath=./ancestor::button")
[Worker-8] Ubicación: ¡Arranca tu año sobre ruedas!
[Worker-8] Súbete a tu próximo seminuevo, el auto que mereces.
[Worker-8] ¡Arranca tu año sobre ruedas!
[Worker-8] Súbete a tu próximo seminuevo, el auto que mereces.
[Worker-8] ¡Arranca tu año sobre ruedas!
[Worker-8] Súbete a tu próximo seminuevo, el auto que mereces.
[Worker-8] ¡Arranca tu año sobre ruedas!
[Worker-8] Súbete a tu próximo seminuevo, el auto que mereces.
[Worker-8] Iniciar sesión
[Worker-8] Quiero vender
[Worker-8] Comprar
[Worker-8] Quiero vender
[Worker-8] Financiamiento
[Worker-8] Alquilar
[Worker-8] Nuevo
[Worker-8] Seguros
[Worker-8] Eventos
[Worker-8] Publicidad
[Worker-8] Ver fotos
[Worker-8] Autos usados
[Worker-8] Bmw
[Worker-8] X-3
[Worker-8] Bmw X-3 2015
[Worker-8] Magdalena del Mar, Lima, Lima
[Worker-8] Publicado hace más de un mes
[Worker-8] 221 vistas
[Worker-8] Reportar aviso
[Worker-8] Compartir
[Worker-8] Marcar como favorito
[Worker-8] Bmw X-3 2015
[Worker-8] Reportar aviso
[Worker-8] Compartir
[Worker-8] Marcar como favorito
[Worker-8] Año modelo
[Worker-8] 2015
[Worker-8] Kilometraje
[Worker-8] 85,000 km
[Worker-8] Transmisión
[Worker-8] Automática - Secuencial
[Worker-8] Descripción
[Worker-8] BMW X3 2015 - ⁠Versión: X3 XDrive 28i Color Plata Glaciar Metalizado Kilometraje: 85,000 Km Motor: 2.0 BiTurbo Transmisión: automática - Secuencial 4x4 Smart Key Sunroof eléctrico Sensores de parqueo delanteros y posterior Equipo sonido Multimedia (C...
[Worker-8] Seguir leyendo
[Worker-8] Te recomendamos:
[Worker-8] ¿Te toca renovar tu SOAT?
[Worker-8] Verifica el estado de tu SOAT aquí y evita multas.
[Worker-8] Consultar SOAT
[Worker-8] Alquila autos con Kinto Share
[Worker-8] Que nada frene tus aventuras. Seguro,flexible y con garantia.
[Worker-8] Ver más
[Worker-8] Blog & Noticias
[Worker-8] Entérate de las últimas novedades del sector automotriz.
[Worker-8] Ver más
[Worker-8] Especificaciones técnicas
[Worker-8] Características
[Worker-8] Marca
[Worker-8] Bmw
[Worker-8] Modelo
[Worker-8] X-3
[Worker-8] Año de fabricación
[Worker-8] 2015
[Worker-8] Categoría
[Worker-8] Camioneta
[Worker-8] Combustible
[Worker-8] Gasolina
[Worker-8] Número de puertas
[Worker-8] 4
[Worker-8] Tracción
[Worker-8] 4x4
[Worker-8] Color
[Worker-8] Plomo
[Worker-8] Número cilindros
[Worker-8] 4
[Worker-8] Cilindrada
[Worker-8] 2,000 cc
[Worker-8] Equipamiento
[Worker-8] Neblineros
[Worker-8] Aire Acondicionado
[Worker-8] Full Equipo
[Worker-8] Computadora de abordo
[Worker-8] Parlantes/Bajos
[Worker-8] Exterior
[Worker-8] Aros de Aleación
[Worker-8] Seguridad
[Worker-8] Airbag
[Worker-8] Láminas de Seguridad
[Worker-8] Blindado
[Worker-8] Faros antiniebla traseros
[Worker-8] Frenos ABS
[Worker-8] Extras
[Worker-8] Sunroof
[Worker-8] Asientos de cuero
[Worker-8] Precios y costos
[Worker-8] Aún no tenemos suficiente información para determinar un rango de precio para este vehículo.
[Worker-8] Excelente
[Worker-8] Competitivo
[Worker-8] Premium
[Worker-8] (*) Precio referencial
[Worker-8] ¿Cómo se calcula este rango?
[Worker-8] ¿Te toca renovar tu SOAT?
[Worker-8] Verifica el estado de tu SOAT aquí y evita multas.
[Worker-8] Consultar SOAT
[Worker-8] Precio
[Worker-8] US$19,500
[Worker-8] Dscto. por adquirir el Crédito Vehicular
[Worker-8] -US$1,000*
[Worker-8] *Aplica si financias tu auto con Santander Consumer
[Worker-8] Contáctate con el anunciante
[Worker-8] Sn Sn
[Worker-8] 921 550...
[Worker-8] Más información
[Worker-8] Beneficios adicionales para ti:
[Worker-8] La mejor opción
[Worker-8] Financia tu auto con Santander Consumer
[Worker-8] Paga desde:
[Worker-8] US$18,500 o
[Worker-8] US$1,605/mes*
[Worker-8] Simular crédito
[Worker-8] (*) Cuota mensual referencial. Calculada a 12 meses, 20% de inicial y TEA de 20.99%. No incluye seguro vehicular.
[Worker-8] Solicita tu Préstamo Personal hasta de S/45,000
[Worker-8] Me interesa
[Worker-8] Seminuevos
[Worker-8] Autos
[Worker-8] Motos
[Worker-8] Camiones
[Worker-8] Usados
[Worker-8] Autos
[Worker-8] Motos
[Worker-8] Camiones
[Worker-8] Nuevos
[Worker-8] Autos
[Worker-8] Camiones
[Worker-8] Ayuda
[Worker-8] Términos y condiciones
[Worker-8] Políticas de publicación
[Worker-8] ¿Cómo protegemos tus datos?
[Worker-8] Legales
[Worker-8] Sobre NeoAuto
[Worker-8] Noticias
[Worker-8] Tips y guías
[Worker-8] Ayuda en línea
[Worker-8] © 2024 NeoAuto Inc. Todos los derechos reservados
[Worker-8] Síguenos
[Worker-8] Descripción: {"@context":"https://schema.org","@graph":[{"@type":"Organization","@id":"https://neoauto.com/#organ...
[Worker-8] Único dueño: No
[Worker-8] Datos guardados en: /home/richgutz/Scraper-Neoauto-ANTIGRAVITY/extractores/results_txt/semanal_result_20260126_172828_65e318.txt
[Worker-4] Navegación rápida (sin acciones)
[Worker-4] Paso 3/4: Filtro por Marca 'CHEVROLET'...
[Worker-7] Intento 1: Popup no encontrado
[Worker-3] Intento 3: Popup no encontrado
[Worker-6] Intento 1: Popup no encontrado
[Worker-3] No se pudo cerrar el popup de satisfacción
[Worker-3] Popups manejados POST-scroll
[Worker-3] Scroll adicional de confirmación...
[Worker-4] Navegación rápida (sin acciones)
[Worker-4] Paso 4/4: URL Final...
[Worker-8] URLs restantes en urls_autos_random: 1921 | Procesadas en sesión: 13 | Próximo refresco en: 12 URLs
[Worker-8] URL obtenida y bloqueada desde urls_autos_random: https://neoauto.com/auto/usado/mazda-cx-5-2020-1862637
[Worker-8] Iniciando extracción para: https://neoauto.com/auto/usado/mazda-cx-5-2020-1862637
[Worker-8] Iniciando navegación...
[Worker-8] Marca extraída: 'mazda'
[Worker-8] Camino elegido (4 pasos).
[Worker-8] Paso 1/4: Página Principal...
[Worker-7] Intento 2: Popup no encontrado
[Worker-8] Navegación rápida (sin acciones)
[Worker-8] Paso 2/4: Categoría 'Usados'...
[Worker-2] No apareció popup de cookies
[Worker-3] Título: Hyundai H-1 2021
[Worker-3] Precio: S/ nan
[Worker-3] Kilometraje: inf km
[Worker-3] Ubicación: ¡Arranca tu año sobre ruedas!
[Worker-3] Súbete a tu próximo seminuevo, el auto que mereces.
[Worker-3] ¡Arranca tu año sobre ruedas!
[Worker-3] Súbete a tu próximo seminuevo, el auto que mereces.
[Worker-3] ¡Arranca tu año sobre ruedas!
[Worker-3] Súbete a tu próximo seminuevo, el auto que mereces.
[Worker-3] ¡Arranca tu año sobre ruedas!
[Worker-3] Súbete a tu próximo seminuevo, el auto que mereces.
[Worker-3] Iniciar sesión
[Worker-3] Quiero vender
[Worker-3] Comprar
[Worker-3] Quiero vender
[Worker-3] Financiamiento
[Worker-3] Alquilar
[Worker-3] Nuevo
[Worker-3] Seguros
[Worker-3] Eventos
[Worker-3] Publicidad
[Worker-3] Ver fotos
[Worker-3] Autos usados
[Worker-3] Hyundai
[Worker-3] H-1
[Worker-3] Hyundai H-1 2021
[Worker-3] Puente Piedra, Lima, Lima
[Worker-3] Publicado hace más de una semana
[Worker-3] 600 vistas
[Worker-3] Reportar aviso
[Worker-3] Compartir
[Worker-3] Marcar como favorito
[Worker-3] Hyundai H-1 2021
[Worker-3] Reportar aviso
[Worker-3] Compartir
[Worker-3] Marcar como favorito
[Worker-3] Año modelo
[Worker-3] 2021
[Worker-3] Kilometraje
[Worker-3] 84,132 km
[Worker-3] Transmisión
[Worker-3] Mecánica
[Worker-3] Descripción
[Worker-3] Hyundai H1 Furgón 2021 | Dual GNV (2 Tanques) | ¡Gran Capacidad y Ahorro!
[Worker-3] Pongo a la venta mi Hyundai H1 Furgón año 2021, la herramienta de trabajo más confiable y eficiente del mercado. El vehículo se encuentra en óptimas condiciones, listo para
[Worker-3] Seguir leyendo
[Worker-3] Te recomendamos:
[Worker-3] ¿Te toca renovar tu SOAT?
[Worker-3] Verifica el estado de tu SOAT aquí y evita multas.
[Worker-3] Consultar SOAT
[Worker-3] Alquila autos con Kinto Share
[Worker-3] Que nada frene tus aventuras. Seguro,flexible y con garantia.
[Worker-3] Ver más
[Worker-3] Blog & Noticias
[Worker-3] Entérate de las últimas novedades del sector automotriz.
[Worker-3] Ver más
[Worker-3] Especificaciones técnicas
[Worker-3] Características
[Worker-3] Marca
[Worker-3] Hyundai
[Worker-3] Modelo
[Worker-3] H-1
[Worker-3] Año de fabricación
[Worker-3] 2020
[Worker-3] Categoría
[Worker-3] Vans
[Worker-3] Combustible
[Worker-3] Dual
[Worker-3] Número de puertas
[Worker-3] 5
[Worker-3] Tracción
[Worker-3] 4x2
[Worker-3] Color
[Worker-3] Blanco
[Worker-3] Número cilindros
[Worker-3] 4
[Worker-3] Cilindrada
[Worker-3] 2,400 cc
[Worker-3] Precios y costos
[Worker-3] Aún no tenemos suficiente información para determinar un rango de precio para este vehículo.
[Worker-3] Excelente
[Worker-3] Competitivo
[Worker-3] Premium
[Worker-3] (*) Precio referencial
[Worker-3] ¿Cómo se calcula este rango?
[Worker-3] ¿Te toca renovar tu SOAT?
[Worker-3] Verifica el estado de tu SOAT aquí y evita multas.
[Worker-3] Consultar SOAT
[Worker-3] Precio
[Worker-3] US$25,000
[Worker-3] Contáctate con el anunciante
[Worker-3] Edgar Martínez Lévano
[Worker-3] 964 315...
[Worker-3] Más información
[Worker-3] Beneficios adicionales para ti:
[Worker-3] La mejor opción
[Worker-3] Financia tu auto con Santander Consumer
[Worker-3] Paga desde:
[Worker-3] US$672/mes*
[Worker-3] Simular crédito
[Worker-3] (*) Cuota mensual referencial. Calculada a 60 meses, 20% de inicial y TEA de 20.99%. No incluye seguro vehicular.
[Worker-3] Solicita tu Préstamo Personal hasta de S/45,000
[Worker-3] Me interesa
[Worker-3] Seminuevos
[Worker-3] Autos
[Worker-3] Motos
[Worker-3] Camiones
[Worker-3] Usados
[Worker-3] Autos
[Worker-3] Motos
[Worker-3] Camiones
[Worker-3] Nuevos
[Worker-3] Autos
[Worker-3] Camiones
[Worker-3] Ayuda
[Worker-3] Términos y condiciones
[Worker-3] Políticas de publicación
[Worker-3] ¿Cómo protegemos tus datos?
[Worker-3] Legales
[Worker-3] Sobre NeoAuto
[Worker-3] Noticias
[Worker-3] Tips y guías
[Worker-3] Ayuda en línea
[Worker-3] © 2024 NeoAuto Inc. Todos los derechos reservados
[Worker-3] Síguenos
[Worker-3] Descripción: {"@context":"https://schema.org","@graph":[{"@type":"Organization","@id":"https://neoauto.com/#organ...
[Worker-3] Único dueño: No
[Worker-3] Datos guardados en: /home/richgutz/Scraper-Neoauto-ANTIGRAVITY/extractores/results_txt/semanal_result_20260126_172836_b7366b.txt
[Worker-8] Navegación rápida (sin acciones)
[Worker-8] Paso 3/4: Filtro por Marca 'MAZDA'...
[Worker-2] Intento 1: Page.click: Timeout 1000ms exceeded.
[Worker-2] Call log:
[Worker-2] - waiting for locator("button[class*='close']").locator("svg").locator("xpath=./ancestor::button")
[Worker-6] Intento 2: Popup no encontrado
[Worker-8] Navegación rápida (sin acciones)
[Worker-8] Paso 4/4: URL Final...
[Worker-4] Scroll INICIAL para activar contenido...
[Worker-2] Intento 2: Page.click: Timeout 1000ms exceeded.
[Worker-2] Call log:
[Worker-2] - waiting for locator("button[class*='close']").locator("svg").locator("xpath=./ancestor::button")
[Worker-8] Scroll INICIAL para activar contenido...
[Worker-7] Intento 3: Popup no encontrado
[Worker-1] Intento 1: Popup no encontrado
[Worker-3] URLs restantes en urls_autos_random: 1920 | Procesadas en sesión: 13 | Próximo refresco en: 12 URLs
[Worker-7] No se pudo cerrar el popup de satisfacción
[Worker-7] Popups manejados POST-scroll
[Worker-7] Scroll adicional de confirmación...
[Worker-3] URL obtenida y bloqueada desde urls_autos_random: https://neoauto.com/auto/usado/toyota-gr-yaris-2023-1862880
[Worker-3] Iniciando extracción para: https://neoauto.com/auto/usado/toyota-gr-yaris-2023-1862880
[Worker-3] Iniciando navegación...
[Worker-3] Marca extraída: 'toyota'
[Worker-3] Camino elegido (4 pasos).
[Worker-3] Paso 1/4: Página Principal...
[Worker-6] Intento 3: Popup no encontrado
[Worker-3] Navegación rápida (sin acciones)
[Worker-3] Paso 2/4: Categoría 'Usados'...
[Worker-6] No se pudo cerrar el popup de satisfacción
[Worker-6] Popups manejados POST-scroll
[Worker-6] Scroll adicional de confirmación...
[Worker-7] Título: Jeep Compass Sport 2016
[Worker-7] Precio: S/ nan
[Worker-7] Kilometraje: 3.2002001234520164e+301 km
[Worker-7] Ubicación: ¡Arranca tu año sobre ruedas!
[Worker-7] Súbete a tu próximo seminuevo, el auto que mereces.
[Worker-7] ¡Arranca tu año sobre ruedas!
[Worker-7] Súbete a tu próximo seminuevo, el auto que mereces.
[Worker-7] ¡Arranca tu año sobre ruedas!
[Worker-7] Súbete a tu próximo seminuevo, el auto que mereces.
[Worker-7] ¡Arranca tu año sobre ruedas!
[Worker-7] Súbete a tu próximo seminuevo, el auto que mereces.
[Worker-7] Iniciar sesión
[Worker-7] Quiero vender
[Worker-7] Comprar
[Worker-7] Quiero vender
[Worker-7] Financiamiento
[Worker-7] Alquilar
[Worker-7] Nuevo
[Worker-7] Seguros
[Worker-7] Eventos
[Worker-7] Publicidad
[Worker-7] Ver fotos
[Worker-7] Autos usados
[Worker-7] Jeep
[Worker-7] Compass Sport
[Worker-7] Jeep Compass Sport 2016
[Worker-7] San Isidro, Lima, Lima
[Worker-7] Publicado hace más de una semana
[Worker-7] 93 vistas
[Worker-7] Reportar aviso
[Worker-7] Compartir
[Worker-7] Marcar como favorito
[Worker-7] Jeep Compass Sport 2016
[Worker-7] Reportar aviso
[Worker-7] Compartir
[Worker-7] Marcar como favorito
[Worker-7] Año modelo
[Worker-7] 2016
[Worker-7] Kilometraje
[Worker-7] 26,033 km
[Worker-7] Transmisión
[Worker-7] Automática
[Worker-7] Descripción
[Worker-7] Auto en excelente estado, único dueño venta por viaje Vehículo bien cuidado, con mantenimiento al día y listo para usar.
[Worker-7] Ideal para ciudad y viajes largos, cómodo, seguro y confiable.
[Worker-7] Documentos en regla.
[Worker-7] Precio conversable para interesados real...
[Worker-7] Seguir leyendo
[Worker-7] Te recomendamos:
[Worker-7] ¿Te toca renovar tu SOAT?
[Worker-7] Verifica el estado de tu SOAT aquí y evita multas.
[Worker-7] Consultar SOAT
[Worker-7] Alquila autos con Kinto Share
[Worker-7] Que nada frene tus aventuras. Seguro,flexible y con garantia.
[Worker-7] Ver más
[Worker-7] Blog & Noticias
[Worker-7] Entérate de las últimas novedades del sector automotriz.
[Worker-7] Ver más
[Worker-7] Especificaciones técnicas
[Worker-7] Características
[Worker-7] Marca
[Worker-7] Jeep
[Worker-7] Modelo
[Worker-7] COMPASS SPORT
[Worker-7] Versión
[Worker-7] 4X2
[Worker-7] Año de fabricación
[Worker-7] 2015
[Worker-7] Categoría
[Worker-7] Camioneta
[Worker-7] Combustible
[Worker-7] Gasolina
[Worker-7] Número de puertas
[Worker-7] 4
[Worker-7] Tracción
[Worker-7] 4x2
[Worker-7] Color
[Worker-7] Gris Oscuro
[Worker-7] Número cilindros
[Worker-7] 4
[Worker-7] Cilindrada
[Worker-7] 1,998 cc
[Worker-7] Equipamiento
[Worker-7] Full Equipo
[Worker-7] Precios y costos
[Worker-7] Aún no tenemos suficiente información para determinar un rango de precio para este vehículo.
[Worker-7] Excelente
[Worker-7] Competitivo
[Worker-7] Premium
[Worker-7] (*) Precio referencial
[Worker-7] ¿Cómo se calcula este rango?
[Worker-7] ¿Te toca renovar tu SOAT?
[Worker-7] Verifica el estado de tu SOAT aquí y evita multas.
[Worker-7] Consultar SOAT
[Worker-7] Precio
[Worker-7] US$15,500
[Worker-7] Contáctate con el anunciante
[Worker-7] Veronica Zapata Campos
[Worker-7] 998 228...
[Worker-7] Más información
[Worker-7] Beneficios adicionales para ti:
[Worker-7] La mejor opción
[Worker-7] Financia tu auto con Santander Consumer
[Worker-7] Paga desde:
[Worker-7] US$1,280/mes*
[Worker-7] Simular crédito
[Worker-7] (*) Cuota mensual referencial. Calculada a 12 meses, 20% de inicial y TEA de 20.99%. No incluye seguro vehicular.
[Worker-7] Solicita tu Préstamo Personal hasta de S/45,000
[Worker-7] Me interesa
[Worker-7] Seminuevos
[Worker-7] Autos
[Worker-7] Motos
[Worker-7] Camiones
[Worker-7] Usados
[Worker-7] Autos
[Worker-7] Motos
[Worker-7] Camiones
[Worker-7] Nuevos
[Worker-7] Autos
[Worker-7] Camiones
[Worker-7] Ayuda
[Worker-7] Términos y condiciones
[Worker-7] Políticas de publicación
[Worker-7] ¿Cómo protegemos tus datos?
[Worker-7] Legales
[Worker-7] Sobre NeoAuto
[Worker-7] Noticias
[Worker-7] Tips y guías
[Worker-7] Ayuda en línea
[Worker-7] © 2024 NeoAuto Inc. Todos los derechos reservados
[Worker-7] Síguenos
[Worker-7] Descripción: {"@context":"https://schema.org","@graph":[{"@type":"Organization","@id":"https://neoauto.com/#organ...
[Worker-7] Único dueño: Sí
[Worker-7] Datos guardados en: /home/richgutz/Scraper-Neoauto-ANTIGRAVITY/extractores/results_txt/semanal_result_20260126_172844_fc4e20.txt
[Worker-3] Navegación rápida (sin acciones)
[Worker-3] Paso 3/4: Filtro por Marca 'TOYOTA'...
[Worker-1] Intento 2: Popup no encontrado
[Worker-6] Título: Mercedes Benz B180 2012
[Worker-6] Precio: S/ nan
[Worker-6] Kilometraje: inf km
[Worker-6] Ubicación: ¡Arranca tu año sobre ruedas!
[Worker-6] Súbete a tu próximo seminuevo, el auto que mereces.
[Worker-6] ¡Arranca tu año sobre ruedas!
[Worker-6] Súbete a tu próximo seminuevo, el auto que mereces.
[Worker-6] ¡Arranca tu año sobre ruedas!
[Worker-6] Súbete a tu próximo seminuevo, el auto que mereces.
[Worker-6] ¡Arranca tu año sobre ruedas!
[Worker-6] Súbete a tu próximo seminuevo, el auto que mereces.
[Worker-6] Iniciar sesión
[Worker-6] Quiero vender
[Worker-6] Comprar
[Worker-6] Quiero vender
[Worker-6] Financiamiento
[Worker-6] Alquilar
[Worker-6] Nuevo
[Worker-6] Seguros
[Worker-6] Eventos
[Worker-6] Publicidad
[Worker-6] Ver fotos
[Worker-6] Premium
[Worker-6] Autos usados
[Worker-6] Mercedes Benz
[Worker-6] B180
[Worker-6] Mercedes Benz B180 2012
[Worker-6] La Molina, Lima, Lima
[Worker-6] Publicado hace más de un mes
[Worker-6] 1,606 vistas
[Worker-6] Reportar aviso
[Worker-6] Compartir
[Worker-6] Marcar como favorito
[Worker-6] Mercedes Benz B180 2012
[Worker-6] Reportar aviso
[Worker-6] Compartir
[Worker-6] Marcar como favorito
[Worker-6] Año modelo
[Worker-6] 2012
[Worker-6] Kilometraje
[Worker-6] 69,100 km
[Worker-6] Transmisión
[Worker-6] Automática
[Worker-6] Descripción
[Worker-6] WHATSAPP / CONTACTO : Se vende Mercedes-Benz B200 gasolina, año 2012, transmisión automática, motor 2.0 , en excelente estado.
[Worker-6] ✅ Aire acondicionado
[Worker-6] ✅ Dirección asistida
[Worker-6] ✅ Vidrios y espejos eléctricos
[Worker-6] ✅ Pantalla multifunción
[Worker-6] ✅ Llantas en buen e...
[Worker-6] Seguir leyendo
[Worker-6] Te recomendamos:
[Worker-6] ¿Te toca renovar tu SOAT?
[Worker-6] Verifica el estado de tu SOAT aquí y evita multas.
[Worker-6] Consultar SOAT
[Worker-6] Alquila autos con Kinto Share
[Worker-6] Que nada frene tus aventuras. Seguro,flexible y con garantia.
[Worker-6] Ver más
[Worker-6] Blog & Noticias
[Worker-6] Entérate de las últimas novedades del sector automotriz.
[Worker-6] Ver más
[Worker-6] Especificaciones técnicas
[Worker-6] Características
[Worker-6] Marca
[Worker-6] Mercedes Benz
[Worker-6] Modelo
[Worker-6] B180
[Worker-6] Versión
[Worker-6] B200
[Worker-6] Año de fabricación
[Worker-6] 2012
[Worker-6] Categoría
[Worker-6] Hatchback
[Worker-6] Combustible
[Worker-6] Gasolina
[Worker-6] Número de puertas
[Worker-6] 5
[Worker-6] Tracción
[Worker-6] Delantera
[Worker-6] Color
[Worker-6] Plateado
[Worker-6] Número cilindros
[Worker-6] 4
[Worker-6] Cilindrada
[Worker-6] 2,000 cc
[Worker-6] Equipamiento
[Worker-6] Retrovisores Eléctricos
[Worker-6] Neblineros
[Worker-6] Aire Acondicionado
[Worker-6] Full Equipo
[Worker-6] Exterior
[Worker-6] Aros de Aleación
[Worker-6] Parrilla
[Worker-6] Luces Halógenas
[Worker-6] Seguridad
[Worker-6] Airbag
[Worker-6] Láminas de Seguridad
[Worker-6] Faros antiniebla delantero
[Worker-6] Faros antiniebla traseros
[Worker-6] Inmovilizador de motor
[Worker-6] Repartidor electrónico de frenado
[Worker-6] Frenos ABS
[Worker-6] Alarma
[Worker-6] Extras
[Worker-6] Climatizador
[Worker-6] Precios y costos
[Worker-6] Aún no tenemos suficiente información para determinar un rango de precio para este vehículo.
[Worker-6] Excelente
[Worker-6] Competitivo
[Worker-6] Premium
[Worker-6] (*) Precio referencial
[Worker-6] ¿Cómo se calcula este rango?
[Worker-6] ¿Te toca renovar tu SOAT?
[Worker-6] Verifica el estado de tu SOAT aquí y evita multas.
[Worker-6] Consultar SOAT
[Worker-6] Precio
[Worker-6] US$13,800
[Worker-6] Contáctate con el anunciante
[Worker-6] Edwin Avila Rojas
[Worker-6] 957 233...
[Worker-6] Más información
[Worker-6] Beneficios adicionales para ti:
[Worker-6] Solicita tu Préstamo Personal hasta de S/45,000
[Worker-6] Me interesa
[Worker-6] Seminuevos
[Worker-6] Autos
[Worker-6] Motos
[Worker-6] Camiones
[Worker-6] Usados
[Worker-6] Autos
[Worker-6] Motos
[Worker-6] Camiones
[Worker-6] Nuevos
[Worker-6] Autos
[Worker-6] Camiones
[Worker-6] Ayuda
[Worker-6] Términos y condiciones
[Worker-6] Políticas de publicación
[Worker-6] ¿Cómo protegemos tus datos?
[Worker-6] Legales
[Worker-6] Sobre NeoAuto
[Worker-6] Noticias
[Worker-6] Tips y guías
[Worker-6] Ayuda en línea
[Worker-6] © 2024 NeoAuto Inc. Todos los derechos reservados
[Worker-6] Síguenos
[Worker-6] Descripción: {"@context":"https://schema.org","@graph":[{"@type":"Organization","@id":"https://neoauto.com/#organ...
[Worker-6] Único dueño: No
[Worker-6] Datos guardados en: /home/richgutz/Scraper-Neoauto-ANTIGRAVITY/extractores/results_txt/semanal_result_20260126_172846_fc45ae.txt
[Worker-3] Navegación rápida (sin acciones)
[Worker-3] Paso 4/4: URL Final...
[Worker-5] Intento 1: Popup no encontrado
[Worker-3] Scroll INICIAL para activar contenido...
[Worker-7] URLs restantes en urls_autos_random: 1918 | Procesadas en sesión: 13 | Próximo refresco en: 12 URLs
[Worker-7] URL obtenida y bloqueada desde urls_autos_random: https://neoauto.com/auto/usado/nissan-kicks-2019-1862256
[Worker-7] Iniciando extracción para: https://neoauto.com/auto/usado/nissan-kicks-2019-1862256
[Worker-7] Iniciando navegación...
[Worker-7] Marca extraída: 'nissan'
[Worker-7] Camino elegido (4 pasos).
[Worker-7] Paso 1/4: Página Principal...
[Worker-1] Intento 3: Popup no encontrado
[Worker-7] Navegación rápida (sin acciones)
[Worker-7] Paso 2/4: Categoría 'Usados'...
[Worker-1] No se pudo cerrar el popup de satisfacción
[Worker-1] Popups manejados POST-scroll
[Worker-1] Scroll adicional de confirmación...
[Worker-5] Intento 2: Popup no encontrado
[Worker-4] No apareció popup de cookies
[Worker-6] URLs restantes en urls_autos_random: 1916 | Procesadas en sesión: 13 | Próximo refresco en: 12 URLs
[Worker-7] Navegación rápida (sin acciones)
[Worker-7] Paso 3/4: Filtro por Marca 'NISSAN'...
[Worker-4] Intento 1: Page.click: Timeout 1000ms exceeded.
[Worker-4] Call log:
[Worker-4] - waiting for locator("button[class*='close']").locator("svg").locator("xpath=./ancestor::button")
[Worker-6] URL obtenida y bloqueada desde urls_autos_random: https://neoauto.com/auto/usado/hyundai-elantra-2015-1861014
[Worker-6] Iniciando extracción para: https://neoauto.com/auto/usado/hyundai-elantra-2015-1861014
[Worker-6] Iniciando navegación...
[Worker-6] Marca extraída: 'hyundai'
[Worker-6] Camino elegido (4 pasos).
[Worker-6] Paso 1/4: Página Principal...
[Worker-7] Navegación rápida (sin acciones)
[Worker-7] Paso 4/4: URL Final...
[Worker-1] Título: Jeep Compass 2023
[Worker-1] Precio: S/ nan
[Worker-1] Kilometraje: 3.200200123452023e+272 km
[Worker-1] Ubicación: ¡Arranca tu año sobre ruedas!
[Worker-1] Súbete a tu próximo seminuevo, el auto que mereces.
[Worker-1] ¡Arranca tu año sobre ruedas!
[Worker-1] Súbete a tu próximo seminuevo, el auto que mereces.
[Worker-1] ¡Arranca tu año sobre ruedas!
[Worker-1] Súbete a tu próximo seminuevo, el auto que mereces.
[Worker-1] ¡Arranca tu año sobre ruedas!
[Worker-1] Súbete a tu próximo seminuevo, el auto que mereces.
[Worker-1] Iniciar sesión
[Worker-1] Quiero vender
[Worker-1] Comprar
[Worker-1] Quiero vender
[Worker-1] Financiamiento
[Worker-1] Alquilar
[Worker-1] Nuevo
[Worker-1] Seguros
[Worker-1] Eventos
[Worker-1] Publicidad
[Worker-1] Ver fotos
[Worker-1] Autos usados
[Worker-1] Jeep
[Worker-1] Compass
[Worker-1] Jeep Compass 2023
[Worker-1] Miraflores, Lima, Lima
[Worker-1] Publicado hace más de un mes
[Worker-1] 403 vistas
[Worker-1] Reportar aviso
[Worker-1] Compartir
[Worker-1] Marcar como favorito
[Worker-1] Jeep Compass 2023
[Worker-1] Reportar aviso
[Worker-1] Compartir
[Worker-1] Marcar como favorito
[Worker-1] Año modelo
[Worker-1] 2023
[Worker-1] Kilometraje
[Worker-1] 22,000 km
[Worker-1] Transmisión
[Worker-1] Automática - Secuencial
[Worker-1] Descripción
[Worker-1] Jeep Compass Longitude 2022 modelo 2023. Perfecto estado. Poco uso. Sin choques. Mantenimiento preventivo al día sin retrasos y en concesionario Jeep.
[Worker-1] Te recomendamos:
[Worker-1] ¿Te toca renovar tu SOAT?
[Worker-1] Verifica el estado de tu SOAT aquí y evita multas.
[Worker-1] Consultar SOAT
[Worker-1] Alquila autos con Kinto Share
[Worker-1] Que nada frene tus aventuras. Seguro,flexible y con garantia.
[Worker-1] Ver más
[Worker-1] Blog & Noticias
[Worker-1] Entérate de las últimas novedades del sector automotriz.
[Worker-1] Ver más
[Worker-1] Especificaciones técnicas
[Worker-1] Características
[Worker-1] Marca
[Worker-1] Jeep
[Worker-1] Modelo
[Worker-1] COMPASS
[Worker-1] Año de fabricación
[Worker-1] 2022
[Worker-1] Categoría
[Worker-1] Camioneta
[Worker-1] Combustible
[Worker-1] Gasolina
[Worker-1] Número de puertas
[Worker-1] 5
[Worker-1] Tracción
[Worker-1] Delantera
[Worker-1] Color
[Worker-1] Blanco
[Worker-1] Número cilindros
[Worker-1] 4
[Worker-1] Cilindrada
[Worker-1] 1,300 cc
[Worker-1] Equipamiento
[Worker-1] Retrovisores Eléctricos
[Worker-1] Aire Acondicionado
[Worker-1] Full Equipo
[Worker-1] Computadora de abordo
[Worker-1] Parlantes/Bajos
[Worker-1] Radio MP3
[Worker-1] Exterior
[Worker-1] Aros de Aleación
[Worker-1] Seguridad
[Worker-1] Airbag
[Worker-1] Inmovilizador de motor
[Worker-1] Repartidor electrónico de frenado
[Worker-1] Frenos ABS
[Worker-1] Extras
[Worker-1] Asientos de cuero
[Worker-1] Climatizador
[Worker-1] Precios y costos
[Worker-1] Este aviso
[Worker-1] US$22,500
[Worker-1] Precio de mercado
[Worker-1] US$25,750*
[Worker-1] Excelente
[Worker-1] Competitivo
[Worker-1] Premium
[Worker-1] (*) Precio referencial
[Worker-1] ¿Cómo se calcula este rango?
[Worker-1] ¿Te toca renovar tu SOAT?
[Worker-1] Verifica el estado de tu SOAT aquí y evita multas.
[Worker-1] Consultar SOAT
[Worker-1] Precio
[Worker-1] US$22,500
[Worker-1] Contáctate con el anunciante
[Worker-1] Lisbeth García Olaechea
[Worker-1] 969 918...
[Worker-1] Más información
[Worker-1] Beneficios adicionales para ti:
[Worker-1] La mejor opción
[Worker-1] Financia tu auto con Santander Consumer
[Worker-1] Paga desde:
[Worker-1] US$606/mes*
[Worker-1] Simular crédito
[Worker-1] (*) Cuota mensual referencial. Calculada a 60 meses, 20% de inicial y TEA de 20.99%. No incluye seguro vehicular.
[Worker-1] Solicita tu Préstamo Personal hasta de S/45,000
[Worker-1] Me interesa
[Worker-1] Seminuevos
[Worker-1] Autos
[Worker-1] Motos
[Worker-1] Camiones
[Worker-1] Usados
[Worker-1] Autos
[Worker-1] Motos
[Worker-1] Camiones
[Worker-1] Nuevos
[Worker-1] Autos
[Worker-1] Camiones
[Worker-1] Ayuda
[Worker-1] Términos y condiciones
[Worker-1] Políticas de publicación
[Worker-1] ¿Cómo protegemos tus datos?
[Worker-1] Legales
[Worker-1] Sobre NeoAuto
[Worker-1] Noticias
[Worker-1] Tips y guías
[Worker-1] Ayuda en línea
[Worker-1] © 2024 NeoAuto Inc. Todos los derechos reservados
[Worker-1] Síguenos
[Worker-1] Descripción: {"@context":"https://schema.org","@graph":[{"@type":"Organization","@id":"https://neoauto.com/#organ...
[Worker-1] Único dueño: No
[Worker-1] Datos guardados en: /home/richgutz/Scraper-Neoauto-ANTIGRAVITY/extractores/results_txt/semanal_result_20260126_172854_d4285d.txt
[Worker-8] No apareció popup de cookies
[Worker-4] Intento 2: Page.click: Timeout 1000ms exceeded.
[Worker-4] Call log:
[Worker-4] - waiting for locator("button[class*='close']").locator("svg").locator("xpath=./ancestor::button")
[Worker-8] Intento 1: Page.click: Timeout 1000ms exceeded.
[Worker-8] Call log:
[Worker-8] - waiting for locator("button[class*='close']").locator("svg").locator("xpath=./ancestor::button")
[Worker-7] Scroll INICIAL para activar contenido...
[Worker-6] Navegación rápida (sin acciones)
[Worker-6] Paso 2/4: Categoría 'Usados'...
[Worker-5] Intento 3: Popup no encontrado
[Worker-6] Error en scraping: Page.goto: Target page, context or browser has been closed
[Worker-6] Call log:
[Worker-6] - navigating to "https://neoauto.com/venta-de-autos-usados", waiting until "domcontentloaded"
[Worker-6] Scraping falló para https://neoauto.com/auto/usado/hyundai-elantra-2015-1861014. Se considera procesada.
[Worker-3] Error en scraping: Mouse.wheel: Target page, context or browser has been closed
[Worker-3] Scraping falló para https://neoauto.com/auto/usado/toyota-gr-yaris-2023-1862880. Se considera procesada.
[Worker-8] Intento 2: Page.click: Target page, context or browser has been closed
[Worker-8] Call log:
[Worker-8] - waiting for locator("button[class*='close']").locator("svg").locator("xpath=./ancestor::button")
[Worker-2] Intento 1: Popup no encontrado
[Worker-4] Intento 1: Popup no encontrado
[Worker-7] Error en scraping: Mouse.wheel: Target page, context or browser has been closed
[Worker-7] Scraping falló para https://neoauto.com/auto/usado/nissan-kicks-2019-1862256. Se considera procesada.
[Worker-5] No se pudo cerrar el popup de satisfacción
[Worker-5] Popups manejados POST-scroll
[Worker-5] Scroll adicional de confirmación...
[Worker-5] Error en scraping: Mouse.wheel: Target page, context or browser has been closed
[Worker-5] Scraping falló para https://neoauto.com/auto/usado/hyundai-creta-2023-1861843. Se considera procesada.
[Worker-2] Intento 2: Popup no encontrado
[Worker-8] Intento 1: Popup no encontrado
[Worker-4] Intento 2: Popup no encontrado
[Worker-1] URLs restantes en urls_autos_random: 1914 | Procesadas en sesión: 14 | Próximo refresco en: 11 URLs
[Worker-1] URL obtenida y bloqueada desde urls_autos_random: https://neoauto.com/auto/usado/bmw-x3-20i-2015-1860228
[Worker-1] Iniciando extracción para: https://neoauto.com/auto/usado/bmw-x3-20i-2015-1860228
[Worker-1] Iniciando navegación...
[Worker-1] Marca extraída: 'bmw'
[Worker-1] Camino elegido (4 pasos).
[Worker-1] Paso 1/4: Página Principal...
[Worker-1] Error en scraping: Page.goto: Target page, context or browser has been closed
[Worker-1] Scraping falló para https://neoauto.com/auto/usado/bmw-x3-20i-2015-1860228. Se considera procesada.
[Worker-2] Intento 3: Popup no encontrado
[Worker-8] Intento 2: Popup no encontrado
[Worker-4] Intento 3: Popup no encontrado
[Worker-2] No se pudo cerrar el popup de satisfacción
[Worker-2] Popups manejados POST-scroll
[Worker-2] Scroll adicional de confirmación...
[Worker-2] Error en scraping: Mouse.wheel: Target page, context or browser has been closed
[Worker-2] Scraping falló para https://neoauto.com/auto/usado/subaru-forester-2017-1854296. Se considera procesada.
[Worker-8] Intento 3: Popup no encontrado
[Worker-4] No se pudo cerrar el popup de satisfacción
[Worker-4] Popups manejados POST-scroll
[Worker-4] Scroll adicional de confirmación...
[Worker-4] Error en scraping: Mouse.wheel: Target page, context or browser has been closed
[Worker-4] Scraping falló para https://neoauto.com/auto/usado/chevrolet-onix-2023-1855532. Se considera procesada.
[Worker-3] URLs restantes en urls_autos_random: 1913 | Procesadas en sesión: 13 | Próximo refresco en: 11 URLs
[Worker-3] URL obtenida y bloqueada desde urls_autos_random: https://neoauto.com/auto/usado/chevrolet-n300-move-2020-1863349
[Worker-3] Iniciando extracción para: https://neoauto.com/auto/usado/chevrolet-n300-move-2020-1863349
[Worker-3] Iniciando navegación...
[Worker-3] Marca extraída: 'chevrolet'
[Worker-3] Camino elegido (4 pasos).
[Worker-3] Paso 1/4: Página Principal...
[Worker-3] Error en scraping: Page.goto: Target page, context or browser has been closed
[Worker-3] Scraping falló para https://neoauto.com/auto/usado/chevrolet-n300-move-2020-1863349. Se considera procesada.
[Worker-8] No se pudo cerrar el popup de satisfacción
[Worker-8] Popups manejados POST-scroll
[Worker-8] Scroll adicional de confirmación...
[Worker-8] Error en scraping: Mouse.wheel: Target page, context or browser has been closed
[Worker-8] Scraping falló para https://neoauto.com/auto/usado/mazda-cx-5-2020-1862637. Se considera procesada.
[Worker-1] URLs restantes en urls_autos_random: 1912 | Procesadas en sesión: 14 | Próximo refresco en: 10 URLs
[Worker-6] URLs restantes en urls_autos_random: 1912 | Procesadas en sesión: 13 | Próximo refresco en: 11 URLs
[Worker-1] URL obtenida y bloqueada desde urls_autos_random: https://neoauto.com/auto/usado/audi-a7-sportback-hb-2012-1861297
[Worker-1] Iniciando extracción para: https://neoauto.com/auto/usado/audi-a7-sportback-hb-2012-1861297
[Worker-1] Iniciando navegación...
[Worker-1] Marca extraída: 'audi'
[Worker-1] Camino elegido (4 pasos).
[Worker-1] Paso 1/4: Página Principal...
[Worker-1] Error en scraping: Page.goto: Target page, context or browser has been closed
[Worker-1] Scraping falló para https://neoauto.com/auto/usado/audi-a7-sportback-hb-2012-1861297. Se considera procesada.
[Worker-6] URL obtenida y bloqueada desde urls_autos_random: https://neoauto.com/auto/usado/toyota-corolla-2016-1851801
[Worker-6] Iniciando extracción para: https://neoauto.com/auto/usado/toyota-corolla-2016-1851801
[Worker-6] Iniciando navegación...
[Worker-6] Marca extraída: 'toyota'
[Worker-6] Camino elegido (4 pasos).
[Worker-6] Paso 1/4: Página Principal...
[Worker-6] Error en scraping: Page.goto: Target page, context or browser has been closed
[Worker-6] Scraping falló para https://neoauto.com/auto/usado/toyota-corolla-2016-1851801. Se considera procesada.
[Worker-7] URLs restantes en urls_autos_random: 1909 | Procesadas en sesión: 13 | Próximo refresco en: 11 URLs
[Worker-7] URL obtenida y bloqueada desde urls_autos_random: https://neoauto.com/auto/usado/mercedes-benz-gla-180-2019-1861414
[Worker-7] Iniciando extracción para: https://neoauto.com/auto/usado/mercedes-benz-gla-180-2019-1861414
[Worker-7] Iniciando navegación...
[Worker-7] Marca extraída: 'mercedes'
[Worker-7] Camino elegido (4 pasos).
[Worker-7] Paso 1/4: Página Principal...
[Worker-7] Error en scraping: Page.goto: Target page, context or browser has been closed
[Worker-7] Scraping falló para https://neoauto.com/auto/usado/mercedes-benz-gla-180-2019-1861414. Se considera procesada.
[Worker-2] URLs restantes en urls_autos_random: 1908 | Procesadas en sesión: 13 | Próximo refresco en: 11 URLs
[Worker-5] URLs restantes en urls_autos_random: 1908 | Procesadas en sesión: 13 | Próximo refresco en: 11 URLs
[Worker-2] URL obtenida y bloqueada desde urls_autos_random: https://neoauto.com/auto/usado/nissan-tiida-2013-1862356
[Worker-2] Iniciando extracción para: https://neoauto.com/auto/usado/nissan-tiida-2013-1862356
[Worker-2] Iniciando navegación...
[Worker-2] Marca extraída: 'nissan'
[Worker-2] Camino elegido (4 pasos).
[Worker-2] Paso 1/4: Página Principal...
[Worker-2] Error en scraping: Page.goto: Target page, context or browser has been closed
[Worker-2] Scraping falló para https://neoauto.com/auto/usado/nissan-tiida-2013-1862356. Se considera procesada.
[Worker-5] URL obtenida y bloqueada desde urls_autos_random: https://neoauto.com/auto/usado/volkswagen-amarok-2016-1857610
[Worker-5] Iniciando extracción para: https://neoauto.com/auto/usado/volkswagen-amarok-2016-1857610
[Worker-5] Iniciando navegación...
[Worker-5] Marca extraída: 'volkswagen'
[Worker-5] Camino elegido (4 pasos).
[Worker-5] Paso 1/4: Página Principal...
[Worker-5] Error en scraping: Page.goto: Target page, context or browser has been closed
[Worker-5] Scraping falló para https://neoauto.com/auto/usado/volkswagen-amarok-2016-1857610. Se considera procesada.
[Worker-3] URLs restantes en urls_autos_random: 1905 | Procesadas en sesión: 13 | Próximo refresco en: 10 URLs
[Worker-4] URLs restantes en urls_autos_random: 1905 | Procesadas en sesión: 13 | Próximo refresco en: 11 URLs
[Worker-3] URL obtenida y bloqueada desde urls_autos_random: https://neoauto.com/auto/usado/jeep-cherokee-laredo-2019-1861740
[Worker-3] Iniciando extracción para: https://neoauto.com/auto/usado/jeep-cherokee-laredo-2019-1861740
[Worker-3] Iniciando navegación...
[Worker-3] Marca extraída: 'jeep'
[Worker-3] Camino elegido (4 pasos).
[Worker-3] Paso 1/4: Página Principal...
[Worker-3] Error en scraping: Page.goto: Target page, context or browser has been closed
[Worker-3] Scraping falló para https://neoauto.com/auto/usado/jeep-cherokee-laredo-2019-1861740. Se considera procesada.
[Worker-4] URL obtenida y bloqueada desde urls_autos_random: https://neoauto.com/auto/usado/jeep-grand-cherokee-laredo-2015-1853380
[Worker-4] Iniciando extracción para: https://neoauto.com/auto/usado/jeep-grand-cherokee-laredo-2015-1853380
[Worker-4] Iniciando navegación...
[Worker-4] Marca extraída: 'jeep'
[Worker-4] Camino elegido (4 pasos).
[Worker-4] Paso 1/4: Página Principal...
[Worker-4] Error en scraping: Page.goto: Target page, context or browser has been closed
[Worker-4] Scraping falló para https://neoauto.com/auto/usado/jeep-grand-cherokee-laredo-2015-1853380. Se considera procesada.
[Worker-7] URLs restantes en urls_autos_random: 1901 | Procesadas en sesión: 13 | Próximo refresco en: 10 URLs
[Worker-1] URLs restantes en urls_autos_random: 1901 | Procesadas en sesión: 14 | Próximo refresco en: 9 URLs
[Worker-7] URL obtenida y bloqueada desde urls_autos_random: https://neoauto.com/auto/usado/volkswagen-nivus-2022-1855826
[Worker-7] Iniciando extracción para: https://neoauto.com/auto/usado/volkswagen-nivus-2022-1855826
[Worker-7] Iniciando navegación...
[Worker-7] Marca extraída: 'volkswagen'
[Worker-7] Camino elegido (4 pasos).
[Worker-7] Paso 1/4: Página Principal...
[Worker-7] Error en scraping: Page.goto: Target page, context or browser has been closed
[Worker-7] Scraping falló para https://neoauto.com/auto/usado/volkswagen-nivus-2022-1855826. Se considera procesada.
[Worker-1] URL obtenida y bloqueada desde urls_autos_random: https://neoauto.com/auto/usado/toyota-corolla-2015-1847192
[Worker-1] Iniciando extracción para: https://neoauto.com/auto/usado/toyota-corolla-2015-1847192
[Worker-1] Iniciando navegación...
[Worker-1] Marca extraída: 'toyota'
[Worker-1] Camino elegido (4 pasos).
[Worker-1] Paso 1/4: Página Principal...
[Worker-1] Error en scraping: Page.goto: Target page, context or browser has been closed
[Worker-1] Scraping falló para https://neoauto.com/auto/usado/toyota-corolla-2015-1847192. Se considera procesada.
[Worker-8] URLs restantes en urls_autos_random: 1899 | Procesadas en sesión: 13 | Próximo refresco en: 11 URLs
[Worker-6] URLs restantes en urls_autos_random: 1899 | Procesadas en sesión: 13 | Próximo refresco en: 10 URLs
[Worker-8] URL obtenida y bloqueada desde urls_autos_random: https://neoauto.com/auto/usado/jeep-compass-2023-1860554
[Worker-8] Iniciando extracción para: https://neoauto.com/auto/usado/jeep-compass-2023-1860554
[Worker-8] Iniciando navegación...
[Worker-8] Marca extraída: 'jeep'
[Worker-8] Camino elegido (4 pasos).
[Worker-8] Paso 1/4: Página Principal...
[Worker-8] Error en scraping: Page.goto: Target page, context or browser has been closed
[Worker-8] Scraping falló para https://neoauto.com/auto/usado/jeep-compass-2023-1860554. Se considera procesada.
[Worker-6] URL obtenida y bloqueada desde urls_autos_random: https://neoauto.com/auto/usado/volkswagen-bora-2010-1860573
[Worker-6] Iniciando extracción para: https://neoauto.com/auto/usado/volkswagen-bora-2010-1860573
[Worker-6] Iniciando navegación...
[Worker-6] Marca extraída: 'volkswagen'
[Worker-6] Camino elegido (4 pasos).
[Worker-6] Paso 1/4: Página Principal...
[Worker-6] Error en scraping: Page.goto: Target page, context or browser has been closed
[Worker-6] Scraping falló para https://neoauto.com/auto/usado/volkswagen-bora-2010-1860573. Se considera procesada.
[Worker-2] URLs restantes en urls_autos_random: 1895 | Procesadas en sesión: 13 | Próximo refresco en: 10 URLs
[Worker-2] URL obtenida y bloqueada desde urls_autos_random: https://neoauto.com/auto/usado/volvo-xc-60-2016-1863077
[Worker-2] Iniciando extracción para: https://neoauto.com/auto/usado/volvo-xc-60-2016-1863077
[Worker-2] Iniciando navegación...
[Worker-2] Marca extraída: 'volvo'
[Worker-2] Camino elegido (4 pasos).
[Worker-2] Paso 1/4: Página Principal...
[Worker-2] Error en scraping: Page.goto: Target page, context or browser has been closed
[Worker-2] Scraping falló para https://neoauto.com/auto/usado/volvo-xc-60-2016-1863077. Se considera procesada.
[Worker-5] URLs restantes en urls_autos_random: 1894 | Procesadas en sesión: 13 | Próximo refresco en: 10 URLs
[Worker-7] URLs restantes en urls_autos_random: 1892 | Procesadas en sesión: 13 | Próximo refresco en: 9 URLs
[Worker-5] URL obtenida y bloqueada desde urls_autos_random: https://neoauto.com/auto/usado/mercedes-benz-gla-200-2017-1862557
[Worker-5] Iniciando extracción para: https://neoauto.com/auto/usado/mercedes-benz-gla-200-2017-1862557
[Worker-5] Iniciando navegación...
[Worker-5] Marca extraída: 'mercedes'
[Worker-5] Camino elegido (4 pasos).
[Worker-5] Paso 1/4: Página Principal...
[Worker-5] Error en scraping: Page.goto: Target page, context or browser has been closed
[Worker-5] Scraping falló para https://neoauto.com/auto/usado/mercedes-benz-gla-200-2017-1862557. Se considera procesada.
[Worker-7] URL obtenida y bloqueada desde urls_autos_random: https://neoauto.com/auto/usado/chevrolet-captiva-2021-1860321
[Worker-7] Iniciando extracción para: https://neoauto.com/auto/usado/chevrolet-captiva-2021-1860321
[Worker-7] Iniciando navegación...
[Worker-7] Marca extraída: 'chevrolet'
[Worker-7] Camino elegido (4 pasos).
[Worker-7] Paso 1/4: Página Principal...
[Worker-7] Error en scraping: Page.goto: Target page, context or browser has been closed
[Worker-7] Scraping falló para https://neoauto.com/auto/usado/chevrolet-captiva-2021-1860321. Se considera procesada.
[Worker-4] URLs restantes en urls_autos_random: 1891 | Procesadas en sesión: 13 | Próximo refresco en: 10 URLs
[Worker-3] URLs restantes en urls_autos_random: 1891 | Procesadas en sesión: 13 | Próximo refresco en: 9 URLs
[Worker-4] URL obtenida y bloqueada desde urls_autos_random: https://neoauto.com/auto/usado/toyota-land-cruiser-prado-2014-1859637
[Worker-4] Iniciando extracción para: https://neoauto.com/auto/usado/toyota-land-cruiser-prado-2014-1859637
[Worker-4] Iniciando navegación...
[Worker-4] Marca extraída: 'toyota'
[Worker-4] Camino elegido (4 pasos).
[Worker-4] Paso 1/4: Página Principal...
[Worker-4] Error en scraping: Page.goto: Target page, context or browser has been closed
[Worker-4] Scraping falló para https://neoauto.com/auto/usado/toyota-land-cruiser-prado-2014-1859637. Se considera procesada.
[Worker-3] URL obtenida y bloqueada desde urls_autos_random: https://neoauto.com/auto/usado/volkswagen-tiguan-allspace-2021-1863527
[Worker-3] Iniciando extracción para: https://neoauto.com/auto/usado/volkswagen-tiguan-allspace-2021-1863527
[Worker-3] Iniciando navegación...
[Worker-3] Marca extraída: 'volkswagen'
[Worker-3] Camino elegido (4 pasos).
[Worker-3] Paso 1/4: Página Principal...
[Worker-3] Error en scraping: Page.goto: Target page, context or browser has been closed
[Worker-3] Scraping falló para https://neoauto.com/auto/usado/volkswagen-tiguan-allspace-2021-1863527. Se considera procesada.
[Worker-1] URLs restantes en urls_autos_random: 1889 | Procesadas en sesión: 14 | Próximo refresco en: 8 URLs
[Worker-8] URLs restantes en urls_autos_random: 1889 | Procesadas en sesión: 13 | Próximo refresco en: 10 URLs
[Worker-1] URL obtenida y bloqueada desde urls_autos_random: https://neoauto.com/auto/usado/audi-a4-e-1-8t-multitronic-2014-1862979
[Worker-1] Iniciando extracción para: https://neoauto.com/auto/usado/audi-a4-e-1-8t-multitronic-2014-1862979
[Worker-1] Iniciando navegación...
[Worker-1] Marca extraída: 'audi'
[Worker-1] Camino elegido (4 pasos).
[Worker-1] Paso 1/4: Página Principal...
[Worker-1] Error en scraping: Page.goto: Target page, context or browser has been closed
[Worker-1] Scraping falló para https://neoauto.com/auto/usado/audi-a4-e-1-8t-multitronic-2014-1862979. Se considera procesada.
[Worker-8] URL obtenida y bloqueada desde urls_autos_random: https://neoauto.com/auto/usado/volvo-xc-40-2024-1850544
[Worker-8] Iniciando extracción para: https://neoauto.com/auto/usado/volvo-xc-40-2024-1850544
[Worker-8] Iniciando navegación...
[Worker-8] Marca extraída: 'volvo'
[Worker-8] Camino elegido (4 pasos).
[Worker-8] Paso 1/4: Página Principal...
[Worker-8] Error en scraping: Page.goto: Target page, context or browser has been closed
[Worker-8] Scraping falló para https://neoauto.com/auto/usado/volvo-xc-40-2024-1850544. Se considera procesada.
[Worker-6] URLs restantes en urls_autos_random: 1887 | Procesadas en sesión: 13 | Próximo refresco en: 9 URLs
[Worker-6] URL obtenida y bloqueada desde urls_autos_random: https://neoauto.com/auto/usado/toyota-land-cruiser-prado-2012-1862910
[Worker-6] Iniciando extracción para: https://neoauto.com/auto/usado/toyota-land-cruiser-prado-2012-1862910
[Worker-6] Iniciando navegación...
[Worker-6] Marca extraída: 'toyota'
[Worker-6] Camino elegido (4 pasos).
[Worker-6] Paso 1/4: Página Principal...
[Worker-6] Error en scraping: Page.goto: Target page, context or browser has been closed
[Worker-6] Scraping falló para https://neoauto.com/auto/usado/toyota-land-cruiser-prado-2012-1862910. Se considera procesada.
[Worker-7] URLs restantes en urls_autos_random: 1886 | Procesadas en sesión: 13 | Próximo refresco en: 8 URLs
[Worker-4] URLs restantes en urls_autos_random: 1886 | Procesadas en sesión: 13 | Próximo refresco en: 9 URLs
[Worker-2] URLs restantes en urls_autos_random: 1886 | Procesadas en sesión: 13 | Próximo refresco en: 9 URLs
[Worker-7] URL obtenida y bloqueada desde urls_autos_random: https://neoauto.com/auto/usado/mazda-cx-5-2015-1863329
[Worker-7] Iniciando extracción para: https://neoauto.com/auto/usado/mazda-cx-5-2015-1863329
[Worker-7] Iniciando navegación...
[Worker-7] Marca extraída: 'mazda'
[Worker-7] Camino elegido (4 pasos).
[Worker-7] Paso 1/4: Página Principal...
[Worker-7] Error en scraping: Page.goto: Target page, context or browser has been closed
[Worker-7] Scraping falló para https://neoauto.com/auto/usado/mazda-cx-5-2015-1863329. Se considera procesada.
[Worker-5] URLs restantes en urls_autos_random: 1885 | Procesadas en sesión: 13 | Próximo refresco en: 9 URLs
[Worker-4] URL obtenida y bloqueada desde urls_autos_random: https://neoauto.com/auto/usado/audi-q2-2018-1856288
[Worker-4] Iniciando extracción para: https://neoauto.com/auto/usado/audi-q2-2018-1856288
[Worker-4] Iniciando navegación...
[Worker-4] Marca extraída: 'audi'
[Worker-4] Camino elegido (4 pasos).
[Worker-4] Paso 1/4: Página Principal...
[Worker-4] Error en scraping: Page.goto: Target page, context or browser has been closed
[Worker-4] Scraping falló para https://neoauto.com/auto/usado/audi-q2-2018-1856288. Se considera procesada.
[Worker-2] URL obtenida y bloqueada desde urls_autos_random: https://neoauto.com/auto/usado/toyota-rav4-2008-1861498
[Worker-2] Iniciando extracción para: https://neoauto.com/auto/usado/toyota-rav4-2008-1861498
[Worker-2] Iniciando navegación...
[Worker-2] Marca extraída: 'toyota'
[Worker-2] Camino elegido (4 pasos).
[Worker-2] Paso 1/4: Página Principal...
[Worker-2] Error en scraping: Page.goto: Target page, context or browser has been closed
[Worker-2] Scraping falló para https://neoauto.com/auto/usado/toyota-rav4-2008-1861498. Se considera procesada.
[Worker-5] URL obtenida y bloqueada desde urls_autos_random: https://neoauto.com/auto/usado/mitsubishi-montero-sport-2023-1860403
[Worker-5] Iniciando extracción para: https://neoauto.com/auto/usado/mitsubishi-montero-sport-2023-1860403
[Worker-5] Iniciando navegación...
[Worker-5] Marca extraída: 'mitsubishi'
[Worker-5] Camino elegido (4 pasos).
[Worker-5] Paso 1/4: Página Principal...
[Worker-5] Error en scraping: Page.goto: Target page, context or browser has been closed
[Worker-5] Scraping falló para https://neoauto.com/auto/usado/mitsubishi-montero-sport-2023-1860403. Se considera procesada.
[Worker-3] URLs restantes en urls_autos_random: 1882 | Procesadas en sesión: 13 | Próximo refresco en: 8 URLs
[Worker-3] URL obtenida y bloqueada desde urls_autos_random: https://neoauto.com/auto/usado/jeep-compass-sport-2016-1862853
[Worker-3] Iniciando extracción para: https://neoauto.com/auto/usado/jeep-compass-sport-2016-1862853
[Worker-3] Iniciando navegación...
[Worker-3] Marca extraída: 'jeep'
[Worker-3] Camino elegido (4 pasos).
[Worker-3] Paso 1/4: Página Principal...
[Worker-3] Error en scraping: Page.goto: Target page, context or browser has been closed
[Worker-3] Scraping falló para https://neoauto.com/auto/usado/jeep-compass-sport-2016-1862853. Se considera procesada.
[Worker-6] URLs restantes en urls_autos_random: 1881 | Procesadas en sesión: 13 | Próximo refresco en: 8 URLs
[Worker-6] URL obtenida y bloqueada desde urls_autos_random: https://neoauto.com/auto/usado/toyota-previa-1991-1863434
[Worker-6] Iniciando extracción para: https://neoauto.com/auto/usado/toyota-previa-1991-1863434
[Worker-6] Iniciando navegación...
[Worker-6] Marca extraída: 'toyota'
[Worker-6] Camino elegido (4 pasos).
[Worker-6] Paso 1/4: Página Principal...
[Worker-6] Error en scraping: Page.goto: Target page, context or browser has been closed
[Worker-6] Scraping falló para https://neoauto.com/auto/usado/toyota-previa-1991-1863434. Se considera procesada.
[Worker-1] URLs restantes en urls_autos_random: 1880 | Procesadas en sesión: 14 | Próximo refresco en: 7 URLs
[Worker-4] URLs restantes en urls_autos_random: 1880 | Procesadas en sesión: 13 | Próximo refresco en: 8 URLs
[Worker-1] URL obtenida y bloqueada desde urls_autos_random: https://neoauto.com/auto/usado/kia-seltos-2023-1861764
[Worker-1] Iniciando extracción para: https://neoauto.com/auto/usado/kia-seltos-2023-1861764
[Worker-1] Iniciando navegación...
[Worker-1] Marca extraída: 'kia'
[Worker-1] Camino elegido (4 pasos).
[Worker-1] Paso 1/4: Página Principal...
[Worker-1] Error en scraping: Page.goto: Target page, context or browser has been closed
[Worker-1] Scraping falló para https://neoauto.com/auto/usado/kia-seltos-2023-1861764. Se considera procesada.
[Worker-8] URLs restantes en urls_autos_random: 1878 | Procesadas en sesión: 13 | Próximo refresco en: 9 URLs
[Worker-2] URLs restantes en urls_autos_random: 1878 | Procesadas en sesión: 13 | Próximo refresco en: 8 URLs
[Worker-7] URLs restantes en urls_autos_random: 1878 | Procesadas en sesión: 13 | Próximo refresco en: 7 URLs
[Worker-4] URL obtenida y bloqueada desde urls_autos_random: https://neoauto.com/auto/usado/kia-sportage-2009-1861814
[Worker-4] Iniciando extracción para: https://neoauto.com/auto/usado/kia-sportage-2009-1861814
[Worker-4] Iniciando navegación...
[Worker-4] Marca extraída: 'kia'
[Worker-4] Camino elegido (4 pasos).
[Worker-4] Paso 1/4: Página Principal...
[Worker-4] Error en scraping: Page.goto: Target page, context or browser has been closed
[Worker-4] Scraping falló para https://neoauto.com/auto/usado/kia-sportage-2009-1861814. Se considera procesada.
[Worker-8] URL obtenida y bloqueada desde urls_autos_random: https://neoauto.com/auto/usado/nissan-versa-sense-2023-1861789
[Worker-8] Iniciando extracción para: https://neoauto.com/auto/usado/nissan-versa-sense-2023-1861789
[Worker-8] Iniciando navegación...
[Worker-8] Marca extraída: 'nissan'
[Worker-8] Camino elegido (4 pasos).
[Worker-8] Paso 1/4: Página Principal...
[Worker-8] Error en scraping: Page.goto: Target page, context or browser has been closed
[Worker-8] Scraping falló para https://neoauto.com/auto/usado/nissan-versa-sense-2023-1861789. Se considera procesada.
[Worker-2] URL obtenida y bloqueada desde urls_autos_random: https://neoauto.com/auto/usado/audi-a3-sedan-2017-1862817
[Worker-2] Iniciando extracción para: https://neoauto.com/auto/usado/audi-a3-sedan-2017-1862817
[Worker-2] Iniciando navegación...
[Worker-2] Marca extraída: 'audi'
[Worker-2] Camino elegido (4 pasos).
[Worker-2] Paso 1/4: Página Principal...
[Worker-2] Error en scraping: Page.goto: Target page, context or browser has been closed
[Worker-2] Scraping falló para https://neoauto.com/auto/usado/audi-a3-sedan-2017-1862817. Se considera procesada.
[Worker-3] URLs restantes en urls_autos_random: 1874 | Procesadas en sesión: 13 | Próximo refresco en: 7 URLs
[Worker-7] URL obtenida y bloqueada desde urls_autos_random: https://neoauto.com/auto/usado/chevrolet-captiva-2011-1826878
[Worker-7] Iniciando extracción para: https://neoauto.com/auto/usado/chevrolet-captiva-2011-1826878
[Worker-7] Iniciando navegación...
[Worker-7] Marca extraída: 'chevrolet'
[Worker-7] Camino elegido (4 pasos).
[Worker-7] Paso 1/4: Página Principal...
[Worker-7] Error en scraping: Page.goto: Target page, context or browser has been closed
[Worker-7] Scraping falló para https://neoauto.com/auto/usado/chevrolet-captiva-2011-1826878. Se considera procesada.
[Worker-5] URLs restantes en urls_autos_random: 1873 | Procesadas en sesión: 13 | Próximo refresco en: 8 URLs
[Worker-3] URL obtenida y bloqueada desde urls_autos_random: https://neoauto.com/auto/usado/suzuki-jimny-2017-1861792
[Worker-3] Iniciando extracción para: https://neoauto.com/auto/usado/suzuki-jimny-2017-1861792
[Worker-3] Iniciando navegación...
[Worker-3] Marca extraída: 'suzuki'
[Worker-3] Camino elegido (4 pasos).
[Worker-3] Paso 1/4: Página Principal...
[Worker-3] Error en scraping: Page.goto: Target page, context or browser has been closed
[Worker-3] Scraping falló para https://neoauto.com/auto/usado/suzuki-jimny-2017-1861792. Se considera procesada.
[Worker-5] URL obtenida y bloqueada desde urls_autos_random: https://neoauto.com/auto/usado/hyundai-atos-2022-1863323
[Worker-5] Iniciando extracción para: https://neoauto.com/auto/usado/hyundai-atos-2022-1863323
[Worker-5] Iniciando navegación...
[Worker-5] Marca extraída: 'hyundai'
[Worker-5] Camino elegido (4 pasos).
[Worker-5] Paso 1/4: Página Principal...
[Worker-5] Error en scraping: Page.goto: Target page, context or browser has been closed
[Worker-5] Scraping falló para https://neoauto.com/auto/usado/hyundai-atos-2022-1863323. Se considera procesada.
[Worker-1] URLs restantes en urls_autos_random: 1870 | Procesadas en sesión: 14 | Próximo refresco en: 6 URLs
[Worker-6] URLs restantes en urls_autos_random: 1870 | Procesadas en sesión: 13 | Próximo refresco en: 7 URLs
[Worker-1] URL obtenida y bloqueada desde urls_autos_random: https://neoauto.com/auto/usado/honda-accord-2005-1855736
[Worker-1] Iniciando extracción para: https://neoauto.com/auto/usado/honda-accord-2005-1855736
[Worker-1] Iniciando navegación...
[Worker-1] Marca extraída: 'honda'
[Worker-1] Camino elegido (4 pasos).
[Worker-1] Paso 1/4: Página Principal...
[Worker-1] Error en scraping: Page.goto: Target page, context or browser has been closed
[Worker-1] Scraping falló para https://neoauto.com/auto/usado/honda-accord-2005-1855736. Se considera procesada.
[Worker-6] URL obtenida y bloqueada desde urls_autos_random: https://neoauto.com/auto/usado/hyundai-creta-2020-1853959
[Worker-6] Iniciando extracción para: https://neoauto.com/auto/usado/hyundai-creta-2020-1853959
[Worker-6] Iniciando navegación...
[Worker-6] Marca extraída: 'hyundai'
[Worker-6] Camino elegido (4 pasos).
[Worker-6] Paso 1/4: Página Principal...
[Worker-6] Error en scraping: Page.goto: Target page, context or browser has been closed
[Worker-6] Scraping falló para https://neoauto.com/auto/usado/hyundai-creta-2020-1853959. Se considera procesada.
[Worker-7] URLs restantes en urls_autos_random: 1868 | Procesadas en sesión: 13 | Próximo refresco en: 6 URLs
[Worker-7] URL obtenida y bloqueada desde urls_autos_random: https://neoauto.com/auto/usado/kia-rio-2020-1860098
[Worker-7] Iniciando extracción para: https://neoauto.com/auto/usado/kia-rio-2020-1860098
[Worker-7] Iniciando navegación...
[Worker-7] Marca extraída: 'kia'
[Worker-7] Camino elegido (4 pasos).
[Worker-7] Paso 1/4: Página Principal...
[Worker-7] Error en scraping: Page.goto: Target page, context or browser has been closed
[Worker-7] Scraping falló para https://neoauto.com/auto/usado/kia-rio-2020-1860098. Se considera procesada.
[Worker-8] URLs restantes en urls_autos_random: 1867 | Procesadas en sesión: 13 | Próximo refresco en: 8 URLs
[Worker-2] URLs restantes en urls_autos_random: 1867 | Procesadas en sesión: 13 | Próximo refresco en: 7 URLs
[Worker-5] URLs restantes en urls_autos_random: 1867 | Procesadas en sesión: 13 | Próximo refresco en: 7 URLs
[Worker-4] URLs restantes en urls_autos_random: 1867 | Procesadas en sesión: 13 | Próximo refresco en: 7 URLs
[Worker-8] URL obtenida y bloqueada desde urls_autos_random: https://neoauto.com/auto/usado/bmw-120i-2016-1862049
[Worker-8] Iniciando extracción para: https://neoauto.com/auto/usado/bmw-120i-2016-1862049
[Worker-8] Iniciando navegación...
[Worker-8] Marca extraída: 'bmw'
[Worker-8] Camino elegido (4 pasos).
[Worker-8] Paso 1/4: Página Principal...
[Worker-8] Error en scraping: Page.goto: Target page, context or browser has been closed
[Worker-8] Scraping falló para https://neoauto.com/auto/usado/bmw-120i-2016-1862049. Se considera procesada.
[Worker-2] URL obtenida y bloqueada desde urls_autos_random: https://neoauto.com/auto/usado/hyundai-santa-fe-2012-1863248
[Worker-2] Iniciando extracción para: https://neoauto.com/auto/usado/hyundai-santa-fe-2012-1863248
[Worker-2] Iniciando navegación...
[Worker-2] Marca extraída: 'hyundai'
[Worker-2] Camino elegido (4 pasos).
[Worker-2] Paso 1/4: Página Principal...
[Worker-2] Error en scraping: Page.goto: Target page, context or browser has been closed
[Worker-2] Scraping falló para https://neoauto.com/auto/usado/hyundai-santa-fe-2012-1863248. Se considera procesada.
[Worker-5] URL obtenida y bloqueada desde urls_autos_random: https://neoauto.com/auto/usado/bmw-640i-coupe-2012-1844234
[Worker-5] Iniciando extracción para: https://neoauto.com/auto/usado/bmw-640i-coupe-2012-1844234
[Worker-5] Iniciando navegación...
[Worker-5] Marca extraída: 'bmw'
[Worker-5] Camino elegido (4 pasos).
[Worker-5] Paso 1/4: Página Principal...
[Worker-5] Error en scraping: Page.goto: Target page, context or browser has been closed
[Worker-5] Scraping falló para https://neoauto.com/auto/usado/bmw-640i-coupe-2012-1844234. Se considera procesada.
[Worker-4] URL obtenida y bloqueada desde urls_autos_random: https://neoauto.com/auto/usado/audi-q5-2012-1862906
[Worker-4] Iniciando extracción para: https://neoauto.com/auto/usado/audi-q5-2012-1862906
[Worker-4] Iniciando navegación...
[Worker-4] Marca extraída: 'audi'
[Worker-4] Camino elegido (4 pasos).
[Worker-4] Paso 1/4: Página Principal...
[Worker-4] Error en scraping: Page.goto: Target page, context or browser has been closed
[Worker-4] Scraping falló para https://neoauto.com/auto/usado/audi-q5-2012-1862906. Se considera procesada.
[Worker-3] URLs restantes en urls_autos_random: 1863 | Procesadas en sesión: 13 | Próximo refresco en: 6 URLs
[Worker-3] URL obtenida y bloqueada desde urls_autos_random: https://neoauto.com/auto/usado/honda-cr-v-2023-1861198
[Worker-3] Iniciando extracción para: https://neoauto.com/auto/usado/honda-cr-v-2023-1861198
[Worker-3] Iniciando navegación...
[Worker-3] Marca extraída: 'honda'
[Worker-3] Camino elegido (4 pasos).
[Worker-3] Paso 1/4: Página Principal...
[Worker-3] Error en scraping: Page.goto: Target page, context or browser has been closed
[Worker-3] Scraping falló para https://neoauto.com/auto/usado/honda-cr-v-2023-1861198. Se considera procesada.
[Worker-5] URLs restantes en urls_autos_random: 1862 | Procesadas en sesión: 13 | Próximo refresco en: 6 URLs
[Worker-5] URL obtenida y bloqueada desde urls_autos_random: https://neoauto.com/auto/usado/ford-explorer-2024-1862987
[Worker-5] Iniciando extracción para: https://neoauto.com/auto/usado/ford-explorer-2024-1862987
[Worker-5] Iniciando navegación...
[Worker-5] Marca extraída: 'ford'
[Worker-5] Camino elegido (4 pasos).
[Worker-5] Paso 1/4: Página Principal...
[Worker-5] Error en scraping: Page.goto: Target page, context or browser has been closed
[Worker-5] Scraping falló para https://neoauto.com/auto/usado/ford-explorer-2024-1862987. Se considera procesada.
[Worker-6] URLs restantes en urls_autos_random: 1861 | Procesadas en sesión: 13 | Próximo refresco en: 6 URLs
[Worker-6] URL obtenida y bloqueada desde urls_autos_random: https://neoauto.com/auto/usado/mercedes-benz-gla-200-2023-1860472
[Worker-6] Iniciando extracción para: https://neoauto.com/auto/usado/mercedes-benz-gla-200-2023-1860472
[Worker-6] Iniciando navegación...
[Worker-6] Marca extraída: 'mercedes'
[Worker-6] Camino elegido (4 pasos).
[Worker-6] Paso 1/4: Página Principal...
[Worker-6] Error en scraping: Page.goto: Target page, context or browser has been closed
[Worker-6] Scraping falló para https://neoauto.com/auto/usado/mercedes-benz-gla-200-2023-1860472. Se considera procesada.
[Worker-2] URLs restantes en urls_autos_random: 1859 | Procesadas en sesión: 13 | Próximo refresco en: 6 URLs
[Worker-1] URLs restantes en urls_autos_random: 1859 | Procesadas en sesión: 14 | Próximo refresco en: 5 URLs
[Worker-2] URL obtenida y bloqueada desde urls_autos_random: https://neoauto.com/auto/usado/hyundai-santa-fe-2023-1856120
[Worker-2] Iniciando extracción para: https://neoauto.com/auto/usado/hyundai-santa-fe-2023-1856120
[Worker-2] Iniciando navegación...
[Worker-2] Marca extraída: 'hyundai'
[Worker-2] Camino elegido (4 pasos).
[Worker-2] Paso 1/4: Página Principal...
[Worker-2] Error en scraping: Page.goto: Target page, context or browser has been closed
[Worker-2] Scraping falló para https://neoauto.com/auto/usado/hyundai-santa-fe-2023-1856120. Se considera procesada.
[Worker-3] URLs restantes en urls_autos_random: 1857 | Procesadas en sesión: 13 | Próximo refresco en: 5 URLs
[Worker-1] URL obtenida y bloqueada desde urls_autos_random: https://neoauto.com/auto/usado/toyota-rav4-2020-1862178
[Worker-1] Iniciando extracción para: https://neoauto.com/auto/usado/toyota-rav4-2020-1862178
[Worker-1] Iniciando navegación...
[Worker-1] Marca extraída: 'toyota'
[Worker-1] Camino elegido (4 pasos).
[Worker-1] Paso 1/4: Página Principal...
[Worker-1] Error en scraping: Page.goto: Target page, context or browser has been closed
[Worker-1] Scraping falló para https://neoauto.com/auto/usado/toyota-rav4-2020-1862178. Se considera procesada.
[Worker-4] URLs restantes en urls_autos_random: 1856 | Procesadas en sesión: 13 | Próximo refresco en: 6 URLs
[Worker-3] URL obtenida y bloqueada desde urls_autos_random: https://neoauto.com/auto/usado/jeep-grand-cherokee-limited-2011-1861215
[Worker-3] Iniciando extracción para: https://neoauto.com/auto/usado/jeep-grand-cherokee-limited-2011-1861215
[Worker-3] Iniciando navegación...
[Worker-3] Marca extraída: 'jeep'
[Worker-3] Camino elegido (4 pasos).
[Worker-3] Paso 1/4: Página Principal...
[Worker-3] Error en scraping: Page.goto: Target page, context or browser has been closed
[Worker-3] Scraping falló para https://neoauto.com/auto/usado/jeep-grand-cherokee-limited-2011-1861215. Se considera procesada.
[Worker-7] URLs restantes en urls_autos_random: 1855 | Procesadas en sesión: 13 | Próximo refresco en: 5 URLs
[Worker-4] URL obtenida y bloqueada desde urls_autos_random: https://neoauto.com/auto/usado/subaru-forester-2015-1859314
[Worker-4] Iniciando extracción para: https://neoauto.com/auto/usado/subaru-forester-2015-1859314
[Worker-4] Iniciando navegación...
[Worker-4] Marca extraída: 'subaru'
[Worker-4] Camino elegido (4 pasos).
[Worker-4] Paso 1/4: Página Principal...
[Worker-4] Error en scraping: Page.goto: Target page, context or browser has been closed
[Worker-4] Scraping falló para https://neoauto.com/auto/usado/subaru-forester-2015-1859314. Se considera procesada.
[Worker-7] URL obtenida y bloqueada desde urls_autos_random: https://neoauto.com/auto/usado/ford-f-150-1987-1857971
[Worker-7] Iniciando extracción para: https://neoauto.com/auto/usado/ford-f-150-1987-1857971
[Worker-7] Iniciando navegación...
[Worker-7] Marca extraída: 'ford'
[Worker-7] Camino elegido (4 pasos).
[Worker-7] Paso 1/4: Página Principal...
[Worker-7] Error en scraping: Page.goto: Target page, context or browser has been closed
[Worker-7] Scraping falló para https://neoauto.com/auto/usado/ford-f-150-1987-1857971. Se considera procesada.
[Worker-8] URLs restantes en urls_autos_random: 1853 | Procesadas en sesión: 13 | Próximo refresco en: 7 URLs
[Worker-8] URL obtenida y bloqueada desde urls_autos_random: https://neoauto.com/auto/usado/nissan-liberty-2003-1862836
[Worker-8] Iniciando extracción para: https://neoauto.com/auto/usado/nissan-liberty-2003-1862836
[Worker-8] Iniciando navegación...
[Worker-8] Marca extraída: 'nissan'
[Worker-8] Camino elegido (4 pasos).
[Worker-8] Paso 1/4: Página Principal...
[Worker-8] Error en scraping: Page.goto: Target page, context or browser has been closed
[Worker-8] Scraping falló para https://neoauto.com/auto/usado/nissan-liberty-2003-1862836. Se considera procesada.
[Worker-5] URLs restantes en urls_autos_random: 1852 | Procesadas en sesión: 13 | Próximo refresco en: 5 URLs
[Worker-5] URL obtenida y bloqueada desde urls_autos_random: https://neoauto.com/auto/usado/chevrolet-captiva-2023-1859962
[Worker-5] Iniciando extracción para: https://neoauto.com/auto/usado/chevrolet-captiva-2023-1859962
[Worker-5] Iniciando navegación...
[Worker-5] Marca extraída: 'chevrolet'
[Worker-5] Camino elegido (4 pasos).
[Worker-5] Paso 1/4: Página Principal...
[Worker-5] Error en scraping: Page.goto: Target page, context or browser has been closed
[Worker-5] Scraping falló para https://neoauto.com/auto/usado/chevrolet-captiva-2023-1859962. Se considera procesada.
[Worker-6] URLs restantes en urls_autos_random: 1850 | Procesadas en sesión: 13 | Próximo refresco en: 5 URLs
[Worker-6] URL obtenida y bloqueada desde urls_autos_random: https://neoauto.com/auto/usado/mercedes-benz-gle-63-s-amg-2023-1862415
[Worker-6] Iniciando extracción para: https://neoauto.com/auto/usado/mercedes-benz-gle-63-s-amg-2023-1862415
[Worker-6] Iniciando navegación...
[Worker-6] Marca extraída: 'mercedes'
[Worker-6] Camino elegido (4 pasos).
[Worker-6] Paso 1/4: Página Principal...
[Worker-6] Error en scraping: Page.goto: Target page, context or browser has been closed
[Worker-6] Scraping falló para https://neoauto.com/auto/usado/mercedes-benz-gle-63-s-amg-2023-1862415. Se considera procesada.
[Worker-1] URLs restantes en urls_autos_random: 1849 | Procesadas en sesión: 14 | Próximo refresco en: 4 URLs
[Worker-7] URLs restantes en urls_autos_random: 1849 | Procesadas en sesión: 13 | Próximo refresco en: 4 URLs
[Worker-1] URL obtenida y bloqueada desde urls_autos_random: https://neoauto.com/auto/usado/toyota-land-cruiser-prado-2018-1863148
[Worker-1] Iniciando extracción para: https://neoauto.com/auto/usado/toyota-land-cruiser-prado-2018-1863148
[Worker-1] Iniciando navegación...
[Worker-1] Marca extraída: 'toyota'
[Worker-1] Camino elegido (4 pasos).
[Worker-1] Paso 1/4: Página Principal...
[Worker-1] Error en scraping: Page.goto: Target page, context or browser has been closed
[Worker-1] Scraping falló para https://neoauto.com/auto/usado/toyota-land-cruiser-prado-2018-1863148. Se considera procesada.
[Worker-7] URL obtenida y bloqueada desde urls_autos_random: https://neoauto.com/auto/usado/chevrolet-sail-2020-1863184
[Worker-7] Iniciando extracción para: https://neoauto.com/auto/usado/chevrolet-sail-2020-1863184
[Worker-7] Iniciando navegación...
[Worker-7] Marca extraída: 'chevrolet'
[Worker-7] Camino elegido (4 pasos).
[Worker-7] Paso 1/4: Página Principal...
[Worker-7] Error en scraping: Page.goto: Target page, context or browser has been closed
[Worker-7] Scraping falló para https://neoauto.com/auto/usado/chevrolet-sail-2020-1863184. Se considera procesada.
[Worker-4] URLs restantes en urls_autos_random: 1846 | Procesadas en sesión: 13 | Próximo refresco en: 5 URLs
[Worker-3] URLs restantes en urls_autos_random: 1846 | Procesadas en sesión: 13 | Próximo refresco en: 4 URLs
[Worker-4] URL obtenida y bloqueada desde urls_autos_random: https://neoauto.com/auto/usado/jeep-grand-cherokee-laredo-2020-1862410
[Worker-4] Iniciando extracción para: https://neoauto.com/auto/usado/jeep-grand-cherokee-laredo-2020-1862410
[Worker-4] Iniciando navegación...
[Worker-4] Marca extraída: 'jeep'
[Worker-4] Camino elegido (4 pasos).
[Worker-4] Paso 1/4: Página Principal...
[Worker-4] Error en scraping: Page.goto: Target page, context or browser has been closed
[Worker-4] Scraping falló para https://neoauto.com/auto/usado/jeep-grand-cherokee-laredo-2020-1862410. Se considera procesada.
[Worker-3] URL obtenida y bloqueada desde urls_autos_random: https://neoauto.com/auto/usado/kia-sportage-2023-1862443
[Worker-3] Iniciando extracción para: https://neoauto.com/auto/usado/kia-sportage-2023-1862443
[Worker-3] Iniciando navegación...
[Worker-3] Marca extraída: 'kia'
[Worker-3] Camino elegido (4 pasos).
[Worker-3] Paso 1/4: Página Principal...
[Worker-3] Error en scraping: Page.goto: Target page, context or browser has been closed
[Worker-3] Scraping falló para https://neoauto.com/auto/usado/kia-sportage-2023-1862443. Se considera procesada.
[Worker-5] URLs restantes en urls_autos_random: 1843 | Procesadas en sesión: 13 | Próximo refresco en: 4 URLs
[Worker-2] URLs restantes en urls_autos_random: 1843 | Procesadas en sesión: 13 | Próximo refresco en: 5 URLs
[Worker-5] URL obtenida y bloqueada desde urls_autos_random: https://neoauto.com/auto/usado/toyota-tercel-1997-1855998
[Worker-5] Iniciando extracción para: https://neoauto.com/auto/usado/toyota-tercel-1997-1855998
[Worker-5] Iniciando navegación...
[Worker-5] Marca extraída: 'toyota'
[Worker-5] Camino elegido (4 pasos).
[Worker-5] Paso 1/4: Página Principal...
[Worker-5] Error en scraping: Page.goto: Target page, context or browser has been closed
[Worker-5] Scraping falló para https://neoauto.com/auto/usado/toyota-tercel-1997-1855998. Se considera procesada.
[Worker-6] URLs restantes en urls_autos_random: 1842 | Procesadas en sesión: 13 | Próximo refresco en: 4 URLs
[Worker-2] URL obtenida y bloqueada desde urls_autos_random: https://neoauto.com/auto/usado/subaru-forester-2022-1861186
[Worker-2] Iniciando extracción para: https://neoauto.com/auto/usado/subaru-forester-2022-1861186
[Worker-2] Iniciando navegación...
[Worker-2] Marca extraída: 'subaru'
[Worker-2] Camino elegido (4 pasos).
[Worker-2] Paso 1/4: Página Principal...
[Worker-2] Error en scraping: Page.goto: Target page, context or browser has been closed
[Worker-2] Scraping falló para https://neoauto.com/auto/usado/subaru-forester-2022-1861186. Se considera procesada.
[Worker-6] URL obtenida y bloqueada desde urls_autos_random: https://neoauto.com/auto/usado/volkswagen-voyage-2014-1854443
[Worker-6] Iniciando extracción para: https://neoauto.com/auto/usado/volkswagen-voyage-2014-1854443
[Worker-6] Iniciando navegación...
[Worker-6] Marca extraída: 'volkswagen'
[Worker-6] Camino elegido (4 pasos).
[Worker-6] Paso 1/4: Página Principal...
[Worker-6] Error en scraping: Page.goto: Target page, context or browser has been closed
[Worker-6] Scraping falló para https://neoauto.com/auto/usado/volkswagen-voyage-2014-1854443. Se considera procesada.
[Worker-8] URLs restantes en urls_autos_random: 1839 | Procesadas en sesión: 13 | Próximo refresco en: 6 URLs
[Worker-8] URL obtenida y bloqueada desde urls_autos_random: https://neoauto.com/auto/usado/bmw-318i-2017-1861123
[Worker-8] Iniciando extracción para: https://neoauto.com/auto/usado/bmw-318i-2017-1861123
[Worker-8] Iniciando navegación...
[Worker-8] Marca extraída: 'bmw'
[Worker-8] Camino elegido (4 pasos).
[Worker-8] Paso 1/4: Página Principal...
[Worker-8] Error en scraping: Page.goto: Target page, context or browser has been closed
[Worker-8] Scraping falló para https://neoauto.com/auto/usado/bmw-318i-2017-1861123. Se considera procesada.
[Worker-7] URLs restantes en urls_autos_random: 1837 | Procesadas en sesión: 13 | Próximo refresco en: 3 URLs
[Worker-4] URLs restantes en urls_autos_random: 1837 | Procesadas en sesión: 13 | Próximo refresco en: 4 URLs
[Worker-4] URL obtenida y bloqueada desde urls_autos_random: https://neoauto.com/auto/usado/volkswagen-gol-comfort-1-6-2012-1862041
[Worker-4] Iniciando extracción para: https://neoauto.com/auto/usado/volkswagen-gol-comfort-1-6-2012-1862041
[Worker-4] Iniciando navegación...
[Worker-4] Marca extraída: 'volkswagen'
[Worker-4] Camino elegido (4 pasos).
[Worker-4] Paso 1/4: Página Principal...
[Worker-7] URL obtenida y bloqueada desde urls_autos_random: https://neoauto.com/auto/usado/subaru-xv-2021-1860769
[Worker-7] Iniciando extracción para: https://neoauto.com/auto/usado/subaru-xv-2021-1860769
[Worker-7] Iniciando navegación...
[Worker-7] Marca extraída: 'subaru'
[Worker-7] Camino elegido (4 pasos).
[Worker-7] Paso 1/4: Página Principal...
[Worker-4] Error en scraping: Page.goto: Target page, context or browser has been closed
[Worker-4] Scraping falló para https://neoauto.com/auto/usado/volkswagen-gol-comfort-1-6-2012-1862041. Se considera procesada.
[Worker-7] Error en scraping: Page.goto: Target page, context or browser has been closed
[Worker-7] Scraping falló para https://neoauto.com/auto/usado/subaru-xv-2021-1860769. Se considera procesada.
[Worker-1] URLs restantes en urls_autos_random: 1835 | Procesadas en sesión: 14 | Próximo refresco en: 3 URLs
[Worker-1] URL obtenida y bloqueada desde urls_autos_random: https://neoauto.com/auto/usado/toyota-yaris-2023-1856316
[Worker-1] Iniciando extracción para: https://neoauto.com/auto/usado/toyota-yaris-2023-1856316
[Worker-1] Iniciando navegación...
[Worker-1] Marca extraída: 'toyota'
[Worker-1] Camino elegido (4 pasos).
[Worker-1] Paso 1/4: Página Principal...
[Worker-1] Error en scraping: Page.goto: Target page, context or browser has been closed
[Worker-1] Scraping falló para https://neoauto.com/auto/usado/toyota-yaris-2023-1856316. Se considera procesada.
[Worker-2] URLs restantes en urls_autos_random: 1834 | Procesadas en sesión: 13 | Próximo refresco en: 4 URLs
[Worker-2] URL obtenida y bloqueada desde urls_autos_random: https://neoauto.com/auto/usado/kia-sorento-2020-1861762
[Worker-2] Iniciando extracción para: https://neoauto.com/auto/usado/kia-sorento-2020-1861762
[Worker-2] Iniciando navegación...
[Worker-2] Marca extraída: 'kia'
[Worker-2] Camino elegido (4 pasos).
[Worker-2] Paso 1/4: Página Principal...
[Worker-2] Error en scraping: Page.goto: Target page, context or browser has been closed
[Worker-2] Scraping falló para https://neoauto.com/auto/usado/kia-sorento-2020-1861762. Se considera procesada.
[Worker-3] URLs restantes en urls_autos_random: 1833 | Procesadas en sesión: 13 | Próximo refresco en: 3 URLs
[Worker-5] URLs restantes en urls_autos_random: 1833 | Procesadas en sesión: 13 | Próximo refresco en: 3 URLs
[Worker-3] URL obtenida y bloqueada desde urls_autos_random: https://neoauto.com/auto/usado/bmw-218i-gran-coupe-2022-1862666
[Worker-3] Iniciando extracción para: https://neoauto.com/auto/usado/bmw-218i-gran-coupe-2022-1862666
[Worker-3] Iniciando navegación...
[Worker-3] Marca extraída: 'bmw'
[Worker-3] Camino elegido (4 pasos).
[Worker-3] Paso 1/4: Página Principal...
[Worker-3] Error en scraping: Page.goto: Target page, context or browser has been closed
[Worker-3] Scraping falló para https://neoauto.com/auto/usado/bmw-218i-gran-coupe-2022-1862666. Se considera procesada.
[Worker-5] URL obtenida y bloqueada desde urls_autos_random: https://neoauto.com/auto/usado/nissan-sentra-2007-1767852
[Worker-5] Iniciando extracción para: https://neoauto.com/auto/usado/nissan-sentra-2007-1767852
[Worker-5] Iniciando navegación...
[Worker-5] Marca extraída: 'nissan'
[Worker-5] Camino elegido (4 pasos).
[Worker-5] Paso 1/4: Página Principal...
[Worker-5] Error en scraping: Page.goto: Target page, context or browser has been closed
[Worker-5] Scraping falló para https://neoauto.com/auto/usado/nissan-sentra-2007-1767852. Se considera procesada.
[Worker-6] URLs restantes en urls_autos_random: 1829 | Procesadas en sesión: 13 | Próximo refresco en: 3 URLs
[Worker-6] URL obtenida y bloqueada desde urls_autos_random: https://neoauto.com/auto/usado/volkswagen-crossfox-2013-1863006
[Worker-6] Iniciando extracción para: https://neoauto.com/auto/usado/volkswagen-crossfox-2013-1863006
[Worker-6] Iniciando navegación...
[Worker-6] Marca extraída: 'volkswagen'
[Worker-6] Camino elegido (4 pasos).
[Worker-6] Paso 1/4: Página Principal...
[Worker-6] Error en scraping: Page.goto: Target page, context or browser has been closed
[Worker-6] Scraping falló para https://neoauto.com/auto/usado/volkswagen-crossfox-2013-1863006. Se considera procesada.
[Worker-8] URLs restantes en urls_autos_random: 1828 | Procesadas en sesión: 13 | Próximo refresco en: 5 URLs
[Worker-8] URL obtenida y bloqueada desde urls_autos_random: https://neoauto.com/auto/usado/nissan-np300-frontier-2022-1862997
[Worker-8] Iniciando extracción para: https://neoauto.com/auto/usado/nissan-np300-frontier-2022-1862997
[Worker-8] Iniciando navegación...
[Worker-8] Marca extraída: 'nissan'
[Worker-8] Camino elegido (4 pasos).
[Worker-8] Paso 1/4: Página Principal...
[Worker-8] Error en scraping: Page.goto: Target page, context or browser has been closed
[Worker-8] Scraping falló para https://neoauto.com/auto/usado/nissan-np300-frontier-2022-1862997. Se considera procesada.
[Worker-7] URLs restantes en urls_autos_random: 1826 | Procesadas en sesión: 13 | Próximo refresco en: 2 URLs
[Worker-4] URLs restantes en urls_autos_random: 1826 | Procesadas en sesión: 13 | Próximo refresco en: 3 URLs
[Worker-7] URL obtenida y bloqueada desde urls_autos_random: https://neoauto.com/auto/usado/mazda-3-2016-1862600
[Worker-7] Iniciando extracción para: https://neoauto.com/auto/usado/mazda-3-2016-1862600
[Worker-7] Iniciando navegación...
[Worker-7] Marca extraída: 'mazda'
[Worker-7] Camino elegido (4 pasos).
[Worker-7] Paso 1/4: Página Principal...
[Worker-7] Error en scraping: Page.goto: Target page, context or browser has been closed
[Worker-7] Scraping falló para https://neoauto.com/auto/usado/mazda-3-2016-1862600. Se considera procesada.
[Worker-4] URL obtenida y bloqueada desde urls_autos_random: https://neoauto.com/auto/usado/suzuki-sx-4-2011-1860718
[Worker-4] Iniciando extracción para: https://neoauto.com/auto/usado/suzuki-sx-4-2011-1860718
[Worker-4] Iniciando navegación...
[Worker-4] Marca extraída: 'suzuki'
[Worker-4] Camino elegido (4 pasos).
[Worker-4] Paso 1/4: Página Principal...
[Worker-4] Error en scraping: Page.goto: Target page, context or browser has been closed
[Worker-4] Scraping falló para https://neoauto.com/auto/usado/suzuki-sx-4-2011-1860718. Se considera procesada.
[Worker-1] URLs restantes en urls_autos_random: 1824 | Procesadas en sesión: 14 | Próximo refresco en: 2 URLs
[Worker-2] URLs restantes en urls_autos_random: 1824 | Procesadas en sesión: 13 | Próximo refresco en: 3 URLs
[Worker-1] URL obtenida y bloqueada desde urls_autos_random: https://neoauto.com/auto/usado/audi-q7-2018-1861518
[Worker-1] Iniciando extracción para: https://neoauto.com/auto/usado/audi-q7-2018-1861518
[Worker-1] Iniciando navegación...
[Worker-1] Marca extraída: 'audi'
[Worker-1] Camino elegido (4 pasos).
[Worker-1] Paso 1/4: Página Principal...
[Worker-1] Error en scraping: Page.goto: Target page, context or browser has been closed
[Worker-1] Scraping falló para https://neoauto.com/auto/usado/audi-q7-2018-1861518. Se considera procesada.
[Worker-3] URLs restantes en urls_autos_random: 1822 | Procesadas en sesión: 13 | Próximo refresco en: 2 URLs
[Worker-2] URL obtenida y bloqueada desde urls_autos_random: https://neoauto.com/auto/usado/bmw-x3-20i-2019-1856285
[Worker-2] Iniciando extracción para: https://neoauto.com/auto/usado/bmw-x3-20i-2019-1856285
[Worker-2] Iniciando navegación...
[Worker-2] Marca extraída: 'bmw'
[Worker-2] Camino elegido (4 pasos).
[Worker-2] Paso 1/4: Página Principal...
[Worker-2] Error en scraping: Page.goto: Target page, context or browser has been closed
[Worker-2] Scraping falló para https://neoauto.com/auto/usado/bmw-x3-20i-2019-1856285. Se considera procesada.
[Worker-3] URL obtenida y bloqueada desde urls_autos_random: https://neoauto.com/auto/usado/jeep-compass-sport-2018-1860627
[Worker-3] Iniciando extracción para: https://neoauto.com/auto/usado/jeep-compass-sport-2018-1860627
[Worker-3] Iniciando navegación...
[Worker-3] Marca extraída: 'jeep'
[Worker-3] Camino elegido (4 pasos).
[Worker-3] Paso 1/4: Página Principal...
[Worker-3] Error en scraping: Page.goto: Target page, context or browser has been closed
[Worker-3] Scraping falló para https://neoauto.com/auto/usado/jeep-compass-sport-2018-1860627. Se considera procesada.
[Worker-6] URLs restantes en urls_autos_random: 1819 | Procesadas en sesión: 13 | Próximo refresco en: 2 URLs
[Worker-6] URL obtenida y bloqueada desde urls_autos_random: https://neoauto.com/auto/usado/bmw-x1-18i-2018-1857962
[Worker-6] Iniciando extracción para: https://neoauto.com/auto/usado/bmw-x1-18i-2018-1857962
[Worker-6] Iniciando navegación...
[Worker-6] Marca extraída: 'bmw'
[Worker-6] Camino elegido (4 pasos).
[Worker-6] Paso 1/4: Página Principal...
[Worker-6] Error en scraping: Page.goto: Target page, context or browser has been closed
[Worker-6] Scraping falló para https://neoauto.com/auto/usado/bmw-x1-18i-2018-1857962. Se considera procesada.
[Worker-5] URLs restantes en urls_autos_random: 1819 | Procesadas en sesión: 13 | Próximo refresco en: 2 URLs
[Worker-5] URL obtenida y bloqueada desde urls_autos_random: https://neoauto.com/auto/usado/honda-civic-turbo-2022-1862361
[Worker-5] Iniciando extracción para: https://neoauto.com/auto/usado/honda-civic-turbo-2022-1862361
[Worker-5] Iniciando navegación...
[Worker-5] Marca extraída: 'honda'
[Worker-5] Camino elegido (4 pasos).
[Worker-5] Paso 1/4: Página Principal...
[Worker-5] Error en scraping: Page.goto: Target page, context or browser has been closed
[Worker-5] Scraping falló para https://neoauto.com/auto/usado/honda-civic-turbo-2022-1862361. Se considera procesada.
[Worker-8] URLs restantes en urls_autos_random: 1815 | Procesadas en sesión: 13 | Próximo refresco en: 4 URLs
[Worker-1] URLs restantes en urls_autos_random: 1815 | Procesadas en sesión: 14 | Próximo refresco en: 1 URLs
[Worker-8] URL obtenida y bloqueada desde urls_autos_random: https://neoauto.com/auto/usado/volkswagen-jetta-2020-1861388
[Worker-8] Iniciando extracción para: https://neoauto.com/auto/usado/volkswagen-jetta-2020-1861388
[Worker-8] Iniciando navegación...
[Worker-8] Marca extraída: 'volkswagen'
[Worker-8] Camino elegido (4 pasos).
[Worker-8] Paso 1/4: Página Principal...
[Worker-8] Error en scraping: Page.goto: Target page, context or browser has been closed
[Worker-8] Scraping falló para https://neoauto.com/auto/usado/volkswagen-jetta-2020-1861388. Se considera procesada.
[Worker-4] URLs restantes en urls_autos_random: 1813 | Procesadas en sesión: 13 | Próximo refresco en: 2 URLs
[Worker-1] URL obtenida y bloqueada desde urls_autos_random: https://neoauto.com/auto/usado/chevrolet-cruze-2013-1861622
[Worker-1] Iniciando extracción para: https://neoauto.com/auto/usado/chevrolet-cruze-2013-1861622
[Worker-1] Iniciando navegación...
[Worker-1] Marca extraída: 'chevrolet'
[Worker-1] Camino elegido (4 pasos).
[Worker-1] Paso 1/4: Página Principal...
[Worker-1] Error en scraping: Page.goto: Target page, context or browser has been closed
[Worker-1] Scraping falló para https://neoauto.com/auto/usado/chevrolet-cruze-2013-1861622. Se considera procesada.
[Worker-4] URL obtenida y bloqueada desde urls_autos_random: https://neoauto.com/auto/usado/subaru-outback-2015-1854082
[Worker-4] Iniciando extracción para: https://neoauto.com/auto/usado/subaru-outback-2015-1854082
[Worker-4] Iniciando navegación...
[Worker-4] Marca extraída: 'subaru'
[Worker-4] Camino elegido (4 pasos).
[Worker-4] Paso 1/4: Página Principal...
[Worker-4] Error en scraping: Page.goto: Target page, context or browser has been closed
[Worker-4] Scraping falló para https://neoauto.com/auto/usado/subaru-outback-2015-1854082. Se considera procesada.
[Worker-3] URLs restantes en urls_autos_random: 1810 | Procesadas en sesión: 13 | Próximo refresco en: 1 URLs
[Worker-7] URLs restantes en urls_autos_random: 1810 | Procesadas en sesión: 13 | Próximo refresco en: 1 URLs
[Worker-3] URL obtenida y bloqueada desde urls_autos_random: https://neoauto.com/auto/usado/honda-wr-v-2024-1862191
[Worker-3] Iniciando extracción para: https://neoauto.com/auto/usado/honda-wr-v-2024-1862191
[Worker-3] Iniciando navegación...
[Worker-3] Marca extraída: 'honda'
[Worker-3] Camino elegido (4 pasos).
[Worker-3] Paso 1/4: Página Principal...
[Worker-3] Error en scraping: Page.goto: Target page, context or browser has been closed
[Worker-3] Scraping falló para https://neoauto.com/auto/usado/honda-wr-v-2024-1862191. Se considera procesada.
[Worker-7] URL obtenida y bloqueada desde urls_autos_random: https://neoauto.com/auto/usado/suzuki-swift-1998-1857854
[Worker-7] Iniciando extracción para: https://neoauto.com/auto/usado/suzuki-swift-1998-1857854
[Worker-7] Iniciando navegación...
[Worker-7] Marca extraída: 'suzuki'
[Worker-7] Camino elegido (4 pasos).
[Worker-7] Paso 1/4: Página Principal...
[Worker-7] Error en scraping: Page.goto: Target page, context or browser has been closed
[Worker-7] Scraping falló para https://neoauto.com/auto/usado/suzuki-swift-1998-1857854. Se considera procesada.
[Worker-2] URLs restantes en urls_autos_random: 1807 | Procesadas en sesión: 13 | Próximo refresco en: 2 URLs
[Worker-6] URLs restantes en urls_autos_random: 1807 | Procesadas en sesión: 13 | Próximo refresco en: 1 URLs
[Worker-2] URL obtenida y bloqueada desde urls_autos_random: https://neoauto.com/auto/usado/hyundai-tucson-2023-1857992
[Worker-2] Iniciando extracción para: https://neoauto.com/auto/usado/hyundai-tucson-2023-1857992
[Worker-2] Iniciando navegación...
[Worker-2] Marca extraída: 'hyundai'
[Worker-2] Camino elegido (4 pasos).
[Worker-2] Paso 1/4: Página Principal...
[Worker-2] Error en scraping: Page.goto: Target page, context or browser has been closed
[Worker-2] Scraping falló para https://neoauto.com/auto/usado/hyundai-tucson-2023-1857992. Se considera procesada.
[Worker-6] URL obtenida y bloqueada desde urls_autos_random: https://neoauto.com/auto/usado/chevrolet-camaro-2016-1863013
[Worker-6] Iniciando extracción para: https://neoauto.com/auto/usado/chevrolet-camaro-2016-1863013
[Worker-6] Iniciando navegación...
[Worker-6] Marca extraída: 'chevrolet'
[Worker-6] Camino elegido (4 pasos).
[Worker-6] Paso 1/4: Página Principal...
[Worker-6] Error en scraping: Page.goto: Target page, context or browser has been closed
[Worker-6] Scraping falló para https://neoauto.com/auto/usado/chevrolet-camaro-2016-1863013. Se considera procesada.
[Worker-1] --- Alcanzado el umbral de 25 URLs. Refrescando... ---
[Worker-1] -------------------- REFRESCANDO CONTEXTO DEL NAVEGADOR --------------------
[Worker-1] Nuevo User-Agent: Mozilla/5.0 (Windows NT 10.0; Win64; x64...)
[Worker-1] ERROR CRÍTICO: Browser.new_context: Target page, context or browser has been closed
--- Worker-1 finalizado (exit code: 1) ---
[Worker-3] --- Alcanzado el umbral de 25 URLs. Refrescando... ---
[Worker-3] -------------------- REFRESCANDO CONTEXTO DEL NAVEGADOR --------------------
[Worker-3] Nuevo User-Agent: Mozilla/5.0 (Windows NT 10.0; Win64; x64...)
[Worker-3] ERROR CRÍTICO: Browser.new_context: Target page, context or browser has been closed
[Worker-4] URLs restantes en urls_autos_random: 1804 | Procesadas en sesión: 13 | Próximo refresco en: 1 URLs
[Worker-4] URL obtenida y bloqueada desde urls_autos_random: https://neoauto.com/auto/usado/bmw-530i-2018-1744146
[Worker-4] Iniciando extracción para: https://neoauto.com/auto/usado/bmw-530i-2018-1744146
[Worker-4] Iniciando navegación...
[Worker-4] Marca extraída: 'bmw'
[Worker-4] Camino elegido (4 pasos).
[Worker-4] Paso 1/4: Página Principal...
[Worker-4] Error en scraping: Page.goto: Target page, context or browser has been closed
[Worker-4] Scraping falló para https://neoauto.com/auto/usado/bmw-530i-2018-1744146. Se considera procesada.
[Worker-2] URLs restantes en urls_autos_random: 1803 | Procesadas en sesión: 13 | Próximo refresco en: 1 URLs
[Worker-6] --- Alcanzado el umbral de 25 URLs. Refrescando... ---
[Worker-6] -------------------- REFRESCANDO CONTEXTO DEL NAVEGADOR --------------------
[Worker-6] Nuevo User-Agent: Mozilla/5.0 (Macintosh; Intel Mac OS X 10_15_7...)
[Worker-6] ERROR CRÍTICO: Browser.new_context: Target page, context or browser has been closed
[Worker-2] URL obtenida y bloqueada desde urls_autos_random: https://neoauto.com/auto/usado/nissan-kicks-play-2022-1862035
[Worker-2] Iniciando extracción para: https://neoauto.com/auto/usado/nissan-kicks-play-2022-1862035
[Worker-2] Iniciando navegación...
[Worker-2] Marca extraída: 'nissan'
[Worker-2] Camino elegido (4 pasos).
[Worker-2] Paso 1/4: Página Principal...
[Worker-2] Error en scraping: Page.goto: Target page, context or browser has been closed
[Worker-2] Scraping falló para https://neoauto.com/auto/usado/nissan-kicks-play-2022-1862035. Se considera procesada.
[Worker-5] URLs restantes en urls_autos_random: 1802 | Procesadas en sesión: 13 | Próximo refresco en: 1 URLs
[Worker-8] URLs restantes en urls_autos_random: 1802 | Procesadas en sesión: 13 | Próximo refresco en: 3 URLs
[Worker-5] URL obtenida y bloqueada desde urls_autos_random: https://neoauto.com/auto/usado/jeep-renegade-2017-1861887
[Worker-5] Iniciando extracción para: https://neoauto.com/auto/usado/jeep-renegade-2017-1861887
[Worker-5] Iniciando navegación...
[Worker-5] Marca extraída: 'jeep'
[Worker-5] Camino elegido (4 pasos).
[Worker-5] Paso 1/4: Página Principal...
[Worker-5] Error en scraping: Page.goto: Target page, context or browser has been closed
[Worker-5] Scraping falló para https://neoauto.com/auto/usado/jeep-renegade-2017-1861887. Se considera procesada.
[Worker-8] URL obtenida y bloqueada desde urls_autos_random: https://neoauto.com/auto/usado/mercedes-benz-gle-400-4matic-2017-1851627
[Worker-8] Iniciando extracción para: https://neoauto.com/auto/usado/mercedes-benz-gle-400-4matic-2017-1851627
[Worker-8] Iniciando navegación...
[Worker-8] Marca extraída: 'mercedes'
[Worker-8] Camino elegido (4 pasos).
[Worker-8] Paso 1/4: Página Principal...
[Worker-8] Error en scraping: Page.goto: Target page, context or browser has been closed
[Worker-8] Scraping falló para https://neoauto.com/auto/usado/mercedes-benz-gle-400-4matic-2017-1851627. Se considera procesada.
[Worker-7] --- Alcanzado el umbral de 25 URLs. Refrescando... ---
[Worker-7] -------------------- REFRESCANDO CONTEXTO DEL NAVEGADOR --------------------
[Worker-7] Nuevo User-Agent: Mozilla/5.0 (Windows NT 10.0; Win64; x64; rv:91.0...)
[Worker-7] ERROR CRÍTICO: Browser.new_context: Target page, context or browser has been closed
[Worker-2] --- Alcanzado el umbral de 25 URLs. Refrescando... ---
[Worker-2] -------------------- REFRESCANDO CONTEXTO DEL NAVEGADOR --------------------
[Worker-2] Nuevo User-Agent: Mozilla/5.0 (Windows NT 10.0; Win64; x64; rv:91.0...)
[Worker-8] URLs restantes en urls_autos_random: 1799 | Procesadas en sesión: 13 | Próximo refresco en: 2 URLs
[Worker-2] ERROR CRÍTICO: Browser.new_context: Target page, context or browser has been closed
[Worker-5] --- Alcanzado el umbral de 25 URLs. Refrescando... ---
[Worker-5] -------------------- REFRESCANDO CONTEXTO DEL NAVEGADOR --------------------
[Worker-5] Nuevo User-Agent: Mozilla/5.0 (Macintosh; Intel Mac OS X 10_15_7...)
[Worker-5] ERROR CRÍTICO: Browser.new_context: Target page, context or browser has been closed
[Worker-4] --- Alcanzado el umbral de 25 URLs. Refrescando... ---
[Worker-4] -------------------- REFRESCANDO CONTEXTO DEL NAVEGADOR --------------------
[Worker-4] Nuevo User-Agent: Mozilla/5.0 (Windows NT 10.0; Win64; x64; rv:91.0...)
[Worker-4] ERROR CRÍTICO: Browser.new_context: Target page, context or browser has been closed
--- Worker-2 finalizado (exit code: 1) ---
--- Worker-3 finalizado (exit code: 1) ---
[Worker-8] URL obtenida y bloqueada desde urls_autos_random: https://neoauto.com/auto/usado/bmw-x3-20i-2018-1859883
[Worker-8] Iniciando extracción para: https://neoauto.com/auto/usado/bmw-x3-20i-2018-1859883
[Worker-8] Iniciando navegación...
[Worker-8] Marca extraída: 'bmw'
[Worker-8] Camino elegido (4 pasos).
[Worker-8] Paso 1/4: Página Principal...
[Worker-8] Error en scraping: Page.goto: Target page, context or browser has been closed
[Worker-8] Scraping falló para https://neoauto.com/auto/usado/bmw-x3-20i-2018-1859883. Se considera procesada.
--- Worker-4 finalizado (exit code: 1) ---
--- Worker-5 finalizado (exit code: 1) ---
--- Worker-6 finalizado (exit code: 1) ---
--- Worker-7 finalizado (exit code: 1) ---
[Worker-8] URLs restantes en urls_autos_random: 1798 | Procesadas en sesión: 13 | Próximo refresco en: 1 URLs
[Worker-8] URL obtenida y bloqueada desde urls_autos_random: https://neoauto.com/auto/usado/toyota-hilux-2026-1856171
[Worker-8] Iniciando extracción para: https://neoauto.com/auto/usado/toyota-hilux-2026-1856171
[Worker-8] Iniciando navegación...
[Worker-8] Marca extraída: 'toyota'
[Worker-8] Camino elegido (4 pasos).
[Worker-8] Paso 1/4: Página Principal...
[Worker-8] Error en scraping: Page.goto: Target page, context or browser has been closed
[Worker-8] Scraping falló para https://neoauto.com/auto/usado/toyota-hilux-2026-1856171. Se considera procesada.
[Worker-8] --- Alcanzado el umbral de 25 URLs. Refrescando... ---
[Worker-8] -------------------- REFRESCANDO CONTEXTO DEL NAVEGADOR --------------------
[Worker-8] Nuevo User-Agent: Mozilla/5.0 (Windows NT 10.0; Win64; x64...)
[Worker-8] ERROR CRÍTICO: Browser.new_context: Target page, context or browser has been closed
--- Worker-8 finalizado (exit code: 1) ---

--- Todas las instancias han finalizado ---
